Avg Threads Running,1,1,1.8,2.5,3.0999999999999996,3.6000000000000005,4.6,5.3,5.777777777777778,8.333333333333332,9.25,13.374999999999998,14,15,16.6,20.4,22.75,27.666666666666668,27.666666666666668,29.5,29.5,25,25,25,25,21,21,21,21,21,21,21,21,21,21,78,78,78,78,78,78,78,78,78,78,48,63.5,82.33333333333333,102.25,122.4,143.33333333333334,158.42857142857144,169.75,178.55555555555554,185.6,205.7,222.7,235.59999999999997,243.9,248,248.1,246.5,246.3,246.3,246.3,246.29999999999998,237.9,236.66666666666666,235.625,234.42857142857142,232,231.8,228,221,207,165,33,33,33,33,33,33,33,33,33,33
Peak Threads Connected,1,1,9,9,9,9,11,11,11,24,24,34,34,34,34,34,34,34,34,34,34,25,25,25,25,21,21,21,21,21,21,21,21,21,21,78,78,78,78,78,78,78,78,78,78,48,79,120,162,203,248,249,249,249,249,249,249,249,249,249,249,249,249,249,249,249,249,249,249,249,249,249,249,249,249,165,33,33,33,33,33,33,33,33,33,33
Peak Threads Running,1,1,2,2,2,2,2,2,2,7,7,13,13,13,13,13,13,13,13,13,13,5,5,5,5,5,5,5,5,5,5,5,5,5,5,50,50,50,50,50,50,50,50,50,50,24,71,112,156,197,243,245,247,247,248,248,248,248,248,248,248,248,248,248,248,248,248,248,248,248,248,248,248,248,248,128,14,14,14,14,14,14,14,14,14,14
Questions,36.77777777777778,37.77777777777778,80.44444444444444,230.55555555555557,415.2222222222223,524,650.6666666666667,785.1111111111111,756.257175,1067.4356699201421,1041.1175755631593,1264.1446638562236,1099.984816155062,930.6772825777018,836.7459511140672,1221.3842058562554,1217.440119760479,1188.3333333333335,907.649,869.6308095952024,747.816716641679,152.91266666666667,191.14602531645568,235.64098599439777,283.84619811320755,329.4601105527638,327.6232817294282,325.30823246287764,323.51869670846395,311.4206128133705,244.11111111111114,198.33333333333334,177.66666666666669,172.33333333333334,176.55555555555557,224.77777777777777,265.11111111111114,312.22222222222223,317.22222222222223,319.3566278424847,315.33333333333337,479.44444444444446,416.65815000000003,365.4204571428571,313.4413333333333,272.44212000000005,226.13134999999997,226.49573333333333,239.13789672544075,287.905
Threads Created,0,0,0,0.33333333333333337,0.33333333333333337,0.33333333333333337,0.33333333333333337,0.33333333333333337,0.323325,1.885536823425022,1.8473018249215856,3.9937874417572665,3.625237085101073,3.687399486740804,3.779443797805122,4.547471162377994,5.114770459081837,4.5,3.4370999999999996,1.4270864567716142,1.2271864067966016,5.521179487179488,10.845164556962025,15.49500280112045,19.784443396226415,24.50846231155779,23.74438354253835,23.108019457245263,22.631065047021945,21.504178272980504,18.88888888888889,14.333333333333334,10.444444444444445,7.888888888888888,5.555555555555555,8.222222222222223,10,13.333333333333334,13.555555555555557,13.533000554631169,13.555555555555557,12.777777777777779,10.454175,7.948657142857142,5.2976,3.5980800000000004,0.2311,0,0,0
Created Tmp Disk Tables,8.777777777777779,9.11111111111111,8.777777777777779,8.777777777777779,9.222222222222223,9,9,9,7.7598,9.094942324755989,7.823866552609067,8.98602174395385,7.909608185675069,6.816102081551184,6.070015796474893,9.205856255545697,9.10678642714571,9.166666666666668,7.0015,6.778660669665167,5.8291354322838576,1.6803589743589746,2.7112911392405064,3.9468403361344544,4.845169811320755,5.488874371859297,6.397450488145049,7.423301587301587,8.442677115987461,9.025069637883009,9.11111111111111,9.11111111111111,9,8.88888888888889,9.222222222222223,9,9.11111111111111,8.777777777777779,9,9.095951192457015,9.11111111111111,8.88888888888889,7.7598,6.750914285714285,6.070166666666666,4.947360000000001,4.27535,3.139066666666667,2.2423299748110828,1.2975999999999999
Created Tmp Files,0,0,0,0,0,0,0,0,0,0,0,0,0,0,0,0,0,0,0,0,0,0,0,0,0,0,0,0,0,0,0,0,0,0,0,0,0,0,0,0,0,0,0,0,0,0,0,0,0,0
Select Full Join,0,0,0,0,0,0,0,0,0,0,0,0,0,0,0,0,0,0,0,0,0,0,0,0,0,0,0,0,0,0,0,0,0,0,0,0,0,0,0,0,0,0,0,0,0,0,0,0,0,0
Select Full Range Join,0,0,0,0,0,0,0,0,0,0,0,0,0,0,0,0,0,0,0,0,0,0,0,0,0,0,0,0,0,0,0,0,0,0,0,0,0,0,0,0,0,0,0,0,0,0,0,0,0,0
Select Range,0,0,0,0.6666666666666667,2.555555555555556,4.888888888888889,6.444444444444445,7.666666666666667,7.436475,11.202307009760426,10.97514613629883,15.198579986687374,14.391092671158805,12.738289136013687,10.651159793814434,21.40638864241349,22.704590818363275,25,19.095,20.335982008995504,17.48740629685157,0.48010256410256413,0.5083670886075949,0.5847170868347339,0.9421163522012579,0.893537688442211,0.8611952580195258,0.8381146953405019,0.8208158307210031,0.7799442896935933,0.5555555555555556,0.4444444444444445,0.33333333333333337,0.33333333333333337,0.5555555555555556,0.7777777777777779,1,1.5555555555555558,1.5555555555555558,1.552967276760954,1.5555555555555558,6.444444444444445,5.927625,5.770942857142857,5.628699999999999,5.5095600000000005,5.0842,5.312266666666667,5.803677581863979,7.136799999999999
Select Range Check,0,0,0,0,0,0,0,0,0,0,0,0,0,0,0,0,0,0,0,0,0,0,0,0,0,0,0,0,0,0,0,0,0,0,0,0,0,0,0,0,0,0,0,0,0,0,0,0,0,0
Select Scan,28.111111111111114,29.111111111111114,27.22222222222222,28.333333333333336,30.444444444444446,28.444444444444446,29,28.888888888888893,23.7105,30.723158828748893,26.514214428286284,29.065897492789,25.156948257216538,21.677439406900486,20.157033588293984,30.50133096716948,30.314371257485032,28.666666666666668,21.895599999999998,22.29822588705647,19.1747876061969,4.080871794871795,7.7949620253164555,12.132879551820729,15.208449685534593,17.10486432160804,20.17657461645746,24.065864823348694,27.20418181818182,28.857938718662957,29.888888888888893,29.888888888888893,29.333333333333336,28.444444444444446,29.22222222222222,29,28.77777777777778,27.888888888888893,29.111111111111114,29.506378258458124,29.666666666666668,29.333333333333336,26.08155,23.301542857142856,20.5282,16.97844,14.7904,10.866,7.7822040302266995,4.703799999999999
Sort Rows,44.44444444444444,50,44.44444444444444,44.44444444444444,55.55555555555556,50,50,50,37.72125,55.45696539485359,48.89916595380667,49.92234302196583,43.942267698194826,33.52181351582549,34.358579980046564,55.45696539485359,56.13772455089821,50,38.19,44.59645177411294,38.3495752123938,0,8.642240506329113,22.365428571428573,27.455962264150948,26.040241206030153,31.372112970711292,42.74384946236559,47.84183699059561,51.14206128133705,56.66666666666667,56.66666666666667,51,45.333333333333336,56.66666666666667,51,51,45.333333333333336,51,50.91514143094842,51,51.111111111111114,49.576499999999996,38.98108571428571,39.511266666666664,28.784640000000003,29.5808,18.592933333333335,13.58588161209068,8.4344
Sort Range,0,0,0,0,0,0,0,0,0,0,0,0,0,0,0,0,0,0,0,0,0,0,0,0,0,0,0,0,0,0,0,0,0,0,0,0,0,0,0,0,0,0,0,0,0,0,0,0,0,0
Sort Merge Passes,0,0,0,0,0,0,0,0,0,0,0,0,0,0,0,0,0,0,0,0,0,0,0,0,0,0,0,0,0,0,0,0,0,0,0,0,0,0,0,0,0,0,0,0,0,0,0,0,0,0
opened_tables,0,0,0,0.11111111111111112,0.11111111111111112,0.11111111111111112,0.11111111111111112,0.11111111111111112,0.107775,0.2218278615794144,0.21732962646136297,0.3328156201464389,0.21971133849097413,0.22347875677216997,0.2290571998669771,0.4436557231588288,0.49900199600798406,0.5,0.3819,0.35677161419290354,0.3067966016991504,0,0,0,0,0.2552964824120603,0.24605578800557878,0.3591920122887865,0.3517782131661442,0.5571030640668524,0.5555555555555556,0.6666666666666667,0.7777777777777779,0.888888888888889,0.888888888888889,1.6666666666666667,1.6666666666666667,2.3333333333333335,2.111111111111111,2.107598447032723,2,2,1.832175,1.633285714285714,0.8829333333333332,0.7870800000000001,0.11555,0.12073333333333333,0.13190176322418135,0.16219999999999998
table_open_cache_hits,284,285.33333333333337,370.33333333333337,662,1022.2222222222223,1233.2222222222222,1480.888888888889,1741.5555555555554,1655.962875,2290.0399290150845,2211.9809381237524,2669.8469048147326,2324.6558169037517,1973.5409010550331,1771.070269371467,2577.9724933451644,2570.234530938124,2510.8333333333335,1917.7745,1833.0925537231385,1576.3209395302347,348.07435897435903,446.5157594936709,556.065949579832,672.8056635220125,783.121959798995,800.5425062761506,817.1618279569892,833.9488840125392,824.5125348189415,692.4444444444445,601.7777777777778,557.1111111111111,540,541.2222222222223,628.5555555555555,699.2222222222223,787.1111111111111,795.1111111111111,799.0016638935107,791.7777777777778,1113.5555555555557,967.927275,853.0106857142857,736.8078666666667,643.3816800000001,536.6142,517.2216000000001,521.6714735516373,594.1386
table_open_cache_misses,0,0,0,0.11111111111111112,0.11111111111111112,0.11111111111111112,0.11111111111111112,0.11111111111111112,0.107775,0.2218278615794144,0.21732962646136297,0.3328156201464389,0.21971133849097413,0.22347875677216997,0.2290571998669771,0.4436557231588288,0.49900199600798406,0.5,0.3819,0.35677161419290354,0.3067966016991504,0,0,0,0,0.2552964824120603,0.24605578800557878,0.3591920122887865,0.3517782131661442,0.5571030640668524,0.5555555555555556,0.6666666666666667,0.7777777777777779,0.888888888888889,0.888888888888889,1.6666666666666667,1.6666666666666667,2.3333333333333335,2.111111111111111,2.107598447032723,2,2,1.832175,1.633285714285714,0.8829333333333332,0.7870800000000001,0.11555,0.12073333333333333,0.13190176322418135,0.16219999999999998
table_open_cache_overflows,0,0,0,0,0,0,0,0,0,0,0,0,0,0,0,0,0,0,0,0,0,0,0,0,0,0,0,0,0,0,0,0,0,0,0,0,0,0,0,0,0,0,0,0,0,0,0,0,0,0
Sort Scan,0.888888888888889,1,0.888888888888889,0.888888888888889,1.1111111111111112,1,1,1,0.754425,1.109139307897072,0.9779833190761333,0.9984468604393166,0.8788453539638965,0.6704362703165099,0.6871715996009312,1.109139307897072,1.122754491017964,1,0.7638,0.8919290354822589,0.766991504247876,0,0.16945569620253165,0.4385378151260504,0.5383522012578617,0.5105929648241206,0.615139470013947,0.8381146953405019,0.9380752351097179,1.0027855153203344,1.1111111111111112,1.1111111111111112,1,0.888888888888889,1.1111111111111112,1,1,0.888888888888889,1,0.9983361064891845,1,1,0.969975,0.7621999999999999,0.7725666666666666,0.5622,0.57775,0.36219999999999997,0.2638035264483627,0.16219999999999998
Slow Queries,4.555555555555555,4.555555555555555,4.888888888888889,7.111111111111112,10.11111111111111,12.11111111111111,13.88888888888889,15.777777777777777,14.441849999999999,18.189884649511978,17.38637011690904,19.74706012868871,16.698061725314034,13.855682919874539,11.452859993348854,17.968056787932564,17.340319361277444,17.833333333333336,13.621099999999998,14.09247876061969,12.11846576711644,1.4403076923076923,1.864012658227848,2.631226890756303,3.23011320754717,3.1912060301507537,3.690836820083682,4.549765488991295,5.042154388714733,5.459610027855153,5.111111111111112,5.222222222222222,5.222222222222222,5.444444444444445,6.222222222222223,6.222222222222223,6.222222222222223,6.333333333333334,6.555555555555555,6.655574043261231,6.888888888888888,9.555555555555555,8.40645,7.622,7.173833333333333,6.40908,5.89305,5.191533333333334,5.144168765743073,5.0282
Aborted Connects (attempts),0,0,0,0,0,0,0,0,0,0,0,0,0,0,0,0,0,0,0,0,0,0,0,0,0,0,0,0,0,0,0,0,0,0,0,0,0,0,0,0,0,0,0,0,0,0,0,0,0,0
Aborted Clients (timeout),0,0,0,0,0,0,0,0,0,0,0,0,0,0,0,0,0,0,0,0,0,0,0,0,0,0,0,0,0,0,0,0,0,0,0,0,0,0,0,0,0,0,0,0,0,0,0,0,0,0
Table Locks Immediate,57,58.333333333333336,101.66666666666667,256.6666666666667,443.44444444444446,554.6666666666667,685.7777777777778,824.6666666666667,791.176275,1115.5723158828748,1085.9961434274308,1318.2826714000444,1146.3439085766574,974.7025976618194,876.1437894911872,1277.617568766637,1272.7045908183634,1242.5,949.0215000000001,907.9837581209395,780.7973513243378,166.3555384615385,210.6334303797468,261.36853781512605,316.28191823899374,366.9886934673367,366.5000962343096,366.8547752176139,366.3183793103448,354.87465181058496,283,233.55555555555557,210.77777777777777,202.44444444444446,206.22222222222223,258,300.11111111111114,352.11111111111114,357.22222222222223,359.9556295063782,356.11111111111114,507.44444444444446,439.72200000000004,383.38659999999993,325.6920333333333,279.63828,226.36245,223.59813333333335,233.07041561712845,276.0644
Table Locks Waited,0,0,0.888888888888889,4,10.555555555555555,13.666666666666668,15.777777777777777,18.11111111111111,17.567325,23.513753327417923,23.036940404904477,26.181495451519858,22.84997920306131,16.649167379526663,13.857960591952112,23.846495119787047,24.201596806387226,24.166666666666668,18.458499999999997,20.15759620189905,17.334007996001997,0.9602051282051283,1.3556455696202532,3.069764705882353,3.499289308176101,3.829447236180905,3.690836820083682,3.5919201228878648,3.517782131661442,3.3426183844011144,2.888888888888889,2.555555555555556,1.4444444444444444,2.2222222222222223,3.555555555555556,4.666666666666667,5.777777777777778,6.666666666666667,6.777777777777779,6.7665002773155845,6.666666666666667,20.666666666666668,18.752850000000002,17.203942857142856,16.334266666666664,15.516720000000001,15.0215,15.5746,17.015327455919394,20.9238
bytes_received_rate,11993.444444444445,12374,17239.777777777777,36644.66666666667,60678.55555555556,73687.11111111111,89597.11111111111,106433.77777777778,101514.78134999999,141138.19875776398,136758.14472483605,163933.6587530508,142138.6251996506,119596.89147419448,107540.29382274693,155815.43921916594,154552.02095808386,150262.1666666667,114770.2429,110470.22746126936,94996.03955522238,15849.145846153848,20178.614848101268,25646.8608627451,30929.14149056604,35713.552572864326,36220.27318967922,37108.24652022529,37981.61093495298,37471.532033426185,31338.888888888887,27188.111111111113,24543.222222222223,22888,22742.555555555555,26738.555555555555,29696.888888888887,33545.88888888889,34272.77777777778,34595.23017193566,34158.222222222226,57846.777777777774,51857.019,47092.41811428571,42149.47146666666,38202.0522,33640.5337,32863.1304,33899.8083627204,39862.596399999995
bytes_sent_rate,159777.77777777778,165494.6666666667,166218.11111111112,201409.8888888889,251845,262254.3333333334,292140.7777777778,319832.8888888889,280171.782225,393717.7240461402,365323.82153906475,417785.8886177058,361262.4555714999,312949.25922155695,283341.12207765214,420681.89884649514,419442.49001996015,395546.6666666667,302118.544,300868.178035982,258723.87518740626,51909.88948717949,98289.38746835443,165902.3637647059,211084.26423584908,224854.6745527638,254936.31047838213,315606.57594162825,342222.8615619122,356165.12534818944,363668.7777777778,344204.22222222225,327984,316605.8888888889,342880.1111111111,356045.55555555556,344947.22222222225,356360.8888888889,377848.1111111111,379192.01331114804,396636,407336,359427.25395,316352.7432857143,273291.1540333333,226263.91152000002,188005.04975,139518.11193333333,111473.34574307303,81945.38639999999
qcache_hits,0,0,0,0,0,0,0,0,0,0,0,0,0,0,0,0,0,0,0,0,0,0,0,0,0,0,0,0,0,0,0,0,0,0,0,0,0,0,0,0,0,0,0,0,0,0,0,0,0,0
qcache_inserts,0,0,0,0,0,0,0,0,0,0,0,0,0,0,0,0,0,0,0,0,0,0,0,0,0,0,0,0,0,0,0,0,0,0,0,0,0,0,0,0,0,0,0,0,0,0,0,0,0,0
qcache_not_cached,26.111111111111114,26.888888888888893,47.111111111111114,117.44444444444446,200.66666666666669,245.22222222222223,303.55555555555554,363.22222222222223,348.436575,496.4507542147294,483.12375962360994,586.1992456179277,508.63174860660513,431.87269746221847,393.06215497173264,563.664596273292,562.999001996008,542.8333333333334,414.6161,391.5568465767116,336.7092703648176,102.02179487179488,136.92020253164557,172.63771988795517,210.0919465408805,245.467567839196,244.45642538354255,242.45460829493086,240.8508166144201,231.86629526462397,187,150.88888888888889,132.22222222222223,124.33333333333334,121.88888888888889,153.22222222222223,177.11111111111111,207.11111111111114,210.44444444444443,211.98003327787018,208.77777777777777,252.44444444444443,211.56232500000002,176.72151428571425,140.93823333333333,115.13856000000001,83.77374999999999,80.64986666666667,82.30670025188917,96.9956
qcache_lowmem_prunes,0,0,0,0,0,0,0,0,0,0,0,0,0,0,0,0,0,0,0,0,0,0,0,0,0,0,0,0,0,0,0,0,0,0,0,0,0,0,0,0,0,0,0,0,0,0,0,0,0,0
com admin_commands,1,1,1,1,1,1,1,1,0.8622,0.9982253771073648,0.8693185058454519,0.9984468604393166,0.8788453539638965,0.7821756487025949,0.6871715996009312,0.9982253771073648,0.9980039920159681,1,0.7638,0.7135432283858071,0.6135932033983008,0.24005128205128207,0.3389113924050633,0.4385378151260504,0.5383522012578617,0.6382412060301508,0.7381673640167363,0.8381146953405019,0.9380752351097179,1.0027855153203344,1,1,1,1,1,1,1,1,1,0.9983361064891845,1,1,0.8622,0.7621999999999999,0.6622,0.5622,0.4622,0.36219999999999997,0.2638035264483627,0.16219999999999998
com alter_db,0,0,0,0,0,0,0,0,0,0,0,0,0,0,0,0,0,0,0,0,0,0,0,0,0,0,0,0,0,0,0,0,0,0,0,0,0,0,0,0,0,0,0,0,0,0,0,0,0,0
com alter_db_upgrade,0,0,0,0,0,0,0,0,0,0,0,0,0,0,0,0,0,0,0,0,0,0,0,0,0,0,0,0,0,0,0,0,0,0,0,0,0,0,0,0,0,0,0,0,0,0,0,0,0,0
com alter_event,0,0,0,0,0,0,0,0,0,0,0,0,0,0,0,0,0,0,0,0,0,0,0,0,0,0,0,0,0,0,0,0,0,0,0,0,0,0,0,0,0,0,0,0,0,0,0,0,0,0
com alter_function,0,0,0,0,0,0,0,0,0,0,0,0,0,0,0,0,0,0,0,0,0,0,0,0,0,0,0,0,0,0,0,0,0,0,0,0,0,0,0,0,0,0,0,0,0,0,0,0,0,0
com alter_instance,0,0,0,0,0,0,0,0,0,0,0,0,0,0,0,0,0,0,0,0,0,0,0,0,0,0,0,0,0,0,0,0,0,0,0,0,0,0,0,0,0,0,0,0,0,0,0,0,0,0
com alter_procedure,0,0,0,0,0,0,0,0,0,0,0,0,0,0,0,0,0,0,0,0,0,0,0,0,0,0,0,0,0,0,0,0,0,0,0,0,0,0,0,0,0,0,0,0,0,0,0,0,0,0
com alter_server,0,0,0,0,0,0,0,0,0,0,0,0,0,0,0,0,0,0,0,0,0,0,0,0,0,0,0,0,0,0,0,0,0,0,0,0,0,0,0,0,0,0,0,0,0,0,0,0,0,0
com alter_table,0,0,0,0,0,0,0,0,0,0,0,0,0,0,0,0,0,0,0,0,0,0,0,0,0,0,0,0,0,0,0,0,0,0,0,0,0,0,0,0,0,0,0,0,0,0,0,0,0,0
com alter_tablespace,0,0,0,0,0,0,0,0,0,0,0,0,0,0,0,0,0,0,0,0,0,0,0,0,0,0,0,0,0,0,0,0,0,0,0,0,0,0,0,0,0,0,0,0,0,0,0,0,0,0
com alter_user,0,0,0,0,0,0,0,0,0,0,0,0,0,0,0,0,0,0,0,0,0,0,0,0,0,0,0,0,0,0,0,0,0,0,0,0,0,0,0,0,0,0,0,0,0,0,0,0,0,0
com analyze,0,0,0,0,0,0,0,0,0,0,0,0,0,0,0,0,0,0,0,0,0,0,0,0,0,0,0,0,0,0,0,0,0,0,0,0,0,0,0,0,0,0,0,0,0,0,0,0,0,0
com assign_to_keycache,0,0,0,0,0,0,0,0,0,0,0,0,0,0,0,0,0,0,0,0,0,0,0,0,0,0,0,0,0,0,0,0,0,0,0,0,0,0,0,0,0,0,0,0,0,0,0,0,0,0
com begin,0,0,0,0,0,0,0,0,0,0,0,0,0,0,0,0,0,0,0,0,0,0,0,0,0,0,0,0,0,0,0,0,0,0,0,0,0,0,0,0,0,0,0,0,0,0,0,0,0,0
com binlog,0,0,0,0,0,0,0,0,0,0,0,0,0,0,0,0,0,0,0,0,0,0,0,0,0,0,0,0,0,0,0,0,0,0,0,0,0,0,0,0,0,0,0,0,0,0,0,0,0,0
com call_procedure,0,0,0,0,0,0,0,0,0,0,0,0,0,0,0,0,0,0,0,0,0,0,0,0,0,0,0,0,0,0,0,0,0,0,0,0,0,0,0,0,0,0,0,0,0,0,0,0,0,0
com change_db,0,0,0,0,0,0,0,0,0,0,0,0,0,0,0,0,0,0,0,0,0,0,0,0,0,0,0,0,0,0,0,0,0,0,0,0,0,0,0,0,0,0,0,0,0,0,0,0,0,0
com change_master,0,0,0,0,0,0,0,0,0,0,0,0,0,0,0,0,0,0,0,0,0,0,0,0,0,0,0,0,0,0,0,0,0,0,0,0,0,0,0,0,0,0,0,0,0,0,0,0,0,0
com change_repl_filter,0,0,0,0,0,0,0,0,0,0,0,0,0,0,0,0,0,0,0,0,0,0,0,0,0,0,0,0,0,0,0,0,0,0,0,0,0,0,0,0,0,0,0,0,0,0,0,0,0,0
com check,0,0,0,0,0,0,0,0,0,0,0,0,0,0,0,0,0,0,0,0,0,0,0,0,0,0,0,0,0,0,0,0,0,0,0,0,0,0,0,0,0,0,0,0,0,0,0,0,0,0
com checksum,0,0,0,0,0,0,0,0,0,0,0,0,0,0,0,0,0,0,0,0,0,0,0,0,0,0,0,0,0,0,0,0,0,0,0,0,0,0,0,0,0,0,0,0,0,0,0,0,0,0
com commit,0,0,1,5.888888888888889,10.666666666666668,15.555555555555557,19.22222222222222,24.11111111111111,23.387175,32.16503992901509,31.51279583689763,39.16130463723098,33.945401796855506,29.722674650698604,25.425349185234456,40.0399290150843,39.54590818363273,40.66666666666667,31.061199999999996,30.682358820589705,26.384507746126936,2.1604615384615387,1.864012658227848,1.9003305322128852,2.4225849056603774,2.552964824120603,2.5835857740585775,2.5143440860215054,2.4624474921630095,2.33983286908078,1.3333333333333335,1.2222222222222223,1.2222222222222223,1.1111111111111112,1.5555555555555558,2.111111111111111,2.4444444444444446,3.2222222222222223,3.2222222222222223,3.2168607875762616,3.1111111111111116,7.888888888888888,7.220924999999999,6.642028571428571,6.070166666666666,5.8468800000000005,5.19975,5.433,5.93557934508816,7.2989999999999995
com create_compression_dictionary,0,0,0,0,0,0,0,0,0,0,0,0,0,0,0,0,0,0,0,0,0,0,0,0,0,0,0,0,0,0,0,0,0,0,0,0,0,0,0,0,0,0,0,0,0,0,0,0,0,0
com create_db,0,0,0,0,0,0,0,0,0,0,0,0,0,0,0,0,0,0,0,0,0,0,0,0,0,0,0,0,0,0,0,0,0,0,0,0,0,0,0,0,0,0,0,0,0,0,0,0,0,0
com create_event,0,0,0,0,0,0,0,0,0,0,0,0,0,0,0,0,0,0,0,0,0,0,0,0,0,0,0,0,0,0,0,0,0,0,0,0,0,0,0,0,0,0,0,0,0,0,0,0,0,0
com create_function,0,0,0,0,0,0,0,0,0,0,0,0,0,0,0,0,0,0,0,0,0,0,0,0,0,0,0,0,0,0,0,0,0,0,0,0,0,0,0,0,0,0,0,0,0,0,0,0,0,0
com create_index,0,0,0,0,0,0,0,0,0,0,0,0,0,0,0,0,0,0,0,0,0,0,0,0,0,0,0,0,0,0,0,0,0,0,0,0,0,0,0,0,0,0,0,0,0,0,0,0,0,0
com create_procedure,0,0,0,0,0,0,0,0,0,0,0,0,0,0,0,0,0,0,0,0,0,0,0,0,0,0,0,0,0,0,0,0,0,0,0,0,0,0,0,0,0,0,0,0,0,0,0,0,0,0
com create_server,0,0,0,0,0,0,0,0,0,0,0,0,0,0,0,0,0,0,0,0,0,0,0,0,0,0,0,0,0,0,0,0,0,0,0,0,0,0,0,0,0,0,0,0,0,0,0,0,0,0
com create_table,0,0,0,0,0,0,0,0,0,0,0,0,0,0,0,0,0,0,0,0,0,0,0,0,0,0,0,0,0,0,0,0,0,0,0,0,0,0,0,0,0,0,0,0,0,0,0,0,0,0
com create_trigger,0,0,0,0,0,0,0,0,0,0,0,0,0,0,0,0,0,0,0,0,0,0,0,0,0,0,0,0,0,0,0,0,0,0,0,0,0,0,0,0,0,0,0,0,0,0,0,0,0,0
com create_udf,0,0,0,0,0,0,0,0,0,0,0,0,0,0,0,0,0,0,0,0,0,0,0,0,0,0,0,0,0,0,0,0,0,0,0,0,0,0,0,0,0,0,0,0,0,0,0,0,0,0
com create_user,0,0,0,0,0,0,0,0,0,0,0,0,0,0,0,0,0,0,0,0,0,0,0,0,0,0,0,0,0,0,0,0,0,0,0,0,0,0,0,0,0,0,0,0,0,0,0,0,0,0
com create_view,0,0,0,0,0,0,0,0,0,0,0,0,0,0,0,0,0,0,0,0,0,0,0,0,0,0,0,0,0,0,0,0,0,0,0,0,0,0,0,0,0,0,0,0,0,0,0,0,0,0
com dealloc_sql,0,0,0,0,0,0,0,0,0,0,0,0,0,0,0,0,0,0,0,0,0,0,0,0,0,0,0,0,0,0,0,0,0,0,0,0,0,0,0,0,0,0,0,0,0,0,0,0,0,0
com delete,0,0,0,0.5555555555555556,2.2222222222222223,4.444444444444445,5.666666666666667,6.666666666666667,6.466499999999999,10.093167701863354,9.888498003992016,13.86731750610162,13.182680309458448,11.732634730538923,9.734930994346525,19.85359361135759,21.20758483033932,23.166666666666668,17.694699999999997,18.73050974512744,16.106821589205396,0.48010256410256413,0.3389113924050633,0.29235854341736695,0.2691761006289308,0.2552964824120603,0.24605578800557878,0.23946134152585766,0.23451880877742948,0.22284122562674097,0,0,0,0,0,0,0,0,0,0,0,4.777777777777778,4.634325,4.682085714285714,4.7457666666666665,4.83492,4.968649999999999,5.191533333333334,5.671775818639798,6.9746
com delete_multi,0,0,0,0,0,0,0,0,0,0,0,0,0,0,0,0,0,0,0,0,0,0,0,0,0,0,0,0,0,0,0,0,0,0,0,0,0,0,0,0,0,0,0,0,0,0,0,0,0,0
com do,0,0,0,0,0,0,0,0,0,0,0,0,0,0,0,0,0,0,0,0,0,0,0,0,0,0,0,0,0,0,0,0,0,0,0,0,0,0,0,0,0,0,0,0,0,0,0,0,0,0
com drop_compression_dictionary,0,0,0,0,0,0,0,0,0,0,0,0,0,0,0,0,0,0,0,0,0,0,0,0,0,0,0,0,0,0,0,0,0,0,0,0,0,0,0,0,0,0,0,0,0,0,0,0,0,0
com drop_db,0,0,0,0,0,0,0,0,0,0,0,0,0,0,0,0,0,0,0,0,0,0,0,0,0,0,0,0,0,0,0,0,0,0,0,0,0,0,0,0,0,0,0,0,0,0,0,0,0,0
com drop_event,0,0,0,0,0,0,0,0,0,0,0,0,0,0,0,0,0,0,0,0,0,0,0,0,0,0,0,0,0,0,0,0,0,0,0,0,0,0,0,0,0,0,0,0,0,0,0,0,0,0
com drop_function,0,0,0,0,0,0,0,0,0,0,0,0,0,0,0,0,0,0,0,0,0,0,0,0,0,0,0,0,0,0,0,0,0,0,0,0,0,0,0,0,0,0,0,0,0,0,0,0,0,0
com drop_index,0,0,0,0,0,0,0,0,0,0,0,0,0,0,0,0,0,0,0,0,0,0,0,0,0,0,0,0,0,0,0,0,0,0,0,0,0,0,0,0,0,0,0,0,0,0,0,0,0,0
com drop_procedure,0,0,0,0,0,0,0,0,0,0,0,0,0,0,0,0,0,0,0,0,0,0,0,0,0,0,0,0,0,0,0,0,0,0,0,0,0,0,0,0,0,0,0,0,0,0,0,0,0,0
com drop_server,0,0,0,0,0,0,0,0,0,0,0,0,0,0,0,0,0,0,0,0,0,0,0,0,0,0,0,0,0,0,0,0,0,0,0,0,0,0,0,0,0,0,0,0,0,0,0,0,0,0
com drop_table,0,0,0,0,0,0,0,0,0,0,0,0,0,0,0,0,0,0,0,0,0,0,0,0,0,0,0,0,0,0,0,0,0,0,0,0,0,0,0,0,0,0,0,0,0,0,0,0,0,0
com drop_trigger,0,0,0,0,0,0,0,0,0,0,0,0,0,0,0,0,0,0,0,0,0,0,0,0,0,0,0,0,0,0,0,0,0,0,0,0,0,0,0,0,0,0,0,0,0,0,0,0,0,0
com drop_user,0,0,0,0,0,0,0,0,0,0,0,0,0,0,0,0,0,0,0,0,0,0,0,0,0,0,0,0,0,0,0,0,0,0,0,0,0,0,0,0,0,0,0,0,0,0,0,0,0,0
com drop_view,0,0,0,0,0,0,0,0,0,0,0,0,0,0,0,0,0,0,0,0,0,0,0,0,0,0,0,0,0,0,0,0,0,0,0,0,0,0,0,0,0,0,0,0,0,0,0,0,0,0
com empty_query,0,0,0,0,0,0,0,0,0,0,0,0,0,0,0,0,0,0,0,0,0,0,0,0,0,0,0,0,0,0,0,0,0,0,0,0,0,0,0,0,0,0,0,0,0,0,0,0,0,0
com execute_sql,0,0,0,0,0,0,0,0,0,0,0,0,0,0,0,0,0,0,0,0,0,0,0,0,0,0,0,0,0,0,0,0,0,0,0,0,0,0,0,0,0,0,0,0,0,0,0,0,0,0
com explain_other,0,0,0,0,0,0,0,0,0,0,0,0,0,0,0,0,0,0,0,0,0,0,0,0,0,0,0,0,0,0,0,0,0,0,0,0,0,0,0,0,0,0,0,0,0,0,0,0,0,0
com flush,0,0,0,0,0,0,0,0,0,0,0,0,0,0,0,0,0,0,0,0,0,0,0,0,0,0,0,0,0,0,0,0,0,0,0,0,0,0,0,0,0,0,0,0,0,0,0,0,0,0
com get_diagnostics,0,0,0,0,0,0,0,0,0,0,0,0,0,0,0,0,0,0,0,0,0,0,0,0,0,0,0,0,0,0,0,0,0,0,0,0,0,0,0,0,0,0,0,0,0,0,0,0,0,0
com grant,0,0,0,0,0,0,0,0,0,0,0,0,0,0,0,0,0,0,0,0,0,0,0,0,0,0,0,0,0,0,0,0,0,0,0,0,0,0,0,0,0,0,0,0,0,0,0,0,0,0
com group_replication_start,0,0,0,0,0,0,0,0,0,0,0,0,0,0,0,0,0,0,0,0,0,0,0,0,0,0,0,0,0,0,0,0,0,0,0,0,0,0,0,0,0,0,0,0,0,0,0,0,0,0
com group_replication_stop,0,0,0,0,0,0,0,0,0,0,0,0,0,0,0,0,0,0,0,0,0,0,0,0,0,0,0,0,0,0,0,0,0,0,0,0,0,0,0,0,0,0,0,0,0,0,0,0,0,0
com ha_close,0,0,0,0,0,0,0,0,0,0,0,0,0,0,0,0,0,0,0,0,0,0,0,0,0,0,0,0,0,0,0,0,0,0,0,0,0,0,0,0,0,0,0,0,0,0,0,0,0,0
com ha_open,0,0,0,0,0,0,0,0,0,0,0,0,0,0,0,0,0,0,0,0,0,0,0,0,0,0,0,0,0,0,0,0,0,0,0,0,0,0,0,0,0,0,0,0,0,0,0,0,0,0
com ha_read,0,0,0,0,0,0,0,0,0,0,0,0,0,0,0,0,0,0,0,0,0,0,0,0,0,0,0,0,0,0,0,0,0,0,0,0,0,0,0,0,0,0,0,0,0,0,0,0,0,0
com help,0,0,0,0,0,0,0,0,0,0,0,0,0,0,0,0,0,0,0,0,0,0,0,0,0,0,0,0,0,0,0,0,0,0,0,0,0,0,0,0,0,0,0,0,0,0,0,0,0,0
com insert,0,0,8.88888888888889,39.22222222222222,78.44444444444444,96.77777777777779,121.88888888888889,148.33333333333334,143.87962499999998,200.3105590062112,196.24865269461077,232.85999556245844,200.5964520422594,164.5921043627032,149.803408713003,206.18899733806566,202.22055888223554,191.66666666666669,146.39499999999998,138.60577211394303,119.19047976011993,12.962769230769231,10.845164556962025,10.524907563025211,10.497867924528302,10.467155778894472,10.08828730822873,9.817915002560165,9.615271159874608,9.13649025069638,3.1111111111111116,2,1.1111111111111112,0.6666666666666667,0.22222222222222224,0.22222222222222224,0.4444444444444445,0.4444444444444445,0.4444444444444445,0.44370493621741536,0.4444444444444445,50.88888888888889,49.1454,49.65188571428571,50.32719999999999,51.047760000000004,52.4597,54.81293333333333,59.88340050377833,73.63879999999999
com insert_select,0,0,0,0,0,0,0,0,0,0,0,0,0,0,0,0,0,0,0,0,0,0,0,0,0,0,0,0,0,0,0,0,0,0,0,0,0,0,0,0,0,0,0,0,0,0,0,0,0,0
com install_plugin,0,0,0,0,0,0,0,0,0,0,0,0,0,0,0,0,0,0,0,0,0,0,0,0,0,0,0,0,0,0,0,0,0,0,0,0,0,0,0,0,0,0,0,0,0,0,0,0,0,0
com kill,0,0,0,0,0,0,0,0,0,0,0,0,0,0,0,0,0,0,0,0,0,0,0,0,0,0,0,0,0,0,0,0,0,0,0,0,0,0,0,0,0,0,0,0,0,0,0,0,0,0
com load,0,0,0,0,0,0,0,0,0,0,0,0,0,0,0,0,0,0,0,0,0,0,0,0,0,0,0,0,0,0,0,0,0,0,0,0,0,0,0,0,0,0,0,0,0,0,0,0,0,0
com lock_binlog_for_backup,0,0,0,0,0,0,0,0,0,0,0,0,0,0,0,0,0,0,0,0,0,0,0,0,0,0,0,0,0,0,0,0,0,0,0,0,0,0,0,0,0,0,0,0,0,0,0,0,0,0
com lock_tables,0,0,0,0,0,0,0,0,0,0,0,0,0,0,0,0,0,0,0,0,0,0,0,0,0,0,0,0,0,0,0,0,0,0,0,0,0,0,0,0,0,0,0,0,0,0,0,0,0,0
com lock_tables_for_backup,0,0,0,0,0,0,0,0,0,0,0,0,0,0,0,0,0,0,0,0,0,0,0,0,0,0,0,0,0,0,0,0,0,0,0,0,0,0,0,0,0,0,0,0,0,0,0,0,0,0
com optimize,0,0,0,0,0,0,0,0,0,0,0,0,0,0,0,0,0,0,0,0,0,0,0,0,0,0,0,0,0,0,0,0,0,0,0,0,0,0,0,0,0,0,0,0,0,0,0,0,0,0
com preload_keys,0,0,0,0,0,0,0,0,0,0,0,0,0,0,0,0,0,0,0,0,0,0,0,0,0,0,0,0,0,0,0,0,0,0,0,0,0,0,0,0,0,0,0,0,0,0,0,0,0,0
com prepare_sql,0,0,0,0,0,0,0,0,0,0,0,0,0,0,0,0,0,0,0,0,0,0,0,0,0,0,0,0,0,0,0,0,0,0,0,0,0,0,0,0,0,0,0,0,0,0,0,0,0,0
com purge,0,0,0,0,0,0,0,0,0,0,0,0,0,0,0,0,0,0,0,0,0,0,0,0,0,0,0,0,0,0,0,0,0,0,0,0,0,0,0,0,0,0,0,0,0,0,0,0,0,0
com purge_before_date,0,0,0,0,0,0,0,0,0,0,0,0,0,0,0,0,0,0,0,0,0,0,0,0,0,0,0,0,0,0,0,0,0,0,0,0,0,0,0,0,0,0,0,0,0,0,0,0,0,0
com release_savepoint,0,0,0,0,0,0,0,0,0,0,0,0,0,0,0,0,0,0,0,0,0,0,0,0,0,0,0,0,0,0,0,0,0,0,0,0,0,0,0,0,0,0,0,0,0,0,0,0,0,0
com rename_table,0,0,0,0,0,0,0,0,0,0,0,0,0,0,0,0,0,0,0,0,0,0,0,0,0,0,0,0,0,0,0,0,0,0,0,0,0,0,0,0,0,0,0,0,0,0,0,0,0,0
com rename_user,0,0,0,0,0,0,0,0,0,0,0,0,0,0,0,0,0,0,0,0,0,0,0,0,0,0,0,0,0,0,0,0,0,0,0,0,0,0,0,0,0,0,0,0,0,0,0,0,0,0
com repair,0,0,0,0,0,0,0,0,0,0,0,0,0,0,0,0,0,0,0,0,0,0,0,0,0,0,0,0,0,0,0,0,0,0,0,0,0,0,0,0,0,0,0,0,0,0,0,0,0,0
com replace,0,0,0,0,0,0,0,0,0,0,0,0,0,0,0,0,0,0,0,0,0,0,0,0,0,0,0,0,0,0,0,0,0,0,0,0,0,0,0,0,0,0,0,0,0,0,0,0,0,0
com replace_select,0,0,0,0,0,0,0,0,0,0,0,0,0,0,0,0,0,0,0,0,0,0,0,0,0,0,0,0,0,0,0,0,0,0,0,0,0,0,0,0,0,0,0,0,0,0,0,0,0,0
com reset,0,0,0,0,0,0,0,0,0,0,0,0,0,0,0,0,0,0,0,0,0,0,0,0,0,0,0,0,0,0,0,0,0,0,0,0,0,0,0,0,0,0,0,0,0,0,0,0,0,0
com resignal,0,0,0,0,0,0,0,0,0,0,0,0,0,0,0,0,0,0,0,0,0,0,0,0,0,0,0,0,0,0,0,0,0,0,0,0,0,0,0,0,0,0,0,0,0,0,0,0,0,0
com revoke,0,0,0,0,0,0,0,0,0,0,0,0,0,0,0,0,0,0,0,0,0,0,0,0,0,0,0,0,0,0,0,0,0,0,0,0,0,0,0,0,0,0,0,0,0,0,0,0,0,0
com revoke_all,0,0,0,0,0,0,0,0,0,0,0,0,0,0,0,0,0,0,0,0,0,0,0,0,0,0,0,0,0,0,0,0,0,0,0,0,0,0,0,0,0,0,0,0,0,0,0,0,0,0
com rollback,0,0,0,0.33333333333333337,0.6666666666666667,0.6666666666666667,0.7777777777777779,1.1111111111111112,1.07775,1.663708961845608,1.6299721984602222,2.662524961171511,2.3069690541552283,2.01130881094953,2.0615147988027935,3.771073646850044,3.867265469061876,4.333333333333334,3.3098,3.0325587206396802,2.6077711144427784,0.9602051282051283,0.6778227848101266,0.5847170868347339,0.5383522012578617,0.5105929648241206,0.49211157601115757,0.4789226830517153,0.46903761755485895,0.44568245125348194,0,0.22222222222222224,2.2222222222222223,5.777777777777778,9.88888888888889,13.333333333333334,18.11111111111111,21.11111111111111,21.22222222222222,21.408763172490293,21.22222222222222,24.555555555555557,20.369475,16.550628571428568,13.354366666666667,8.770320000000002,5.89305,6.036666666666667,6.331284634760705,7.7856
com rollback_to_savepoint,0,0,0,0,0,0,0,0,0,0,0,0,0,0,0,0,0,0,0,0,0,0,0,0,0,0,0,0,0,0,0,0,0,0,0,0,0,0,0,0,0,0,0,0,0,0,0,0,0,0
com savepoint,0,0,0,0,0,0,0,0,0,0,0,0,0,0,0,0,0,0,0,0,0,0,0,0,0,0,0,0,0,0,0,0,0,0,0,0,0,0,0,0,0,0,0,0,0,0,0,0,0,0
com select,26.111111111111114,26.888888888888893,47.111111111111114,117.44444444444446,200.55555555555557,245.22222222222223,303.55555555555554,363.22222222222223,348.436575,496.4507542147294,483.12375962360994,586.1992456179277,508.63174860660513,431.9844368406046,393.06215497173264,563.664596273292,562.999001996008,542.8333333333334,414.6161,391.5568465767116,336.7092703648176,102.26184615384616,137.0896582278481,172.78389915966386,210.4957106918239,246.61640201005025,245.5636764295676,243.53218433179723,241.9061512539185,232.8690807799443,187.88888888888889,151.77777777777777,133.11111111111111,125,122,153.77777777777777,177.66666666666669,207.77777777777777,211.33333333333334,212.867443150305,209.66666666666669,251.44444444444443,210.59234999999998,175.6326571428571,139.39309999999998,113.5644,82.0405,78.59740000000001,80.06437027707808,94.23819999999999
com set_option,1,1,2.888888888888889,8,12.88888888888889,17.666666666666668,22,26.888888888888893,25.973775,37.37799467613132,36.51137724550898,45.595739960062126,39.98746360535729,35.64486170516111,31.49536498170935,46.36202307009761,46.531936127744515,46,35.1348,32.64460269865067,28.071889055472262,11.042358974358976,14.912101265822784,19.58802240896359,24.495025157232707,29.359095477386937,28.66549930264993,28.016976958525344,27.55596003134796,26.295264623955433,21.22222222222222,17,14.222222222222223,12.444444444444446,11.777777777777779,16.444444444444446,19.666666666666668,25.11111111111111,25.444444444444446,25.623960066555735,25.333333333333336,23.88888888888889,19.722825,15.352885714285714,10.5952,7.4210400000000005,1.8488,1.4487999999999999,1.187115869017632,1.2975999999999999
com show_binlog_events,0,0,0,0,0,0,0,0,0,0,0,0,0,0,0,0,0,0,0,0,0,0,0,0,0,0,0,0,0,0,0,0,0,0,0,0,0,0,0,0,0,0,0,0,0,0,0,0,0,0
com show_binlogs,0,0,0,0,0,0,0,0,0,0,0,0,0,0,0,0,0,0,0,0,0,0,0,0,0,0,0,0,0,0,0,0,0,0,0,0,0,0,0,0,0,0,0,0,0,0,0,0,0,0
com show_charsets,0,0,0,0,0,0,0,0,0,0,0,0,0,0,0,0,0,0,0,0,0,0,0,0,0,0,0,0,0,0,0,0,0,0,0,0,0,0,0,0,0,0,0,0,0,0,0,0,0,0
com show_client_statistics,0,0,0,0,0,0,0,0,0,0,0,0,0,0,0,0,0,0,0,0,0,0,0,0,0,0,0,0,0,0,0,0,0,0,0,0,0,0,0,0,0,0,0,0,0,0,0,0,0,0
com show_collations,0,0,0,0,0,0,0,0,0,0,0,0,0,0,0,0,0,0,0,0,0,0,0,0,0,0,0,0,0,0,0,0,0,0,0,0,0,0,0,0,0,0,0,0,0,0,0,0,0,0
com show_create_db,0,0,0,0,0,0,0,0,0,0,0,0,0,0,0,0,0,0,0,0,0,0,0,0,0,0,0,0,0,0,0,0,0,0,0,0,0,0,0,0,0,0,0,0,0,0,0,0,0,0
com show_create_event,0,0,0,0,0,0,0,0,0,0,0,0,0,0,0,0,0,0,0,0,0,0,0,0,0,0,0,0,0,0,0,0,0,0,0,0,0,0,0,0,0,0,0,0,0,0,0,0,0,0
com show_create_func,0,0,0,0,0,0,0,0,0,0,0,0,0,0,0,0,0,0,0,0,0,0,0,0,0,0,0,0,0,0,0,0,0,0,0,0,0,0,0,0,0,0,0,0,0,0,0,0,0,0
com show_create_proc,0,0,0,0,0,0,0,0,0,0,0,0,0,0,0,0,0,0,0,0,0,0,0,0,0,0,0,0,0,0,0,0,0,0,0,0,0,0,0,0,0,0,0,0,0,0,0,0,0,0
com show_create_table,0,0,0,0,0,0,0,0,0,0,0,0,0,0,0,0,0,0,0,0,0,0,0,0,0,0,0,0,0,0,0,0,0,0,0,0,0,0,0,0,0,0,0,0,0,0,0,0,0,0
com show_create_trigger,0,0,0,0,0,0,0,0,0,0,0,0,0,0,0,0,0,0,0,0,0,0,0,0,0,0,0,0,0,0,0,0,0,0,0,0,0,0,0,0,0,0,0,0,0,0,0,0,0,0
com show_create_user,0,0,0,0,0,0,0,0,0,0,0,0,0,0,0,0,0,0,0,0,0,0,0,0,0,0,0,0,0,0,0,0,0,0,0,0,0,0,0,0,0,0,0,0,0,0,0,0,0,0
com show_databases,0,0,0,0,0,0,0,0,0,0,0,0,0,0,0,0,0,0,0,0,0,0,0,0,0,0,0,0,0,0,0,0,0,0,0,0,0,0,0,0,0,0,0,0,0,0,0,0,0,0
com show_engine_logs,0,0,0,0,0,0,0,0,0,0,0,0,0,0,0,0,0,0,0,0,0,0,0,0,0,0,0,0,0,0,0,0,0,0,0,0,0,0,0,0,0,0,0,0,0,0,0,0,0,0
com show_engine_mutex,0,0,0,0,0,0,0,0,0,0,0,0,0,0,0,0,0,0,0,0,0,0,0,0,0,0,0,0,0,0,0,0,0,0,0,0,0,0,0,0,0,0,0,0,0,0,0,0,0,0
com show_engine_status,0.888888888888889,0.888888888888889,1,0.888888888888889,1.1111111111111112,0.888888888888889,1,1.1111111111111112,0.8622,1.109139307897072,0.9779833190761333,0.8875083203905036,0.8788453539638965,0.6704362703165099,0.6871715996009312,1.109139307897072,0.9980039920159681,1,0.7638,0.8919290354822589,0.766991504247876,0,0.16945569620253165,0.4385378151260504,0.5383522012578617,0.5105929648241206,0.615139470013947,0.8381146953405019,0.9380752351097179,1.0027855153203344,1.1111111111111112,1,0.888888888888889,0.888888888888889,1,1,0.888888888888889,0.888888888888889,1,0.9983361064891845,1.1111111111111112,1.1111111111111112,0.969975,0.8710857142857142,0.7725666666666666,0.67464,0.57775,0.36219999999999997,0.2638035264483627,0.16219999999999998
com show_errors,0,0,0,0,0,0,0,0,0,0,0,0,0,0,0,0,0,0,0,0,0,0,0,0,0,0,0,0,0,0,0,0,0,0,0,0,0,0,0,0,0,0,0,0,0,0,0,0,0,0
com show_events,0,0,0,0,0,0,0,0,0,0,0,0,0,0,0,0,0,0,0,0,0,0,0,0,0,0,0,0,0,0,0,0,0,0,0,0,0,0,0,0,0,0,0,0,0,0,0,0,0,0
com show_fields,0,0,0,0,0,0,0,0,0,0,0,0,0,0,0,0,0,0,0,0,0,0,0,0,0,0,0,0,0,0,0,0,0,0,0,0,0,0,0,0,0,0,0,0,0,0,0,0,0,0
com show_function_code,0,0,0,0,0,0,0,0,0,0,0,0,0,0,0,0,0,0,0,0,0,0,0,0,0,0,0,0,0,0,0,0,0,0,0,0,0,0,0,0,0,0,0,0,0,0,0,0,0,0
com show_function_status,0,0,0,0,0,0,0,0,0,0,0,0,0,0,0,0,0,0,0,0,0,0,0,0,0,0,0,0,0,0,0,0,0,0,0,0,0,0,0,0,0,0,0,0,0,0,0,0,0,0
com show_grants,0,0,0,0,0,0,0,0,0,0,0,0,0,0,0,0,0,0,0,0,0,0,0,0,0,0,0,0,0,0,0,0,0,0,0,0,0,0,0,0,0,0,0,0,0,0,0,0,0,0
com show_index_statistics,0,0,0,0,0,0,0,0,0,0,0,0,0,0,0,0,0,0,0,0,0,0,0,0,0,0,0,0,0,0,0,0,0,0,0,0,0,0,0,0,0,0,0,0,0,0,0,0,0,0
com show_keys,0,0,0,0,0,0,0,0,0,0,0,0,0,0,0,0,0,0,0,0,0,0,0,0,0,0,0,0,0,0,0,0,0,0,0,0,0,0,0,0,0,0,0,0,0,0,0,0,0,0
com show_master_status,0,0,0,0,0,0,0,0,0,0,0,0,0,0,0,0,0,0,0,0,0,0,0,0,0,0,0,0,0,0,0,0,0,0,0,0,0,0,0,0,0,0,0,0,0,0,0,0,0,0
com show_open_tables,0,0,0,0,0,0,0,0,0,0,0,0,0,0,0,0,0,0,0,0,0,0,0,0,0,0,0,0,0,0,0,0,0,0,0,0,0,0,0,0,0,0,0,0,0,0,0,0,0,0
com show_plugins,0,0,0,0,0,0,0,0,0,0,0,0,0,0,0,0,0,0,0,0,0,0,0,0,0,0,0,0,0,0,0,0,0,0,0,0,0,0,0,0,0,0,0,0,0,0,0,0,0,0
com show_privileges,0,0,0,0,0,0,0,0,0,0,0,0,0,0,0,0,0,0,0,0,0,0,0,0,0,0,0,0,0,0,0,0,0,0,0,0,0,0,0,0,0,0,0,0,0,0,0,0,0,0
com show_procedure_code,0,0,0,0,0,0,0,0,0,0,0,0,0,0,0,0,0,0,0,0,0,0,0,0,0,0,0,0,0,0,0,0,0,0,0,0,0,0,0,0,0,0,0,0,0,0,0,0,0,0
com show_procedure_status,0,0,0,0,0,0,0,0,0,0,0,0,0,0,0,0,0,0,0,0,0,0,0,0,0,0,0,0,0,0,0,0,0,0,0,0,0,0,0,0,0,0,0,0,0,0,0,0,0,0
com show_processlist,0,0,0,0,0,0,0,0,0,0,0,0,0,0,0,0,0,0,0,0,0,0,0,0,0,0,0,0,0,0,0,0,0,0,0,0,0,0,0,0,0,0,0,0,0,0,0,0,0,0
com show_profile,0,0,0,0,0,0,0,0,0,0,0,0,0,0,0,0,0,0,0,0,0,0,0,0,0,0,0,0,0,0,0,0,0,0,0,0,0,0,0,0,0,0,0,0,0,0,0,0,0,0
com show_profiles,0,0,0,0,0,0,0,0,0,0,0,0,0,0,0,0,0,0,0,0,0,0,0,0,0,0,0,0,0,0,0,0,0,0,0,0,0,0,0,0,0,0,0,0,0,0,0,0,0,0
com show_relaylog_events,0,0,0,0,0,0,0,0,0,0,0,0,0,0,0,0,0,0,0,0,0,0,0,0,0,0,0,0,0,0,0,0,0,0,0,0,0,0,0,0,0,0,0,0,0,0,0,0,0,0
com show_slave_hosts,0,0,0,0,0,0,0,0,0,0,0,0,0,0,0,0,0,0,0,0,0,0,0,0,0,0,0,0,0,0,0,0,0,0,0,0,0,0,0,0,0,0,0,0,0,0,0,0,0,0
com show_slave_status,1,1,0.888888888888889,1,1,1,1,1,0.8622,0.9982253771073648,0.8693185058454519,0.9984468604393166,0.8788453539638965,0.7821756487025949,0.6871715996009312,0.9982253771073648,0.9980039920159681,1,0.7638,0.7135432283858071,0.6135932033983008,0.24005128205128207,0.3389113924050633,0.4385378151260504,0.5383522012578617,0.6382412060301508,0.7381673640167363,0.8381146953405019,0.9380752351097179,1.0027855153203344,1,1,1,1,1,1,1,1,1,0.9983361064891845,1,1,0.8622,0.7621999999999999,0.6622,0.5622,0.4622,0.36219999999999997,0.2638035264483627,0.16219999999999998
com show_status,1,1,1,1,1,1,1,1,0.8622,0.9982253771073648,0.8693185058454519,0.9984468604393166,0.8788453539638965,0.7821756487025949,0.6871715996009312,0.9982253771073648,0.9980039920159681,1,0.7638,0.7135432283858071,0.6135932033983008,0.24005128205128207,0.3389113924050633,0.4385378151260504,0.5383522012578617,0.6382412060301508,0.7381673640167363,0.8381146953405019,0.9380752351097179,1.0027855153203344,1,1,1,1,1,1,1,1,1,0.9983361064891845,1,1,0.8622,0.7621999999999999,0.6622,0.5622,0.4622,0.36219999999999997,0.2638035264483627,0.16219999999999998
com show_storage_engines,0,0,0,0,0,0,0,0,0,0,0,0,0,0,0,0,0,0,0,0,0,0,0,0,0,0,0,0,0,0,0,0,0,0,0,0,0,0,0,0,0,0,0,0,0,0,0,0,0,0
com show_table_statistics,0,0,0,0,0,0,0,0,0,0,0,0,0,0,0,0,0,0,0,0,0,0,0,0,0,0,0,0,0,0,0,0,0,0,0,0,0,0,0,0,0,0,0,0,0,0,0,0,0,0
com show_table_status,0,0,0,0,0,0,0,0,0,0,0,0,0,0,0,0,0,0,0,0,0,0,0,0,0,0,0,0,0,0,0,0,0,0,0,0,0,0,0,0,0,0,0,0,0,0,0,0,0,0
com show_tables,0,0,0,0,0,0,0,0,0,0,0,0,0,0,0,0,0,0,0,0,0,0,0,0,0,0,0,0,0,0,0,0,0,0,0,0,0,0,0,0,0,0,0,0,0,0,0,0,0,0
com show_thread_statistics,0,0,0,0,0,0,0,0,0,0,0,0,0,0,0,0,0,0,0,0,0,0,0,0,0,0,0,0,0,0,0,0,0,0,0,0,0,0,0,0,0,0,0,0,0,0,0,0,0,0
com show_triggers,0,0,0,0,0,0,0,0,0,0,0,0,0,0,0,0,0,0,0,0,0,0,0,0,0,0,0,0,0,0,0,0,0,0,0,0,0,0,0,0,0,0,0,0,0,0,0,0,0,0
com show_user_statistics,0,0,0,0,0,0,0,0,0,0,0,0,0,0,0,0,0,0,0,0,0,0,0,0,0,0,0,0,0,0,0,0,0,0,0,0,0,0,0,0,0,0,0,0,0,0,0,0,0,0
com show_variables,1,1.1111111111111112,1,0.888888888888889,1.1111111111111112,0.888888888888889,1,1,0.754425,1.109139307897072,0.8693185058454519,0.8875083203905036,0.8788453539638965,0.6704362703165099,0.6871715996009312,1.109139307897072,1.122754491017964,1,0.7638,0.8919290354822589,0.766991504247876,0,0.16945569620253165,0.29235854341736695,0.5383522012578617,0.5105929648241206,0.615139470013947,0.8381146953405019,0.9380752351097179,1.0027855153203344,1,1.1111111111111112,1.1111111111111112,0.888888888888889,1,1,0.888888888888889,0.888888888888889,0.888888888888889,0.9983361064891845,1,0.888888888888889,0.8622,0.7621999999999999,0.6622,0.5622,0.4622,0.36219999999999997,0.2638035264483627,0
com show_warnings,0,0,0,0,0,0,0,0,0,0,0,0,0,0,0,0,0,0,0,0,0,0,0,0,0,0,0,0,0,0,0,0,0,0,0,0,0,0,0,0,0,0,0,0,0,0,0,0,0,0
com shutdown,0,0,0,0,0,0,0,0,0,0,0,0,0,0,0,0,0,0,0,0,0,0,0,0,0,0,0,0,0,0,0,0,0,0,0,0,0,0,0,0,0,0,0,0,0,0,0,0,0,0
com signal,0,0,0,0,0,0,0,0,0,0,0,0,0,0,0,0,0,0,0,0,0,0,0,0,0,0,0,0,0,0,0,0,0,0,0,0,0,0,0,0,0,0,0,0,0,0,0,0,0,0
com slave_start,0,0,0,0,0,0,0,0,0,0,0,0,0,0,0,0,0,0,0,0,0,0,0,0,0,0,0,0,0,0,0,0,0,0,0,0,0,0,0,0,0,0,0,0,0,0,0,0,0,0
com slave_stop,0,0,0,0,0,0,0,0,0,0,0,0,0,0,0,0,0,0,0,0,0,0,0,0,0,0,0,0,0,0,0,0,0,0,0,0,0,0,0,0,0,0,0,0,0,0,0,0,0,0
com stmt_close,1,1,0.888888888888889,1,1,1,1,1,0.754425,1.109139307897072,0.9779833190761333,0.9984468604393166,0.7689896847184094,0.7821756487025949,0.6871715996009312,1.109139307897072,1.122754491017964,1,0.7638,0.8919290354822589,0.766991504247876,0,0.16945569620253165,0.4385378151260504,0.5383522012578617,0.5105929648241206,0.615139470013947,0.8381146953405019,0.9380752351097179,0.8913649025069639,1,1,1,0.888888888888889,1,1,1,1,1.1111111111111112,1.1092623405435384,1.1111111111111112,1,0.969975,0.8710857142857142,0.7725666666666666,0.5622,0.4622,0.36219999999999997,0.2638035264483627,0.16219999999999998
com stmt_execute,1,1,0.888888888888889,1,1,1,1,1,0.754425,1.109139307897072,0.9779833190761333,0.9984468604393166,0.7689896847184094,0.7821756487025949,0.6871715996009312,1.109139307897072,1.122754491017964,1,0.7638,0.8919290354822589,0.766991504247876,0,0.16945569620253165,0.4385378151260504,0.5383522012578617,0.5105929648241206,0.615139470013947,0.8381146953405019,0.9380752351097179,0.8913649025069639,1,1,1,0.888888888888889,1,1,1,1,1.1111111111111112,1.1092623405435384,1.1111111111111112,1,0.969975,0.8710857142857142,0.7725666666666666,0.5622,0.4622,0.36219999999999997,0.2638035264483627,0.16219999999999998
com stmt_fetch,0,0,0,0,0,0,0,0,0,0,0,0,0,0,0,0,0,0,0,0,0,0,0,0,0,0,0,0,0,0,0,0,0,0,0,0,0,0,0,0,0,0,0,0,0,0,0,0,0,0
com stmt_prepare,1,1,0.888888888888889,1,1,1,1,1,0.754425,1.109139307897072,0.9779833190761333,0.9984468604393166,0.7689896847184094,0.7821756487025949,0.6871715996009312,1.109139307897072,1.122754491017964,1,0.7638,0.8919290354822589,0.766991504247876,0,0.16945569620253165,0.4385378151260504,0.5383522012578617,0.5105929648241206,0.615139470013947,0.8381146953405019,0.9380752351097179,0.8913649025069639,1,1,1,0.888888888888889,1,1,1,1,1.1111111111111112,1.1092623405435384,1.1111111111111112,1,0.969975,0.8710857142857142,0.7725666666666666,0.5622,0.4622,0.36219999999999997,0.2638035264483627,0.16219999999999998
com stmt_reprepare,0,0,0,0,0,0,0,0,0,0,0,0,0,0,0,0,0,0,0,0,0,0,0,0,0,0,0,0,0,0,0,0,0,0,0,0,0,0,0,0,0,0,0,0,0,0,0,0,0,0
com stmt_reset,0,0,0,0,0,0,0,0,0,0,0,0,0,0,0,0,0,0,0,0,0,0,0,0,0,0,0,0,0,0,0,0,0,0,0,0,0,0,0,0,0,0,0,0,0,0,0,0,0,0
com stmt_send_long_data,0,0,0,0,0,0,0,0,0,0,0,0,0,0,0,0,0,0,0,0,0,0,0,0,0,0,0,0,0,0,0,0,0,0,0,0,0,0,0,0,0,0,0,0,0,0,0,0,0,0
com truncate,0,0,0,0,0,0,0,0,0,0,0,0,0,0,0,0,0,0,0,0,0,0,0,0,0,0,0,0,0,0,0,0,0,0,0,0,0,0,0,0,0,0,0,0,0,0,0,0,0,0
com uninstall_plugin,0,0,0,0,0,0,0,0,0,0,0,0,0,0,0,0,0,0,0,0,0,0,0,0,0,0,0,0,0,0,0,0,0,0,0,0,0,0,0,0,0,0,0,0,0,0,0,0,0,0
com unlock_binlog,0,0,0,0,0,0,0,0,0,0,0,0,0,0,0,0,0,0,0,0,0,0,0,0,0,0,0,0,0,0,0,0,0,0,0,0,0,0,0,0,0,0,0,0,0,0,0,0,0,0
com unlock_tables,0,0,0,0,0,0,0,0,0,0,0,0,0,0,0,0,0,0,0,0,0,0,0,0,0,0,0,0,0,0,0,0,0,0,0,0,0,0,0,0,0,0,0,0,0,0,0,0,0,0
com update,0,0,10,43.55555555555556,88.11111111111111,117.66666666666667,147.66666666666669,179.44444444444446,174.056625,245.23070097604258,240.2579020530368,292.2121144885733,256.1834206804758,215.76873966353008,190.69011888925843,287.2670807453416,287.4251497005988,284.6666666666667,217.42839999999995,213.17103948025988,183.31096951524236,18.243897435897438,19.995772151898734,23.242504201680674,26.917610062893083,30.63557788944724,29.895778242677824,29.334014336917562,28.72855407523511,27.409470752089142,18.88888888888889,14.555555555555557,12.333333333333334,10.666666666666668,9.666666666666668,13.444444444444446,16.444444444444446,20.77777777777778,21,21.18691070438158,20.88888888888889,73.77777777777779,68.76045,66.09362857142857,62.90899999999999,60.83004000000001,58.0061,60.24593333333333,65.55517632241813,80.61339999999998
com update_multi,0,0,0,0,0,0,0,0,0,0,0,0,0,0,0,0,0,0,0,0,0,0,0,0,0,0,0,0,0,0,0,0,0,0,0,0,0,0,0,0,0,0,0,0,0,0,0,0,0,0
com xa_commit,0,0,0,0,0,0,0,0,0,0,0,0,0,0,0,0,0,0,0,0,0,0,0,0,0,0,0,0,0,0,0,0,0,0,0,0,0,0,0,0,0,0,0,0,0,0,0,0,0,0
com xa_end,0,0,0,0,0,0,0,0,0,0,0,0,0,0,0,0,0,0,0,0,0,0,0,0,0,0,0,0,0,0,0,0,0,0,0,0,0,0,0,0,0,0,0,0,0,0,0,0,0,0
com xa_prepare,0,0,0,0,0,0,0,0,0,0,0,0,0,0,0,0,0,0,0,0,0,0,0,0,0,0,0,0,0,0,0,0,0,0,0,0,0,0,0,0,0,0,0,0,0,0,0,0,0,0
com xa_recover,0,0,0,0,0,0,0,0,0,0,0,0,0,0,0,0,0,0,0,0,0,0,0,0,0,0,0,0,0,0,0,0,0,0,0,0,0,0,0,0,0,0,0,0,0,0,0,0,0,0
com xa_rollback,0,0,0,0,0,0,0,0,0,0,0,0,0,0,0,0,0,0,0,0,0,0,0,0,0,0,0,0,0,0,0,0,0,0,0,0,0,0,0,0,0,0,0,0,0,0,0,0,0,0
com xa_start,0,0,0,0,0,0,0,0,0,0,0,0,0,0,0,0,0,0,0,0,0,0,0,0,0,0,0,0,0,0,0,0,0,0,0,0,0,0,0,0,0,0,0,0,0,0,0,0,0,0
handler delete,0,0,0,0.5555555555555556,2.2222222222222223,4.444444444444445,5.666666666666667,6.666666666666667,6.466499999999999,8.984028393966282,8.801849871685201,12.75793210561349,12.084123617003577,10.615240946678075,8.589644995011641,16.526175687666374,17.465069860279442,19.833333333333336,15.1487,15.1627936031984,13.038855572213894,0,0,0,0,0,0,0,0,0,0,0,0,0,0,0,0,0,0,0,0,3.7777777777777777,3.66435,3.7021142857142855,3.752466666666666,3.8229600000000006,3.9287,4.104933333333333,4.4846599496221655,5.514799999999999
handler discover,0,0,0,0,0,0,0,0,0,0,0,0,0,0,0,0,0,0,0,0,0,0,0,0,0,0,0,0,0,0,0,0,0,0,0,0,0,0,0,0,0,0,0,0,0,0,0,0,0,0
handler external_lock,114,116.66666666666667,286.55555555555554,870.1111111111111,1590.6666666666667,2012.6666666666667,2508,3029.3333333333335,2920.9180499999998,4126.441881100267,4028.856615340747,4886.06611936987,4249.766564761667,3591.080142571999,3229.2484037246427,4702.972493345164,4687.624750499002,4569,3489.8021999999996,3344.020339830085,2875.604547726137,579.9638974358975,727.981670886076,897.3945490196078,1081.818748427673,1254.0163216080402,1243.9350362622035,1232.1483328213005,1220.787659090909,1174.150417827298,914.6666666666667,737.4444444444445,652.6666666666667,623.7777777777778,631,806.8888888888889,950.1111111111111,1125.888888888889,1141.111111111111,1149.6394897393234,1134.3333333333335,1785.3333333333335,1555.085475,1369.5645142857143,1181.8062666666665,1038.8331600000001,870.9003499999999,878.0935333333333,932.4135642317381,1125.5058
handler mrr_init,0,0,0,0,0,0,0,0,0,0,0,0,0,0,0,0,0,0,0,0,0,0,0,0,0,0,0,0,0,0,0,0,0,0,0,0,0,0,0,0,0,0,0,0,0,0,0,0,0,0
handler read_first,1.777777777777778,2.111111111111111,1.777777777777778,1.777777777777778,2.2222222222222223,2,2,2,1.7244,2.1073646850044367,1.7386370116909038,1.9968937208786333,1.757690707927793,1.3408725406330197,1.259814599268374,2.218278615794144,2.1207584830339323,2.166666666666667,1.6549,1.7838580709645178,1.533983008495752,0,0.3389113924050633,0.8770756302521008,1.0767044025157233,1.0211859296482413,1.230278940027894,1.5564987199180746,1.8761504702194358,2.005571030640669,2.111111111111111,2.111111111111111,2,1.8888888888888888,2.2222222222222223,2,2.111111111111111,1.777777777777778,2,2.107598447032723,2.111111111111111,2.3333333333333335,2.1555,1.8510571428571427,1.876233333333333,1.4617200000000001,1.5021499999999999,1.0866,0.9233123425692694,0.8109999999999999
handler read_key,98.66666666666667,110.11111111111111,130.55555555555557,257.55555555555554,456.6666666666667,547.5555555555555,685.5555555555555,845.4444444444446,797.427225,1057.4534161490685,1023.9485350727116,1258.2649212336366,1108.333847017719,926.2077074422584,842.9304955104757,1328.3052351375334,1300.6487025948104,1380.3333333333335,1054.2985999999999,1064.4281109445278,915.3276611694151,162.75476923076923,247.91368354430378,371.4415294117647,517.8948176100629,540.8455979899497,570.3573165969317,611.2250742447516,670.020236677116,677.1030640668524,612.2222222222223,569,538.7777777777778,522.5555555555555,616.1111111111111,657,758.5555555555555,843.5555555555557,885,913.0338325013865,910.5555555555557,957.2222222222223,803.3548499999999,677.5957999999999,602.1605333333333,457.96812,311.86945000000003,236.99953333333332,209.19619647355162,198.85719999999998
handler read_last,0,0,0,0,0,0,0,0,0,0,0,0,0,0,0,0,0,0,0,0,0,0,0,0,0,0,0,0,0,0,0,0,0,0,0,0,0,0,0,0,0,0,0,0,0,0,0,0,0,0
handler read_next,0,0,1.3333333333333335,44.88888888888889,130.66666666666669,206.22222222222223,281.22222222222223,374.44444444444446,363.20175,446.98314108252,437.91919731964646,597.293099622809,548.3995008734714,471.5401767892787,405.43124376454944,789.8181011535049,783.682634730539,937,715.6805999999999,759.2099950024988,652.863168415792,67.45441025641027,92.18389873417722,115.92016246498599,193.4030283018868,189.6852864321608,182.81945048814504,177.91977675371226,174.2474749216301,165.57103064066854,133.88888888888889,104.77777777777779,81.22222222222223,79.88888888888889,128.55555555555557,184,234.55555555555557,355.6666666666667,355.6666666666667,355.4076539101497,355.8888888888889,418566,405930.44205,410060.8778571428,415583.0345333333,423338.96124,434922.22705,454431.93606666673,496468.7398488664,610509.1216
handler read_prev,0,0,0,0,0,0,0,0,0,0,0,0,0,0,0,0,0,0,0,0,0,0,0,0,0,0,0,0,0,0,0,0,0,0,0,0,0,0,0,0,0,0,0,0,0,0,0,0,0,0
handler read_rnd,44.44444444444444,50,44.44444444444444,44.44444444444444,55.55555555555556,50,50,50,37.72125,55.45696539485359,48.89916595380667,49.92234302196583,43.942267698194826,33.52181351582549,34.358579980046564,55.45696539485359,56.13772455089821,50,38.19,44.59645177411294,38.3495752123938,0,8.642240506329113,22.365428571428573,27.455962264150948,26.040241206030153,31.372112970711292,42.74384946236559,47.84183699059561,51.14206128133705,56.66666666666667,56.66666666666667,51,45.333333333333336,56.66666666666667,51,51,45.333333333333336,51,50.91514143094842,51,51.111111111111114,49.576499999999996,38.98108571428571,39.511266666666664,28.784640000000003,29.5808,18.592933333333335,13.58588161209068,8.4344
handler read_rnd_next,3318.2222222222226,3486.3333333333335,3299.4444444444443,3217.666666666667,3626.4444444444443,3249.222222222222,3405.5555555555557,3387.4444444444443,2692.00395,3670.1419698314107,3092.057260479042,3257.2664743731975,2933.3660801929955,2461.5067664670664,2318.8605628533423,3630.3238686779064,3645.958083832336,3348,2557.2023999999997,2766.763868065967,2379.207646176911,335.8317435897436,827.6216202531645,1411.360868347339,1924.8782955974843,1999.6096984924625,2370.009350069735,3011.22636968766,3350.335702194358,3599.33147632312,3698.888888888889,3839.2222222222226,3754.2222222222226,3464.666666666667,3725.111111111111,3697.3333333333335,3540.666666666667,3478.111111111111,3524.111111111111,3661.231281198003,3715.111111111111,3531.666666666667,3205.6596,2835.0573428571424,2503.9989333333333,2047.7572800000003,1774.0391499999998,1353.0584666666668,993.6159823677581,381.981
handler update,0,0,9.777777777777779,49.333333333333336,111.55555555555557,162.88888888888889,202.88888888888889,246.11111111111114,238.721625,339.28571428571433,332.40566367265467,424.78366984690484,381.52873928957655,325.4968092386656,280.7095984369804,482.4755989352263,494.1367265469063,519.5,396.79409999999996,402.97353823088457,346.5267616191904,16.083435897435898,25.079443037974684,61.9800112044818,84.11753144654088,80.0354472361809,107.15729567642957,133.61942857142859,188.31860344827587,206.23955431754877,198.22222222222223,216.44444444444443,240.55555555555557,245,271.33333333333337,244.22222222222223,269.6666666666667,215.22222222222223,242.44444444444443,269.21797004991674,269.6666666666667,310.44444444444446,275.149575,251.96154285714283,255.38846666666663,206.88960000000003,212.612,162.99,145.7514483627204,139.492
handler write,1194.2222222222222,1261.4444444444446,1250.111111111111,1375.111111111111,1737.8888888888891,1739.8888888888891,1963.6666666666667,2131.666666666667,1872.4828499999999,2543.8110026619347,2299.130118334759,2654.0936321278014,2373.651445387239,1984.4913601368694,1826.6166403392085,2712.9547471162377,2711.951097804392,2600.5,1986.2619,1983.2934032983508,1705.482308845577,307.02558974358976,504.9779746835443,686.7502184873949,938.7516509433963,1029.9936582914575,1148.7114463040446,1333.0812882744497,1447.5673471786836,1508.1894150417827,1430,1443.111111111111,1419.2222222222222,1284.7777777777778,1352.3333333333335,1402.4444444444446,1384.7777777777778,1434.2222222222222,1443.7777777777778,1509.484193011647,1507.6666666666667,1661.6666666666667,1496.7792,1326.881314285714,1155.2078999999999,992.7327600000001,828.84015,711.8437333333334,615.8493324937027,468.59579999999994
handler total commit,0,0,41.66666666666667,179.77777777777777,351.11111111111114,452.44444444444446,570.2222222222223,693.8888888888889,673.054875,953.1943212067436,933.8654049044768,1133.0153095185267,985.405353132019,830.0001026518394,746.2683571666114,1084.4055013309674,1080.8383233532936,1052.5,803.8994999999999,770.805072463768,662.8340579710144,120.02564102564104,147.257,177.6078151260504,212.64911949685535,245.97816080402012,241.87283960948395,235.86942140296978,231.00102664576804,219.72144846796658,163.55555555555557,126.44444444444446,108.11111111111111,100.22222222222223,97.22222222222223,129,153.66666666666669,185.33333333333334,187.44444444444446,188.79645036051025,185.22222222222223,348.33333333333337,306.18877499999996,274.5008857142857,242.36519999999996,221.50680000000003,194.70175,200.90026666666668,217.50600755667506,267.4678
handler total prepare,0,0,0,0,0,0,0,0,0,0,0,0,0,0,0,0,0,0,0,0,0,0,0,0,0,0,0,0,0,0,0,0,0,0,0,0,0,0,0,0,0,0,0,0,0,0,0,0,0,0
handler total rollback,0,0,0,0.6666666666666667,1.3333333333333335,1.3333333333333335,1.5555555555555558,2.2222222222222223,2.1555,3.4383318544809227,3.3686092101511265,5.435988462391835,4.723793777555944,4.134357000285144,4.237558197539076,7.542147293700088,7.734530938123752,8.5,6.4923,5.886731634182909,5.062143928035981,1.9204102564102565,1.3556455696202532,1.1694341736694678,1.0767044025157233,1.0211859296482413,0.9842231520223151,0.9578453661034306,0.9380752351097179,0.8913649025069639,0,0.4444444444444445,4.444444444444445,11.555555555555555,19.77777777777778,26.666666666666668,36.22222222222222,42.22222222222222,42.44444444444444,42.817526344980585,42.44444444444444,51.22222222222223,42.786674999999995,35.17008571428571,28.805699999999995,19.677,13.981549999999999,14.367266666666666,15.168702770780854,18.653
handler total savepoint,0,0,0,0,0,0,0,0,0,0,0,0,0,0,0,0,0,0,0,0,0,0,0,0,0,0,0,0,0,0,0,0,0,0,0,0,0,0,0,0,0,0,0,0,0,0,0,0,0,0
handler total savepoint_rollback,0,0,0,0,0,0,0,0,0,0,0,0,0,0,0,0,0,0,0,0,0,0,0,0,0,0,0,0,0,0,0,0,0,0,0,0,0,0,0,0,0,0,0,0,0,0,0,0,0,0
cpu System,99.47222222221576,99.49999999999919,99.13888888889537,98.6944444444513,98.2777777777806,97.99999999999677,97.72222222222304,97.50000000001617,97.05555555556202,96.86111111111839,96.58333333333454,96.90178124999386,96.77885149393677,97.16117616607025,96.91666666667516,97.18872708333458,96.94444444443839,97.06250000000409,97.45364285713632,97.05686361616695,97.12392147056829,97.19350894744147,97.21875000000182,97.21875000000182,97.28226914907228,97.28226914907228,97.80697898798249,97.31989708403502,97.16540684748655,97.15624999998909,97.11175294377774,97.0944763808925,96.96837104637716,96.94342558630048,96.93750000001273,96.93750000001273,97.09483943521089,97.11111111111879,97.07059159761336,97.59413546728788,97.21909761280023,97.19382084907191,97.25000000000566,97.21875000000182,97.69219661914892,96.99966662964088,96.96950762310196,97.55106742174219,97.07017293124429,97.02744749416684,97.0319920020086,97.00085689802862,97.39322953861291,97.28057014251607,97.28057014251607,97.55251250000465,97.0843052316016,97.18679669917024,97.24938875305179,97.77775761040914,97.7115376599683,97.61031454929258,97.77777777777979,98.60223845933515,98.62383765005177,98.63843503389575,98.83333333333817,99.05555555556525,99.19444444445212,99.24999999999878,99.33333333333898,99.4166666666691,99.36111111110222,99.22222222222545,99.0000000000085,98.94444444444161,98.94444444444161,98.97222222221494,98.99999999998828,98.0277777777802,97.80555555556325,97.58333333333617,97.41666666666586,97.33333333333576,97.43692812501065,97.02843812485185,96.7222222222214,96.67850580357639,97.25061097533437,97.36111111109899,97.4444444444493,97.67639687499624,97.94674999998719,98.34375000000364,98.37284538815884,97.30675255443722,97.24931232809021,97.24931232809021,97.19506776272384,97.16666666666546,98.46666666664532,97.9503438072784,97.66077758718417,97.1966149741446,96.91529568696026,97.13135416666667,97.16870312500583,97.15942187500585,96.94444444444848,96.85579534086972,96.9163240360125,97.02777777776848,97.19444444443879,97.24999999999682,97.28057014252744,97.28057014252744,97.40689827543704,97.40689827543704,97.34408198974445,97.33274060902666,97.25000000000819
cpu User,0.8611111111854876,0.9166666667119395,2.027777777806882,3.361111111088475,4.638888888843617,5.694444444492952,6.527777777793947,7.4166666667022385,8.500000000074376,9.361111111017333,10.277777777810117,9.210159375052463,9.718982561449248,8.573247978572155,9.388888888820981,8.6633104167201,9.388888888901823,9.249999999974534,7.818814285759624,9.356952465557928,9.315993497503356,9.392019562008317,9.343750000061846,9.343750000061846,9.496438835462166,9.496438835462166,7.631713121743028,9.326758147462943,9.476433970663331,9.562500000083674,9.16463008225245,9.122719320119039,9.532441555158016,9.586528842979998,9.718749999956344,9.718749999956344,9.777583406237211,9.833333333275126,10.360102886518217,8.508545298639678,9.717535308042839,9.502111580386769,9.388888888901825,9.437500000149157,7.57786184763056,10.445605067093858,10.4661334665606,7.9739633951516025,9.539802772766578,9.556617401940015,9.778805298598952,9.890031419453079,8.177403228243296,8.470867716994732,8.470867716994732,8.051879166526268,9.274686215696178,9.064766191620665,9.02978439653256,7.105327640311798,7.551925722185768,7.891519395344303,7.388888888979435,5.049056993783788,6.543792398594316,8.058241636084748,8.611111111046437,9.111111111107878,9.972222222293366,11.08333333322662,10.944444444531756,10.888888888762773,11.027777777700168,10.027777777819818,9.027777777777779,7.916666666682836,8.00000000009378,8.027777777816583,7.944444444567328,11.83333333327836,12.305555555616996,12.805555555597595,13.361111111104645,13.666666666702238,13.491334375104923,13.77471672959301,13.1944444443636,11.838145982013966,9.164630082171623,9.05555555566227,8.91666666664403,8.060894791659987,7.303703571315887,5.499999999938153,5.403381352480258,9.301421590501235,9.439859964958499,9.439859964958499,9.720062208317307,10.00000000001617,5.466666666616221,7.173796674372053,8.15803816460425,9.354152076008049,10.337927967908128,9.667336458319975,9.380458333330003,9.411208333329993,10.166666666676369,10.433042732645442,10.278919880099856,10.08333333334627,9.888888888882422,9.718750000047294,9.846211552870027,9.846211552870027,9.310172456918512,9.310172456918512,9.43632045981883,9.474327628290698,9.593750000021828
cpu Iowait,0.027777777778384107,0.027777777778384107,0.027777777778384107,0.13888888888939419,0.22222222222138852,0.24999999999977263,0.30555555555654085,0.3611111111107827,0.38888888888916684,0.38888888888916684,0.47222222222305593,0.4788156250008453,0.41652782405826827,0.31227062173149794,0.3611111111120459,0.3155510416663797,0.33333333333303017,0.3437499999989768,0.32952857142759057,0.33318525099988405,0.3751406777538167,0.36123152161862043,0.37499999999965894,0.37499999999965894,0.40609771335854206,0.40609771335854206,0.32164308175871914,0.39308176100349423,0.3890618052464225,0.37500000000179057,0.36103088202588796,0.34366408397798226,0.40630078759736976,0.3612315216173569,0.4062500000010516,0.4062500000010516,0.40609771335570094,0.4444444444446718,0.5001428979728307,0.41075735924712636,0.3124609423826285,0.33340742387293176,0.3888888888910616,0.37500000000179057,0.3100034392224606,0.38893210356923585,0.343664083979403,0.32851534586221376,0.3930255823920965,0.44449383265019426,0.437390652338649,0.42844901456768864,0.39280102842496545,0.4376094023487681,0.4376094023487681,0.4256500000004194,0.4442963456646783,0.3750937734408875,0.38897532784964794,0.32164034586222,0.34326935100436407,0.36123152161609323,0.3055555555559093,0.22820596582123087,0.22467956733690878,0.250083361120146,0.2222222222239149,0.19444444444300443,0.16666666666462032,0.1666666666671467,0.13888888888939419,0.13888888888939419,0.1666666666652519,0.1666666666652519,0.1666666666652519,0.19444444444363598,0.19444444444616238,0.19444444444616238,0.16666666666777827,0.25000000000166744,0.27777777777752516,0.2777777777794199,0.3333333333336618,0.3611111111120459,0.337987500000333,0.4721173072633598,0.5277777777772978,0.5393879464280809,0.6109753388130412,0.6388888888883079,0.6388888888889395,0.6024156250014089,0.5573107142858744,0.40625000000176203,0.39911339535987445,0.6386050644146031,0.5938984746181146,0.5938984746181146,0.5554321261949366,0.5833333333315397,0.29999999999972715,0.36170403400670936,0.4093639222409084,0.4576955144247632,0.5002223210330102,0.45898333333356817,0.4861822916668747,0.48777604166687544,0.5277777777798242,0.5716735743901289,0.555617290810848,0.5277777777779293,0.5833333333334344,0.59374999999946,0.5313828457102339,0.5313828457102339,0.499875031240314,0.499875031240314,0.4999375078096479,0.5278950877968082,0.56250000000162
cpu Total,95.47222221735865,95.44444444537578,93.8888888883715,91.69444444382357,89.52777777901954,87.94444444227136,87.00000000341485,85.63888888909585,83.86111110966239,82.5555555574182,81.13888889137242,73.06163125115418,82.05598133903625,75.14366688310685,82.88888889364898,76.10517395640976,83.08333333374726,83.37499999906868,69.86005714374993,83.10195468597838,83.06239840033146,83.0554629337447,83.06250000023283,83.06250000023283,83.0313632390182,83.0313632390182,68.36377501396709,83.5477415662101,85.20453534945813,85.46875000174623,83.28704732085146,83.29167707828569,82.41655206644718,82.38857397013595,82.12500000081491,82.12500000081491,80.15744095428703,80.1388888878541,81.77336382036313,67.15882823838783,82.8021497341936,82.99066459502967,83.16666666521796,83.06249999732245,68.61409455022493,90.7045227283694,92.03949012735174,68.98822263001506,82.5353723010843,82.42582509405716,82.1669582627626,81.94087403997996,71.84687901435665,72.92448111760186,72.92448111760186,69.80659999894289,82.47250916412936,82.7081770412335,82.90731273574958,68.53863370135542,77.32142131765293,85.1117039009899,86.02777777964043,70.14480874679559,78.35699911008716,86.7233522284171,86.69444444434097,86.52777777622558,85.94444444558273,84.99999999896521,85.25000000113829,85.24999999855129,84.97222222180831,85.80555555462423,86.58333333312638,87.5277777771569,87.5,87.19444444351312,87.33333333447162,82.13888888971674,81.3333333366447,80.55555555555556,79.66666666583883,79.05555555545209,69.82258437510492,78.39924461096342,78.6944444446514,71.05726473023924,83.23150411205995,83.44444444196093,83.7499999984478,77.05182708429511,68.90120357208419,52.31250000069848,51.3935249106502,83.1019546859784,82.80195048540946,82.80195048540946,82.56498556000619,84.44444444289225,46.43333333233993,59.44002959028589,66.75555960570672,74.17527930813145,80.84148510407678,73.92500312371762,74.01410416368354,74.25672916367378,78.63888889033763,80.46305559365787,80.87009667575272,81.5000000021731,82.16666666687362,82.56250000267755,82.64566141663472,82.64566141663472,83.3854036474583,83.3854036474583,83.11461067541181,82.99066459244209,82.90624999790452
network receive eth0,750595.5555555556,750539.5555555556,1112337.7777777778,1759486.2222222225,2332278.2222222225,2873214.2222222225,3323302.2222222225,3870750.2222222225,4415180.444444445,4913308.444444445,5388685.333333334,5018700.6783,5323276.241252916,4777698.724999553,5158144,4727493.4506,5056804.444444445,4989459,4162282.8150857138,4978809.418036429,4982399.3997749165,4980210.292319662,4981593,4981593,4975455.204298388,4975455.204298388,4063362.1988793598,4965857.061177815,5094289.9066251675,5114325,4977359.6978449235,4979713.071732067,4986542.317789724,4975378.459486496,4969819,4969819,4830628.514307135,4851244.444444445,4973835.953129466,4084911.9915861674,4972573.42832146,4968717.492776172,4977034.666666667,4976000,4108570.0965816244,5430925.2139126565,5482531.36715821,4154814.573088466,4970691.439188224,4963687.520835647,4966916.2709322665,4967772.636389603,4387229.252963861,4461739.434858715,4461739.434858715,4234068.812533333,4969264.4673997555,4976622.155538885,4953886.641475884,3895862.2564527662,4143879.8668667423,4308158.71957319,4110288,2755558.7397619383,2799543.35775916,2851329.1097032344,2377252.4444444445,1981947.5555555555,1660490.6666666667,1460296.888888889,1377366.2222222222,1338074.6666666667,1445854.2222222222,1639208,1874921.777777778,2014022.2222222225,1969352.8888888888,2008352,1968291.5555555555,2798825.777777778,3062443.5555555555,3285523.5555555555,3558053.3333333335,3782494.2222222225,3615975.9428000003,4597484.1146411905,5019941.333333334,5045908.603842856,5014225.283270384,4988688.888888889,4986814.222222222,4580402.1438,4111583.612342857,3117517.9999999995,3062752.4777110843,4983295.424255887,4972521.130282571,4972521.130282571,4982020.884247945,5092275.555555556,2790983.466666667,3594843.2868978167,4065844.5817038305,4546723.44012006,4964786.12716763,4565354.8342,4545667.609666666,4560568.723666666,4865115.555555556,4988212.090896098,4980702.744749416,4975533.333333334,4979385.777777778,4985881,4984164.041010252,4984164.041010252,4963877.030742314,4963877.030742314,4984755.905511811,4969599.4665481215,4976442
network receive lo,1472894.2222222222,1472848,1475118.2222222222,1477304,1478950.2222222222,1480049.7777777778,1481769.7777777778,1482886.2222222222,1484231.1111111112,1490353.7777777778,1504040,1356805.3031,1515218.4827279795,1380008.133721283,1519787.5555555555,1398731.5130666667,1530928,1536678,1290018.7995428569,1543883.607285651,1550480.4301613108,1554289.6521062576,1574080,1574080,1581005.1230788454,1581005.1230788454,1278642.3630646083,1562635.7918810747,1552391.2850155625,1547040,1541025.549877805,1531599.1002249436,1526343.7929741219,1530949.4275869734,1544569,1544569,1560195.926527552,1563051.5555555555,1569979.9942840813,1289393.16970563,1615265.0918635172,1625907.0904645477,1635153.7777777778,1640407,1372343.616074704,1860769.4188243137,1895007.248187953,1423749.6709303989,1703329.9985708161,1717858.4287143014,1718674.3314171457,1728310.7683518995,1502311.0984145121,1521573.3933483372,1521573.3933483372,1474641.1561333335,1696034.6551149618,1664114.0285071267,1654425.4278728606,1339720.228452194,1535848.4071943646,1731824.3859064132,1808508.4444444445,1592633.004642806,1856934.3842878584,2124187.1735022785,2234627.5555555555,2346621.3333333335,2437440.888888889,2506624.888888889,2554711.111111111,2578020.4444444445,2575341.3333333335,2573552,2562576.888888889,2558860.4444444445,2555236.4444444445,2551490.666666667,2547231.111111111,2507727.111111111,2426613.3333333335,2333568,2232893.3333333335,2138338.666666667,1881144.6897999998,1912913.5747611641,1795922.6666666667,1545596.5154142857,1601775.6054210174,1567858.6666666667,1545999.1111111112,1407288.7983333333,1247493.6891428572,944666.9999999998,928072.0094837935,1542662.8165259887,1545378.3445861465,1545378.3445861465,1548203.5103310375,1556206.2222222222,823665.0666666668,1112845.6382563761,1259428.9258547742,1406223.6985159246,1540870.6091596265,1416848.5032,1429336.5853333331,1434022.0813333332,1568779.5555555555,1581603.5443761614,1566000.6667407486,1568693.3333333335,1570231.1111111112,1570001,1562869.7174293573,1562869.7174293573,1572067.9830042487,1572067.9830042487,1612929.3838270218,1618200.4889975549,1624608
network transmit eth0,719707.5555555556,719623.1111111111,1084669.3333333335,1732833.777777778,2308012.4444444445,2850680.888888889,3313440,3852160.888888889,4425612.444444445,5023573.333333334,5574946.666666667,5206589.2815,5695361.101854937,5158046.613327145,5693166.222222222,5280128.661233333,5761134.222222222,5751821,4787996.938971428,5828037.316748112,5865423.533825185,5875273.091030343,5961886,5961886,5983029.363988504,5983029.363988504,4793827.438970841,5858562.607204116,5972560.248999556,5966213,5824367.029548989,5776340.914771306,5775388.923615453,5796567.7448038235,5843750,5843750,5772804.19842559,5803505.777777778,5941163.761074593,4879358.973695341,6002075.740532434,5994266.281395866,5976287.111111111,5991095,4923730.891195597,6518467.385265028,6576841.789552611,4945410.28655138,5916535.658139203,5866532.725858428,5858426.393401649,5866119.394458726,5181936.294815026,5270623.655913978,5270623.655913978,5022405.529466667,5941016.10574253,6012192.048012002,5958467.214936653,4584386.86754895,4817718.518277688,4962397.24352562,4663620.444444445,2957899.8414177503,2996708.6652807305,3044307.213515616,2452391.111111111,1960298.6666666667,1638246.2222222225,1438351.1111111112,1358388.4444444445,1323878.2222222222,1437646.2222222222,1638240,1879693.3333333335,2019402.6666666667,1985562.6666666667,2013349.3333333335,1970609.777777778,2827671.111111111,3137355.5555555555,3416229.3333333335,3792538.666666667,4115800.888888889,3955519.9879,5089470.784270162,5627464.888888889,5668982.306271428,5749713.397022883,5736577.777777778,5737183.111111111,5242759.1562,4680649.710857143,3549022.999999999,3486677.217807123,5793776.988005331,5838812.703175793,5838812.703175793,5921045.101088647,6140048.888888889,3412362.666666667,4414169.477462911,4981951.448164666,5575794.134667334,6101126.722987995,5620438.181866666,5572499.252333333,5590766.414333333,5925984.888888889,6047611.2619694155,6042858.984331591,6028194.666666667,6011758.222222222,5993672,5992583.1457864465,5992583.1457864465,5975534.116470882,5975534.116470882,5966239.220097488,5967307.40164481,5979535
network transmit lo,1472894.2222222222,1472848,1475118.2222222222,1477304,1478950.2222222222,1480049.7777777778,1481769.7777777778,1482886.2222222222,1484231.1111111112,1490353.7777777778,1504040,1356805.3031,1515218.4827279795,1380008.133721283,1519787.5555555555,1398731.5130666667,1530928,1536678,1290018.7995428569,1543883.607285651,1550480.4301613108,1554289.6521062576,1574080,1574080,1581005.1230788454,1581005.1230788454,1278642.3630646083,1562635.7918810747,1552391.2850155625,1547040,1541025.549877805,1531599.1002249436,1526343.7929741219,1530949.4275869734,1544569,1544569,1560195.926527552,1563051.5555555555,1569979.9942840813,1289393.16970563,1615265.0918635172,1625907.0904645477,1635153.7777777778,1640407,1372343.616074704,1860769.4188243137,1895007.248187953,1423749.6709303989,1703329.9985708161,1717858.4287143014,1718674.3314171457,1728310.7683518995,1502311.0984145121,1521573.3933483372,1521573.3933483372,1474641.1561333335,1696034.6551149618,1664114.0285071267,1654425.4278728606,1339720.228452194,1535848.4071943646,1731824.3859064132,1808508.4444444445,1592633.004642806,1856934.3842878584,2124187.1735022785,2234627.5555555555,2346621.3333333335,2437440.888888889,2506624.888888889,2554711.111111111,2578020.4444444445,2575341.3333333335,2573552,2562576.888888889,2558860.4444444445,2555236.4444444445,2551490.666666667,2547231.111111111,2507727.111111111,2426613.3333333335,2333568,2232893.3333333335,2138338.666666667,1881144.6897999998,1912913.5747611641,1795922.6666666667,1545596.5154142857,1601775.6054210174,1567858.6666666667,1545999.1111111112,1407288.7983333333,1247493.6891428572,944666.9999999998,928072.0094837935,1542662.8165259887,1545378.3445861465,1545378.3445861465,1548203.5103310375,1556206.2222222222,823665.0666666668,1112845.6382563761,1259428.9258547742,1406223.6985159246,1540870.6091596265,1416848.5032,1429336.5853333331,1434022.0813333332,1568779.5555555555,1581603.5443761614,1566000.6667407486,1568693.3333333335,1570231.1111111112,1570001,1562869.7174293573,1562869.7174293573,1572067.9830042487,1572067.9830042487,1612929.3838270218,1618200.4889975549,1624608
Reads completed vda,0,0,0,0.22222222222222224,0.22222222222222224,0.33333333333333337,0.33333333333333337,0.4444444444444445,0.4444444444444445,0.4444444444444445,0.6666666666666667,0.675975,0.44429634566255694,0.45421181342710765,0.5555555555555556,0.5737291666666666,0.5555555555555556,0.625,0.5991428571428571,0.8884940026654821,1.375515818431912,1.444926086473269,1.5,1.5,1.3744845682868925,1.3744845682868925,0.8187278444825615,1.0005717552887363,0.7781236104935527,0.5,0.33325927571650743,0.2499375156210947,0.25003125390673836,0.22229632099588753,0.125,0.125,0.12495314257153567,0.11111111111111112,0,0,0.4999375078115236,0.4445432318292954,0.5555555555555556,0.625,0.6888965315991329,0.7778642071341259,0.8747813046738315,0.3583803773045591,0.4287551807917679,0.6667407489721079,0.7498125468632841,0.7140816909454442,0.42851021282673896,0.37509377344336087,0.37509377344336087,0.42565,0.3332222592469177,0,0.11113580795732385,0.11696012576818637,0.11442311700220917,0.11114816049794377,0.11111111111111112,0.11410298291104351,0.11233978366887584,0.11114816049794377,0.11111111111111112,0,0,0,0.11111111111111112,0.22222222222222224,0.4444444444444445,0.4444444444444445,0.5555555555555556,0.5555555555555556,0.5555555555555556,0.5555555555555556,0.5555555555555556,9.777777777777779,9.777777777777779,9.88888888888889,9.88888888888889,9.777777777777779,9.9143,9.886691846256387,9.88888888888889,10.106426785714286,0.555432126194179,0.4444444444444445,0.22222222222222224,0.22949166666666665,0.23465714285714284,0.12499999999999997,0.12280412164865946,1.4438027543314083,1.7504376094023506,1.7504376094023506,1.5552099533437012,1.4444444444444444,0.13333333333333336,0.4822720453408902,0.4678444825614637,0.686543271635818,0.7781236104935527,0.688475,0.9151666666666666,0.9181666666666667,0.888888888888889,0.7145919679862799,0.6667407489721079,0.6666666666666667,0.4444444444444445,0.375,0.12503125781445362,0.12503125781445362,0.12496875781054735,0.12496875781054735,0.1249843769528809,0.11113580795732385,0.125
Writes completed vda,17.333333333333336,15,20.22222222222222,102.88888888888889,148.44444444444446,176.66666666666669,223.55555555555557,266.44444444444446,287,298.44444444444446,310.55555555555554,309.25856250000004,284.0164389647895,231.5344718944681,240.66666666666669,199.77249583333332,198.44444444444446,199.75,178.78422857142854,214.23811639271435,189.82118294360387,202.1785039457597,201.375,201.375,206.9224040984631,206.9224040984631,173.57030303030302,212.1212121212121,221.09826589595377,229.75,203.39924461230837,206.82329417645587,215.5269408676085,203.40113371123707,207.625,207.625,202.54904410845933,212,230.63732494998573,189.41782223492424,199.6000499937508,195.59902200488997,217.33333333333334,218.5,176.7708500083375,213.69041004556055,204.44888777805548,156.25384450478776,186.93725882521082,205.35615068340923,210.57235691077227,197.51499571550985,200.11426939008712,216.17904476119028,216.17904476119028,216.5139666666667,226.4800622014884,211.05276319079772,207.82396088019559,160.82017293125628,159.3914019840774,166.3887962654218,134.22222222222223,82.26825067886236,85.15355602100789,85.91752806491053,69.33333333333334,50.44444444444444,33.66666666666667,35.333333333333336,26.666666666666668,30.77777777777778,47.88888888888889,47.55555555555556,58.22222222222223,67.55555555555556,67.88888888888889,68.22222222222223,65.88888888888889,120.55555555555557,152.22222222222223,150,164.44444444444446,181.77777777777777,170.3457,221.72850477671628,242,245.96090357142856,231.05976449677846,217.8888888888889,224.77777777777777,213.31250416666666,186.78708571428572,136.62499999999997,134.2249049619848,199.80008884940028,192.54813703425856,192.54813703425856,186.62519440124416,190,107.60000000000002,137.68866894482414,154.1547570040023,169.69061197265302,186.30502445531346,172.4629875,172.3945208333333,172.95964583333335,195.55555555555557,203.65871087608977,216.246249583287,211.22222222222223,216,218.875,218.42960740185043,218.42960740185043,215.69607598100475,215.69607598100475,200.72490938632671,200.3778617470549,209
Read time vda,NaN,NaN,NaN,0.000499999998282874,0.000499999998282874,0.0003333333321885827,0.0003333333321885827,0.0005000000001018634,0.0005000000001018634,0.0005000000001018634,0.0004999999994955335,0.0004999999994955336,0.0005000000001018634,0.0005000000001018634,0.0006000000008498319,0.0006000000008498318,0.0004000000000814907,0.0004000000000814907,0.0004000000000814907,0.0005000000001018633,0.00045454545496878296,0.0004615384616324893,0.0005000000001018634,0.0005000000001018634,0.000545454545565669,0.000545454545565669,0.0004285714291784513,0.0004285714291784513,0.0004285714291784513,0.0005000000001018634,0.0006666666668024845,0.000499999998282874,0.000499999998282874,0.000499999998282874,0.000999999996565748,0.000999999996565748,0.000999999996565748,0.000999999996565748,NaN,NaN,0.0015000000003055902,0.0015000000003055902,0.001200000000244472,0.001200000000244472,0.0012000000002444723,0.0009999999996840156,0.0009999999996840156,0.0003333333321885827,0.00033333333218858274,0.00033333333340124227,0.0003333333334012422,0.0004000000000814907,0.0003333333346139019,0.00033333333461390186,0.00033333333461390186,0.00033333333461390196,0.0003333333346139019,NaN,0.000999999996565748,0.000999999996565748,0.000999999996565748,0.000999999996565748,0.000999999996565748,0.000999999996565748,0.0009999999965657482,0.000999999996565748,0.000999999996565748,NaN,NaN,NaN,0,0.0005000000019208528,0.0005000000001018634,0.0005000000001018634,0.0004000000000814907,0.0004000000000814907,0.0004000000000814907,0.0004000000000814907,0.0004000000000814907,0.003715909090963329,0.0037159090908806484,0.0036741573034244157,0.0036741573034244157,0.003715909090963329,0.00371590909096333,0.003674157303424416,0.0036741573034244157,0.0036741573034244157,0.00040000000008149077,0.0002500000009604264,0,0,0,0,0,0.0006153846149502967,0.0005714285710252755,0.0005714285710252755,0.0005714285710252755,0.0006153846149502967,0,0.0005000000001018634,0.0005000000001018634,0.0005000000007081932,0.0004285714291784513,0.0005000000007081932,0.0005000000001018634,0.0005000000001018634,0.0005000000001018634,0.0004000000000814907,0.00033333333340124227,0.00033333333340124227,0.000249999999141437,0.0003333333321885827,0,0,0,0,0.0010000000038417056,0.0010000000038417056,0.0010000000038417056
Write time vda,0.0010705128204277477,0.0011333333334833798,0.0009505494506031807,0.0010766738660939815,0.0010785928143649834,0.0010698113207553025,0.0010636182902653926,0.0010291909924910261,0.0010046457607437724,0.000986969471337518,0.0009706618962392931,0.0009803278688494054,0.0008756355103642538,0.0008126532614058456,0.000769159741457728,0.0007041929925302185,0.0006556550951859437,0.0006526908635826798,0.0006601876675509585,0.0006620010368076012,0.000679183135716225,0.0006866410115506928,0.0006710117939202905,0.0006710117939202905,0.0006787439613591246,0.0006787439613591246,0.0006711590296588525,0.0006711590296588524,0.0006616390145759769,0.000645810663752041,0.0006450027307385608,0.0006513595166039341,0.0006693735498726463,0.0006628415300485378,0.0006742925948195926,0.0006742925948195926,0.0008476249228937138,0.0008370020964406958,0.000858116480798831,0.000858116480798831,0.0008465873512921128,0.0008210227272766959,0.0008036809816025912,0.0008220823798657638,0.0006726422447483299,0.0006651066042691349,0.0006454767726231105,0.0006192660550440915,0.0006192660550440915,0.0006363636363672902,0.0006427299703342857,0.0006485900216899536,0.0006445396145547126,0.0006622325043317078,0.0006622325043317078,0.0006749672345994991,0.0006454144188286503,0.0006327014218005339,0.0006310160427770135,0.000648727272721854,0.0006475233309417535,0.00066132264528436,0.0006399006622404766,0.0006990291262349055,0.0006939313984334736,0.0006908150064866787,0.0009150641025581324,0.0010242290748821753,0.0011155115512142837,0.0010880503144353897,0.0011458333333090802,0.0011155234657342307,0.0010162412992915193,0.001016355140181476,0.0009828244274520343,0.0007434210526154953,0.0007446808510428712,0.0007410423452560167,0.000748735244549233,0.0008248847926438953,0.0007759124087552154,0.0007266666666664943,0.0007033783783766479,0.0006833740831398313,0.000678571428579744,0.0006372745491113777,0.0006271808999123418,0.0006274238227131766,0.0005475961538440271,0.0005328913819545158,0.0005501730103866076,0.0005562130177591192,0.0005458542713605864,0.0005617566331211318,0.0005617566331211316,0.0005653140633643965,0.0006103896103911223,0.0006103896103911223,0.0006107142857217695,0.0006076023391752957,0.0006629491945520352,0.0006190893169832555,0.0006024279210883248,0.0005960890087598917,0.0006109785202893136,0.0005675316034616061,0.0005852687458415635,0.0005852687458415633,0.0005846590909145148,0.0006014035087846743,0.0006022610482997868,0.0006028406102093195,0.0006003086419834529,0.0005865219874368147,0.0005827132226736939,0.0005827132226736939,0.0005955967554989295,0.0005955967554989295,0.000615193026159469,0.0006078757626287065,0.0006190191387580697
IO time vda,0.005555555555474712,0.004888888889076447,0.009777777777748674,0.024555555555707542,0.03577777777779072,0.04544444444440564,0.05533333333328806,0.06611111111124046,0.07433333333352089,0.08099999999992887,0.0875555555556073,0.08348291250020329,0.08974786182353263,0.07846509076940726,0.0856666666667378,0.07791242083334335,0.08255555555580132,0.0832500000001346,0.07225662857176336,0.08518436250553371,0.08328123046155769,0.08413915749710194,0.08449999999993452,0.08449999999993452,0.08871673122568122,0.08871673122568122,0.07976748427681125,0.09748427672965958,0.09793241440653873,0.09712500000023283,0.08953565874255662,0.08947763059239555,0.08851106388282529,0.08558408358346523,0.08237499999995634,0.08237499999995634,0.08121954267122544,0.08233333333312962,0.08873963989699701,0.0728800914546057,0.08261467316586155,0.08312958435203296,0.0899999999997413,0.09037499999976717,0.07343637026839138,0.09201022335829966,0.09210197450649706,0.07251229634128564,0.08675146491353022,0.08934326036227216,0.08960259935023154,0.08469008854623775,0.08284530781289932,0.08627156789180924,0.08627156789180924,0.08356928333332507,0.09796734421875221,0.09702425606422342,0.09546565903538323,0.07029303558695914,0.06991252448843972,0.07002334111381778,0.05944444444442828,0.029210363624951507,0.030444081374337285,0.031010336778774274,0.023111111110968828,0.014888888888688395,0.013222222222086405,0.014111111111156385,0.013555555555487648,0.014111111111156385,0.015777777777758375,0.01555555555549088,0.017111111110959126,0.017222222222092874,0.017444444444764586,0.01733333333322662,0.016333333333427114,0.044444444444606136,0.05533333333328806,0.06600000000010672,0.07522222222218665,0.0873333333333398,0.08618681249993441,0.10997556098622115,0.12266666666659554,0.12434311607114765,0.11330815374366102,0.11277777777771311,0.1101111111113116,0.10269752083338342,0.08963902857176322,0.06600000000025828,0.06484057623074595,0.1029542425588272,0.10515128782199916,0.10515128782199916,0.10208842479467761,0.10499999999996767,0.05653333333369422,0.07270251083547606,0.08315935677564738,0.09268334167098527,0.0998221431748608,0.0908786999997295,0.08957193749993672,0.08986556249993653,0.09777777777748674,0.10018579391128961,0.1005667296364969,0.09799999999975424,0.09855555555542297,0.09987499999988358,0.09839959990000774,0.09839959990000774,0.09485128717843458,0.09485128717843458,0.0887389076364363,0.09057568348507339,0.09124999999994543
mem_Used%,34.02972312249821,34.060471529609146,34.51242752342096,34.54859616045096,34.57954719297943,34.6136389194797,34.64621095534846,34.68460847197134,34.720523827229414,34.77695500601291,34.829029738319406,34.89412315370253,34.908256276575585,34.92355449559948,35.02040944518121,35.01818056558833,35.0229422629004,35.03525175701565,35.026336238644106,35.01154458316405,34.99138335411932,34.75152551611227,34.695904838998906,34.708214333114164,34.71252012323678,34.72037185816627,34.82796595487735,34.89189427410964,34.89939141455844,34.88819636023962,34.916715887757675,35.13767890557959,35.151153495845676,35.11280663557718,34.858157142090064,34.68273418685913,34.67888430392597,34.701071787146056,34.746459880673896,34.81023623084303,34.86524903170378,34.92735372217827,34.964079579106475,34.964130235460864,34.964130235460864,34.9624585757662,35.179318428883036,35.180280899616335,35.18281371733551,35.175164607823575,35.175975109493706,35.185295878700316,35.184485377030185,35.26852426895282,35.28706449465727,35.2870138383029,35.285038240481924,35.285342178608225,35.19988490876283,35.19998622147161,35.18154730847593,35.18033155597071,35.17491132605165,35.145024076965235,35.140870255905774,35.14390963716879,35.130283077839564,35.134487555253415,35.19486992967885,35.18605572401607,35.382045159126804,35.38776932717217,35.381184001102284,35.26310403903376,35.03986148526458,34.978263358333926,34.958456723769885,34.94741363851423,34.93849812014269,34.941638814114484,34.9403217489005,34.9559239060507,34.96534598796608,35.170605535929035,35.183117655461814
descriptor_used /dev/vda1,0.9953873006756434,0.9953873006756434,0.9953872752441575,0.9953872752441575,0.9953872752441575,0.9953872752441575,0.9953872752441575,0.9953872752441575,0.9953872752441575,0.9953872752441575,0.9953872752441575,0.9953872752441575,0.9953872752441575,0.9953872752441575,0.9953872752441575,0.9953872752441575,0.9953872752441575,0.9953872752441575,0.9953872752441575,0.9953872752441575,0.9953872752441575,0.9953872752441575,0.9953872752441575,0.9953872752441575,0.9953872752441575,0.9953872752441575,0.9953872752441575,0.9953872752441575,0.9953872752441575,0.9953872752441575,0.9953872752441575,0.9953872752441575,0.9953872752441575,0.9953872752441575,0.9953872752441575,0.9953872752441575,0.9953872752441575,0.9953872752441575,0.9953872752441575,0.9953872752441575,0.9953872752441575,0.9953872752441575,0.9953872752441575,0.9953872752441575,0.9953872752441575,0.9953872752441575,0.9953872752441575,0.9953872752441575,0.9953872752441575,0.9953872752441575,0.9953872752441575,0.9953872752441575,0.9953872752441575,0.9953872752441575,0.9953872752441575,0.9953872752441575,0.9953872752441575,0.9953872752441575,0.9953872752441575,0.9953872752441575,0.9953872752441575,0.9953872752441575,0.9953872752441575,0.9953872752441575,0.9953872752441575,0.9953872752441575,0.9953872752441575,0.9953872752441575,0.9953872752441575,0.9953872752441575,0.9953872752441575,0.9953872752441575,0.9953872752441575,0.9953872752441575,0.9953872752441575,0.9953872752441575,0.9953872752441575,0.9953872752441575,0.9953872752441575,0.9953872752441575,0.9953872752441575,0.9953872752441575,0.9953872752441575,0.9953872752441575,0.9953872752441575
thread_connect,1,9,8,7,6,11,8,24,34,25,21,78,48,79,120,162,203,248,249,249,249,249,249,249,249,245,244,249,233,247,249,249,249,165,33
threads_running,1,2,2,2,1,1,1,7,13,5,5,50,24,71,112,156,197,243,245,247,247,248,248,248,248,241,236,246,231,245,248,248,248,128,14
lock_wait,55050,55058,55086,55145,55173,55192,55213,55262,55294,55407,55664,56114,56380,56384,56388,56401,56406,56410,56410,56410,56410,56410,56410,56411,56414,56426,56442,56452,56462,56470,56471,56471,56471,56600,56961
bytes_received,602043914,602107044,602290875,602514422,602645760,602799187,602965130,603302446,603584742,604204019,605848243,609072163,610571758,610637782,610690837,610747206,610801564,610851539,610866165,610881689,610895669,610908065,610919832,610935530,610968095,611007556,611056222,611106812,611148961,611197582,611216520,611231708,611242954,611488716,613455542
questions,3540129,3540570,3541952,3543636,3544659,3545828,3547081,3549710,3551965,3556840,3569898,3595327,3607156,3607793,3608284,3608768,3609265,3609737,3609819,3609873,3609915,3609951,3609990,3610069,3610367,3610816,3611326,3611842,3612259,3612725,3612806,3612869,3612907,3614682,3630390
queries,3608057,3608500,3609888,3611572,3612599,3613771,3615027,3617664,3619923,3624812,3637903,3663396,3675257,3675895,3676389,3676877,3677378,3677851,3677936,3677995,3678040,3678077,3678119,3678201,3678504,3678954,3679467,3679986,3680408,3680877,3680961,3681027,3681068,3682846,3698592
abort,152,152,152,152,152,152,152,152,152,152,152,152,152,152,152,152,152,152,152,152,152,152,152,152,152,152,152,152,152,152,152,152,152,152,152
mysql_global_status_threads_cached,10,2,6,7,6,1,4,2,7,5,0,7,8,0,0,0,0,0,0,0,0,0,0,0,0,0,0,0,0,0,0,0,0,11,8
select_full_range_join,0,0,0,0,0,0,0,0,0,0,0,0,0,0,0,0,0,0,0,0,0,0,0,0,0,0,0,0,0,0,0,0,0,0,0
select_full_join,114,114,114,114,114,114,114,114,114,114,114,114,114,114,114,114,114,114,114,114,114,114,114,114,114,114,114,114,114,114,114,114,114,114,114
Thread Cache Size,11,11,11,11,11,11,11,11,11,11,11,11,11,11,11,11,11,11,11,11,11,11,11,11,11,11,11,11,11,11,11,11,11,11,11
Threads Cached,10,2,6,7,6,1,4,2,7,5,0,7,8,0,0,0,0,0,0,0,0,0,0,0,0,0,0,0,0,0,0,0,0,11,8
Created Tmp Tables,2992772,2992903,2993037,2993177,2993303,2993435,2993573,2993842,2994104,2994647,2996106,2999051,3000392,3000518,3000651,3000789,3000924,3001051,3001185,3001320,3001456,3001584,3001714,3001846,3001981,3002113,3002247,3002378,3002517,3002649,3002789,3002923,3003053,3003182,3004922
Free Memory,1031832,1031832,1031832,1031832,1031832,1031832,1031832,1031832,1031832,1031832,1031832,1031832,1031832,1031832,1031832,1031832,1031832,1031832,1031832,1031832,1031832,1031832,1031832,1031832,1031832,1031832,1031832,1031832,1031832,1031832,1031832,1031832,1031832,1031832,1031832
open_files,61,61,62,62,62,62,62,63,64,66,71,74,76,76,76,76,76,76,76,76,76,76,76,76,76,76,76,76,76,76,76,76,76,76,78
innodb_num_open_files,29,29,29,29,29,29,29,29,29,29,29,29,29,29,29,29,29,29,29,29,29,29,29,29,29,29,29,29,29,29,29,29,29,29,29
Query Cache Size,1048576,1048576,1048576,1048576,1048576,1048576,1048576,1048576,1048576,1048576,1048576,1048576,1048576,1048576,1048576,1048576,1048576,1048576,1048576,1048576,1048576,1048576,1048576,1048576,1048576,1048576,1048576,1048576,1048576,1048576,1048576,1048576,1048576,1048576,1048576
table_open_cache,2000,2000,2000,2000,2000,2000,2000,2000,2000,2000,2000,2000,2000,2000,2000,2000,2000,2000,2000,2000,2000,2000,2000,2000,2000,2000,2000,2000,2000,2000,2000,2000,2000,2000,2000
process state after create,0,0,0,0,0,0,0,0,0,0,0,0,0,0,0,0,0,0,0,0,0,0,0,0,0,0,0,0,0,0,0,0,0,0,0
process state altering table,0,0,0,0,0,0,0,0,0,0,0,0,0,0,0,0,0,0,0,0,0,0,0,0,0,0,0,0,0,0,0,0,0,0,0
process state analyzing,0,0,0,0,0,0,0,0,0,0,0,0,0,0,0,0,0,0,0,0,0,0,0,0,0,0,0,0,0,0,0,0,0,0,0
process state checking permissions,0,0,0,0,0,0,0,0,0,0,0,0,0,0,0,0,0,0,0,0,0,0,0,0,0,0,0,0,0,0,0,0,0,0,0
process state checking table,0,0,0,0,0,0,0,0,0,0,0,0,0,0,0,0,0,0,0,0,0,0,0,0,0,0,0,0,0,0,0,0,0,0,0
process state cleaning up,0,0,0,0,0,0,0,0,0,0,0,0,0,0,0,0,0,0,0,0,0,0,0,0,0,0,0,0,0,0,0,0,0,0,0
process state closing tables,0,0,0,0,0,0,0,0,0,0,0,0,0,0,0,0,0,0,0,0,0,0,0,0,0,0,0,0,0,0,0,0,0,0,0
process state converting heap to myisam,0,0,0,0,0,0,0,0,0,0,0,0,0,0,0,0,0,0,0,0,0,0,0,0,0,0,0,0,0,0,0,0,0,0,0
process state copying to tmp table,0,0,0,0,0,0,0,0,0,0,0,0,0,0,0,0,0,0,0,0,0,0,0,0,0,0,0,0,0,0,0,0,0,0,0
process state creating sort index,0,0,0,0,0,0,0,0,0,0,0,0,0,0,0,0,0,0,0,0,0,0,0,0,0,0,0,0,0,0,0,0,0,0,0
process state creating table,0,0,0,0,0,0,0,0,0,0,0,0,0,0,0,0,0,0,0,0,0,0,0,0,0,0,0,0,0,0,0,0,0,0,0
process state creating tmp table,0,0,0,0,0,0,0,0,0,0,0,0,0,0,0,0,0,0,0,0,0,0,0,0,0,0,0,0,0,0,0,0,0,0,0
process state deleting,0,0,0,0,0,0,0,0,0,0,0,0,0,0,0,0,0,0,0,0,0,0,0,0,0,0,0,0,0,0,0,0,0,0,0
process state end,0,0,0,0,0,0,0,0,0,0,0,0,0,0,0,0,0,0,0,0,0,0,0,0,0,0,0,0,0,0,0,0,0,0,0
process state executing,0,0,0,0,0,0,0,0,0,0,0,0,0,0,0,0,0,0,0,0,0,0,0,0,0,0,0,0,0,0,0,0,0,0,0
process state execution of init_command,0,0,0,0,0,0,0,0,0,0,0,0,0,0,0,0,0,0,0,0,0,0,0,0,0,0,0,0,0,0,0,0,0,0,0
process state flushing tables,0,0,0,0,0,0,0,0,0,0,0,0,0,0,0,0,0,0,0,0,0,0,0,0,0,0,0,0,0,0,0,0,0,0,0
process state freeing items,0,0,0,0,0,0,0,0,0,0,0,0,0,0,0,0,0,0,0,0,0,0,0,0,0,0,0,0,0,0,0,0,0,0,0
process state fulltext initialization,0,0,0,0,0,0,0,0,0,0,0,0,0,0,0,0,0,0,0,0,0,0,0,0,0,0,0,0,0,0,0,0,0,0,0
process state idle,0,7,5,7,4,9,7,17,21,20,17,27,24,8,7,7,9,5,4,2,2,1,1,1,1,2,7,2,1,2,1,1,1,39,20
process state init,0,0,1,0,0,0,0,0,0,0,0,0,0,0,0,0,0,0,0,0,0,0,0,0,0,0,0,0,0,0,0,0,0,0,0
process state killed,0,0,0,0,0,0,0,0,0,0,0,0,0,0,0,0,0,0,0,0,0,0,0,0,0,0,0,0,0,0,0,0,0,0,0
process state logging slow query,0,0,0,0,0,0,0,0,0,0,0,0,0,0,0,0,0,0,0,0,0,0,0,0,0,0,0,0,0,0,0,0,0,0,0
process state login,0,0,0,0,0,0,0,0,0,0,0,0,0,0,0,0,0,0,0,0,0,0,0,0,0,0,0,0,0,0,0,0,0,0,0
process state manage keys,0,0,0,0,0,0,0,0,0,0,0,0,0,0,0,0,0,0,0,0,0,0,0,0,0,0,0,0,0,0,0,0,0,0,0
process state opening tables,0,0,0,0,0,0,0,0,0,0,0,0,0,0,0,0,0,0,0,0,0,0,0,0,0,0,0,0,0,0,0,0,0,0,0
process state optimizing,0,0,0,0,0,0,0,0,0,0,0,0,0,0,0,0,0,0,0,0,0,0,0,0,0,0,0,0,0,0,0,0,0,0,0
process state other,0,1,1,0,0,0,0,1,1,0,0,1,0,0,1,0,0,0,0,0,0,0,0,0,0,1,0,0,0,0,0,0,0,0,0
process state preparing,0,0,0,0,0,0,0,0,0,0,0,0,0,0,0,0,0,0,0,0,0,0,0,0,0,0,0,0,0,0,0,0,0,0,0
process state reading from net,0,0,0,0,0,0,0,0,0,0,0,0,0,0,0,0,0,0,0,0,0,0,0,0,0,0,0,0,0,0,0,0,0,0,0
process state removing duplicates,0,0,0,0,0,0,0,0,0,0,0,0,0,0,0,0,0,0,0,0,0,0,0,0,0,0,0,0,0,0,0,0,0,0,0
process state removing tmp table,0,0,0,0,0,0,0,0,0,0,0,0,0,0,0,0,0,0,0,0,0,0,0,0,0,0,0,0,0,0,0,0,0,0,0
process state reopen tables,0,0,0,0,0,0,0,0,0,0,0,0,0,0,0,0,0,0,0,0,0,0,0,0,0,0,0,0,0,0,0,0,0,0,0
process state repair by sorting,0,0,0,0,0,0,0,0,0,0,0,0,0,0,0,0,0,0,0,0,0,0,0,0,0,0,0,0,0,0,0,0,0,0,0
process state repair done,0,0,0,0,0,0,0,0,0,0,0,0,0,0,0,0,0,0,0,0,0,0,0,0,0,0,0,0,0,0,0,0,0,0,0
process state repair with keycache,0,0,0,0,0,0,0,0,0,0,0,0,0,0,0,0,0,0,0,0,0,0,0,0,0,0,0,0,0,0,0,0,0,0,0
process state replication master,0,0,0,0,0,0,0,0,0,0,0,0,0,0,0,0,0,0,0,0,0,0,0,0,0,0,0,0,0,0,0,0,0,0,0
process state rolling back,0,0,0,0,0,0,0,0,0,0,0,0,0,0,0,0,0,0,0,0,0,0,0,0,0,0,0,0,0,0,0,0,0,0,0
process state searching rows for update,0,0,0,0,0,0,0,0,0,0,0,0,0,0,0,0,0,0,0,0,0,0,0,0,0,0,0,0,0,0,0,0,0,0,0
process state sending data,0,0,0,0,0,0,0,0,0,0,0,0,0,0,0,0,0,0,0,0,0,0,0,0,0,0,0,0,0,0,0,0,0,0,0
process state sorting for group,0,0,0,0,0,0,0,0,0,0,0,0,0,0,0,0,0,0,0,0,0,0,0,0,0,0,0,0,0,0,0,0,0,0,0
process state sorting for order,0,0,0,0,0,0,0,0,0,0,0,0,0,0,0,0,0,0,0,0,0,0,0,0,0,0,0,0,0,0,0,0,0,0,0
process state sorting index,0,0,0,0,0,0,0,0,0,0,0,0,0,0,0,0,0,0,0,0,0,0,0,0,0,0,0,0,0,0,0,0,0,0,0
process state sorting result,0,0,0,0,0,0,0,0,0,0,0,0,0,0,0,0,0,0,0,0,0,0,0,0,0,0,0,0,0,0,0,0,0,0,0
process state statistics,0,0,0,0,0,0,0,0,0,0,0,0,0,0,0,0,0,0,0,0,0,0,0,0,0,1,0,0,0,0,0,0,0,0,0
process state updating,0,1,1,0,0,0,0,6,12,4,4,49,12,42,78,115,151,192,195,197,197,198,198,199,199,191,185,192,176,189,190,190,190,124,12
process state waiting for lock,0,0,0,1,1,0,0,0,0,0,0,0,11,28,34,38,41,50,49,49,49,49,49,48,48,49,50,54,54,57,57,57,57,0,0
process state waiting for table flush,0,0,0,0,0,0,0,0,0,0,0,0,0,0,0,0,0,0,0,0,0,0,0,0,0,0,0,0,0,0,0,0,0,0,0
process state waiting for tables,0,0,0,0,0,0,0,0,0,0,0,0,0,0,0,0,0,0,0,0,0,0,0,0,0,0,0,0,0,0,0,0,0,0,0
process state waiting on cond,0,0,0,0,0,0,0,0,0,0,0,0,0,0,0,0,0,0,0,0,0,0,0,0,0,0,0,0,0,0,0,0,0,0,0
process state writing to net,0,0,0,0,0,0,0,0,0,0,0,0,0,0,0,0,0,0,0,0,0,0,0,0,0,0,0,0,0,0,0,0,0,0,0
qcache_queries_in_cache,0,0,0,0,0,0,0,0,0,0,0,0,0,0,0,0,0,0,0,0,0,0,0,0,0,0,0,0,0,0,0,0,0,0,0
disk_io_now vda,0,0,0,0,0,0,0,0,0,0,0,0,0,0,0,0,0,0,0,0,0,0,0,0,0,0,0,0,0,0,0,0,0,0,0,0,0,0,0,0,0,0,0,0,0,0,0,0,0,0,0,0,0,0,0,0,0,0,0,0,0,0,0,0,0,0,0,0,0,0,0,0,0,0,0,0,0,0,0,0,0,0,0,0
mem_buffer,0,0,0,0,0,0,0,0,0,0,0,0,0,0,0,0,0,0,0,0,0,0,0,0,0,0,0,0,0,0,0,0,0,0,0,0,0,0,0,0,0,0,0,0,0,0,0,0,0,0,0,0,0,0,0,0,0,0,0,0,0,0,0,0,0,0,0,0,0,0,0,0,0,0,0,0,0,0,0,0,0,0,0,0
mem_cached,4696465408,4700893184,4701249536,4701622272,4701884416,4702248960,4702502912,4702916608,4703182848,4703506432,4704129024,4704821248,4705361920,4706598912,4706975744,4707307520,4707606528,4708077568,4708618240,4709273600,4709728256,4710236160,4710539264,4710764544,4711301120,4711510016,4713390080,4713603072,4713852928,4714991616,4715372544,4715999232,4716810240,4717101056,4717821952,4718157824,4718362624,4718649344,4718850048,4718993408,4719140864,4719300608,4719362048,4719362048,4719493120,4719554560,4719616000,4719693824,4719812608,4719992832,4720152576,4720287744,4720451584,4720562176,4720627712,4720693248,4720783360,4747599872,4747825152,4748230656,4748443648,4748775424,4749266944,4749561856,4750041088,4750274560,4750512128,4752171008,4752429056,4752896000,4753252352,4753702912,4754018304,4754317312,4754632704,4755111936,4755726336,4756287488,4756475904,4756807680,4757364736,4757938176,4758478848,4758773760
Read bytes vda,1192815463424,1192815463424,1192815496192,1192815496192,1192815512576,1192815512576,1192815528960,1192815528960,1192815528960,1192815561728,1192815561728,1192815709184,1192815725568,1192816118784,1192816217088,1192816249856,1192816266240,1192816266240,1192816282624,1192816282624,1192816299008,1192816299008,1192816299008,1192816299008,1192816299008,1192816299008,1192817314816,1192817314816,1192817331200,1192817363968,1192817363968,1192817413120,1192817413120,1192817413120,1192817413120,1192817413120,1192817417216,1192817417216,1192817417216,1192817417216,1192817417216,1192817417216,1192817417216,1192817417216,1192817417216,1192817417216,1192817417216,1192817417216,1192817433600,1192817449984,1192817482752,1192817482752,1192817499136,1192817499136,1192817499136,1192817499136,1192817499136,1192843725824,1192843742208,1192843807744,1192843807744,1192843807744,1192843824128,1192843824128,1192843824128,1192843824128,1192843840512,1192844168192,1192844184576,1192844184576,1192844184576,1192844250112,1192844250112,1192844315648,1192844332032,1192844364800,1192844364800,1192844381184,1192844381184,1192844381184,1192844381184,1192844381184,1192844430336,1192844430336
