Avg Threads Running,1,1,1.4,2,2.2,2.9000000000000004,3.5,3.9,4.5,5,5.5,6.3,6.6000000000000005,7.3,8,8,8.125,8.571428571428573,8.833333333333332,9.4,10.25,10.666666666666668,12,10,34,34,34,34,34,34,34,34,34,26.5,19,19,19,19,19,19,19,19,19,21,21,21,21,21,21,21,21,21,21,52,48,45.333333333333336,39.5,36.4,34.166666666666664,30.857142857142854,30.857142857142854,30.857142857142854,30.857142857142854,27.333333333333336,24,20,19.333333333333336,17,11,30,19.5,19.5,19.5,19.5,19.5,19.5,19.5,19.5,19.5,9,50,50,50,50,50,50
Peak Threads Connected,1,1,5,7,7,8,8,8,8,8,8,9,9,14,14,14,14,14,14,14,14,14,14,10,34,34,34,34,34,34,34,34,34,34,19,19,19,19,19,19,19,19,19,21,21,21,21,21,21,21,21,21,21,52,52,52,52,52,52,52,52,52,52,44,40,24,24,23,11,30,30,30,30,30,30,30,30,30,30,9,50,50,50,50,50,50
Peak Threads Running,1,1,1,2,2,2,2,2,2,2,2,2,2,5,5,5,5,5,5,5,5,5,5,1,6,6,6,6,6,6,6,6,6,6,2,2,2,2,2,2,2,2,2,13,13,13,13,13,13,13,13,13,13,36,36,36,36,36,36,36,36,36,36,25,22,14,14,13,2,15,15,15,15,15,15,15,15,15,15,1,31,31,31,31,31,31
Questions,36.55555555555556,38,64.11111111111111,174.22222222222223,312.44444444444446,407.33333333333337,546.3333333333334,707.6666666666667,830.8888888888889,990,1131.4444444444446,1233.5555555555557,1243.2222222222222,1211.6666666666667,1248.4444444444446,1071.93015,921.0642571428571,808.2150999999999,657.54912,524.71255,404.45666666666665,293.1396,198.85719999999998,1161.3689223612805,270.5902140672783,369.5122199592669,490.64056306306304,590.1314646464647,693.2898065296251,816.904653243848,774.4333333333334,774.4333333333334,737.1595525727071,620.5706005221931,515.5817567567568,396.60900000000004,295.7616,196.04679358717434,220.40476439790578,182.2,182.2,182.2,182.2,182.2,182.2,182.2,152.58057591623037
Threads Created,0,0,0,0,0,0,0.11111111111111112,0.11111111111111112,0.11111111111111112,0.22222222222222224,0.33333333333333337,0.33333333333333337,0.4444444444444445,0.6666666666666667,0.6666666666666667,0.538875,0.5444285714285714,0.5518333333333333,0.44976000000000005,0.34665,0.36219999999999997,0.2622,0,2.547347436039429,0,0,0,0,0,3.3227516778523496,3.1500000000000004,3.1500000000000004,2.998389261744967,3.047545691906005,3.1226351351351354,3.2598,3.5397,4.385470941883767,0,0,0,0,0,0,0,0,0
Created Tmp Disk Tables,9.11111111111111,9,9,9,8.88888888888889,8.88888888888889,8.88888888888889,9,9,8.88888888888889,9.11111111111111,9,9,9.11111111111111,9.11111111111111,7.8675749999999995,6.8598,6.180533333333333,5.17224,4.1598,3.3805333333333336,2.622,1.6219999999999999,8.971093144312771,2.373598369011213,3.0510183299389007,3.9508783783783783,4.848181818181819,5.872091898428053,7.7530872483221485,7.35,7.35,6.996241610738257,5.982219321148825,5.204391891891893,4.3464,3.5397,2.7612224448897793,2.177434554973822,1.8,1.8,1.8,1.8,1.8,1.8,1.8,1.5073821989528795
Created Tmp Files,0,0,0,0,0,0,0,0,0,0,0,0,0,0,0,0,0,0,0,0,0,0,0,0,0,0,0,0,0,0,0,0,0,0,0,0,0,0,0,0,0,0,0,0,0,0,0
Select Full Join,0,0,0,0,0,0,0,0,0,0,0,0,0,0,0,0,0,0,0,0,0,0,0,0,0,0,0,0,0,0,0,0,0,0,0,0,0,0,0,0,0,0,0,0,0,0,0
Select Full Range Join,0,0,0,0,0,0,0,0,0,0,0,0,0,0,0,0,0,0,0,0,0,0,0,0,0,0,0,0,0,0,0,0,0,0,0,0,0,0,0,0,0,0,0,0,0,0,0
Select Range,0,0,0.11111111111111112,1.4444444444444444,4.111111111111112,7.555555555555555,8.666666666666668,12.777777777777779,14,15.222222222222223,17.555555555555557,17.666666666666668,18.666666666666668,17.444444444444446,14.11111111111111,12.609675,8.710857142857142,7.6152999999999995,6.521520000000001,4.27535,4.225666666666667,1.8354,0.16219999999999998,19.492745597519107,3.797757390417941,4.915529531568229,6.438468468468469,8.618989898989899,9.829371221281741,10.214384787472037,9.683333333333334,9.683333333333334,9.217270693512306,7.5624281984334205,6.245270270270271,4.7086,2.4909,0.9745490981963927,0,0,0,0,0,0,0,0,0
Select Range Check,0,0,0,0,0,0,0,0,0,0,0,0,0,0,0,0,0,0,0,0,0,0,0,0,0,0,0,0,0,0,0,0,0,0,0,0,0,0,0,0,0,0,0,0,0,0,0
Select Scan,28.333333333333336,29.22222222222222,30,29.111111111111114,28,29,28.111111111111114,29.444444444444446,28.666666666666668,28.888888888888893,29.888888888888893,29,28.888888888888893,29.111111111111114,28.333333333333336,25.111575,21.123828571428568,19.866,16.19136,12.7105,9.900133333333333,8.3904,5.3526,29.792889578026365,6.883435270132518,9.32255600814664,12.291621621621621,15.083232323232323,18.509854897218865,22.767002237136467,21.583333333333336,21.583333333333336,20.544519015659958,17.60804177545692,15.03490990990991,12.194066666666668,9.5703,6.496993987975952,3.8709947643979055,3.2,3.2,3.2,3.2,3.2,3.2,3.2,2.6797905759162304
Sort Rows,98,98,98,98,87.11111111111111,98,98,98,98,98,98,98,98,98,98,84.4956,74.69559999999998,75.71153333333334,55.095600000000005,45.2956,35.4956,38.5434,31.791199999999996,97.68523646029462,23.261264016309887,33.22219959266803,43.020675675675676,52.79131313131313,62.55054413542926,84.42250559284118,80.03333333333333,80.03333333333333,76.1812975391499,66.36877284595299,56.67004504504505,47.327466666666666,38.5434,31.83527054108216,23.70984293193717,19.6,19.6,19.6,19.6,19.6,19.6,19.6,16.413717277486914
Sort Range,0,0,0,0,0,0,0,0,0,0,0,0,0,0,0,0,0,0,0,0,0,0,0,0,0,0,0,0,0,0,0,0,0,0,0,0,0,0,0,0,0,0,0,0,0,0,0
Sort Merge Passes,0,0,0,0,0,0,0,0,0,0,0,0,0,0,0,0,0,0,0,0,0,0,0,0,0,0,0,0,0,0,0,0,0,0,0,0,0,0,0,0,0,0,0,0,0,0,0
opened_tables,0,0,0,0,0,0,0,0,0,0,0.11111111111111112,0.11111111111111112,0.11111111111111112,0.22222222222222224,0.22222222222222224,0.21555,0.21777142857142856,0.2207333333333333,0.22488000000000002,0.11555,0.12073333333333333,0.1311,0,0.22150847269908075,0.2373598369011213,0.3390020366598778,0.4389864864864865,0.4040151515151515,0.5106166868198307,3.199686800894855,3.0333333333333337,3.0333333333333337,2.887337807606264,2.8218015665796345,2.775675675675676,2.776866666666667,3.0153,3.5733466933867732,0,0,0,0,0,0,0,0,0
table_open_cache_hits,277.77777777777777,279.6666666666667,328.77777777777777,542.3333333333334,810,994.5555555555557,1263.5555555555557,1577.7777777777778,1816.1111111111113,2124.777777777778,2399.5555555555557,2599.222222222222,2619.1111111111113,2558.1111111111113,2630.3333333333335,2259.933975,1945.1343999999997,1706.2686666666664,1393.46892,1114.8264,860.7079333333334,623.1183,419.7736,2451.7665300697754,580.8195208970438,796.9937881873727,1057.5184459459458,1274.2637878787878,1497.0004715840387,1751.2131991051453,1660.1666666666667,1660.1666666666667,1580.2621923937363,1329.9715143603132,1101.9432432432434,845.4955333333334,625.0848,406.5493987975952,469.35811518324607,388,388,388,388,388,388,388,324.92460732984296
table_open_cache_misses,0,0,0,0,0,0,0,0,0,0,0.11111111111111112,0.11111111111111112,0.11111111111111112,0.22222222222222224,0.22222222222222224,0.21555,0.21777142857142856,0.2207333333333333,0.22488000000000002,0.11555,0.12073333333333333,0.1311,0,0.22150847269908075,0.2373598369011213,0.3390020366598778,0.4389864864864865,0.4040151515151515,0.5106166868198307,3.199686800894855,3.0333333333333337,3.0333333333333337,2.887337807606264,2.8218015665796345,2.775675675675676,2.776866666666667,3.0153,3.5733466933867732,0,0,0,0,0,0,0,0,0
table_open_cache_overflows,0,0,0,0,0,0,0,0,0,0,0,0,0,0,0,0,0,0,0,0,0,0,0,0,0,0,0,0,0,0.12306487695749442,0.11666666666666667,0.11666666666666667,0.11105145413870247,0.11287206266318536,0.11565315315315317,0.12073333333333333,0.1311,0.1624248496993988,0,0,0,0,0,0,0,0,0
Sort Scan,1,1,1,1,0.888888888888889,1,1,1,1,1,1,1,1,1,1,0.8622,0.7621999999999999,0.7725666666666666,0.5622,0.4622,0.36219999999999997,0.3933,0.32439999999999997,0.9967881271458634,0.2373598369011213,0.3390020366598778,0.4389864864864865,0.5386868686868687,0.6382708585247884,0.8614541387024609,0.8166666666666668,0.8166666666666668,0.7773601789709174,0.6772323759791122,0.5782657657657658,0.4829333333333333,0.3933,0.3248496993987976,0.2419371727748691,0.2,0.2,0.2,0.2,0.2,0.2,0.2,0.1674869109947644
Slow Queries,4.444444444444445,4.444444444444445,5,5.666666666666667,6.888888888888888,8.444444444444445,9.333333333333334,11.777777777777779,13,14.555555555555557,16.333333333333336,16.555555555555557,17.333333333333336,17.333333333333336,17.77777777777778,15.950700000000001,13.284057142857142,12.029966666666665,10.00716,8.0885,7.002533333333334,5.3751,3.5683999999999996,16.61313545243106,13.05479102956167,17.28910386965377,28.53412162162162,32.45588383838384,38.04094316807739,44.1802908277405,41.88333333333334,41.88333333333334,39.867472035794194,34.31310704960835,29.722860360360364,19.800266666666666,15.469799999999998,9.907915831663326,4.354869109947644,3.6,3.6,3.6,3.6,3.6,3.6,3.6,3.014764397905759
Aborted Connects (attempts),0,0,0,0,0,0,0,0,0,0,0,0,0,0,0,0,0,0,0,0,0,0,0,0,0,0,0,0,0,0,0,0,0,0,0,0,0,0,0,0,0,0,0,0,0,0,0
Aborted Clients (timeout),0,0,0,0,0,0,0,0,0,0,0,0,0,0,0,0,0,0,0,0,0,0,0,0,0,0,0,0,0,0,0,0,0,0,0,0,0,0,0,0,0,0,0,0,0,0,0
Table Locks Immediate,56.88888888888889,58.66666666666667,87,199.66666666666669,340.44444444444446,441.55555555555554,581.4444444444445,745.8888888888889,873,1034.7777777777778,1180.2222222222222,1283.3333333333335,1293.6666666666667,1262.2222222222222,1296.2222222222222,1115.04015,959.2831428571428,841.7665666666666,686.22132,548.0536500000001,422.68739999999997,306.774,206.4806,1212.8696422638168,279.1351681957186,386.12331975560085,502.3468693693693,606.9654292929292,711.799661426844,839.9177852348994,796.2500000000001,796.2500000000001,757.9261744966444,637.6142819843342,525.8748873873875,409.52746666666667,303.8898,202.8686372745491,231.53387434554975,191.4,191.4,191.4,191.4,191.4,191.4,191.4,160.28497382198952
Table Locks Waited,0,0,0.22222222222222224,2.4444444444444446,5.111111111111112,6.666666666666667,10,15,17,21.666666666666668,24.11111111111111,26.111111111111114,25.888888888888893,25.22222222222222,27.666666666666668,23.602725,18.946114285714284,17.2172,12.81816,10.6306,8.6928,7.0794,5.8392,23.36914386975302,16.615188583078492,17.28910386965377,39.362454954954956,43.63363636363637,53.74240628778718,62.14776286353468,58.91666666666667,58.91666666666667,56.08098434004476,49.099347258485636,46.60822072072072,28.49306666666667,23.7291,13.643687374749499,3.1451832460732985,2.6,2.6,2.6,2.6,2.6,2.6,2.6,2.177329842931937
bytes_received_rate,12006.111111111111,12370.777777777777,15610.111111111113,29261.77777777778,46192.88888888889,57699.44444444445,75434.77777777778,94961.77777777778,110497.33333333334,130468.66666666667,148133.55555555556,160939.11111111112,161930.8888888889,158177.6666666667,163898.8888888889,140421.448575,121421.18214285714,106757.2352,86927.47644000001,69647.64695,53750.60073333334,39756.46829999999,27254.3038,148833.31487429395,34610.1498980632,47315.19226069246,63191.66574324324,76308.0923989899,89181.11916565901,104966.3408277405,99509.08333333334,99509.08333333334,94719.6720357942,79814.31869451697,66360.73840090091,50839.35786666667,37535.5032,25065.402805611222,29447.14104712042,24342.8,24342.8,24342.8,24342.8,24342.8,24342.8,24342.8,20385.501884816757
bytes_sent_rate,163338,170517.33333333334,187812.33333333334,198418.44444444444,211024.7777777778,249298.1111111111,261324.6666666667,302838.7777777778,326015.44444444444,361598.8888888889,391755.7777777778,404379.6666666667,408571.7777777778,407029.6666666667,405094.1111111111,358699.12604999996,303509.1288571428,277150.566,221778.56748000003,180572.41155,137190.97693333335,111789.7566,73304.8302,404269.3543028021,26838303.817431193,39089401.23620163,50500517.984076574,61527243.86919192,73113714.68278113,70955959.87932888,67266920.7,67266920.7,64029337.36429532,52316595.19362924,40011255.57263514,27944567.527133334,15693360.372599998,621318.5799599198,56573.620732984295,46767.2,46767.2,46767.2,46767.2,46767.2,46767.2,46767.2,39164.469319371725
qcache_hits,0,0,0,0,0,0,0,0,0,0,0,0,0,0,0,0,0,0,0,0,0,0,0,0,0,0,0,0,0,0,0,0,0,0,0,0,0,0,0,0,0,0,0,0,0,0,0
qcache_inserts,0,0,0,0,0,0,0,0,0,0,0,0,0,0,0,0,0,0,0,0,0,0,0,0,0,0,0,0,0,0,0,0,0,0,0,0,0,0,0,0,0,0,0,0,0,0,0
qcache_not_cached,26.22222222222222,27,38.77777777777778,88,146.66666666666669,188.44444444444446,249.33333333333334,322,375.77777777777777,446.55555555555554,511.11111111111114,558.7777777777778,562,551,567,487.897425,418.9922285714285,369.28686666666664,301.00188,239.53515,182.42806666666667,132.93540000000002,89.0478,532.6171226049397,124.13919469928643,170.00952138492875,218.17628378378376,265.1686111111111,313.77395405078596,367.47172259507835,348.3666666666667,348.3666666666667,331.5996420581656,278.00389033942554,229.3402027027027,180.49633333333333,133.3287,85.76032064128256,86.855445026178,71.8,71.8,71.8,71.8,71.8,71.8,71.8,60.12780104712042
qcache_lowmem_prunes,0,0,0,0,0,0,0,0,0,0,0,0,0,0,0,0,0,0,0,0,0,0,0,0,0,0,0,0,0,0,0,0,0,0,0,0,0,0,0,0,0,0,0,0,0,0,0
com admin_commands,1,1,1,1,1,1,1,1,1,1,1,1,1,1,1,0.8622,0.7621999999999999,0.6622,0.5622,0.4622,0.36219999999999997,0.2622,0.16219999999999998,0.9967881271458634,0.2373598369011213,0.3390020366598778,0.4389864864864865,0.5386868686868687,0.6382708585247884,0.7383892617449666,0.7,0.7,0.6663087248322148,0.5643603133159268,0.46261261261261266,0.36219999999999997,0.2622,0.1624248496993988,0.2419371727748691,0.2,0.2,0.2,0.2,0.2,0.2,0.2,0.1674869109947644
com alter_db,0,0,0,0,0,0,0,0,0,0,0,0,0,0,0,0,0,0,0,0,0,0,0,0,0,0,0,0,0,0,0,0,0,0,0,0,0,0,0,0,0,0,0,0,0,0,0
com alter_db_upgrade,0,0,0,0,0,0,0,0,0,0,0,0,0,0,0,0,0,0,0,0,0,0,0,0,0,0,0,0,0,0,0,0,0,0,0,0,0,0,0,0,0,0,0,0,0,0,0
com alter_event,0,0,0,0,0,0,0,0,0,0,0,0,0,0,0,0,0,0,0,0,0,0,0,0,0,0,0,0,0,0,0,0,0,0,0,0,0,0,0,0,0,0,0,0,0,0,0
com alter_function,0,0,0,0,0,0,0,0,0,0,0,0,0,0,0,0,0,0,0,0,0,0,0,0,0,0,0,0,0,0,0,0,0,0,0,0,0,0,0,0,0,0,0,0,0,0,0
com alter_instance,0,0,0,0,0,0,0,0,0,0,0,0,0,0,0,0,0,0,0,0,0,0,0,0,0,0,0,0,0,0,0,0,0,0,0,0,0,0,0,0,0,0,0,0,0,0,0
com alter_procedure,0,0,0,0,0,0,0,0,0,0,0,0,0,0,0,0,0,0,0,0,0,0,0,0,0,0,0,0,0,0,0,0,0,0,0,0,0,0,0,0,0,0,0,0,0,0,0
com alter_server,0,0,0,0,0,0,0,0,0,0,0,0,0,0,0,0,0,0,0,0,0,0,0,0,0,0,0,0,0,0,0,0,0,0,0,0,0,0,0,0,0,0,0,0,0,0,0
com alter_table,0,0,0,0,0,0,0,0,0,0,0,0,0,0,0,0,0,0,0,0,0,0,0,0,0,0,0,0,0,0,0,0,0,0,0,0,0,0,0,0,0,0,0,0,0,0,0
com alter_tablespace,0,0,0,0,0,0,0,0,0,0,0,0,0,0,0,0,0,0,0,0,0,0,0,0,0,0,0,0,0,0,0,0,0,0,0,0,0,0,0,0,0,0,0,0,0,0,0
com alter_user,0,0,0,0,0,0,0,0,0,0,0,0,0,0,0,0,0,0,0,0,0,0,0,0,0,0,0,0,0,0,0,0,0,0,0,0,0,0,0,0,0,0,0,0,0,0,0
com analyze,0,0,0,0,0,0,0,0,0,0,0,0,0,0,0,0,0,0,0,0,0,0,0,0,0,0,0,0,0,0,0,0,0,0,0,0,0,0,0,0,0,0,0,0,0,0,0
com assign_to_keycache,0,0,0,0,0,0,0,0,0,0,0,0,0,0,0,0,0,0,0,0,0,0,0,0,0,0,0,0,0,0,0,0,0,0,0,0,0,0,0,0,0,0,0,0,0,0,0
com begin,0,0,0,0,0,0,0,0,0,0,0,0,0,0,0,0,0,0,0,0,0,0,0,0,0,0,0,0,0,0,0,0,0,0,0,0,0,0,0,0,0,0,0,0,0,0,0
com binlog,0,0,0,0,0,0,0,0,0,0,0,0,0,0,0,0,0,0,0,0,0,0,0,0,0,0,0,0,0,0,0,0,0,0,0,0,0,0,0,0,0,0,0,0,0,0,0
com call_procedure,0,0,0,0,0,0,0,0,0,0,0,0,0,0,0,0,0,0,0,0,0,0,0,0,0,0,0,0,0,0,0,0,0,0,0,0,0,0,0,0,0,0,0,0,0,0,0
com change_db,0,0,0,0,0,0,0,0,0,0,0,0,0,0,0,0,0,0,0,0,0,0,0,0,0,0,0,0,0,0.8614541387024609,0.8166666666666668,0.8166666666666668,0.7773601789709174,0.7901044386422976,0.8095720720720723,0.8451333333333334,0.9177,1.1369739478957914,0,0,0,0,0,0,0,0,0
com change_master,0,0,0,0,0,0,0,0,0,0,0,0,0,0,0,0,0,0,0,0,0,0,0,0,0,0,0,0,0,0,0,0,0,0,0,0,0,0,0,0,0,0,0,0,0,0,0
com change_repl_filter,0,0,0,0,0,0,0,0,0,0,0,0,0,0,0,0,0,0,0,0,0,0,0,0,0,0,0,0,0,0,0,0,0,0,0,0,0,0,0,0,0,0,0,0,0,0,0
com check,0,0,0,0,0,0,0,0,0,0,0,0,0,0,0,0,0,0,0,0,0,0,0,0,0,0,0,0,0,0,0,0,0,0,0,0,0,0,0,0,0,0,0,0,0,0,0
com checksum,0,0,0,0,0,0,0,0,0,0,0,0,0,0,0,0,0,0,0,0,0,0,0,0,0,0,0,0,0,0,0,0,0,0,0,0,0,0,0,0,0,0,0,0,0,0,0
com commit,0,0,1.3333333333333335,5.333333333333334,10.555555555555555,14.555555555555557,19.22222222222222,24.11111111111111,28.888888888888893,34.44444444444444,38.55555555555556,41.22222222222222,41.44444444444444,39.88888888888889,40.55555555555556,34.811325,30.37911428571428,26.046533333333333,20.91384,17.21695,13.642866666666666,9.8325,6.812399999999999,39.20699966773729,9.494393476044852,12.373574338085541,18.437432432432434,21.41280303030303,25.020217654171706,29.78170022371365,28.233333333333338,28.233333333333338,26.874451901565998,22.800156657963445,19.545382882882883,14.005066666666668,10.8813,7.471543086172344,12.338795811518324,10.2,10.2,10.2,10.2,10.2,10.2,10.2,8.541832460732985
com create_compression_dictionary,0,0,0,0,0,0,0,0,0,0,0,0,0,0,0,0,0,0,0,0,0,0,0,0,0,0,0,0,0,0,0,0,0,0,0,0,0,0,0,0,0,0,0,0,0,0,0
com create_db,0,0,0,0,0,0,0,0,0,0,0,0,0,0,0,0,0,0,0,0,0,0,0,0,0,0,0,0,0,0,0,0,0,0,0,0,0,0,0,0,0,0,0,0,0,0,0
com create_event,0,0,0,0,0,0,0,0,0,0,0,0,0,0,0,0,0,0,0,0,0,0,0,0,0,0,0,0,0,0,0,0,0,0,0,0,0,0,0,0,0,0,0,0,0,0,0
com create_function,0,0,0,0,0,0,0,0,0,0,0,0,0,0,0,0,0,0,0,0,0,0,0,0,0,0,0,0,0,0,0,0,0,0,0,0,0,0,0,0,0,0,0,0,0,0,0
com create_index,0,0,0,0,0,0,0,0,0,0,0,0,0,0,0,0,0,0,0,0,0,0,0,0,0,0,0,0,0,0,0,0,0,0,0,0,0,0,0,0,0,0,0,0,0,0,0
com create_procedure,0,0,0,0,0,0,0,0,0,0,0,0,0,0,0,0,0,0,0,0,0,0,0,0,0,0,0,0,0,0,0,0,0,0,0,0,0,0,0,0,0,0,0,0,0,0,0
com create_server,0,0,0,0,0,0,0,0,0,0,0,0,0,0,0,0,0,0,0,0,0,0,0,0,0,0,0,0,0,0,0,0,0,0,0,0,0,0,0,0,0,0,0,0,0,0,0
com create_table,0,0,0,0,0,0,0,0,0,0,0,0,0,0,0,0,0,0,0,0,0,0,0,0,0,0,0,0,0,0,0,0,0,0,0,0,0,0,0,0,0,0,0,0,0,0,0
com create_trigger,0,0,0,0,0,0,0,0,0,0,0,0,0,0,0,0,0,0,0,0,0,0,0,0,0,0,0,0,0,0,0,0,0,0,0,0,0,0,0,0,0,0,0,0,0,0,0
com create_udf,0,0,0,0,0,0,0,0,0,0,0,0,0,0,0,0,0,0,0,0,0,0,0,0,0,0,0,0,0,0,0,0,0,0,0,0,0,0,0,0,0,0,0,0,0,0,0
com create_user,0,0,0,0,0,0,0,0,0,0,0,0,0,0,0,0,0,0,0,0,0,0,0,0,0,0,0,0,0,0,0,0,0,0,0,0,0,0,0,0,0,0,0,0,0,0,0
com create_view,0,0,0,0,0,0,0,0,0,0,0,0,0,0,0,0,0,0,0,0,0,0,0,0,0,0,0,0,0,0,0,0,0,0,0,0,0,0,0,0,0,0,0,0,0,0,0
com dealloc_sql,0,0,0,0,0,0,0,0,0,0,0,0,0,0,0,0,0,0,0,0,0,0,0,0,0,0,0,0,0,0,0,0,0,0,0,0,0,0,0,0,0,0,0,0,0,0,0
com delete,0,0,0,1.1111111111111112,3.3333333333333335,6.111111111111112,7.111111111111112,11.11111111111111,12.222222222222223,13.333333333333334,15.555555555555557,15.555555555555557,16.555555555555557,15.555555555555557,12.777777777777779,11.424150000000001,7.622,6.622,5.622000000000001,3.4665,3.622,1.4421,0,18.163694761324624,3.0856778797145767,4.237525458248473,5.267837837837837,6.868257575757577,8.29752116082225,8.614541387024609,8.166666666666668,8.166666666666668,7.773601789709173,6.433707571801565,5.204391891891893,4.104933333333333,2.4909,0.812124248496994,0,0,0,0,0,0,0,0,0
com delete_multi,0,0,0,0,0,0,0,0,0,0,0,0,0,0,0,0,0,0,0,0,0,0,0,0,0,0,0,0,0,0,0,0,0,0,0,0,0,0,0,0,0,0,0,0,0,0,0
com do,0,0,0,0,0,0,0,0,0,0,0,0,0,0,0,0,0,0,0,0,0,0,0,0,0,0,0,0,0,0,0,0,0,0,0,0,0,0,0,0,0,0,0,0,0,0,0
com drop_compression_dictionary,0,0,0,0,0,0,0,0,0,0,0,0,0,0,0,0,0,0,0,0,0,0,0,0,0,0,0,0,0,0,0,0,0,0,0,0,0,0,0,0,0,0,0,0,0,0,0
com drop_db,0,0,0,0,0,0,0,0,0,0,0,0,0,0,0,0,0,0,0,0,0,0,0,0,0,0,0,0,0,0,0,0,0,0,0,0,0,0,0,0,0,0,0,0,0,0,0
com drop_event,0,0,0,0,0,0,0,0,0,0,0,0,0,0,0,0,0,0,0,0,0,0,0,0,0,0,0,0,0,0,0,0,0,0,0,0,0,0,0,0,0,0,0,0,0,0,0
com drop_function,0,0,0,0,0,0,0,0,0,0,0,0,0,0,0,0,0,0,0,0,0,0,0,0,0,0,0,0,0,0,0,0,0,0,0,0,0,0,0,0,0,0,0,0,0,0,0
com drop_index,0,0,0,0,0,0,0,0,0,0,0,0,0,0,0,0,0,0,0,0,0,0,0,0,0,0,0,0,0,0,0,0,0,0,0,0,0,0,0,0,0,0,0,0,0,0,0
com drop_procedure,0,0,0,0,0,0,0,0,0,0,0,0,0,0,0,0,0,0,0,0,0,0,0,0,0,0,0,0,0,0,0,0,0,0,0,0,0,0,0,0,0,0,0,0,0,0,0
com drop_server,0,0,0,0,0,0,0,0,0,0,0,0,0,0,0,0,0,0,0,0,0,0,0,0,0,0,0,0,0,0,0,0,0,0,0,0,0,0,0,0,0,0,0,0,0,0,0
com drop_table,0,0,0,0,0,0,0,0,0,0,0,0,0,0,0,0,0,0,0,0,0,0,0,0,0,0,0,0,0,0,0,0,0,0,0,0,0,0,0,0,0,0,0,0,0,0,0
com drop_trigger,0,0,0,0,0,0,0,0,0,0,0,0,0,0,0,0,0,0,0,0,0,0,0,0,0,0,0,0,0,0,0,0,0,0,0,0,0,0,0,0,0,0,0,0,0,0,0
com drop_user,0,0,0,0,0,0,0,0,0,0,0,0,0,0,0,0,0,0,0,0,0,0,0,0,0,0,0,0,0,0,0,0,0,0,0,0,0,0,0,0,0,0,0,0,0,0,0
com drop_view,0,0,0,0,0,0,0,0,0,0,0,0,0,0,0,0,0,0,0,0,0,0,0,0,0,0,0,0,0,0,0,0,0,0,0,0,0,0,0,0,0,0,0,0,0,0,0
com empty_query,0,0,0,0,0,0,0,0,0,0,0,0,0,0,0,0,0,0,0,0,0,0,0,0,0,0,0,0,0,0,0,0,0,0,0,0,0,0,0,0,0,0,0,0,0,0,0
com execute_sql,0,0,0,0,0,0,0,0,0,0,0,0,0,0,0,0,0,0,0,0,0,0,0,0,0,0,0,0,0,0,0,0,0,0,0,0,0,0,0,0,0,0,0,0,0,0,0
com explain_other,0,0,0,0,0,0,0,0,0,0,0,0,0,0,0,0,0,0,0,0,0,0,0,0,0,0,0,0,0,0,0,0,0,0,0,0,0,0,0,0,0,0,0,0,0,0,0
com flush,0,0,0,0,0,0,0,0,0,0,0,0,0,0,0,0,0,0,0,0,0,0,0,0,0,0,0,0,0,0,0,0,0,0,0,0,0,0,0,0,0,0,0,0,0,0,0
com get_diagnostics,0,0,0,0,0,0,0,0,0,0,0,0,0,0,0,0,0,0,0,0,0,0,0,0,0,0,0,0,0,0,0,0,0,0,0,0,0,0,0,0,0,0,0,0,0,0,0
com grant,0,0,0,0,0,0,0,0,0,0,0,0,0,0,0,0,0,0,0,0,0,0,0,0,0,0,0,0,0,0,0,0,0,0,0,0,0,0,0,0,0,0,0,0,0,0,0
com group_replication_start,0,0,0,0,0,0,0,0,0,0,0,0,0,0,0,0,0,0,0,0,0,0,0,0,0,0,0,0,0,0,0,0,0,0,0,0,0,0,0,0,0,0,0,0,0,0,0
com group_replication_stop,0,0,0,0,0,0,0,0,0,0,0,0,0,0,0,0,0,0,0,0,0,0,0,0,0,0,0,0,0,0,0,0,0,0,0,0,0,0,0,0,0,0,0,0,0,0,0
com ha_close,0,0,0,0,0,0,0,0,0,0,0,0,0,0,0,0,0,0,0,0,0,0,0,0,0,0,0,0,0,0,0,0,0,0,0,0,0,0,0,0,0,0,0,0,0,0,0
com ha_open,0,0,0,0,0,0,0,0,0,0,0,0,0,0,0,0,0,0,0,0,0,0,0,0,0,0,0,0,0,0,0,0,0,0,0,0,0,0,0,0,0,0,0,0,0,0,0
com ha_read,0,0,0,0,0,0,0,0,0,0,0,0,0,0,0,0,0,0,0,0,0,0,0,0,0,0,0,0,0,0,0,0,0,0,0,0,0,0,0,0,0,0,0,0,0,0,0
com help,0,0,0,0,0,0,0,0,0,0,0,0,0,0,0,0,0,0,0,0,0,0,0,0,0,0,0,0,0,0,0,0,0,0,0,0,0,0,0,0,0,0,0,0,0,0,0
com insert,0,0,4,25,51.66666666666667,64.66666666666667,93.22222222222223,121.44444444444446,145.33333333333334,177.66666666666669,204.22222222222223,227.33333333333334,229.22222222222223,221.8888888888889,238.22222222222223,203.371425,177.81037142857141,156.49993333333333,126.71988000000002,102.6084,77.75226666666667,57.4218,42.8208,196.3672610477351,49.37084607543323,68.47841140529532,91.01653153153153,107.06401515151515,123.56923821039902,144.72429530201345,137.2,137.2,130.5965100671141,109.26015665796345,89.28423423423425,66.88626666666667,49.9491,33.78436873747495,44.03256544502618,36.4,36.4,36.4,36.4,36.4,36.4,36.4,30.48261780104712
com insert_select,0,0,0,0,0,0,0,0,0,0,0,0,0,0,0,0,0,0,0,0,0,0,0,0,0,0,0,0,0,0,0,0,0,0,0,0,0,0,0,0,0,0,0,0,0,0,0
com install_plugin,0,0,0,0,0,0,0,0,0,0,0,0,0,0,0,0,0,0,0,0,0,0,0,0,0,0,0,0,0,0,0,0,0,0,0,0,0,0,0,0,0,0,0,0,0,0,0
com kill,0,0,0,0,0,0,0,0,0,0,0,0,0,0,0,0,0,0,0,0,0,0,0,0,0,0,0,0,0,0,0,0,0,0,0,0,0,0,0,0,0,0,0,0,0,0,0
com load,0,0,0,0,0,0,0,0,0,0,0,0,0,0,0,0,0,0,0,0,0,0,0,0,0,0,0,0,0,0,0,0,0,0,0,0,0,0,0,0,0,0,0,0,0,0,0
com lock_binlog_for_backup,0,0,0,0,0,0,0,0,0,0,0,0,0,0,0,0,0,0,0,0,0,0,0,0,0,0,0,0,0,0,0,0,0,0,0,0,0,0,0,0,0,0,0,0,0,0,0
com lock_tables,0,0,0,0,0,0,0,0,0,0,0,0,0,0,0,0,0,0,0,0,0,0,0,0,0,0,0,0,0,0,0,0,0,0,0,0,0,0,0,0,0,0,0,0,0,0,0
com lock_tables_for_backup,0,0,0,0,0,0,0,0,0,0,0,0,0,0,0,0,0,0,0,0,0,0,0,0,0,0,0,0,0,0,0,0,0,0,0,0,0,0,0,0,0,0,0,0,0,0,0
com optimize,0,0,0,0,0,0,0,0,0,0,0,0,0,0,0,0,0,0,0,0,0,0,0,0,0,0,0,0,0,0,0,0,0,0,0,0,0,0,0,0,0,0,0,0,0,0,0
com preload_keys,0,0,0,0,0,0,0,0,0,0,0,0,0,0,0,0,0,0,0,0,0,0,0,0,0,0,0,0,0,0,0,0,0,0,0,0,0,0,0,0,0,0,0,0,0,0,0
com prepare_sql,0,0,0,0,0,0,0,0,0,0,0,0,0,0,0,0,0,0,0,0,0,0,0,0,0,0,0,0,0,0,0,0,0,0,0,0,0,0,0,0,0,0,0,0,0,0,0
com purge,0,0,0,0,0,0,0,0,0,0,0,0,0,0,0,0,0,0,0,0,0,0,0,0,0,0,0,0,0,0,0,0,0,0,0,0,0,0,0,0,0,0,0,0,0,0,0
com purge_before_date,0,0,0,0,0,0,0,0,0,0,0,0,0,0,0,0,0,0,0,0,0,0,0,0,0,0,0,0,0,0,0,0,0,0,0,0,0,0,0,0,0,0,0,0,0,0,0
com release_savepoint,0,0,0,0,0,0,0,0,0,0,0,0,0,0,0,0,0,0,0,0,0,0,0,0,0,0,0,0,0,0,0,0,0,0,0,0,0,0,0,0,0,0,0,0,0,0,0
com rename_table,0,0,0,0,0,0,0,0,0,0,0,0,0,0,0,0,0,0,0,0,0,0,0,0,0,0,0,0,0,0,0,0,0,0,0,0,0,0,0,0,0,0,0,0,0,0,0
com rename_user,0,0,0,0,0,0,0,0,0,0,0,0,0,0,0,0,0,0,0,0,0,0,0,0,0,0,0,0,0,0,0,0,0,0,0,0,0,0,0,0,0,0,0,0,0,0,0
com repair,0,0,0,0,0,0,0,0,0,0,0,0,0,0,0,0,0,0,0,0,0,0,0,0,0,0,0,0,0,0,0,0,0,0,0,0,0,0,0,0,0,0,0,0,0,0,0
com replace,0,0,0,0,0,0,0,0,0,0,0,0,0,0,0,0,0,0,0,0,0,0,0,0,0,0,0,0,0,0,0,0,0,0,0,0,0,0,0,0,0,0,0,0,0,0,0
com replace_select,0,0,0,0,0,0,0,0,0,0,0,0,0,0,0,0,0,0,0,0,0,0,0,0,0,0,0,0,0,0,0,0,0,0,0,0,0,0,0,0,0,0,0,0,0,0,0
com reset,0,0,0,0,0,0,0,0,0,0,0,0,0,0,0,0,0,0,0,0,0,0,0,0,0,0,0,0,0,0,0,0,0,0,0,0,0,0,0,0,0,0,0,0,0,0,0
com resignal,0,0,0,0,0,0,0,0,0,0,0,0,0,0,0,0,0,0,0,0,0,0,0,0,0,0,0,0,0,0,0,0,0,0,0,0,0,0,0,0,0,0,0,0,0,0,0
com revoke,0,0,0,0,0,0,0,0,0,0,0,0,0,0,0,0,0,0,0,0,0,0,0,0,0,0,0,0,0,0,0,0,0,0,0,0,0,0,0,0,0,0,0,0,0,0,0
com revoke_all,0,0,0,0,0,0,0,0,0,0,0,0,0,0,0,0,0,0,0,0,0,0,0,0,0,0,0,0,0,0,0,0,0,0,0,0,0,0,0,0,0,0,0,0,0,0,0
com rollback,0,0,0,0.11111111111111112,0.33333333333333337,0.4444444444444445,0.5555555555555556,0.7777777777777779,0.7777777777777779,0.888888888888889,1.2222222222222223,1.5555555555555558,1.6666666666666667,1.5555555555555558,1.6666666666666667,1.50885,1.3066285714285713,1.3244,1.2368400000000002,0.9244,0.6036666666666667,0.3933,0.32439999999999997,4.208660981282534,0.712079510703364,1.3560081466395113,1.755945945945946,2.020075757575758,2.808391777509069,3.0766219239373607,2.916666666666667,2.916666666666667,2.776286353467562,2.483185378590078,1.9661036036036037,1.5695333333333334,1.311,0.48727454909819634,0.4838743455497382,0.4,0.4,0.4,0.4,0.4,0.4,0.4,0.3349738219895288
com rollback_to_savepoint,0,0,0,0,0,0,0,0,0,0,0,0,0,0,0,0,0,0,0,0,0,0,0,0,0,0,0,0,0,0,0,0,0,0,0,0,0,0,0,0,0,0,0,0,0,0,0
com savepoint,0,0,0,0,0,0,0,0,0,0,0,0,0,0,0,0,0,0,0,0,0,0,0,0,0,0,0,0,0,0,0,0,0,0,0,0,0,0,0,0,0,0,0,0,0,0,0
com select,26.22222222222222,27,38.77777777777778,88,146.66666666666669,188.33333333333334,249.33333333333334,322,375.77777777777777,446.55555555555554,511.11111111111114,558.7777777777778,562,551,567.1111111111111,487.897425,418.9922285714285,369.28686666666664,301.00188,239.53515,182.42806666666667,132.93540000000002,89.0478,532.6171226049397,124.13919469928643,170.00952138492875,218.17628378378376,265.1686111111111,313.77395405078596,368.33317673378076,349.18333333333334,349.18333333333334,332.3770022371365,278.7939947780679,230.14977477477478,181.3414666666667,134.2464,86.89729458917836,86.61350785340315,71.6,71.6,71.6,71.6,71.6,71.6,71.6,59.96031413612566
com set_option,1,1,2.666666666666667,7.111111111111112,12,16.666666666666668,21.333333333333336,26.22222222222222,31.333333333333336,36.77777777777778,41.333333333333336,44.333333333333336,44,43.66666666666667,43.333333333333336,37.397925,32.88348571428571,28.1435,23.0502,18.83465,14.488,10.7502,6.4879999999999995,42.86188946727213,8.782313965341489,11.865071283095723,16.388828828828828,20.335429292929295,24.764909310761787,31.381543624161075,29.75,29.75,28.31812080536913,24.60610966057441,21.395833333333336,17.26486666666667,13.6344,9.907915831663326,7.983926701570681,6.6,6.6,6.6,6.6,6.6,6.6,6.6,5.527068062827225
com show_binlog_events,0,0,0,0,0,0,0,0,0,0,0,0,0,0,0,0,0,0,0,0,0,0,0,0,0,0,0,0,0,0,0,0,0,0,0,0,0,0,0,0,0,0,0,0,0,0,0
com show_binlogs,0,0,0,0,0,0,0,0,0,0,0,0,0,0,0,0,0,0,0,0,0,0,0,0,0,0,0,0,0,0,0,0,0,0,0,0,0,0,0,0,0,0,0,0,0,0,0
com show_charsets,0,0,0,0,0,0,0,0,0,0,0,0,0,0,0,0,0,0,0,0,0,0,0,0,0,0,0,0,0,0,0,0,0,0,0,0,0,0,0,0,0,0,0,0,0,0,0
com show_client_statistics,0,0,0,0,0,0,0,0,0,0,0,0,0,0,0,0,0,0,0,0,0,0,0,0,0,0,0,0,0,0,0,0,0,0,0,0,0,0,0,0,0,0,0,0,0,0,0
com show_collations,0,0,0,0,0,0,0,0,0,0,0,0,0,0,0,0,0,0,0,0,0,0,0,0,0,0,0,0,0,0,0,0,0,0,0,0,0,0,0,0,0,0,0,0,0,0,0
com show_create_db,0,0,0,0,0,0,0,0,0,0,0,0,0,0,0,0,0,0,0,0,0,0,0,0,0,0,0,0,0,0,0,0,0,0,0,0,0,0,0,0,0,0,0,0,0,0,0
com show_create_event,0,0,0,0,0,0,0,0,0,0,0,0,0,0,0,0,0,0,0,0,0,0,0,0,0,0,0,0,0,0,0,0,0,0,0,0,0,0,0,0,0,0,0,0,0,0,0
com show_create_func,0,0,0,0,0,0,0,0,0,0,0,0,0,0,0,0,0,0,0,0,0,0,0,0,0,0,0,0,0,0,0,0,0,0,0,0,0,0,0,0,0,0,0,0,0,0,0
com show_create_proc,0,0,0,0,0,0,0,0,0,0,0,0,0,0,0,0,0,0,0,0,0,0,0,0,0,0,0,0,0,0,0,0,0,0,0,0,0,0,0,0,0,0,0,0,0,0,0
com show_create_table,0,0,0,0,0,0,0,0,0,0,0,0,0,0,0,0,0,0,0,0,0,0,0,0,0,0,0,0,0,0,0,0,0,0,0,0,0,0,0,0,0,0,0,0,0,0,0
com show_create_trigger,0,0,0,0,0,0,0,0,0,0,0,0,0,0,0,0,0,0,0,0,0,0,0,0,0,0,0,0,0,0,0,0,0,0,0,0,0,0,0,0,0,0,0,0,0,0,0
com show_create_user,0,0,0,0,0,0,0,0,0,0,0,0,0,0,0,0,0,0,0,0,0,0,0,0,0,0,0,0,0,0,0,0,0,0,0,0,0,0,0,0,0,0,0,0,0,0,0
com show_databases,0,0,0,0,0,0,0,0,0,0,0,0,0,0,0,0,0,0,0,0,0,0,0,0,0,0,0,0,0,0,0,0,0,0,0,0,0,0,0,0,0,0,0,0,0,0,0
com show_engine_logs,0,0,0,0,0,0,0,0,0,0,0,0,0,0,0,0,0,0,0,0,0,0,0,0,0,0,0,0,0,0,0,0,0,0,0,0,0,0,0,0,0,0,0,0,0,0,0
com show_engine_mutex,0,0,0,0,0,0,0,0,0,0,0,0,0,0,0,0,0,0,0,0,0,0,0,0,0,0,0,0,0,0,0,0,0,0,0,0,0,0,0,0,0,0,0,0,0,0,0
com show_engine_status,0.888888888888889,1,1.1111111111111112,1,0.888888888888889,1,1,1.1111111111111112,1,1,1.1111111111111112,1,1,1,1,0.969975,0.7621999999999999,0.7725666666666666,0.67464,0.4622,0.36219999999999997,0.3933,0.32439999999999997,0.9967881271458634,0.2373598369011213,0.3390020366598778,0.4389864864864865,0.5386868686868687,0.6382708585247884,0.8614541387024609,0.8166666666666668,0.8166666666666668,0.7773601789709174,0.6772323759791122,0.5782657657657658,0.4829333333333333,0.3933,0.3248496993987976,0,0,0,0,0,0,0,0,0
com show_errors,0,0,0,0,0,0,0,0,0,0,0,0,0,0,0,0,0,0,0,0,0,0,0,0,0,0,0,0,0,0,0,0,0,0,0,0,0,0,0,0,0,0,0,0,0,0,0
com show_events,0,0,0,0,0,0,0,0,0,0,0,0,0,0,0,0,0,0,0,0,0,0,0,0,0,0,0,0,0,0,0,0,0,0,0,0,0,0,0,0,0,0,0,0,0,0,0
com show_fields,0,0,0,0,0,0,0,0,0,0,0,0,0,0,0,0,0,0,0,0,0,0,0,0,0,0,0,0,0,0,0,0,0,0,0,0,0,0,0,0,0,0,0,0,0,0,0
com show_function_code,0,0,0,0,0,0,0,0,0,0,0,0,0,0,0,0,0,0,0,0,0,0,0,0,0,0,0,0,0,0,0,0,0,0,0,0,0,0,0,0,0,0,0,0,0,0,0
com show_function_status,0,0,0,0,0,0,0,0,0,0,0,0,0,0,0,0,0,0,0,0,0,0,0,0,0,0,0,0,0,0,0,0,0,0,0,0,0,0,0,0,0,0,0,0,0,0,0
com show_grants,0,0,0,0,0,0,0,0,0,0,0,0,0,0,0,0,0,0,0,0,0,0,0,0,0,0,0,0,0,0,0,0,0,0,0,0,0,0,0,0,0,0,0,0,0,0,0
com show_index_statistics,0,0,0,0,0,0,0,0,0,0,0,0,0,0,0,0,0,0,0,0,0,0,0,0,0,0,0,0,0,0,0,0,0,0,0,0,0,0,0,0,0,0,0,0,0,0,0
com show_keys,0,0,0,0,0,0,0,0,0,0,0,0,0,0,0,0,0,0,0,0,0,0,0,0,0,0,0,0,0,0,0,0,0,0,0,0,0,0,0,0,0,0,0,0,0,0,0
com show_master_status,0,0,0,0,0,0,0,0,0,0,0,0,0,0,0,0,0,0,0,0,0,0,0,0,0,0,0,0,0,0,0,0,0,0,0,0,0,0,0,0,0,0,0,0,0,0,0
com show_open_tables,0,0,0,0,0,0,0,0,0,0,0,0,0,0,0,0,0,0,0,0,0,0,0,0,0,0,0,0,0,0,0,0,0,0,0,0,0,0,0,0,0,0,0,0,0,0,0
com show_plugins,0,0,0,0,0,0,0,0,0,0,0,0,0,0,0,0,0,0,0,0,0,0,0,0,0,0,0,0,0,0,0,0,0,0,0,0,0,0,0,0,0,0,0,0,0,0,0
com show_privileges,0,0,0,0,0,0,0,0,0,0,0,0,0,0,0,0,0,0,0,0,0,0,0,0,0,0,0,0,0,0,0,0,0,0,0,0,0,0,0,0,0,0,0,0,0,0,0
com show_procedure_code,0,0,0,0,0,0,0,0,0,0,0,0,0,0,0,0,0,0,0,0,0,0,0,0,0,0,0,0,0,0,0,0,0,0,0,0,0,0,0,0,0,0,0,0,0,0,0
com show_procedure_status,0,0,0,0,0,0,0,0,0,0,0,0,0,0,0,0,0,0,0,0,0,0,0,0,0,0,0,0,0,0,0,0,0,0,0,0,0,0,0,0,0,0,0,0,0,0,0
com show_processlist,0,0,0,0,0,0,0,0,0,0,0,0,0,0,0,0,0,0,0,0,0,0,0,0,0,0,0,0,0,0,0,0,0,0,0,0,0,0,0,0,0,0,0,0,0,0,0
com show_profile,0,0,0,0,0,0,0,0,0,0,0,0,0,0,0,0,0,0,0,0,0,0,0,0,0,0,0,0,0,0,0,0,0,0,0,0,0,0,0,0,0,0,0,0,0,0,0
com show_profiles,0,0,0,0,0,0,0,0,0,0,0,0,0,0,0,0,0,0,0,0,0,0,0,0,0,0,0,0,0,0,0,0,0,0,0,0,0,0,0,0,0,0,0,0,0,0,0
com show_relaylog_events,0,0,0,0,0,0,0,0,0,0,0,0,0,0,0,0,0,0,0,0,0,0,0,0,0,0,0,0,0,0,0,0,0,0,0,0,0,0,0,0,0,0,0,0,0,0,0
com show_slave_hosts,0,0,0,0,0,0,0,0,0,0,0,0,0,0,0,0,0,0,0,0,0,0,0,0,0,0,0,0,0,0,0,0,0,0,0,0,0,0,0,0,0,0,0,0,0,0,0
com show_slave_status,0.888888888888889,1,1,1,1,1,1,1,1,1,1,1,1,1,1,0.8622,0.7621999999999999,0.6622,0.5622,0.4622,0.36219999999999997,0.2622,0.16219999999999998,0.9967881271458634,0.2373598369011213,0.3390020366598778,0.4389864864864865,0.5386868686868687,0.6382708585247884,0.7383892617449666,0.7,0.7,0.6663087248322148,0.5643603133159268,0.46261261261261266,0.36219999999999997,0.2622,0.1624248496993988,0.2419371727748691,0.2,0.2,0.2,0.2,0.2,0.2,0.2,0.1674869109947644
com show_status,1,1,1,1,1,1,1,1,1,1,1,1,1,1,1,0.8622,0.7621999999999999,0.6622,0.5622,0.4622,0.36219999999999997,0.2622,0.16219999999999998,0.9967881271458634,0.2373598369011213,0.3390020366598778,0.4389864864864865,0.5386868686868687,0.6382708585247884,0.7383892617449666,0.7,0.7,0.6663087248322148,0.5643603133159268,0.46261261261261266,0.36219999999999997,0.2622,0.1624248496993988,0.2419371727748691,0.2,0.2,0.2,0.2,0.2,0.2,0.2,0.1674869109947644
com show_storage_engines,0,0,0,0,0,0,0,0,0,0,0,0,0,0,0,0,0,0,0,0,0,0,0,0,0,0,0,0,0,0,0,0,0,0,0,0,0,0,0,0,0,0,0,0,0,0,0
com show_table_statistics,0,0,0,0,0,0,0,0,0,0,0,0,0,0,0,0,0,0,0,0,0,0,0,0,0,0,0,0,0,0,0,0,0,0,0,0,0,0,0,0,0,0,0,0,0,0,0
com show_table_status,0,0,0,0,0,0,0,0,0,0,0,0,0,0,0,0,0,0,0,0,0,0,0,0,0,0,0,0,0,0,0,0,0,0,0,0,0,0,0,0,0,0,0,0,0,0,0
com show_tables,0,0,0,0,0,0,0,0,0,0,0,0,0,0,0,0,0,0,0,0,0,0,0,0,0,0,0,0,0,0,0,0,0,0,0,0,0,0,0,0,0,0,0,0,0,0,0
com show_thread_statistics,0,0,0,0,0,0,0,0,0,0,0,0,0,0,0,0,0,0,0,0,0,0,0,0,0,0,0,0,0,0,0,0,0,0,0,0,0,0,0,0,0,0,0,0,0,0,0
com show_triggers,0,0,0,0,0,0,0,0,0,0,0,0,0,0,0,0,0,0,0,0,0,0,0,0,0,0,0,0,0,0.8614541387024609,0.8166666666666668,0.8166666666666668,0.7773601789709174,0.7901044386422976,0.8095720720720723,0.8451333333333334,0.9177,1.1369739478957914,0,0,0,0,0,0,0,0,0
com show_user_statistics,0,0,0,0,0,0,0,0,0,0,0,0,0,0,0,0,0,0,0,0,0,0,0,0,0,0,0,0,0,0,0,0,0,0,0,0,0,0,0,0,0,0,0,0,0,0,0
com show_variables,1,1.1111111111111112,1.1111111111111112,1,0.888888888888889,1,0.888888888888889,1,0.888888888888889,0.888888888888889,1,1,1,1,0.888888888888889,0.8622,0.6533142857142856,0.6622,0.5622,0.34665,0.24146666666666666,0.2622,0.16219999999999998,1.1075423634954038,0.2373598369011213,0.3390020366598778,0.4389864864864865,0.5386868686868687,0.6382708585247884,0.8614541387024609,0.8166666666666668,0.8166666666666668,0.7773601789709174,0.6772323759791122,0.5782657657657658,0.4829333333333333,0.3933,0.3248496993987976,0,0,0,0,0,0,0,0,0
com show_warnings,0,0,0,0,0,0,0,0,0,0,0,0,0,0,0,0,0,0,0,0,0,0,0,0,0,0,0,0,0,0,0,0,0,0,0,0,0,0,0,0,0,0,0,0,0,0,0
com shutdown,0,0,0,0,0,0,0,0,0,0,0,0,0,0,0,0,0,0,0,0,0,0,0,0,0,0,0,0,0,0,0,0,0,0,0,0,0,0,0,0,0,0,0,0,0,0,0
com signal,0,0,0,0,0,0,0,0,0,0,0,0,0,0,0,0,0,0,0,0,0,0,0,0,0,0,0,0,0,0,0,0,0,0,0,0,0,0,0,0,0,0,0,0,0,0,0
com slave_start,0,0,0,0,0,0,0,0,0,0,0,0,0,0,0,0,0,0,0,0,0,0,0,0,0,0,0,0,0,0,0,0,0,0,0,0,0,0,0,0,0,0,0,0,0,0,0
com slave_stop,0,0,0,0,0,0,0,0,0,0,0,0,0,0,0,0,0,0,0,0,0,0,0,0,0,0,0,0,0,0,0,0,0,0,0,0,0,0,0,0,0,0,0,0,0,0,0
com stmt_close,0.888888888888889,1,1.1111111111111112,1,0.888888888888889,1.1111111111111112,0.888888888888889,1,1,1.1111111111111112,1,0.888888888888889,1,1,0.888888888888889,0.8622,0.6533142857142856,0.6622,0.44976000000000005,0.4622,0.36219999999999997,0.2622,0.16219999999999998,0.9967881271458634,0,0.1695010183299389,0.29265765765765767,0.4040151515151515,0.5106166868198307,0.6153243847874721,0.5833333333333334,0.5833333333333334,0.5552572706935124,0.5643603133159268,0.46261261261261266,0.36219999999999997,0.2622,0.1624248496993988,0,0,0,0,0,0,0,0,0
com stmt_execute,0.888888888888889,1,1.1111111111111112,1,0.888888888888889,1.1111111111111112,0.888888888888889,1,1,1.1111111111111112,1,0.888888888888889,1,1,0.888888888888889,0.8622,0.6533142857142856,0.6622,0.44976000000000005,0.4622,0.36219999999999997,0.2622,0.16219999999999998,0.9967881271458634,0,0.1695010183299389,0.29265765765765767,0.4040151515151515,0.5106166868198307,0.6153243847874721,0.5833333333333334,0.5833333333333334,0.5552572706935124,0.5643603133159268,0.46261261261261266,0.36219999999999997,0.2622,0.1624248496993988,0,0,0,0,0,0,0,0,0
com stmt_fetch,0,0,0,0,0,0,0,0,0,0,0,0,0,0,0,0,0,0,0,0,0,0,0,0,0,0,0,0,0,0,0,0,0,0,0,0,0,0,0,0,0,0,0,0,0,0,0
com stmt_prepare,0.888888888888889,1,1.1111111111111112,1,0.888888888888889,1.1111111111111112,0.888888888888889,1,1,1.1111111111111112,1,0.888888888888889,1,1,0.888888888888889,0.8622,0.6533142857142856,0.6622,0.44976000000000005,0.4622,0.36219999999999997,0.2622,0.16219999999999998,0.9967881271458634,0,0.1695010183299389,0.29265765765765767,0.4040151515151515,0.5106166868198307,0.6153243847874721,0.5833333333333334,0.5833333333333334,0.5552572706935124,0.5643603133159268,0.46261261261261266,0.36219999999999997,0.2622,0.1624248496993988,0,0,0,0,0,0,0,0,0
com stmt_reprepare,0,0,0,0,0,0,0,0,0,0,0,0,0,0,0,0,0,0,0,0,0,0,0,0,0,0,0,0,0,0,0,0,0,0,0,0,0,0,0,0,0,0,0,0,0,0,0
com stmt_reset,0,0,0,0,0,0,0,0,0,0,0,0,0,0,0,0,0,0,0,0,0,0,0,0,0,0,0,0,0,0,0,0,0,0,0,0,0,0,0,0,0,0,0,0,0,0,0
com stmt_send_long_data,0,0,0,0,0,0,0,0,0,0,0,0,0,0,0,0,0,0,0,0,0,0,0,0,0,0,0,0,0,0,0,0,0,0,0,0,0,0,0,0,0,0,0,0,0,0,0
com truncate,0,0,0,0,0,0,0,0,0,0,0,0,0,0,0,0,0,0,0,0,0,0,0,0,0,0,0,0,0,0,0,0,0,0,0,0,0,0,0,0,0,0,0,0,0,0,0
com uninstall_plugin,0,0,0,0,0,0,0,0,0,0,0,0,0,0,0,0,0,0,0,0,0,0,0,0,0,0,0,0,0,0,0,0,0,0,0,0,0,0,0,0,0,0,0,0,0,0,0
com unlock_binlog,0,0,0,0,0,0,0,0,0,0,0,0,0,0,0,0,0,0,0,0,0,0,0,0,0,0,0,0,0,0,0,0,0,0,0,0,0,0,0,0,0,0,0,0,0,0,0
com unlock_tables,0,0,0,0,0,0,0,0,0,0,0,0,0,0,0,0,0,0,0,0,0,0,0,0,0,0,0,0,0,0.8614541387024609,0.8166666666666668,0.8166666666666668,0.7773601789709174,0.7901044386422976,0.8095720720720723,0.8451333333333334,0.9177,1.1369739478957914,0,0,0,0,0,0,0,0,0
com update,0,0,5.444444444444445,32,67.33333333333334,91.66666666666667,126.22222222222221,167.11111111111111,197,235,269.33333333333337,292.11111111111114,295.55555555555554,286.55555555555554,292.77777777777777,250.46909999999997,212.98045714285712,186.18856666666665,151.2318,119.7098,94.41346666666666,67.1232,44.605,274.5597519105106,62.188277268093785,84.24200610997964,115.01445945945946,138.44252525252526,160.97191051995162,186.93554809843403,177.21666666666667,177.21666666666667,168.68715883668906,141.880182767624,118.19752252252253,88.49753333333334,64.37010000000001,41.90561122244489,54.67780104712042,45.2,45.2,45.2,45.2,45.2,45.2,45.2,37.85204188481676
com update_multi,0,0,0,0,0,0,0,0,0,0,0,0,0,0,0,0,0,0,0,0,0,0,0,0,0,0,0,0,0,0,0,0,0,0,0,0,0,0,0,0,0,0,0,0,0,0,0
com xa_commit,0,0,0,0,0,0,0,0,0,0,0,0,0,0,0,0,0,0,0,0,0,0,0,0,0,0,0,0,0,0,0,0,0,0,0,0,0,0,0,0,0,0,0,0,0,0,0
com xa_end,0,0,0,0,0,0,0,0,0,0,0,0,0,0,0,0,0,0,0,0,0,0,0,0,0,0,0,0,0,0,0,0,0,0,0,0,0,0,0,0,0,0,0,0,0,0,0
com xa_prepare,0,0,0,0,0,0,0,0,0,0,0,0,0,0,0,0,0,0,0,0,0,0,0,0,0,0,0,0,0,0,0,0,0,0,0,0,0,0,0,0,0,0,0,0,0,0,0
com xa_recover,0,0,0,0,0,0,0,0,0,0,0,0,0,0,0,0,0,0,0,0,0,0,0,0,0,0,0,0,0,0,0,0,0,0,0,0,0,0,0,0,0,0,0,0,0,0,0
com xa_rollback,0,0,0,0,0,0,0,0,0,0,0,0,0,0,0,0,0,0,0,0,0,0,0,0,0,0,0,0,0,0,0,0,0,0,0,0,0,0,0,0,0,0,0,0,0,0,0
com xa_start,0,0,0,0,0,0,0,0,0,0,0,0,0,0,0,0,0,0,0,0,0,0,0,0,0,0,0,0,0,0,0,0,0,0,0,0,0,0,0,0,0,0,0,0,0,0,0
handler delete,0,0,0,1.1111111111111112,3.3333333333333335,6.111111111111112,7.111111111111112,10,11.11111111111111,12.222222222222223,14.444444444444446,14.444444444444446,15.444444444444446,13.333333333333334,10.555555555555555,9.26865,6.533142857142856,5.518333333333333,4.4976,2.311,2.4146666666666667,0.1311,0,15.948610034333814,3.0856778797145767,4.237525458248473,4.389864864864864,5.521540404040404,7.0209794437726725,7.383892617449665,7,7,6.663087248322148,5.304986945169712,4.047860360360361,3.622,2.4909,0.812124248496994,0,0,0,0,0,0,0,0,0
handler discover,0,0,0,0,0,0,0,0,0,0,0,0,0,0,0,0,0,0,0,0,0,0,0,0,0,0,0,0,0,0,0,0,0,0,0,0,0,0,0,0,0,0,0,0,0,0,0
handler external_lock,113.77777777777779,117.33333333333334,215.33333333333334,642.6666666666667,1178.2222222222222,1546.888888888889,2085.222222222222,2713.5555555555557,3190.222222222222,3807.3333333333335,4357.222222222223,4756.888888888889,4796.444444444444,4674.222222222223,4819.333333333334,4139.314425,3554.029714285714,3120.2864,2539.12008,2025.7070499999998,1561.5649333333336,1130.6064000000001,768.5035999999999,4463.838741831876,1060.0490316004077,1447.3691955193485,1925.6873873873872,2314.3334595959595,2716.0978113663846,3186.764988814318,3021.0833333333335,3021.0833333333335,2875.6774049217006,2418.735430809399,2007.2761261261264,1537.5390000000002,1141.8809999999999,750.0779559118236,835.6509947643979,690.8,690.8,690.8,690.8,690.8,690.8,690.8,578.4997905759162
handler mrr_init,0,0,0,0,0,0,0,0,0,0,0,0,0,0,0,0,0,0,0,0,0,0,0,0,0,0,0,0,0,0,0,0,0,0,0,0,0,0,0,0,0,0,0,0,0,0,0
handler read_first,2.111111111111111,2,2,2,1.8888888888888888,1.8888888888888888,1.8888888888888888,2,2,1.8888888888888888,2.111111111111111,2,2,2.111111111111111,2.111111111111111,1.832175,1.5243999999999998,1.5451333333333332,1.2368400000000002,0.9244,0.8451333333333334,0.7866,0.4866,1.9935762542917268,0.712079510703364,0.6780040733197557,0.877972972972973,1.0773737373737373,1.4041958887545345,2.584362416107383,2.45,2.45,2.332080536912752,2.0316971279373366,1.9661036036036037,1.811,1.7043,1.624248496993988,0.4838743455497382,0.4,0.4,0.4,0.4,0.4,0.4,0.4,0.3349738219895288
handler read_key,206.11111111111114,206,248,370,537.6666666666667,761.2222222222223,881.8888888888889,1022.3333333333334,1128.3333333333335,1261,1382.111111111111,1474,1484.6666666666667,1419,1324.4444444444446,1145.4326999999998,997.1753714285712,904.5652,741.8791200000001,612.76165,469.89413333333334,352.5279,221.88959999999997,1320.3012515228709,352.241997961264,472.3993380855398,675.1612162162162,832.0018686868686,936.8539661426843,1071.279753914989,1015.5833333333334,1015.5833333333334,966.702908277405,815.0491644908616,684.4353603603604,493.9200666666667,331.2897,221.87234468937874,189.4368062827225,156.6,156.6,156.6,156.6,156.6,156.6,156.6,131.1422513089005
handler read_last,0,0,0,0,0,0,0,0,0,0,0,0,0,0,0,0,0,0,0,0,0,0,0,0,0,0,0,0,0,0,0,0,0,0,0,0,0,0,0,0,0,0,0,0,0,0,0
handler read_next,0,0,27.555555555555554,93.22222222222223,232,427.55555555555554,474.2222222222223,582.3333333333334,629.3333333333334,675.4444444444445,743,769.3333333333334,798.1111111111111,732.2222222222223,562.5555555555555,500.399325,399.6105714285714,358.3605666666666,318.43008,256.9832,209.9552666666667,116.5479,37.7926,694.2075534389191,177.30779816513763,232.89439918533608,353.9694369369369,451.419595959596,493.5110278113663,515.7648993288591,488.95,488.95,465.4166442953021,388.73138381201045,325.79493243243246,213.93946666666665,109.99289999999999,52.78807615230461,10.88717277486911,9,9,9,9,9,9,9,7.536910994764398
handler read_prev,0,0,0,0,0,0,0,0,0,0,0,0,0,0,0,0,0,0,0,0,0,0,0,0,0,0,0,0,0,0,0,0,0,0,0,0,0,0,0,0,0,0,0,0,0,0,0
handler read_rnd,98,98,98,98,87.11111111111111,98,98,98,98,98,98,98,98,98,98,84.4956,74.69559999999998,75.71153333333334,55.095600000000005,45.2956,35.4956,38.5434,31.791199999999996,97.68523646029462,23.261264016309887,33.22219959266803,43.020675675675676,52.79131313131313,62.55054413542926,84.42250559284118,80.03333333333333,80.03333333333333,76.1812975391499,66.36877284595299,56.67004504504505,47.327466666666666,38.5434,31.83527054108216,23.70984293193717,19.6,19.6,19.6,19.6,19.6,19.6,19.6,16.413717277486914
handler read_rnd_next,3463.2222222222226,3624,3732.5555555555557,3526.4444444444443,3241.5555555555557,3556.666666666667,3267.7777777777783,3524,3383.4444444444443,3398.111111111111,3595,3495.666666666667,3502.888888888889,3519.666666666667,3306.2222222222226,3067.7076,2470.9435142857137,2396.2810666666664,1948.13544,1450.73025,1086.3585333333335,1001.6039999999999,660.3162,3679.0342230590322,188141.1384811417,274288.58187372715,353947.04862612614,431615.71593434346,512647.79234582826,497662.7943176734,471789.0333333334,471789.0333333334,449081.6417002237,366976.98681462137,280539.1596846847,196198.78993333335,109987.52489999999,4547.083667334669,297.582722513089,246,246,246,246,246,246,246,206.00890052356021
handler update,0,0,5.444444444444445,40.88888888888889,96.88888888888889,147,191.88888888888889,268.22222222222223,306.55555555555554,353.8888888888889,408.6666666666667,431.55555555555554,445.88888888888886,427.2222222222223,408.8888888888889,353.0709,281.90511428571426,247.66279999999998,204.41592,153.10375,129.1846666666667,81.5442,46.389199999999995,454.86764868756234,118.44255861365953,142.55035641547863,185.69128378378377,222.47767676767677,261.43574365175334,291.29456375838924,276.15,276.15,262.85879194630877,210.84501305483028,176.48671171171173,132.5652,93.7365,51.813527054108214,59.5165445026178,49.2,49.2,49.2,49.2,49.2,49.2,49.2,41.20178010471204
handler write,1187.888888888889,1255.5555555555557,1290,1360.111111111111,1466.6666666666667,1644.2222222222222,1753.7777777777778,2018.4444444444446,2105.4444444444443,2306,2545.3333333333335,2671,2683.222222222222,2644,2634.1111111111113,2320.1802,1957.5473714285713,1768.2947333333334,1463.29416,1118.40845,850.6870666666667,670.7076,441.34619999999995,2628.198028574593,612.388379204893,854.1156313645622,1131.5608333333334,1367.7259595959597,1613.42107617896,1954.5163758389263,1852.9,1852.9,1763.7191946308728,1501.4241775456917,1254.0271396396397,983.8559333333335,750.6786,526.7437875751502,410.5673821989529,339.4,339.4,339.4,339.4,339.4,339.4,339.4,284.2252879581152
handler total commit,0,0,21.666666666666668,124.22222222222221,253.11111111111114,338,468.2222222222223,617.5555555555555,731.4444444444445,878.8888888888889,1009.5555555555557,1106.5555555555557,1116.2222222222222,1085.7777777777778,1123.2222222222222,963.185175,826.7692285714286,724.8882666666666,589.29804,469.71075,361.8378,260.4957,178.5822,1029.460626868978,244.0059123343527,331.88299389002043,438.5475,526.0277272727274,614.6548367593712,718.5758165548099,681.2166666666667,681.2166666666667,648.4294407158837,543.0274934725848,448.84988738738747,343.12413333333336,253.4163,166.32304609218437,196.93685863874344,162.8,162.8,162.8,162.8,162.8,162.8,162.8,136.3343455497382
handler total prepare,0,0,0,0,0,0,0,0,0,0,0,0,0,0,0,0,0,0,0,0,0,0,0,0,0,0,0,0,0,0,0,0,0,0,0,0,0,0,0,0,0,0,0,0,0,0,0
handler total rollback,0,0,0,0.22222222222222224,0.6666666666666667,0.888888888888889,1.1111111111111112,1.5555555555555558,1.5555555555555558,1.777777777777778,2.4444444444444446,3.1111111111111116,3.3333333333333335,3.1111111111111116,3.3333333333333335,3.0177,2.6132571428571425,2.6488,2.4736800000000003,1.8488,1.2073333333333334,0.7866,0.6487999999999999,8.417321962565069,1.424159021406728,2.7120162932790226,3.511891891891892,4.040151515151516,5.616783555018138,6.153243847874721,5.833333333333334,5.833333333333334,5.552572706935124,4.966370757180156,3.9322072072072074,3.139066666666667,2.622,0.9745490981963927,0.9677486910994764,0.8,0.8,0.8,0.8,0.8,0.8,0.8,0.6699476439790576
handler total savepoint,0,0,0,0,0,0,0,0,0,0,0,0,0,0,0,0,0,0,0,0,0,0,0,0,0,0,0,0,0,0,0,0,0,0,0,0,0,0,0,0,0,0,0,0,0,0,0
handler total savepoint_rollback,0,0,0,0,0,0,0,0,0,0,0,0,0,0,0,0,0,0,0,0,0,0,0,0,0,0,0,0,0,0,0,0,0,0,0,0,0,0,0,0,0,0,0,0,0,0,0
cpu System,99.61111111109253,99.61111111110263,99.49999999999919,99.16666666665859,98.88888888888485,98.61111111111111,98.3611111111006,98.1111111111103,97.6944444444497,97.38888888889252,97.08333333332526,96.99999999999514,97.11111111111879,97.08333333334545,97.19444444444889,97.24999999999555,97.4932593749914,97.38975896923611,97.67216445619724,97.27838258164974,97.30555555557252,97.22222222221212,97.4755916666533,97.08398133748258,97.08333333333535,97.19663363343672,96.91563854617033,97.60833333333419,97.62830213394388,97.80682499998447,97.22345624167036,97.28057014252744,97.28057014252744,97.0843052316016,97.15731600650939,97.19506776272384,97.69453781513565,97.90000000000873,97.0308788598552,97.10982658961316,97.08333333334545,97.24882092325127,97.19350894742126,97.2805701425388,97.27717270504678,97.75177754752372,97.72500000000339,97.19350894744147,97.24999999998545,97.27777777776888,97.841666666662,97.86025476190014,97.13984227480053,97.13888888890223,97.19444444444889,97.48274166666376,97.24999999999555,97.05555555555192,97.30347291665998,97.81029523807888,97.48057374193029,97.16572190729111,97.11111111109858,96.41865630206209,95.80555555556,95.25000000000242,94.80555555554828,94.41109576246893,93.69234189175059,93.27777777777251,93.3333333333394,93.4166666666695,93.96887159532548,94.78935937499385,95.00166611129825,95.58333333336324,96.08333333334384,96.55555555556121,96.97222222223192,97.21789375000124,96.83403688068469,96.97222222221171,97.57916666665096,97.0277777777786,96.8888888888614,97.18872708332414,97.44810357141021,97.76057499998416,98.39999999998933,97.0846290537559,96.97222222223192,96.93635113167575,96.93635113167575,96.9173516996308,97.9828469163,97.93750000000045,97.36901801028735,96.78387650085243,96.83227742580011,96.87617143570024,97.39379685490057,96.90663667041119,96.91598132918264,96.88888888888161,96.90547636909864,96.97154923317262,97.16802785420116,96.97121262644075,97.68941459605801,97.41618497562075,97.40784434788537,97.11175294379795,97.416652086989,97.11207375319096,97.05555555555192,97.08333333334545,97.27478645834168,96.9173516996207,96.87578105473632,96.93788276465578,96.93788276465578
cpu User,6.8611111111143455,6.861111111094134,6.999999999991108,7.277777777785054,7.3888888888783795,7.7222222222189885,8.138888888909909,8.333333333333332,8.805555555530495,9.194444444417766,9.49999999997494,9.722222222262644,9.805555555532111,9.833333333335759,9.666666666655347,9.555555555521602,8.703178124990163,9.524602910162077,8.573247978448222,9.8311486336596,9.749999999985448,9.722222222242435,9.093607291661657,10.192179515678543,10.305555555553129,9.525724490459723,10.308991886202074,8.195833333368986,8.127403662986673,7.201912500022427,9.745668591742664,9.408602150566745,9.408602150566745,9.802288126197134,9.777583406191754,9.914463452565286,7.6848739496011325,7.000000000019405,10.032504063005149,10.00444642060713,10.055555555502199,9.611261969397786,9.530954762679267,9.189797449346877,9.11313625249732,7.321134652949017,7.408333333335881,9.169723241088446,9.111111111107878,9.055555555561215,7.350000000011882,7.286700000011782,9.496834388512102,9.611111111088476,9.555555555541813,8.781798958290873,9.555555555541813,9.722222222262644,9.036234375025046,7.721590476212279,8.718913342549575,9.808825163960519,9.749999999985448,16.18545252639928,24.750000000029914,33.38888888892042,42.0277777777705,49.906948894889105,56.213182171864176,56.13888888884605,56.138888888866255,56.27777777778344,50.05558643691506,40.95281875002295,33.044540708636504,24.08333333330827,15.722222222231924,10.249999999966047,10.361111111099794,9.31153928571098,10.358809153510123,10.22222222220282,8.283333333323146,10.111111111089283,10.361111111140215,9.581277083344187,8.35966071430279,7.353787500044919,5.23333333338087,10.023322967591787,10.083333333326058,10.285106915073145,10.285106915073145,10.46989557877159,6.357088506190549,6.49999999998272,8.360676100630632,10.220125786165601,10.225630765791417,10.277395976488807,8.477649311014797,10.154980627398839,10.113358524094638,10.194444444480018,10.002500625192678,9.835519004245802,8.724762671468401,9.586528842979998,7.1314364319402195,7.976124640500812,8.001871795684037,9.247944901117725,8.374589388338276,9.718982561368431,9.805555555532111,9.944444444429083,9.122293750000834,10.358809153530329,10.59110222444207,10.186226721711627,10.186226721711627
cpu Iowait,0.11111111111101006,0.11111111111101006,0.13888888888939419,0.16666666666777827,0.27777777777752516,0.38888888888853523,0.4166666666669193,0.44444444444277703,0.44444444444277703,0.5555555555556819,0.5555555555556819,0.583333333334066,0.5555555555556819,0.5000000000020717,0.4444444444446718,0.47222222222305604,0.4506500000027922,0.49983338887181605,0.39743533674835774,0.444345700956202,0.4166666666669193,0.47222222222052956,0.43029687499765185,0.4721173072665171,0.47222222221989796,0.45769246800842045,0.5001667222390284,0.4374999999989389,0.433847170619125,0.4149249999982748,0.4720124389181333,0.4376094023487681,0.4376094023487681,0.47206486726666874,0.46857428464212225,0.44434570095746495,0.36594637855108775,0.3333333333330303,0.5000625078116007,0.5002223210304827,0.5277777777772978,0.46448477919065945,0.4445926419932661,0.4688672168016424,0.5001111358068708,0.4035271068562626,0.40833333333428823,0.5001667222415556,0.49999999999891365,0.5000000000014401,0.437499999999602,0.43373214285674844,0.5276019104757007,0.49999999999891365,0.47222222222116117,0.4004729166663024,0.4166666666669193,0.44444444444467185,0.4016104166656492,0.3745547619031111,0.4246224030436124,0.44459264199200255,0.4166666666688141,0.4164353137142242,0.3888888888879036,0.3611111111095195,0.3055555555559093,0.2246795673394631,2.417472490831869,5.1388888888899,5.19444444444351,5.250000000000279,5.252918287938021,5.323303125000281,5.35932466955477,5.416666666667425,5.41666666666553,3.2777777777779544,0.5555555555537871,0.48261026785670397,0.5276605198827272,0.6111111111124501,0.5250000000015121,0.6388888888908342,0.6111111111105554,0.5737291666674494,0.5279785714280912,0.4842000000009357,0.3666666666670911,0.5830741892493236,0.5555555555537871,0.5627110166300141,0.5627110166300141,0.583203732503989,0.39731803163968893,0.40625000000176215,0.4969632647242407,0.607489994284332,0.5835278426155696,0.5622891415742403,0.4493453698424501,0.6249218847645466,0.6112469437640936,0.5833333333315397,0.5938984746181146,0.5834629917741561,0.5435098057599993,0.6113148827368711,0.39936044018893774,0.4212741887591785,0.42263407371604006,0.4721173072671486,0.4542150176756762,0.5553704320783224,0.5555555555550503,0.5555555555550503,0.48766979166752766,0.49988891357367504,0.5311172206929224,0.5624296962860316,0.5624296962860316
cpu Total,89.63888888764713,89.75000000144873,89.27777777684646,88.47222222377442,87.88888889054458,87.30555555214072,86.22222222232571,85.61111111193895,84.50000000238005,83.49999999886172,82.63888888630188,82.22222222377444,82.24999999834432,82.11111110997282,82.5277777802613,82.91666666821888,74.5825750012591,83.0834166361051,75.68304341271484,82.56498555741977,82.66666666604578,82.66666666604578,75.76093645876078,82.14841145915312,81.86111111038676,74.54666072843119,81.58274980642236,67.02500000130385,66.46538654030411,58.26732500044163,82.26899155899669,82.39559890368405,82.39559890368405,82.05598133903625,82.18792952514751,82.03732503898371,59.46628651460585,54.16666666666667,81.91648956107872,81.92530013204679,81.88888889013066,82.3567243130808,82.61087029133888,82.98949737667247,83.07401644913462,67.04314646688945,67.84166666601475,83.16661109175828,83.30555555617644,83.38888888764713,68.07499999956538,67.48872142814055,82.86126846306693,82.74999999751648,82.86111111131807,75.74659166794542,82.52777778026132,82.27777778067524,75.44538541880397,66.55550000160999,74.36553685447656,82.08291653042285,82.11111111255984,75.20821765644361,66.02777777653601,57.194444441443515,48.249999997723435,30.135146970431443,30.565744139522405,27.611111109662385,27.555555555348597,27.361111112663316,33.879933297414624,34.33389687615418,54.20415417217674,61.111111111111114,70.24999999492947,78.16666666314835,81.1666666685293,73.72581562425971,81.20417684762329,81.47222222242918,64.02083333387661,79.47222222315354,81.61111111080068,74.81428333621871,67.34659999989073,59.82896249864715,44.16666666666666,82.574411370758,82.22222222118742,81.8119294704082,81.8119294704082,81.50966452054763,49.48137640578083,50.59375000419095,66.62231060889205,81.4393939428551,81.33266644571604,81.50068724181865,68.48023436484844,81.55230596059077,81.62925094434385,81.49999999699907,81.52038009234552,81.87930651183383,75.31901676958144,82.05512948833159,66.20825583402673,74.4812765738248,74.72170423420182,82.67607198276205,75.17258542634137,82.44474064314613,82.05555555565904,82.02777777591514,75.5314447918804,81.48189291227223,81.32341914311874,81.95850518824845,81.95850518824845
network receive eth0,783812.4444444445,783300.4444444445,1029448,1564560.888888889,1958520.8888888888,2391800.888888889,3049146.666666667,3573498.666666667,4145070.2222222225,4662247.111111111,5174497.777777778,5458907.555555556,5391063.111111111,5472824.888888889,5444551.111111111,5257114.666666667,4716496.5909,5130414.30634233,4634034.253683439,5042522.994890024,4979135.111111111,4981275.555555556,4569627.969033333,4994568.3181515215,4989162.666666667,4540734.9366429085,4959758.141602756,4048720.666666667,4014916.584833762,3528634.1112,4979872.056863616,4970504.626156539,4970504.626156539,4978920.8041763855,4979253.779832562,4985374.805598755,3638026.9394157664,3313806.9333333336,4981652.706588324,4968815.473543798,4980487.111111111,4979547.806202659,4967722.574191397,4972666.166541635,4971184.707712825,3998454.6388452193,4046078.4,4978134.04468156,4982743.111111111,4978359.111111111,4077794.9333333327,4042675.9647238096,4981264.02310341,4980700.444444445,4975188.444444445,4532313.560133332,4968631.111111111,4977524.444444445,4568007.757866667,4007317.3730285717,4505634.575372907,4972896.743358897,4970161.777777778,4978826.873958911,4963497.777777778,4967913.777777778,4993632,4465685.245773416,4985432.477492498,4965429.333333334,4973236.444444445,4981724.444444445,4974822.456920511,4503071.4548,5102992.335888037,4950846.222222222,4987178.666666667,4980303.111111111,4985073.777777778,4524635.916428572,4977567.65163297,4975070.222222222,3926585.6,4847995.555555556,4973789.333333334,4558560.044933333,4069775.218514286,3606024.3011999996,2642755.2,4977196.801421591,4981782.222222222,4979788.420657747,4979788.420657747,4981121.528549211,3029105.728554265,3097202,4058676.765809034,4961343.62492853,4966096.254306992,4970651.005872797,4171995.615593317,4962557.680289963,4971111.802622804,4973082.666666667,4975887.971992997,4942358.746388086,4551741.5251135845,4983358.897410248,3981746.8199024075,4473515.778054271,4487956.41309241,4982037.769384581,4529551.160581282,4981948.23947573,5013188.444444445,4973415.111111111,4556025.538966666,4987447.233948011,4995224.193951512,4970169.728783903,4970169.728783903
network receive lo,1498094.2222222222,1498048,1498973.3333333335,1500370.6666666667,1500856,1502040.888888889,1503432,1504315.5555555555,1505364.4444444445,1506391.1111111112,1507492.4444444445,1508625.7777777778,1509046.2222222222,1512113.7777777778,1512504,1513803.5555555555,1365206.3204,1526593.3577696322,1389544.7649559984,1536410.5754276826,1537811.5555555555,1539391.1111111112,1414178.1381666665,1545414.7967118418,1550139.5555555555,1421352.0593972742,1552566.4110258976,1267823.2,1257237.732952272,1107362.2724,1553516.65926255,1558614.653663416,1558614.653663416,1548176.385649228,1541157.0661002123,1537365.9186847366,1121815.942376951,1021840.0000000002,1541766.7208401053,1546367.274344153,1540384,1547704.444762041,1548387.240191175,1560191.0477619404,1568275.616803734,1277157.297937211,1292368.9333333333,1590931.1992886518,1590115.5555555555,1589853.3333333335,1307498.2666666664,1296237.7713904763,1593211.151838276,1593423.1111111112,1593415.1111111112,1460964.5607666667,1600861.3333333335,1608780.4444444445,1486124.6936333333,1317168.7260190477,1475799.959727755,1629857.0634655997,1630415.1111111112,1631153.359244864,1627751.1111111112,1625083.5555555555,1613336.888888889,1444711.1872202079,1601276.8700678004,1590681.7777777778,1582100.4444444445,1576265.7777777778,1573762.3123957755,1411773.7875,1569654.5595912472,1577051.5555555555,1585656,1598314.6666666667,1621262.2222222222,1480547.4646285714,1641622.7504998888,1650989.3333333335,1358338.8,1660752,1660668.4444444445,1527804.0521666664,1367377.2075428572,1202506.8264,880897.0666666667,1636210.573078632,1635749.3333333335,1638820.5577091412,1638820.5577091412,1645196.1786269718,1023885.3889867843,1046903,1353786.8671012006,1654874.7855917667,1656513.9490941425,1651144.8206922403,1381149.1486934172,1644959.3800774904,1646782.8406312515,1639599.1111111112,1643130.7826956739,1628288.0640142255,1469337.4531282566,1595430.4768256084,1247937.9343310397,1398952.047817932,1403467.904464174,1541650.299933348,1390853.622480094,1529442.1859380207,1540420.4444444445,1559022.2222222222,1436431.4860999999,1599036.6585203286,1609423.6440889775,1426491.6885389327,1426491.6885389327
network transmit eth0,752483.5555555556,751995.5555555556,999763.5555555556,1537157.3333333335,1933292.4444444445,2378865.777777778,3027506.666666667,3553603.555555556,4127232.888888889,4646893.333333334,5164344.888888889,5478384.888888889,5467638.222222222,5573167.111111111,5577208.888888889,5427713.777777778,4890342.038799999,5483045.207153171,4994395.005372984,5566994.8900244385,5564987.555555556,5597016.888888889,5181144.315566666,5823473.005998666,5893989.333333334,5421247.3681380525,5912605.535178393,4865304.266666668,4824682.263541964,4262198.7496,5980896.49044869,5905961.490372593,5905961.490372593,5872930.356547818,5837419.967512183,5817700.955343257,4206615.100440176,3831722.666666667,5765378.672334042,5732642.063139173,5714450.666666667,5710218.665142204,5688095.142825386,5692076.019004751,5712428.5396754835,4579577.945405173,4634123.2,5724509.947760364,5745423.111111111,5718432.888888889,4695192.133333333,4654755.988838095,5775506.8310563145,5761312.888888889,5745352.888888889,5240547.396,5745301.333333334,5763039.111111111,5331048.2722333325,4649491.858057143,5224415.4503010055,5785319.550961432,5779620.444444445,5759399.444752915,5691253.333333334,5633666.666666667,5559926.222222222,4875742.53181193,5419774.59153051,5336833.777777778,5287550.222222222,5287122.666666667,5334607.226236799,4816556.213,5570985.671442852,5519481.777777778,5637329.777777778,5702242.666666667,5761895.111111111,5267704.018971428,5841782.714952232,5826699.555555556,4625600,5727919.111111111,5849593.777777778,5366293.602399999,4789657.34,4263460.4088,3110592,5901209.240337628,5928683.555555556,5941997.248968364,5941997.248968364,5992272.828260386,3658184.6248698444,3740423,4823808.424128073,5896643.796455117,5911925.308436146,5911475.196801199,4942351.400442668,5783948.006499188,5821568.348521894,5830910.222222222,5861295.3238309575,5776174.260946877,5213320.426076446,5671231.743914639,4496668.935535638,5055510.451075404,5071829.781324247,5579235.725394356,5035265.0769593315,5605643.452182606,5670058.666666667,5652716.444444445,5210855.224699999,5663673.850255499,5672493.876530866,5697339.832520935,5697339.832520935
network transmit lo,1498094.2222222222,1498048,1498973.3333333335,1500370.6666666667,1500856,1502040.888888889,1503432,1504315.5555555555,1505364.4444444445,1506391.1111111112,1507492.4444444445,1508625.7777777778,1509046.2222222222,1512113.7777777778,1512504,1513803.5555555555,1365206.3204,1526593.3577696322,1389544.7649559984,1536410.5754276826,1537811.5555555555,1539391.1111111112,1414178.1381666665,1545414.7967118418,1550139.5555555555,1421352.0593972742,1552566.4110258976,1267823.2,1257237.732952272,1107362.2724,1553516.65926255,1558614.653663416,1558614.653663416,1548176.385649228,1541157.0661002123,1537365.9186847366,1121815.942376951,1021840.0000000002,1541766.7208401053,1546367.274344153,1540384,1547704.444762041,1548387.240191175,1560191.0477619404,1568275.616803734,1277157.297937211,1292368.9333333333,1590931.1992886518,1590115.5555555555,1589853.3333333335,1307498.2666666664,1296237.7713904763,1593211.151838276,1593423.1111111112,1593415.1111111112,1460964.5607666667,1600861.3333333335,1608780.4444444445,1486124.6936333333,1317168.7260190477,1475799.959727755,1629857.0634655997,1630415.1111111112,1631153.359244864,1627751.1111111112,1625083.5555555555,1613336.888888889,1444711.1872202079,1601276.8700678004,1590681.7777777778,1582100.4444444445,1576265.7777777778,1573762.3123957755,1411773.7875,1569654.5595912472,1577051.5555555555,1585656,1598314.6666666667,1621262.2222222222,1480547.4646285714,1641622.7504998888,1650989.3333333335,1358338.8,1660752,1660668.4444444445,1527804.0521666664,1367377.2075428572,1202506.8264,880897.0666666667,1636210.573078632,1635749.3333333335,1638820.5577091412,1638820.5577091412,1645196.1786269718,1023885.3889867843,1046903,1353786.8671012006,1654874.7855917667,1656513.9490941425,1651144.8206922403,1381149.1486934172,1644959.3800774904,1646782.8406312515,1639599.1111111112,1643130.7826956739,1628288.0640142255,1469337.4531282566,1595430.4768256084,1247937.9343310397,1398952.047817932,1403467.904464174,1541650.299933348,1390853.622480094,1529442.1859380207,1540420.4444444445,1559022.2222222222,1436431.4860999999,1599036.6585203286,1609423.6440889775,1426491.6885389327,1426491.6885389327
Reads completed vda,0,0,0,0,0,0.11111111111111112,0.11111111111111112,0.33333333333333337,0.4444444444444445,0.5555555555555556,0.5555555555555556,0.6666666666666667,0.7777777777777779,0.7777777777777779,0.6666666666666667,0.6666666666666667,0.45065,0.3332222592469177,0.22710590671355382,0.2221728504776716,0.4444444444444445,0.33333333333333337,0.3442375,0.4443457009553432,0.6666666666666667,0.8009618190154641,1.6672224074691564,1.75,1.7353886824807088,1.4225999999999999,1.9991115059973346,2.250562640660165,2.250562640660165,1.8882594690658667,1.9992502811445707,0.8886914019106864,0.2927571028411365,0.2666666666666667,0.5000625078134767,0.5558025789239662,0.5555555555555556,0.5716735743890239,0.44459264199177506,0.5001250312578145,0.5556790397866193,0.34588037730455906,0.35,0.5557408024897188,0.4444444444444445,0.33333333333333337,0.35,0.34698571428571434,0.6664445184938353,1,1,1.2586291666666667,1.2222222222222223,1.2222222222222223,1.2622041666666666,1.1524761904761907,1.2455590489290627,1.333777925975325,0.888888888888889,14.658523042754023,23.88888888888889,34.77777777777778,43.66666666666667,54.26011551206703,59.57541402689785,59.44444444444444,59.44444444444444,59.777777777777786,46.02556976097832,36.8406375,26.102410307675218,17.555555555555557,7.333333333333334,1.5555555555555558,1.6666666666666667,1.589775,1.4441235281048654,1.777777777777778,1.1666666666666667,1.6666666666666667,1.3333333333333335,1.37695,1.2906142857142857,1.2105,1.0666666666666667,1.7769880053309641,1.5555555555555558,1.375515818431912,1.375515818431912,1.8884692290602085,1.1002653183820585,1.125,1.0523927958833619,1.2864493996569466,1.444926086473269,1.499437710858428,1.198254319577324,1.249843769528809,1.44476550344521,1.4444444444444444,1.625406351587897,2.000444543231829,1.6019236380309283,1.7783705679671002,1.4833387778435656,1.6850967550331375,1.6905362948605727,1.5552099533437012,1.589752561859535,1.6661112962345885,1.1111111111111112,1.2222222222222223,1.0327125,0.9997778271495223,0.8747813046738315,0.9998750156230471,0.9998750156230471
Writes completed vda,16.333333333333336,16.666666666666668,25.555555555555557,70,92.77777777777779,136.88888888888889,159.55555555555557,186.66666666666669,208.11111111111114,226,244.8888888888889,275.22222222222223,246.33333333333334,241.33333333333334,215.66666666666669,233.33333333333334,208.08763749999997,214.7062090414306,200.1938567679977,239.28015996445234,215.11111111111114,229.55555555555557,216.75487916666665,232.50388802488334,212.33333333333334,214.65776749614443,240.96921195954206,184.91666666666669,183.37273744879488,170.9491,214.34917814304754,217.1792948237059,217.1792948237059,221.59280239920025,216.04398350618516,214.95223283714728,169.35998399359747,154.26666666666668,222.90286285785723,229.65762561138285,230.55555555555557,231.24196084036015,222.96320995887518,204.17604401100274,215.71460324516562,168.90491758372633,170.91666666666669,224.07469156385463,216,225,190.9833333333333,189.3385380952381,231.0340997445296,219.66666666666669,225.44444444444443,180.09839166666666,198.22222222222223,201.11111111111114,174.18417499999998,152.47260000000003,178.11494399685597,190.39679893297767,192.22222222222223,221.4325374791782,262.33333333333337,286.55555555555554,327.33333333333337,333.5368177128924,357.00789151939534,353.22222222222223,353.44444444444446,347.33333333333337,313.1739855475264,265.207525,266.13351105187155,217.22222222222223,188.77777777777777,187.33333333333334,182.77777777777777,170.6737017857143,191.7351699622306,197.55555555555557,152.6,194.66666666666669,201.88888888888889,192.4287625,169.77444285714284,153.85455,117.46666666666665,203.24300310972905,214.33333333333334,210.57896711266727,210.57896711266727,212.39724505665407,148.16906287545055,151.5,195.51119496855347,238.99371069182388,229.52095142825388,219.54267149818816,186.6880229901471,223.22209723784528,223.7163814180929,226.8888888888889,233.183295823956,223.7163814180929,208.82218852903173,228.18717350227854,177.43013842667264,197.38099990621487,198.01815133800173,209.50899800044436,182.59443710500943,202.26591136287902,211.22222222222223,202.11111111111114,182.5606208333333,220.39546767385022,222.6943264183954,235.34558180227472,235.34558180227472
Read time vda,NaN,NaN,NaN,NaN,NaN,0.0010000000038417056,0.0010000000038417056,0.00033333333461390186,0.0005000000001018634,0.0004000000000814907,0.0004000000000814907,0.0005000000007081932,0.0004285714291784513,0.0004285714291784513,0.00033333333340124227,0.00033333333340124227,0.0005000000001018634,0.0003333333346139019,0.0005000000019208528,0.0005000000019208528,0.000249999999141437,0.0003333333321885827,0.0003333333321885827,0.000499999998282874,0.0004999999994955335,0.00042857142813902883,0.0005333333329569237,0.0005333333329569238,0.0005333333329569238,0.0005833333331490091,0.0006111111110335009,0.0005555555556687372,0.0005555555556687372,0.0005882352942374865,0.0006250000001273293,0.0006250000005820767,0.0005000000019208528,0.0005000000019208527,0.0005000000001018634,0.00040000000008149077,0.0004000000000814907,0.000249999999141437,0.000249999999141437,0.00024999999914143695,0.0004000000000814907,0.0003333333346139019,0.0003333333346139019,0.0004000000000814907,0.0005000000001018634,0.0006666666668024845,0.0006666666668024844,0.0006666666668024845,0.0005000000007081933,0.00033333333299702243,0.00033333333299702243,0.00045454545430733225,0.0004545454543073323,0.0004545454543073323,0.00045454545430733225,0.0004999999997380655,0.0004545454543073323,0.00041666666644838796,0.0005000000001018634,0.002500000000013229,0.0027302325581712106,0.0026230031948995232,0.0029312977099284036,0.00298136645963215,0.0030000000000003258,0.0030056074766358406,0.003007476635507926,0.0029925650557631636,0.0031014492753614754,0.003131498470940714,0.0033702127659628964,0.0029303797468568102,0.0026363636363495252,0.00042857142865874,0.00046666666651920725,0.00042857142865874006,0.0004615384616324894,0.00043749999986175675,0.0004999999997380655,0.00046666666651920725,0.00041666666644838796,0.0004166666664483879,0.0004545454543073323,0.00040000000008149077,0.00037499999962165015,0.00037500000007639755,0.00042857142865874,0.0003636363637104461,0.0003636363637104461,0.00041176470575224176,0.0004444444437265499,0.00044444444372654997,0.00044444444372654997,0.00044444444372654997,0.0004615384610728002,0.00041666666644838796,0.0004999999997380655,0.0004000000000814907,0.0004615384616324893,0.0004615384616324893,0.0004615384616324893,0.0004444444445349897,0.00042857142865874016,0.0004375000003165041,0.0004615384616324893,0.0004666666670042711,0.0004666666670042711,0.0003571428574754724,0.0003571428574754723,0.0004000000000814907,0.0004000000000814907,0.0003636363637104461,0.0003333333329970224,0.0004444444445349897,0.0004285714281390288,0.0004999999991923687,0.0004999999991923687
Write time vda,0.0005986394557062865,0.0005866666665921608,0.0005434782608695652,0.000747619047603895,0.0008419161676749877,0.0009943181818229065,0.000977019498601081,0.0009607142857151171,0.000945541911360818,0.0009203539823023731,0.0009119782214198337,0.0009144125958760056,0.0009124943617440216,0.000883057090241769,0.0007887686759341192,0.000788571428579633,0.0007801840823068339,0.0007640972581549428,0.0007782189449818643,0.0007804085422387672,0.0007572314049663746,0.0008020329138463307,0.0008057173107449476,0.0007931199235563748,0.0007802197802093023,0.0007894456289977437,0.0007905904059073883,0.0007924290220965617,0.0007924290220965617,0.0008141470180298673,0.0007497409326500873,0.0007472654001207709,0.0007472654001207709,0.0007248120300733207,0.0007223828802669789,0.0007478036175635992,0.0007502160760481071,0.0007502160760481071,0.0007605159842959997,0.0007579864472369884,0.0007546987951766833,0.0007867737948180468,0.0007951146560324846,0.0007654623392529088,0.0007650695517852312,0.000751535836174137,0.0007515358361741369,0.0007589285714279939,0.0007479423868301978,0.0007644444444492736,0.0007489309713037352,0.000748930971303735,0.0008427884615370062,0.000833080424884778,0.000821586988657826,0.0008157560355686778,0.0008004484304850514,0.0008049723756877777,0.000803030303018953,0.0006130007558700418,0.0006306420851865036,0.0006269702276668113,0.0006416184971017515,0.0011609829488477075,0.0014074544684472502,0.001531989143079074,0.0015678886625954014,0.001700572583361087,0.005128580323785224,0.015818496382513737,0.01580572147124183,0.01605950095968977,0.01737451189209006,0.020344095157185205,0.019771285475794254,0.023851662404094455,0.027111241906990144,0.02063701067615327,0.0005428571428461029,0.0005455755156206794,0.0005469293163486067,0.0005506186726614644,0.0005542813455701994,0.000615296803657885,0.0006147495872308036,0.0006261180679889458,0.000617829993089311,0.0006294256491089396,0.0006662883087395396,0.0006169398907028759,0.0006428201140439019,0.0006068883610434716,0.0006068883610434716,0.0006286610878609943,0.0006749174917485987,0.0006749174917485986,0.0006561004784741912,0.0006561004784741911,0.0006537530266372013,0.0006448491747305804,0.000640564826695967,0.0005968645016750381,0.0005976154992591231,0.0006013712047026415,0.0006005361930269937,0.0005911574764045347,0.0005802739726073325,0.0005884072089689583,0.0006096463022533493,0.0006089926010284491,0.0006089926010284491,0.0006145281017948561,0.0006069651741263125,0.0007413509060987484,0.0007453971593828136,0.0007542605827394319,0.0007686989314884585,0.0007580645161367778,0.0007755331088733669,0.0007519915029195108,0.0007519915029195108
IO time vda,0.011444444444754885,0.01166666666661816,0.017555555555494116,0.02788888888891153,0.036222222221921486,0.048777777777609624,0.05888888888916376,0.06833333333310697,0.07666666666652115,0.08566666666633359,0.09366666666675075,0.09744444444448971,0.09500000000035572,0.09344444444448326,0.08800000000014228,0.08699999999993856,0.07762446250023936,0.08319449072529114,0.07505850216883615,0.08809153521415755,0.08677777777767107,0.0892222222222093,0.08353496666698726,0.09109086869581304,0.09077777777767754,0.0879913769747255,0.09836612204090667,0.07770000000012564,0.07705125750226804,0.06911465000027947,0.09473567303411329,0.09902475618920738,0.09902475618920738,0.10129956681109206,0.10108709234051054,0.09664518995767399,0.07245738295303217,0.0659999999998642,0.09263657957221735,0.09370831480666482,0.09233333333314578,0.08846648563652675,0.0883627875956712,0.08427106776682529,0.08801955990234281,0.07055959697024414,0.07140000000011545,0.09269756585556976,0.09277777777768077,0.09233333333355,0.07641666666695526,0.07575854761933375,0.09319115850271484,0.0904444444442763,0.0921111111112825,0.07666195833313352,0.08577777777746734,0.08333333333333334,0.07573224999998329,0.07018580000004362,0.07779082423785498,0.08458375013918429,0.08499999999993532,0.10249861188216156,0.12122222222226102,0.13466666666701915,0.16033333333325572,0.1737896453360092,0.193953540069203,0.19477777777784572,0.19611111111104645,0.1955555555557819,0.18043357420784797,0.15682619999998032,0.15583694324096725,0.12944444444454145,0.10655555555543592,0.09688888888882098,0.09977777777748997,0.09220694999978188,0.1030882026216267,0.10477777777770017,0.08271666666654104,0.10499999999996767,0.1082222222220379,0.10177955416652973,0.09104697142833923,0.08037720000008103,0.06079999999977492,0.10706352732118414,0.1069999999999709,0.10341378016770478,0.10341378016770478,0.10697622750496978,0.06711618442119172,0.06862499999988358,0.09144124070888808,0.1117781589478621,0.10759141936209367,0.10646007747127204,0.09010872483226359,0.10623672041022156,0.10557901755953851,0.1067777777777034,0.10702675668914319,0.10480106690367877,0.0968019569836092,0.1049238635100039,0.08044260295206981,0.09043352585347775,0.09072544782421686,0.09820039991133453,0.08845837469229904,0.09452404753956997,0.09722222222222224,0.09422222222241948,0.086059375,0.09453454787851438,0.09385153711574652,0.09911261092336537,0.09911261092336537
mem_Used%,33.07556003132589,33.07307786996109,33.455685314621554,33.540939959049396,33.577007283370634,33.6120614806042,33.64731830325528,33.677104239632925,33.719706233669655,33.74047533896699,33.764891701779966,33.794272387322536,33.82557801433169,33.85318572747084,33.86260780938621,33.86944641722802,33.90470323987911,33.908097215622824,33.9063242432194,33.91063003334202,33.93773118293731,33.94117581503542,33.95115511684901,33.953839903631355,33.975672792370744,33.97805364102678,33.97886414269693,33.98909672628244,34.00247000383975,34.00890336084649,33.9926426710893,34.026785053943954,34.036764355757555,34.0366123866944,34.028912620828066,34.006471855836075,34.008751391783335,34.0007476877907,34.02359370361777,34.01943988255831,34.01523540514446,34.02612652133696,34.031344125838494,33.85151406777618,33.846499088692184,33.85465476174797,33.862709122094984,33.86042958614771,33.99978521705741,33.983524527300226,33.97096175141306,33.95216824393669,33.944164539944055,33.93702199397595,33.81210342406562,33.822285351296756,33.830289055289384,33.867014912217606,33.87653830684175,33.873904176413795,33.883883478227396,33.92602956507468,33.927903850186865,33.9412264713898,33.93241226572703,33.93089257509552,33.90444995810719,33.92927157175524,33.93296948562524,33.939605468049514,33.94578554328434,33.96032391699247,33.94168237857925,33.96386986179933,33.95936144625919,33.97344391277787,33.975166228826915,33.958398975525895,33.93565427240759,33.9346918016743,33.983625840009005,33.98980591524381,33.99634058495932,33.99932930986795,34.017768222863644,34.021668762151194,34.03053362416835,34.03777748284522,34.027443586550945
descriptor_used /dev/vda1,0.9953871226552424,0.9953871226552424,0.9953870972237566,0.9953870972237566,0.9953870972237566,0.9953870972237566,0.9953870972237566,0.9953870972237566,0.9953870972237566,0.9953870972237566,0.9953870972237566,0.9953870972237566,0.9953870972237566,0.9953870972237566,0.9953870972237566,0.9953870972237566,0.9953870972237566,0.9953870972237566,0.9953870972237566,0.9953870972237566,0.9953870972237566,0.9953870972237566,0.9953870972237566,0.9953870972237566,0.9953870972237566,0.9953870972237566,0.9953870972237566,0.9953870972237566,0.9953870972237566,0.9953870972237566,0.9953870972237566,0.9953870972237566,0.9953870972237566,0.9953870972237566,0.9953870972237566,0.9953870972237566,0.9953870972237566,0.9953870972237566,0.9953870972237566,0.9953870972237566,0.9953870972237566,0.9953870972237566,0.9953870972237566,0.9953870972237566,0.9953870972237566,0.9953870972237566,0.9953870972237566,0.9953870972237566,0.9953870972237566,0.9953870972237566,0.9953870972237566,0.9953870972237566,0.9953870972237566,0.9953870972237566,0.9953870972237566,0.9953870972237566,0.9953870972237566,0.9953870972237566,0.9953870972237566,0.9953870972237566,0.9953870972237566,0.9953870972237566,0.9953870972237566,0.9953870972237566,0.9953870972237566,0.9953870972237566,0.9953870972237566,0.9953870972237566,0.9953870972237566,0.9953870972237566,0.9953870972237566,0.9953870972237566,0.9953870972237566,0.9953870972237566,0.9953870972237566,0.9953870972237566,0.9953870972237566,0.9953870972237566,0.9953870972237566,0.9953870972237566,0.9953870972237566,0.9953870972237566,0.9953870972237566,0.9953870972237566,0.9953870972237566,0.9953870972237566,0.9953870972237566,0.9953870972237566,0.9953870972237566
thread_connect,1,5,7,3,8,7,5,7,6,6,9,8,14,10,34,19,21,52,44,40,22,24,23,11,30,9,50
threads_running,1,1,2,1,1,2,1,1,1,2,1,1,5,1,6,2,13,36,25,22,11,14,13,2,15,1,31
lock_wait,67244,67246,67266,67290,67304,67334,67379,67397,67439,67461,67481,67499,67517,67553,67824,68035,68347,68656,68726,68758,68925,68980,69077,69161,70056,70069,70306
bytes_received,1152675181,1152717479,1152850501,1153019504,1153136042,1153308219,1153496007,1153643836,1153838031,1154008383,1154165931,1154307879,1154443103,1154611132,1156440952,1157784768,1159675383,1161950866,1162096679,1162230010,1162382713,1162517489,1162649481,1162803801,1168024873,1168146587,1169628416
questions,5157433,5157705,5158732,5160026,5160921,5162211,5163698,5164834,5166309,5167616,5168807,5169921,5170931,5172157,5186482,5196968,5211704,5229520,5230660,5231700,5232873,5233902,5234951,5236158,5277060,5277971,5289430
queries,5361364,5361641,5362669,5363966,5364866,5366157,5367649,5368786,5370266,5371574,5372768,5373885,5374898,5376127,5390490,5401003,5415776,5433639,5434780,5435823,5436999,5438031,5439083,5440293,5481302,5482214,5493703
abort,143,143,143,143,143,143,143,143,143,143,143,143,143,143,143,143,143,143,143,143,143,143,143,143,143,143,143
mysql_global_status_threads_cached,10,6,4,8,3,5,7,4,6,7,4,6,2,6,9,7,9,5,6,7,10,4,5,7,6,9,0
select_full_range_join,0,0,0,0,0,0,0,0,0,0,0,0,0,0,0,0,0,0,0,0,0,0,0,0,0,0,0
select_full_join,309,309,309,309,309,309,309,309,309,309,309,309,309,309,309,309,309,330,330,330,330,330,330,330,330,330,330
Thread Cache Size,11,11,11,11,11,11,11,11,11,11,11,11,11,11,11,11,11,11,11,11,11,11,11,11,11,11,11
Threads Cached,10,6,4,8,3,5,7,4,6,7,4,6,2,6,9,7,9,5,6,7,10,4,5,7,6,9,0
Created Tmp Tables,8977768,8977904,8978033,8978169,8978311,8978444,8978581,8978706,8978842,8978979,8979110,8979240,8979376,8979511,8981125,8982331,8984057,8986166,8986301,8986432,8986569,8986703,8986839,8986980,8991677,8991804,8993139
Free Memory,1031832,1031832,1031832,1031832,1031832,1031832,1031832,1031832,1031832,1031832,1031832,1031832,1031832,1031832,1031832,1031832,1031832,1031832,1031832,1031832,1031832,1031832,1031832,1031832,1031832,1031832,1031832
open_files,61,61,61,61,61,61,61,61,61,62,62,62,63,63,68,70,72,74,75,76,77,77,78,100,100,100,100
innodb_num_open_files,39,39,39,39,39,39,39,39,39,39,39,39,39,39,39,39,39,39,39,39,39,39,39,39,39,39,39
Query Cache Size,1048576,1048576,1048576,1048576,1048576,1048576,1048576,1048576,1048576,1048576,1048576,1048576,1048576,1048576,1048576,1048576,1048576,1048576,1048576,1048576,1048576,1048576,1048576,1048576,1048576,1048576,1048576
table_open_cache,2000,2000,2000,2000,2000,2000,2000,2000,2000,2000,2000,2000,2000,2000,2000,2000,2000,2000,2000,2000,2000,2000,2000,2000,2000,2000,2000
process state after create,0,0,0,0,0,0,0,0,0,0,0,0,0,0,0,0,0,0,0,0,0,0,0,0,0,0,0
process state altering table,0,0,0,0,0,0,0,0,0,0,0,0,0,0,0,0,0,0,0,0,0,0,0,0,0,0,0
process state analyzing,0,0,0,0,0,0,0,0,0,0,0,0,0,0,0,0,0,0,0,0,0,0,0,0,0,0,0
process state checking permissions,0,0,0,0,0,0,0,0,0,0,0,0,0,0,0,0,0,0,0,0,0,0,0,0,0,0,0
process state checking table,0,0,0,0,0,0,0,0,0,0,0,0,0,0,0,0,0,0,0,0,0,0,0,0,0,0,0
process state cleaning up,0,0,0,0,0,0,0,0,0,0,0,0,0,0,0,0,0,0,0,0,0,0,0,0,0,0,0
process state closing tables,0,0,0,0,0,0,0,0,0,0,0,0,0,0,0,0,0,0,0,0,0,0,0,0,0,0,0
process state converting heap to myisam,0,0,0,0,0,0,0,0,0,0,0,0,0,0,0,0,0,0,0,0,0,0,0,0,0,0,0
process state copying to tmp table,0,0,0,0,0,0,0,0,0,0,0,0,0,0,0,0,0,0,0,0,0,0,0,0,0,0,0
process state creating sort index,0,0,0,0,0,0,0,0,0,0,0,0,0,0,0,0,0,0,0,0,0,0,0,0,0,0,0
process state creating table,0,0,0,0,0,0,0,0,0,0,0,0,0,0,0,0,0,0,0,0,0,0,0,0,0,0,0
process state creating tmp table,0,0,0,0,0,0,0,0,0,0,0,0,0,0,0,0,0,0,0,0,0,0,0,0,0,0,0
process state deleting,0,0,0,0,0,0,0,0,0,0,0,0,0,0,0,0,0,0,0,0,0,0,0,0,0,0,0
process state end,0,0,0,0,0,0,0,0,0,0,0,0,0,0,0,0,0,0,0,0,0,0,0,0,0,0,0
process state executing,0,0,0,0,0,0,0,1,0,0,0,0,0,0,0,0,0,5,4,4,5,2,5,0,0,0,0
process state execution of init_command,0,0,0,0,0,0,0,0,0,0,0,0,0,0,0,0,0,0,0,0,0,0,0,0,0,0,0
process state flushing tables,0,0,0,0,0,0,0,0,0,0,0,0,0,0,0,0,0,0,0,0,0,0,0,0,0,0,0
process state freeing items,0,0,0,0,0,0,0,0,0,0,0,0,0,0,0,0,0,0,0,0,0,0,0,0,0,0,0
process state fulltext initialization,0,0,0,0,0,0,0,0,0,0,0,0,0,0,0,0,0,0,0,0,0,0,0,0,0,0,0
process state idle,0,3,6,3,7,5,3,4,5,5,8,6,8,8,27,16,8,18,20,17,11,14,11,9,15,7,17
process state init,0,0,0,0,0,0,0,0,0,0,0,0,0,0,0,0,0,0,0,0,0,0,0,0,0,0,0
process state killed,0,0,0,0,0,0,0,0,0,0,0,0,0,0,0,0,0,0,0,0,0,0,0,0,0,0,0
process state logging slow query,0,0,0,0,0,0,0,0,0,0,0,0,0,0,0,0,0,0,0,0,0,0,0,0,0,0,0
process state login,0,0,0,0,0,0,0,0,0,0,0,0,0,0,0,0,0,0,0,0,0,0,0,0,0,0,0
process state manage keys,0,0,0,0,0,0,0,0,0,0,0,0,0,0,0,0,0,0,0,0,0,0,0,0,0,0,0
process state opening tables,0,0,0,0,0,0,0,0,0,0,0,0,0,0,0,0,0,0,0,0,0,0,0,0,0,0,0
process state optimizing,0,0,0,0,0,0,0,0,0,0,0,0,0,0,0,0,0,0,0,0,0,0,0,0,0,0,0
process state other,0,2,0,0,0,1,0,0,0,0,0,0,1,1,0,1,0,0,0,0,0,0,0,0,0,0,0
process state preparing,0,0,0,0,0,0,0,0,0,0,0,0,0,0,0,0,0,0,0,0,0,0,0,0,0,0,0
process state reading from net,0,0,0,0,0,0,0,0,0,0,0,0,0,0,0,0,0,0,0,0,0,0,0,0,0,0,0
process state removing duplicates,0,0,0,0,0,0,0,0,0,0,0,0,0,0,0,0,0,0,0,0,0,0,0,0,0,0,0
process state removing tmp table,0,0,0,0,0,0,0,0,0,0,0,0,0,0,0,0,0,0,0,0,0,0,0,0,0,0,0
process state reopen tables,0,0,0,0,0,0,0,0,0,0,0,0,0,0,0,0,0,0,0,0,0,0,0,0,0,0,0
process state repair by sorting,0,0,0,0,0,0,0,0,0,0,0,0,0,0,0,0,0,0,0,0,0,0,0,0,0,0,0
process state repair done,0,0,0,0,0,0,0,0,0,0,0,0,0,0,0,0,0,0,0,0,0,0,0,0,0,0,0
process state repair with keycache,0,0,0,0,0,0,0,0,0,0,0,0,0,0,0,0,0,0,0,0,0,0,0,0,0,0,0
process state replication master,0,0,0,0,0,0,0,0,0,0,0,0,0,0,0,0,0,0,0,0,0,0,0,0,0,0,0
process state rolling back,0,0,0,0,0,0,0,0,0,0,0,0,0,0,0,0,0,0,0,0,0,0,0,0,0,0,0
process state searching rows for update,0,0,0,0,0,0,0,0,0,0,0,0,0,0,0,0,0,0,0,0,0,0,0,0,0,0,0
process state sending data,0,0,0,0,0,0,0,0,0,0,0,0,0,0,0,0,0,2,3,3,2,5,2,0,0,0,0
process state sorting for group,0,0,0,0,0,0,0,0,0,0,0,0,0,0,0,0,0,0,0,0,0,0,0,0,0,0,0
process state sorting for order,0,0,0,0,0,0,0,0,0,0,0,0,0,0,0,0,0,0,0,0,0,0,0,0,0,0,0
process state sorting index,0,0,0,0,0,0,0,0,0,0,0,0,0,0,0,0,0,0,0,0,0,0,0,0,0,0,0
process state sorting result,0,0,0,0,0,0,0,0,0,0,0,0,0,0,0,0,0,0,0,0,0,0,0,0,0,0,0
process state statistics,0,0,0,0,0,0,0,0,0,0,0,0,0,0,0,0,0,0,0,0,0,0,0,0,0,0,0
process state updating,0,0,0,0,0,0,0,0,0,0,0,0,4,0,5,2,12,23,17,14,3,4,4,1,14,0,30
process state waiting for lock,0,0,0,0,0,0,0,0,0,0,0,0,0,0,1,0,0,2,0,0,0,0,0,0,0,1,1
process state waiting for table flush,0,0,0,0,0,0,0,0,0,0,0,0,0,0,0,0,0,0,0,0,0,0,0,0,0,0,0
process state waiting for tables,0,0,0,0,0,0,0,0,0,0,0,0,0,0,0,0,0,0,0,0,0,0,0,0,0,0,0
process state waiting on cond,0,0,0,0,0,0,0,0,0,0,0,0,0,0,0,0,0,0,0,0,0,0,0,0,0,0,0
process state writing to net,0,0,0,0,0,0,0,0,0,0,0,0,0,0,0,0,0,0,0,0,0,0,0,0,0,0,0
qcache_queries_in_cache,0,0,0,0,0,0,0,0,0,0,0,0,0,0,0,0,0,0,0,0,0,0,0,0,0,0,0
disk_io_now vda,0,0,0,0,0,0,0,0,0,0,0,0,0,0,0,0,0,0,0,0,0,0,0,0,0,0,0,0,0,0,0,0,0,0,0,0,0,0,0,0,0,0,0,0,0,0,0,0,0,0,0,0,0,0,0,0,0,0,0,0,0,0,0,0,0,0,0,0,0,0,0,0,0,0,0,0,0,0,0,0,0,0,0,0,0,0,0,0
mem_buffer,0,0,0,0,0,0,0,0,0,0,0,0,0,0,0,0,0,0,0,0,0,0,0,0,0,0,0,0,0,0,0,0,0,0,0,0,0,0,0,0,0,0,0,0,0,0,0,0,0,0,0,0,0,0,0,0,0,0,0,0,0,0,0,0,0,0,0,0,0,0,0,0,0,0,0,0,0,0,0,0,0,0,0,0,0,0,0,0
mem_cached,5738790912,5738946560,5739290624,5739524096,5739827200,5740154880,5740539904,5740838912,5741248512,5741559808,5741867008,5742182400,5742522368,5742768128,5743017984,5743591424,5744070656,5744361472,5744807936,5745360896,5745659904,5745971200,5747056640,5748482048,5748867072,5726785536,5727399936,5728350208,5728575488,5728870400,5729378304,5729632256,5729939456,5730156544,5730754560,5731028992,5731332096,5732130816,5732675584,5732986880,5733314560,5733560320,5733859328,5734367232,5734612992,5734940672,5735206912,5744082944,5746794496,5756678144,5755875328,5754552320,5750730752,5751058432,5751341056,5751730176,5751910400,5752590336,5752893440,5753135104,5753409536,5753741312,5754281984,5754646528,5755191296,5755461632,5756923904,5757181952,5757476864,5747224576,5747478528,5747986432,5748559872,5749489664,5749747712,5750054912,5750296576,5750759424,5750980608,5751324672,5751607296,5751939072,5752483840,5738057728,5738299392,5738590208,5739200512,5739823104
Read bytes vda,1156661058560,1156661058560,1156661058560,1156661058560,1156661074944,1156661074944,1156661107712,1156661124096,1156661173248,1156661173248,1156661189632,1156661206016,1156661206016,1156661206016,1156661206016,1156661206016,1156661206016,1156661255168,1156661255168,1156661271552,1156661304320,1156661320704,1156662172672,1156662483968,1156662500352,1156662516736,1156662516736,1156662598656,1156662615040,1156662631424,1156662631424,1156662631424,1156662647808,1156662647808,1156662680576,1156662680576,1156662680576,1156662729728,1156662811648,1156662811648,1156662893568,1156662893568,1156662893568,1156662926336,1156662942720,1156662959104,1156662959104,1156712553472,1156769471488,1156825848832,1156883323904,1156941110272,1156972772352,1156972772352,1156972788736,1156972854272,1156972854272,1156972952576,1156973001728,1156973001728,1156973018112,1156973100032,1156973132800,1156973214720,1156973296640,1156973296640,1156973427712,1156973444096,1156973476864,1156973603840,1156973603840,1156973603840,1156973669376,1156973767680,1156973816832,1156973816832,1156973816832,1156973964288,1156973964288,1156973997056,1156974046208,1156974078976,1156974111744,1156974128128,1156974128128,1156974144512,1156974193664,1156974242816
