Avg Threads Running,1,1,1,1.9,2.3,2.9000000000000004,3.1,3.7,4.4,4.777777777777778,5.25,5.857142857142857,6.666666666666667,6,6.25,7,8,10.75,11.666666666666666,11.666666666666666,11.666666666666666,11.666666666666666,16.25,16.25,16.25,18.333333333333332,21.333333333333332,23,23,23,23,23,16,16,16,16,24,24,24,24,24,24,24,24,24,24,43,43,43,43,43,43,43,43,43,43
Peak Threads Connected,1,1,1,10,10,10,10,10,10,10,10,10,10,8,8,10,10,18,18,18,18,18,30,30,30,30,30,30,30,30,30,30,16,16,16,16,24,24,24,24,24,24,24,24,24,24,43,43,43,43,43,43,43,43,43,43
Peak Threads Running,1,1,1,1,2,2,2,2,2,2,2,2,2,2,2,2,2,4,4,4,4,4,6,6,6,6,6,6,6,6,6,6,5,5,5,5,2,2,2,2,2,2,2,2,2,2,23,23,23,23,23,23,23,23,23,23
Questions,39.66666666666667,38.111111111111114,36.77777777777778,148.88888888888889,290.77777777777777,458.6666666666667,579.6666666666667,738.8888888888889,871.3333333333334,840.42945,845.9331142857142,853.9069,752.8982400000001,622.5834,463.73673333333335,1226.2353201861292,1176.888888888889,1162.2222222222222,313.5,313.5,313.5,313.5,1114.383757506434,1114.383757506434,925.7928796110951,864.6699169435217,1120.119787045253,1099.8498498498498,1099.8498498498498,1099.8498498498498,784.8528528528528,674.8678678678679
Threads Created,0,0,0,0,0.11111111111111112,0.11111111111111112,0.11111111111111112,0.22222222222222224,0.22222222222222224,0.21555,0.21777142857142856,0.2207333333333333,0.22488000000000002,0.11555,0.12073333333333333,2.4374030578329275,2.3333333333333335,3.444444444444444,1.5,1.5,1.5,1.5,3.8604518158421506,3.8604518158421506,3.2071346868744635,3.429717607973422,2.218278615794144,0.7507507507507507,0.7507507507507507,0.7507507507507507,0.5357357357357357,0.4606606606606607
Created Tmp Disk Tables,9.11111111111111,9.11111111111111,8.777777777777779,8.777777777777779,9,9.222222222222223,8.777777777777779,8.777777777777779,8.88888888888889,7.652025,6.750914285714285,6.070166666666666,5.17224,4.27535,3.139066666666667,9.195656990915136,9.11111111111111,9,2.55,2.55,2.55,2.55,9.007720903631684,9.007720903631684,7.483314269373748,6.986461794019934,9.094942324755989,9.00900900900901,9.00900900900901,9.00900900900901,6.428828828828829,5.527927927927928
Created Tmp Files,0,0,0,0,0,0,0,0,0,0,0,0,0,0,0,0,0,0,0,0,0,0,0,0,0,0,0,0,0,0,0,0
Select Full Join,0,0,0,0,0,0,0,0,0,0,0,0,0,0,0,0,0,0,0,0,0,0,0,0,0,0,0,0,0,0,0,0
Select Full Range Join,0,0,0,0,0,0,0,0,0,0,0,0,0,0,0,0,0,0,0,0,0,0,0,0,0,0,0,0,0,0,0,0
Select Range,0,0,0,1.2222222222222223,2.4444444444444446,7.555555555555555,11.555555555555555,14.222222222222223,16.666666666666668,16.166249999999998,16.332857142857144,16.555,15.629160000000002,14.7904,9.900133333333333,30.024374030578333,31.111111111111114,29.555555555555554,6.15,6.15,6.15,6.15,25.1644266514155,25.1644266514155,20.90576684777428,18.164800664451825,19.631765749778175,10.51051051051051,10.51051051051051,10.51051051051051,7.5003003003003,6.449249249249249
Select Range Check,0,0,0,0,0,0,0,0,0,0,0,0,0,0,0,0,0,0,0,0,0,0,0,0,0,0,0,0,0,0,0,0
Select Scan,30.444444444444446,29.444444444444446,27.888888888888893,28.333333333333336,28.888888888888893,29.666666666666668,27.77777777777778,28.555555555555554,28.22222222222222,23.818275,21.450485714285712,19.424533333333333,16.866,13.866,10.262333333333334,29.802791934411704,29.555555555555554,29.333333333333336,8.4,8.4,8.4,8.4,29.596797254789823,29.596797254789823,24.588032599370887,22.737757475083058,29.059449866903286,27.77777777777778,27.77777777777778,27.77777777777778,19.822222222222223,17.044444444444444
Sort Rows,53.333333333333336,53.333333333333336,42.66666666666667,42.66666666666667,48,53.333333333333336,42.66666666666667,42.66666666666667,48,41.3856,36.58559999999999,37.0832,32.38272,27.732,17.3856,53.17970307999114,53.333333333333336,48,14.4,14.4,14.4,14.4,48.04117815270232,48.04117815270232,39.911009436659995,36.583654485049834,47.91481810115351,48.048048048048045,48.048048048048045,48.048048048048045,34.28708708708709,29.482282282282284
Sort Range,0,0,0,0,0,0,0,0,0,0,0,0,0,0,0,0,0,0,0,0,0,0,0,0,0,0,0,0,0,0,0,0
Sort Merge Passes,0,0,0,0,0,0,0,0,0,0,0,0,0,0,0,0,0,0,0,0,0,0,0,0,0,0,0,0,0,0,0,0
opened_tables,0,0,0,0,0,0,0,0,0.11111111111111112,0.107775,0.10888571428571428,0.11036666666666665,0.11244000000000001,0.11555,0.12073333333333333,0.6647462884998893,0.6666666666666667,0.6666666666666667,0.15,0.15,0.15,0.15,0.5719187875321705,0.5719187875321705,0.4751310647221428,0.5081063122923588,0.33274179236912155,0,0,0,0,0
table_open_cache_hits,288.44444444444446,286.33333333333337,283,501.44444444444446,776.5555555555555,1104.4444444444446,1338.888888888889,1648.2222222222222,1906,1817.0865,1805.8695714285714,1800.5217999999998,1582.593,1308.3726499999998,976.4912,2589.8515399955686,2493.777777777778,2467,674.1,674.1,674.1,674.1,2374.7497855304546,2374.7497855304546,1972.862963492517,1839.5989036544852,2376.1091393078973,2329.329329329329,2329.329329329329,2329.329329329329,1662.2094094094093,1429.2764764764765
table_open_cache_misses,0,0,0,0,0,0,0,0,0.11111111111111112,0.107775,0.10888571428571428,0.11036666666666665,0.11244000000000001,0.11555,0.12073333333333333,0.6647462884998893,0.6666666666666667,0.6666666666666667,0.15,0.15,0.15,0.15,0.5719187875321705,0.5719187875321705,0.4751310647221428,0.5081063122923588,0.33274179236912155,0,0,0,0,0
table_open_cache_overflows,0,0,0,0,0,0,0,0,0,0,0,0,0,0,0,0,0,0,0,0,0,0,0,0,0,0,0,0,0,0,0,0
Sort Scan,1.1111111111111112,1.1111111111111112,0.888888888888889,0.888888888888889,1,1.1111111111111112,0.888888888888889,0.888888888888889,1,0.8622,0.7621999999999999,0.7725666666666666,0.67464,0.57775,0.36219999999999997,1.1079104808331488,1.1111111111111112,1,0.3,0.3,0.3,0.3,1.0008578781812982,1.0008578781812982,0.8314793632637498,0.7621594684385382,0.9982253771073648,1.001001001001001,1.001001001001001,1.001001001001001,0.7143143143143142,0.6142142142142142
Slow Queries,4.555555555555555,4.111111111111112,4,6.111111111111112,8,9.333333333333334,9.777777777777779,11.88888888888889,13,12.28635,12.195199999999998,12.029966666666665,9.557400000000001,7.51075,5.6744666666666665,16.951030356747175,16.88888888888889,17.88888888888889,6.75,6.75,6.75,6.75,17.729482413497287,17.729482413497287,14.729063006386426,12.956710963455148,13.642413487133984,11.01101101101101,11.01101101101101,11.01101101101101,7.857457457457457,6.756356356356356
Aborted Connects (attempts),0,0,0,0,0,0,0,0,0,0,0,0,0,0,0,0,0,0,0,0,0,0,0,0,0,0,0,0,0,0,0,0
Aborted Clients (timeout),0,0,0,0,0,0,0,0,0,0,0,0,0,0,0,0,0,0,0,0,0,0,0,0,0,0,0,0,0,0,0,0
Table Locks Immediate,61.333333333333336,59.22222222222223,56.11111111111111,174.33333333333334,319.33333333333337,490.11111111111114,611.4444444444445,775.7777777777778,910.7777777777777,876.318525,880.1232285714284,887.1272666666666,778.98432,643.96015,480.39793333333336,1278.4179038333705,1228.6666666666667,1218,334.05,334.05,334.05,334.05,1169.5739205032885,1169.5739205032885,971.6430273567819,906.2076079734219,1167.9236912156168,1145.3953953953956,1145.3953953953956,1145.3953953953956,817.3541541541541,702.8146146146146
Table Locks Waited,0,0,0,1.4444444444444444,4.888888888888889,8.444444444444445,11.777777777777779,14.777777777777777,18.333333333333336,17.782874999999997,17.966142857142856,18.2105,17.090880000000002,13.981549999999999,10.745266666666668,23.266120097496124,22.22222222222222,20.666666666666668,5.25,5.25,5.25,5.25,21.589934229339434,21.589934229339434,17.936197693260887,17.02156146179402,22.51552795031056,21.77177177177177,21.77177177177177,21.77177177177177,15.536336336336337,13.359159159159159
bytes_received_rate,13007.222222222223,12744.444444444445,11792.777777777777,25956.111111111113,43749,64208.333333333336,78605.88888888889,98389.44444444445,114643.33333333334,109801.38555,109781.84371428571,110282.1258,97106.66964000001,79888.2657,59945.06586666667,156363.83780190564,149510.77777777778,147953.8888888889,40396.95,40396.95,40396.95,40396.95,141831.71289676867,141831.71289676867,117829.05935087218,110530.14448504984,142257.6530612245,140124.37437437437,140124.37437437437,140124.37437437437,99992.75355355356,85980.31611611611
bytes_sent_rate,177712.33333333334,167193.33333333334,154860.22222222222,182979.6666666667,220552.6666666667,255629.33333333334,264869.44444444444,302682.22222222225,336504.1111111111,300627.585,290134.3699142857,282520.0147,244979.32464,200867.38244999998,152174.58726666667,417486.7050742301,408199.44444444444,412160.3333333334,128588.25,128588.25,128588.25,128588.25,422480.2688018301,422480.2688018301,350982.52464493376,326562.9755481727,401480.03549245786,380923.9239239239,380923.9239239239,380923.9239239239,271827.3121121121,233734.91971971974
qcache_hits,0,0,0,0,0,0,0,0,0,0,0,0,0,0,0,0,0,0,0,0,0,0,0,0,0,0,0,0,0,0,0,0
qcache_inserts,0,0,0,0,0,0,0,0,0,0,0,0,0,0,0,0,0,0,0,0,0,0,0,0,0,0,0,0,0,0,0,0
qcache_not_cached,28.333333333333336,27.555555555555554,25.888888888888893,78.44444444444444,141.55555555555557,217.33333333333334,267.33333333333337,339.6666666666667,399.55555555555554,384.433425,385.9998571428571,388.9321333333333,340.80564000000004,282.05755,209.23086666666669,556.6142255705739,532,525.3333333333334,142.05,142.05,142.05,142.05,511.5813554475265,511.5813554475265,425.00473739395676,399.11750830564785,520.7409050576753,516.5165165165165,516.5165165165165,516.5165165165165,368.5861861861862,316.9345345345345
qcache_lowmem_prunes,0,0,0,0,0,0,0,0,0,0,0,0,0,0,0,0,0,0,0,0,0,0,0,0,0,0,0,0,0,0,0,0
com admin_commands,1,1,1,1,1,1,1,1,1,0.8622,0.7621999999999999,0.6622,0.5622,0.4622,0.36219999999999997,0.9971194327498338,1,1,0.3,0.3,0.3,0.3,1.0008578781812982,1.0008578781812982,0.8314793632637498,0.7621594684385382,0.9982253771073648,1.001001001001001,1.001001001001001,1.001001001001001,0.7143143143143142,0.6142142142142142
com alter_db,0,0,0,0,0,0,0,0,0,0,0,0,0,0,0,0,0,0,0,0,0,0,0,0,0,0,0,0,0,0,0,0
com alter_db_upgrade,0,0,0,0,0,0,0,0,0,0,0,0,0,0,0,0,0,0,0,0,0,0,0,0,0,0,0,0,0,0,0,0
com alter_event,0,0,0,0,0,0,0,0,0,0,0,0,0,0,0,0,0,0,0,0,0,0,0,0,0,0,0,0,0,0,0,0
com alter_function,0,0,0,0,0,0,0,0,0,0,0,0,0,0,0,0,0,0,0,0,0,0,0,0,0,0,0,0,0,0,0,0
com alter_instance,0,0,0,0,0,0,0,0,0,0,0,0,0,0,0,0,0,0,0,0,0,0,0,0,0,0,0,0,0,0,0,0
com alter_procedure,0,0,0,0,0,0,0,0,0,0,0,0,0,0,0,0,0,0,0,0,0,0,0,0,0,0,0,0,0,0,0,0
com alter_server,0,0,0,0,0,0,0,0,0,0,0,0,0,0,0,0,0,0,0,0,0,0,0,0,0,0,0,0,0,0,0,0
com alter_table,0,0,0,0,0,0,0,0,0,0,0,0,0,0,0,0,0,0,0,0,0,0,0,0,0,0,0,0,0,0,0,0
com alter_tablespace,0,0,0,0,0,0,0,0,0,0,0,0,0,0,0,0,0,0,0,0,0,0,0,0,0,0,0,0,0,0,0,0
com alter_user,0,0,0,0,0,0,0,0,0,0,0,0,0,0,0,0,0,0,0,0,0,0,0,0,0,0,0,0,0,0,0,0
com analyze,0,0,0,0,0,0,0,0,0,0,0,0,0,0,0,0,0,0,0,0,0,0,0,0,0,0,0,0,0,0,0,0
com assign_to_keycache,0,0,0,0,0,0,0,0,0,0,0,0,0,0,0,0,0,0,0,0,0,0,0,0,0,0,0,0,0,0,0,0
com begin,0,0,0,0,0,0,0,0,0,0,0,0,0,0,0,0,0,0,0,0,0,0,0,0,0,0,0,0,0,0,0,0
com binlog,0,0,0,0,0,0,0,0,0,0,0,0,0,0,0,0,0,0,0,0,0,0,0,0,0,0,0,0,0,0,0,0
com call_procedure,0,0,0,0,0,0,0,0,0,0,0,0,0,0,0,0,0,0,0,0,0,0,0,0,0,0,0,0,0,0,0,0
com change_db,0,0,0,0,0,0,0,0,0,0,0,0,0,0,0,0,0,0,0,0,0,0,0,0,0,0,0,0,0,0,0,0
com change_master,0,0,0,0,0,0,0,0,0,0,0,0,0,0,0,0,0,0,0,0,0,0,0,0,0,0,0,0,0,0,0,0
com change_repl_filter,0,0,0,0,0,0,0,0,0,0,0,0,0,0,0,0,0,0,0,0,0,0,0,0,0,0,0,0,0,0,0,0
com check,0,0,0,0,0,0,0,0,0,0,0,0,0,0,0,0,0,0,0,0,0,0,0,0,0,0,0,0,0,0,0,0
com checksum,0,0,0,0,0,0,0,0,0,0,0,0,0,0,0,0,0,0,0,0,0,0,0,0,0,0,0,0,0,0,0,0
com commit,0,0,0,4,8.555555555555555,12.88888888888889,17.666666666666668,22.666666666666668,26.77777777777778,25.973775,26.241457142857136,26.598366666666664,23.0502,18.950200000000002,15.091666666666665,38.88765787724352,38.111111111111114,38.333333333333336,11.4,11.4,11.4,11.4,36.030883614526736,36.030883614526736,29.933257077494993,27.310714285714283,36.82342502218279,39.03903903903904,39.03903903903904,39.03903903903904,27.858258258258257,23.954354354354354
com create_compression_dictionary,0,0,0,0,0,0,0,0,0,0,0,0,0,0,0,0,0,0,0,0,0,0,0,0,0,0,0,0,0,0,0,0
com create_db,0,0,0,0,0,0,0,0,0,0,0,0,0,0,0,0,0,0,0,0,0,0,0,0,0,0,0,0,0,0,0,0
com create_event,0,0,0,0,0,0,0,0,0,0,0,0,0,0,0,0,0,0,0,0,0,0,0,0,0,0,0,0,0,0,0,0
com create_function,0,0,0,0,0,0,0,0,0,0,0,0,0,0,0,0,0,0,0,0,0,0,0,0,0,0,0,0,0,0,0,0
com create_index,0,0,0,0,0,0,0,0,0,0,0,0,0,0,0,0,0,0,0,0,0,0,0,0,0,0,0,0,0,0,0,0
com create_procedure,0,0,0,0,0,0,0,0,0,0,0,0,0,0,0,0,0,0,0,0,0,0,0,0,0,0,0,0,0,0,0,0
com create_server,0,0,0,0,0,0,0,0,0,0,0,0,0,0,0,0,0,0,0,0,0,0,0,0,0,0,0,0,0,0,0,0
com create_table,0,0,0,0,0,0,0,0,0,0,0,0,0,0,0,0,0,0,0,0,0,0,0,0,0,0,0,0,0,0,0,0
com create_trigger,0,0,0,0,0,0,0,0,0,0,0,0,0,0,0,0,0,0,0,0,0,0,0,0,0,0,0,0,0,0,0,0
com create_udf,0,0,0,0,0,0,0,0,0,0,0,0,0,0,0,0,0,0,0,0,0,0,0,0,0,0,0,0,0,0,0,0
com create_user,0,0,0,0,0,0,0,0,0,0,0,0,0,0,0,0,0,0,0,0,0,0,0,0,0,0,0,0,0,0,0,0
com create_view,0,0,0,0,0,0,0,0,0,0,0,0,0,0,0,0,0,0,0,0,0,0,0,0,0,0,0,0,0,0,0,0
com dealloc_sql,0,0,0,0,0,0,0,0,0,0,0,0,0,0,0,0,0,0,0,0,0,0,0,0,0,0,0,0,0,0,0,0
com delete,0,0,0,1.1111111111111112,2.2222222222222223,7.222222222222223,10.777777777777779,13.333333333333334,15.555555555555557,15.0885,15.244,15.451333333333332,14.6172,13.866,9.055,28.694881453578553,29.666666666666668,28,5.4,5.4,5.4,5.4,23.30569059193595,23.30569059193595,19.36159088742732,16.76750830564784,17.524401064773734,7.757757757757757,7.757757757757757,7.757757757757757,5.535935935935936,4.76016016016016
com delete_multi,0,0,0,0,0,0,0,0,0,0,0,0,0,0,0,0,0,0,0,0,0,0,0,0,0,0,0,0,0,0,0,0
com do,0,0,0,0,0,0,0,0,0,0,0,0,0,0,0,0,0,0,0,0,0,0,0,0,0,0,0,0,0,0,0,0
com drop_compression_dictionary,0,0,0,0,0,0,0,0,0,0,0,0,0,0,0,0,0,0,0,0,0,0,0,0,0,0,0,0,0,0,0,0
com drop_db,0,0,0,0,0,0,0,0,0,0,0,0,0,0,0,0,0,0,0,0,0,0,0,0,0,0,0,0,0,0,0,0
com drop_event,0,0,0,0,0,0,0,0,0,0,0,0,0,0,0,0,0,0,0,0,0,0,0,0,0,0,0,0,0,0,0,0
com drop_function,0,0,0,0,0,0,0,0,0,0,0,0,0,0,0,0,0,0,0,0,0,0,0,0,0,0,0,0,0,0,0,0
com drop_index,0,0,0,0,0,0,0,0,0,0,0,0,0,0,0,0,0,0,0,0,0,0,0,0,0,0,0,0,0,0,0,0
com drop_procedure,0,0,0,0,0,0,0,0,0,0,0,0,0,0,0,0,0,0,0,0,0,0,0,0,0,0,0,0,0,0,0,0
com drop_server,0,0,0,0,0,0,0,0,0,0,0,0,0,0,0,0,0,0,0,0,0,0,0,0,0,0,0,0,0,0,0,0
com drop_table,0,0,0,0,0,0,0,0,0,0,0,0,0,0,0,0,0,0,0,0,0,0,0,0,0,0,0,0,0,0,0,0
com drop_trigger,0,0,0,0,0,0,0,0,0,0,0,0,0,0,0,0,0,0,0,0,0,0,0,0,0,0,0,0,0,0,0,0
com drop_user,0,0,0,0,0,0,0,0,0,0,0,0,0,0,0,0,0,0,0,0,0,0,0,0,0,0,0,0,0,0,0,0
com drop_view,0,0,0,0,0,0,0,0,0,0,0,0,0,0,0,0,0,0,0,0,0,0,0,0,0,0,0,0,0,0,0,0
com empty_query,0,0,0,0,0,0,0,0,0,0,0,0,0,0,0,0,0,0,0,0,0,0,0,0,0,0,0,0,0,0,0,0
com execute_sql,0,0,0,0,0,0,0,0,0,0,0,0,0,0,0,0,0,0,0,0,0,0,0,0,0,0,0,0,0,0,0,0
com explain_other,0,0,0,0,0,0,0,0,0,0,0,0,0,0,0,0,0,0,0,0,0,0,0,0,0,0,0,0,0,0,0,0
com flush,0,0,0,0,0,0,0,0,0,0,0,0,0,0,0,0,0,0,0,0,0,0,0,0,0,0,0,0,0,0,0,0
com get_diagnostics,0,0,0,0,0,0,0,0,0,0,0,0,0,0,0,0,0,0,0,0,0,0,0,0,0,0,0,0,0,0,0,0
com grant,0,0,0,0,0,0,0,0,0,0,0,0,0,0,0,0,0,0,0,0,0,0,0,0,0,0,0,0,0,0,0,0
com group_replication_start,0,0,0,0,0,0,0,0,0,0,0,0,0,0,0,0,0,0,0,0,0,0,0,0,0,0,0,0,0,0,0,0
com group_replication_stop,0,0,0,0,0,0,0,0,0,0,0,0,0,0,0,0,0,0,0,0,0,0,0,0,0,0,0,0,0,0,0,0
com ha_close,0,0,0,0,0,0,0,0,0,0,0,0,0,0,0,0,0,0,0,0,0,0,0,0,0,0,0,0,0,0,0,0
com ha_open,0,0,0,0,0,0,0,0,0,0,0,0,0,0,0,0,0,0,0,0,0,0,0,0,0,0,0,0,0,0,0,0
com ha_read,0,0,0,0,0,0,0,0,0,0,0,0,0,0,0,0,0,0,0,0,0,0,0,0,0,0,0,0,0,0,0,0
com help,0,0,0,0,0,0,0,0,0,0,0,0,0,0,0,0,0,0,0,0,0,0,0,0,0,0,0,0,0,0,0,0
com insert,0,0,0,19.77777777777778,48.66666666666667,77.44444444444444,98,127,150.55555555555557,146.035125,147.54014285714283,149.54683333333332,132.34188,105.95935,79.44253333333333,197.4296476844671,184,183.11111111111111,50.85,50.85,50.85,50.85,177.4378038318559,177.4378038318559,147.4094128300448,140.49139534883722,185.66992014196984,193.1931931931932,193.1931931931932,193.1931931931932,137.86266266266267,118.54334334334335
com insert_select,0,0,0,0,0,0,0,0,0,0,0,0,0,0,0,0,0,0,0,0,0,0,0,0,0,0,0,0,0,0,0,0
com install_plugin,0,0,0,0,0,0,0,0,0,0,0,0,0,0,0,0,0,0,0,0,0,0,0,0,0,0,0,0,0,0,0,0
com kill,0,0,0,0,0,0,0,0,0,0,0,0,0,0,0,0,0,0,0,0,0,0,0,0,0,0,0,0,0,0,0,0
com load,0,0,0,0,0,0,0,0,0,0,0,0,0,0,0,0,0,0,0,0,0,0,0,0,0,0,0,0,0,0,0,0
com lock_binlog_for_backup,0,0,0,0,0,0,0,0,0,0,0,0,0,0,0,0,0,0,0,0,0,0,0,0,0,0,0,0,0,0,0,0
com lock_tables,0,0,0,0,0,0,0,0,0,0,0,0,0,0,0,0,0,0,0,0,0,0,0,0,0,0,0,0,0,0,0,0
com lock_tables_for_backup,0,0,0,0,0,0,0,0,0,0,0,0,0,0,0,0,0,0,0,0,0,0,0,0,0,0,0,0,0,0,0,0
com optimize,0,0,0,0,0,0,0,0,0,0,0,0,0,0,0,0,0,0,0,0,0,0,0,0,0,0,0,0,0,0,0,0
com preload_keys,0,0,0,0,0,0,0,0,0,0,0,0,0,0,0,0,0,0,0,0,0,0,0,0,0,0,0,0,0,0,0,0
com prepare_sql,0,0,0,0,0,0,0,0,0,0,0,0,0,0,0,0,0,0,0,0,0,0,0,0,0,0,0,0,0,0,0,0
com purge,0,0,0,0,0,0,0,0,0,0,0,0,0,0,0,0,0,0,0,0,0,0,0,0,0,0,0,0,0,0,0,0
com purge_before_date,0,0,0,0,0,0,0,0,0,0,0,0,0,0,0,0,0,0,0,0,0,0,0,0,0,0,0,0,0,0,0,0
com release_savepoint,0,0,0,0,0,0,0,0,0,0,0,0,0,0,0,0,0,0,0,0,0,0,0,0,0,0,0,0,0,0,0,0
com rename_table,0,0,0,0,0,0,0,0,0,0,0,0,0,0,0,0,0,0,0,0,0,0,0,0,0,0,0,0,0,0,0,0
com rename_user,0,0,0,0,0,0,0,0,0,0,0,0,0,0,0,0,0,0,0,0,0,0,0,0,0,0,0,0,0,0,0,0
com repair,0,0,0,0,0,0,0,0,0,0,0,0,0,0,0,0,0,0,0,0,0,0,0,0,0,0,0,0,0,0,0,0
com replace,0,0,0,0,0,0,0,0,0,0,0,0,0,0,0,0,0,0,0,0,0,0,0,0,0,0,0,0,0,0,0,0
com replace_select,0,0,0,0,0,0,0,0,0,0,0,0,0,0,0,0,0,0,0,0,0,0,0,0,0,0,0,0,0,0,0,0
com reset,0,0,0,0,0,0,0,0,0,0,0,0,0,0,0,0,0,0,0,0,0,0,0,0,0,0,0,0,0,0,0,0
com resignal,0,0,0,0,0,0,0,0,0,0,0,0,0,0,0,0,0,0,0,0,0,0,0,0,0,0,0,0,0,0,0,0
com revoke,0,0,0,0,0,0,0,0,0,0,0,0,0,0,0,0,0,0,0,0,0,0,0,0,0,0,0,0,0,0,0,0
com revoke_all,0,0,0,0,0,0,0,0,0,0,0,0,0,0,0,0,0,0,0,0,0,0,0,0,0,0,0,0,0,0,0,0
com rollback,0,0,0,0.11111111111111112,0.5555555555555556,0.6666666666666667,0.6666666666666667,1,1.4444444444444444,1.401075,1.4155142857142855,1.4347666666666665,1.34928,0.9244,0.8451333333333334,2.8805672501661865,2.7777777777777777,2.555555555555556,0.6,0.6,0.6,0.6,3.574492422076065,3.574492422076065,2.969569154513392,2.921611295681063,4.76929902395741,5.505505505505505,5.505505505505505,5.505505505505505,3.9287287287287285,3.378178178178178
com rollback_to_savepoint,0,0,0,0,0,0,0,0,0,0,0,0,0,0,0,0,0,0,0,0,0,0,0,0,0,0,0,0,0,0,0,0
com savepoint,0,0,0,0,0,0,0,0,0,0,0,0,0,0,0,0,0,0,0,0,0,0,0,0,0,0,0,0,0,0,0,0
com select,28.333333333333336,27.555555555555554,25.888888888888893,78.44444444444444,141.55555555555557,217.33333333333334,267.33333333333337,339.6666666666667,399.55555555555554,384.433425,385.9998571428571,388.9321333333333,340.80564000000004,282.05755,209.23086666666669,556.6142255705739,532,525.3333333333334,142.05,142.05,142.05,142.05,511.5813554475265,511.5813554475265,425.00473739395676,399.11750830564785,520.7409050576753,516.5165165165165,516.5165165165165,516.5165165165165,368.5861861861862,316.9345345345345
com set_option,1,1,1,5.888888888888889,10.555555555555555,15.222222222222223,19.555555555555557,25.11111111111111,29.888888888888893,28.883699999999997,29.072485714285712,29.357533333333333,24.84924,20.5679,16.299,43.43009084865943,42.111111111111114,43,13.5,13.5,13.5,13.5,43.17986845867887,43.17986845867887,35.872395386521774,33.53501661129568,42.369121561668145,42.54254254254254,42.54254254254254,42.54254254254254,30.358358358358355,26.104104104104106
com show_binlog_events,0,0,0,0,0,0,0,0,0,0,0,0,0,0,0,0,0,0,0,0,0,0,0,0,0,0,0,0,0,0,0,0
com show_binlogs,0,0,0,0,0,0,0,0,0,0,0,0,0,0,0,0,0,0,0,0,0,0,0,0,0,0,0,0,0,0,0,0
com show_charsets,0,0,0,0,0,0,0,0,0,0,0,0,0,0,0,0,0,0,0,0,0,0,0,0,0,0,0,0,0,0,0,0
com show_client_statistics,0,0,0,0,0,0,0,0,0,0,0,0,0,0,0,0,0,0,0,0,0,0,0,0,0,0,0,0,0,0,0,0
com show_collations,0,0,0,0,0,0,0,0,0,0,0,0,0,0,0,0,0,0,0,0,0,0,0,0,0,0,0,0,0,0,0,0
com show_create_db,0,0,0,0,0,0,0,0,0,0,0,0,0,0,0,0,0,0,0,0,0,0,0,0,0,0,0,0,0,0,0,0
com show_create_event,0,0,0,0,0,0,0,0,0,0,0,0,0,0,0,0,0,0,0,0,0,0,0,0,0,0,0,0,0,0,0,0
com show_create_func,0,0,0,0,0,0,0,0,0,0,0,0,0,0,0,0,0,0,0,0,0,0,0,0,0,0,0,0,0,0,0,0
com show_create_proc,0,0,0,0,0,0,0,0,0,0,0,0,0,0,0,0,0,0,0,0,0,0,0,0,0,0,0,0,0,0,0,0
com show_create_table,0,0,0,0,0,0,0,0,0,0,0,0,0,0,0,0,0,0,0,0,0,0,0,0,0,0,0,0,0,0,0,0
com show_create_trigger,0,0,0,0,0,0,0,0,0,0,0,0,0,0,0,0,0,0,0,0,0,0,0,0,0,0,0,0,0,0,0,0
com show_create_user,0,0,0,0,0,0,0,0,0,0,0,0,0,0,0,0,0,0,0,0,0,0,0,0,0,0,0,0,0,0,0,0
com show_databases,0,0,0,0,0,0,0,0,0,0,0,0,0,0,0,0,0,0,0,0,0,0,0,0,0,0,0,0,0,0,0,0
com show_engine_logs,0,0,0,0,0,0,0,0,0,0,0,0,0,0,0,0,0,0,0,0,0,0,0,0,0,0,0,0,0,0,0,0
com show_engine_mutex,0,0,0,0,0,0,0,0,0,0,0,0,0,0,0,0,0,0,0,0,0,0,0,0,0,0,0,0,0,0,0,0
com show_engine_status,1.1111111111111112,0.888888888888889,1,1.1111111111111112,0.888888888888889,1,0.888888888888889,0.888888888888889,1,0.754425,0.7621999999999999,0.5518333333333333,0.44976000000000005,0.4622,0.36219999999999997,0.9971194327498338,1.1111111111111112,1,0.3,0.3,0.3,0.3,1.0008578781812982,1.0008578781812982,0.8314793632637498,0.6351328903654485,1.109139307897072,1.2512512512512513,1.2512512512512513,1.2512512512512513,0.892892892892893,0.7677677677677678
com show_errors,0,0,0,0,0,0,0,0,0,0,0,0,0,0,0,0,0,0,0,0,0,0,0,0,0,0,0,0,0,0,0,0
com show_events,0,0,0,0,0,0,0,0,0,0,0,0,0,0,0,0,0,0,0,0,0,0,0,0,0,0,0,0,0,0,0,0
com show_fields,0,0,0,0,0,0,0,0,0,0,0,0,0,0,0,0,0,0,0,0,0,0,0,0,0,0,0,0,0,0,0,0
com show_function_code,0,0,0,0,0,0,0,0,0,0,0,0,0,0,0,0,0,0,0,0,0,0,0,0,0,0,0,0,0,0,0,0
com show_function_status,0,0,0,0,0,0,0,0,0,0,0,0,0,0,0,0,0,0,0,0,0,0,0,0,0,0,0,0,0,0,0,0
com show_grants,0,0,0,0,0,0,0,0,0,0,0,0,0,0,0,0,0,0,0,0,0,0,0,0,0,0,0,0,0,0,0,0
com show_index_statistics,0,0,0,0,0,0,0,0,0,0,0,0,0,0,0,0,0,0,0,0,0,0,0,0,0,0,0,0,0,0,0,0
com show_keys,0,0,0,0,0,0,0,0,0,0,0,0,0,0,0,0,0,0,0,0,0,0,0,0,0,0,0,0,0,0,0,0
com show_master_status,0,0,0,0,0,0,0,0,0,0,0,0,0,0,0,0,0,0,0,0,0,0,0,0,0,0,0,0,0,0,0,0
com show_open_tables,0,0,0,0,0,0,0,0,0,0,0,0,0,0,0,0,0,0,0,0,0,0,0,0,0,0,0,0,0,0,0,0
com show_plugins,0,0,0,0,0,0,0,0,0,0,0,0,0,0,0,0,0,0,0,0,0,0,0,0,0,0,0,0,0,0,0,0
com show_privileges,0,0,0,0,0,0,0,0,0,0,0,0,0,0,0,0,0,0,0,0,0,0,0,0,0,0,0,0,0,0,0,0
com show_procedure_code,0,0,0,0,0,0,0,0,0,0,0,0,0,0,0,0,0,0,0,0,0,0,0,0,0,0,0,0,0,0,0,0
com show_procedure_status,0,0,0,0,0,0,0,0,0,0,0,0,0,0,0,0,0,0,0,0,0,0,0,0,0,0,0,0,0,0,0,0
com show_processlist,0,0,0,0,0,0,0,0,0,0,0,0,0,0,0,0,0,0,0,0,0,0,0,0,0,0,0,0,0,0,0,0
com show_profile,0,0,0,0,0,0,0,0,0,0,0,0,0,0,0,0,0,0,0,0,0,0,0,0,0,0,0,0,0,0,0,0
com show_profiles,0,0,0,0,0,0,0,0,0,0,0,0,0,0,0,0,0,0,0,0,0,0,0,0,0,0,0,0,0,0,0,0
com show_relaylog_events,0,0,0,0,0,0,0,0,0,0,0,0,0,0,0,0,0,0,0,0,0,0,0,0,0,0,0,0,0,0,0,0
com show_slave_hosts,0,0,0,0,0,0,0,0,0,0,0,0,0,0,0,0,0,0,0,0,0,0,0,0,0,0,0,0,0,0,0,0
com show_slave_status,1,1,1,1,1,1,1,1,1,0.8622,0.7621999999999999,0.6622,0.5622,0.4622,0.36219999999999997,0.9971194327498338,1,1,0.3,0.3,0.3,0.3,1.0008578781812982,1.0008578781812982,0.8314793632637498,0.7621594684385382,0.9982253771073648,1.001001001001001,1.001001001001001,1.001001001001001,0.7143143143143142,0.6142142142142142
com show_status,1,1,1,1,1,1,1,1,1,0.8622,0.7621999999999999,0.6622,0.5622,0.4622,0.36219999999999997,0.9971194327498338,1,1,0.3,0.3,0.3,0.3,1.0008578781812982,1.0008578781812982,0.8314793632637498,0.7621594684385382,0.9982253771073648,1.001001001001001,1.001001001001001,1.001001001001001,0.7143143143143142,0.6142142142142142
com show_storage_engines,0,0,0,0,0,0,0,0,0,0,0,0,0,0,0,0,0,0,0,0,0,0,0,0,0,0,0,0,0,0,0,0
com show_table_statistics,0,0,0,0,0,0,0,0,0,0,0,0,0,0,0,0,0,0,0,0,0,0,0,0,0,0,0,0,0,0,0,0
com show_table_status,0,0,0,0,0,0,0,0,0,0,0,0,0,0,0,0,0,0,0,0,0,0,0,0,0,0,0,0,0,0,0,0
com show_tables,0,0,0,0,0,0,0,0,0,0,0,0,0,0,0,0,0,0,0,0,0,0,0,0,0,0,0,0,0,0,0,0
com show_thread_statistics,0,0,0,0,0,0,0,0,0,0,0,0,0,0,0,0,0,0,0,0,0,0,0,0,0,0,0,0,0,0,0,0
com show_triggers,0,0,0,0,0,0,0,0,0,0,0,0,0,0,0,0,0,0,0,0,0,0,0,0,0,0,0,0,0,0,0,0
com show_user_statistics,0,0,0,0,0,0,0,0,0,0,0,0,0,0,0,0,0,0,0,0,0,0,0,0,0,0,0,0,0,0,0,0
com show_variables,1.1111111111111112,1,1,1,1,1.1111111111111112,1,1,1,0.754425,0.6533142857142856,0.6622,0.5622,0.4622,0.24146666666666666,0.9971194327498338,1.1111111111111112,1.1111111111111112,0.45,0.45,0.45,0.45,1.143837575064341,1.143837575064341,0.9502621294442856,0.7621594684385382,0.9982253771073648,1.001001001001001,1.001001001001001,1.001001001001001,0.7143143143143142,0.6142142142142142
com show_warnings,0,0,0,0,0,0,0,0,0,0,0,0,0,0,0,0,0,0,0,0,0,0,0,0,0,0,0,0,0,0,0,0
com shutdown,0,0,0,0,0,0,0,0,0,0,0,0,0,0,0,0,0,0,0,0,0,0,0,0,0,0,0,0,0,0,0,0
com signal,0,0,0,0,0,0,0,0,0,0,0,0,0,0,0,0,0,0,0,0,0,0,0,0,0,0,0,0,0,0,0,0
com slave_start,0,0,0,0,0,0,0,0,0,0,0,0,0,0,0,0,0,0,0,0,0,0,0,0,0,0,0,0,0,0,0,0
com slave_stop,0,0,0,0,0,0,0,0,0,0,0,0,0,0,0,0,0,0,0,0,0,0,0,0,0,0,0,0,0,0,0,0
com stmt_close,1.1111111111111112,1.1111111111111112,0.888888888888889,0.888888888888889,1,1,0.888888888888889,0.888888888888889,1,0.754425,0.6533142857142856,0.6622,0.5622,0.4622,0.36219999999999997,0.9971194327498338,1,1.1111111111111112,0.45,0.45,0.45,0.45,1.143837575064341,1.143837575064341,0.9502621294442856,0.8891860465116279,0.8873114463176576,0.7507507507507507,0.7507507507507507,0.7507507507507507,0.5357357357357357,0.4606606606606607
com stmt_execute,1.1111111111111112,1.1111111111111112,0.888888888888889,0.888888888888889,1,1,0.888888888888889,0.888888888888889,1,0.754425,0.6533142857142856,0.6622,0.5622,0.4622,0.36219999999999997,0.9971194327498338,1,1.1111111111111112,0.45,0.45,0.45,0.45,1.143837575064341,1.143837575064341,0.9502621294442856,0.8891860465116279,0.8873114463176576,0.7507507507507507,0.7507507507507507,0.7507507507507507,0.5357357357357357,0.4606606606606607
com stmt_fetch,0,0,0,0,0,0,0,0,0,0,0,0,0,0,0,0,0,0,0,0,0,0,0,0,0,0,0,0,0,0,0,0
com stmt_prepare,1.1111111111111112,1.1111111111111112,0.888888888888889,0.888888888888889,1,1,0.888888888888889,0.888888888888889,1,0.754425,0.6533142857142856,0.6622,0.5622,0.4622,0.36219999999999997,0.9971194327498338,1,1.1111111111111112,0.45,0.45,0.45,0.45,1.143837575064341,1.143837575064341,0.9502621294442856,0.8891860465116279,0.8873114463176576,0.7507507507507507,0.7507507507507507,0.7507507507507507,0.5357357357357357,0.4606606606606607
com stmt_reprepare,0,0,0,0,0,0,0,0,0,0,0,0,0,0,0,0,0,0,0,0,0,0,0,0,0,0,0,0,0,0,0,0
com stmt_reset,0,0,0,0,0,0,0,0,0,0,0,0,0,0,0,0,0,0,0,0,0,0,0,0,0,0,0,0,0,0,0,0
com stmt_send_long_data,0,0,0,0,0,0,0,0,0,0,0,0,0,0,0,0,0,0,0,0,0,0,0,0,0,0,0,0,0,0,0,0
com truncate,0,0,0,0,0,0,0,0,0,0,0,0,0,0,0,0,0,0,0,0,0,0,0,0,0,0,0,0,0,0,0,0
com uninstall_plugin,0,0,0,0,0,0,0,0,0,0,0,0,0,0,0,0,0,0,0,0,0,0,0,0,0,0,0,0,0,0,0,0
com unlock_binlog,0,0,0,0,0,0,0,0,0,0,0,0,0,0,0,0,0,0,0,0,0,0,0,0,0,0,0,0,0,0,0,0
com unlock_tables,0,0,0,0,0,0,0,0,0,0,0,0,0,0,0,0,0,0,0,0,0,0,0,0,0,0,0,0,0,0,0,0
com update,0,0,0,25.666666666666668,59.66666666666667,104.11111111111111,137.66666666666669,176.55555555555557,209.33333333333334,203.0481,205.1406857142857,207.9308,185.86332000000002,155.64585,114.33446666666666,306.22645690228234,296.77777777777777,291,75,75,75,75,269.8026880183014,269.8026880183014,224.14307978267084,207.05332225913622,260.5368234250222,240.74074074074073,240.74074074074073,240.74074074074073,171.7925925925926,147.71851851851852
com update_multi,0,0,0,0,0,0,0,0,0,0,0,0,0,0,0,0,0,0,0,0,0,0,0,0,0,0,0,0,0,0,0,0
com xa_commit,0,0,0,0,0,0,0,0,0,0,0,0,0,0,0,0,0,0,0,0,0,0,0,0,0,0,0,0,0,0,0,0
com xa_end,0,0,0,0,0,0,0,0,0,0,0,0,0,0,0,0,0,0,0,0,0,0,0,0,0,0,0,0,0,0,0,0
com xa_prepare,0,0,0,0,0,0,0,0,0,0,0,0,0,0,0,0,0,0,0,0,0,0,0,0,0,0,0,0,0,0,0,0
com xa_recover,0,0,0,0,0,0,0,0,0,0,0,0,0,0,0,0,0,0,0,0,0,0,0,0,0,0,0,0,0,0,0,0
com xa_rollback,0,0,0,0,0,0,0,0,0,0,0,0,0,0,0,0,0,0,0,0,0,0,0,0,0,0,0,0,0,0,0,0
com xa_start,0,0,0,0,0,0,0,0,0,0,0,0,0,0,0,0,0,0,0,0,0,0,0,0,0,0,0,0,0,0,0,0
handler delete,0,0,0,1.1111111111111112,2.2222222222222223,6.666666666666667,9.666666666666668,12.222222222222223,14.444444444444446,14.010749999999998,14.155142857142854,14.347666666666665,13.492799999999999,12.7105,8.451333333333334,24.26323953024596,25.22222222222222,23.555555555555557,5.4,5.4,5.4,5.4,23.30569059193595,23.30569059193595,19.36159088742732,16.76750830564784,17.524401064773734,7.757757757757757,7.757757757757757,7.757757757757757,5.535935935935936,4.76016016016016
handler discover,0,0,0,0,0,0,0,0,0,0,0,0,0,0,0,0,0,0,0,0,0,0,0,0,0,0,0,0,0,0,0,0
handler external_lock,122.66666666666667,118.44444444444446,112.22222222222221,549.1111111111111,1099,1754.8888888888891,2224,2842.666666666667,3358.111111111111,3243.0575249999997,3266.0269999999996,3300.5151666666666,2910.0596400000004,2407.1376,1788.6643333333334,4728.229559051629,4534.888888888889,4480.777777777778,1211.55,1211.55,1211.55,1211.55,4295.396053760366,4295.396053760366,3568.471861595653,3333.3044352159473,4299.911268855369,4204.954954954955,4204.954954954955,4204.954954954955,3000.655855855856,2580.1603603603608
handler mrr_init,0,0,0,0,0,0,0,0,0,0,0,0,0,0,0,0,0,0,0,0,0,0,0,0,0,0,0,0,0,0,0,0
handler read_first,2.111111111111111,2.111111111111111,1.777777777777778,1.777777777777778,2,2.2222222222222223,1.777777777777778,1.777777777777778,1.8888888888888888,1.6166249999999998,1.4155142857142855,1.4347666666666665,1.2368400000000002,1.03995,0.6036666666666667,2.2158209616662976,2.111111111111111,2,0.45,0.45,0.45,0.45,2.0017157563625965,2.0017157563625965,1.6629587265274997,1.651345514950166,2.1073646850044367,2.002002002002002,2.002002002002002,2.002002002002002,1.4286286286286285,1.2284284284284284
handler read_key,116.77777777777779,116.77777777777779,95.11111111111111,196.22222222222223,328.55555555555554,487.88888888888886,617.5555555555555,774.3333333333334,924.3333333333334,885.1560750000001,882.7364857142857,893.8596333333332,796.4125200000001,679.8961999999999,524.4656,1280.3013516507867,1250.4444444444446,1252.6666666666667,403.65,403.65,403.65,403.65,1275.6648555905062,1275.6648555905062,1059.7798398627394,978.9938372093023,1311.4463176574977,1399.6496496496497,1399.6496496496497,1399.6496496496497,998.78998998999,858.8250250250251
handler read_last,0,0,0,0,0,0,0,0,0,0,0,0,0,0,0,0,0,0,0,0,0,0,0,0,0,0,0,0,0,0,0,0
handler read_next,0,0,0,54.22222222222223,106.44444444444446,234.33333333333334,372.77777777777777,470.7777777777778,570,552.88575,558.5837142857142,566.1809999999999,521.9464800000001,482.07460000000003,364.7354,942.6102370928431,964.7777777777777,958.5555555555557,284.1,284.1,284.1,284.1,920.3603088361454,920.3603088361454,764.6046659041083,683.4029900332226,840.2839396628217,759.009009009009,759.009009009009,759.009009009009,541.6288288288288,465.72792792792796
handler read_prev,0,0,0,0,0,0,0,0,0,0,0,0,0,0,0,0,0,0,0,0,0,0,0,0,0,0,0,0,0,0,0,0
handler read_rnd,53.333333333333336,53.333333333333336,42.66666666666667,42.66666666666667,48,53.333333333333336,42.66666666666667,42.66666666666667,48,41.3856,36.58559999999999,37.0832,32.38272,27.732,17.3856,53.17970307999114,53.333333333333336,48,14.4,14.4,14.4,14.4,48.04117815270232,48.04117815270232,39.911009436659995,36.583654485049834,47.91481810115351,48.048048048048045,48.048048048048045,48.048048048048045,34.28708708708709,29.482282282282284
handler read_rnd_next,3639.7777777777783,3396.2222222222226,3288.2222222222226,3283.888888888889,3386.2222222222226,3561.666666666667,3263.7777777777783,3328.888888888889,3338.3333333333335,2705.2602749999996,2422.3804857142854,2241.6573666666663,1951.6210800000001,1593.2033999999999,1058.1069333333332,3416.2419676490144,3557.888888888889,3592.3333333333335,1276.35,1276.35,1276.35,1276.35,3679.1535601944524,3679.1535601944524,3056.5181393575444,2657.5230398671097,3317.1029281277733,3174.1741741741744,3174.1741741741744,3174.1741741741744,2265.0906906906903,1947.6732732732733
handler update,0,0,0,35.22222222222222,80.22222222222223,170.66666666666669,233.55555555555557,292.33333333333337,347,336.581325,340.0500857142857,344.6751,315.50664,277.43555000000003,191.6038,577.3321515621539,578.3333333333334,554.1111111111111,119.55,119.55,119.55,119.55,496.568487274807,496.568487274807,412.5325469450005,374.7284053156146,440.6610470275067,324.57457457457457,324.57457457457457,324.57457457457457,231.6164164164164,199.15895895895898
handler write,1263.888888888889,1197.7777777777778,1193.888888888889,1332.6666666666667,1512.4444444444446,1781.3333333333335,1859.6666666666667,2057.888888888889,2219,1960.750575,1852.037114285714,1811.9999333333333,1571.23656,1292.65785,913.9513333333334,2638.821183248394,2638.777777777778,2625.888888888889,815.85,815.85,815.85,815.85,2593.651701458393,2593.651701458393,2154.7193785149175,1935.758023255814,2518.1898846495124,2503.253253253253,2503.253253253253,2503.253253253253,1786.3215215215216,1535.9961961961963
handler total commit,0,0,0,102.66666666666667,233,390.8888888888889,505.11111111111114,651.5555555555555,774.1111111111111,750.868425,758.6067714285714,768.9245666666666,679.47492,562.7284999999999,416.40926666666667,1096.9421670729007,1050.4444444444446,1035.7777777777778,276.3,276.3,276.3,276.3,986.8458678867601,986.8458678867601,819.8386521780574,766.097292358804,989.4631765749779,966.2162162162161,966.2162162162161,966.2162162162161,689.4918918918918,592.8702702702702
handler total prepare,0,0,0,0,0,0,0,0,0,0,0,0,0,0,0,0,0,0,0,0,0,0,0,0,0,0,0,0,0,0,0,0
handler total rollback,0,0,0,0.22222222222222224,1.1111111111111112,1.3333333333333335,1.3333333333333335,2,2.888888888888889,2.80215,2.831028571428571,2.869533333333333,2.69856,1.8488,1.6902666666666668,5.761134500332373,5.555555555555555,5.111111111111112,1.2,1.2,1.2,1.2,7.14898484415213,7.14898484415213,5.939138309026784,5.843222591362126,9.53859804791482,11.01101101101101,11.01101101101101,11.01101101101101,7.857457457457457,6.756356356356356
handler total savepoint,0,0,0,0,0,0,0,0,0,0,0,0,0,0,0,0,0,0,0,0,0,0,0,0,0,0,0,0,0,0,0,0
handler total savepoint_rollback,0,0,0,0,0,0,0,0,0,0,0,0,0,0,0,0,0,0,0,0,0,0,0,0,0,0,0,0,0,0,0,0
cpu System,99.55555555555597,99.5833333333394,99.44444444445253,99.13888888889537,98.77777777778142,98.41666666665738,98.1111111111103,97.75000000000647,97.4444444444392,97.16666666666546,96.86111111110827,96.98627812500082,96.63963563652764,96.58333333332443,96.63888888889132,96.66666666666465,96.83333333332484,97.13272723213707,97.45543809523515,96.9173516996308,97.3396802325573,97.08268504111216,97.277777777779,97.36111111110908,97.36111111111919,97.41666666667597,98.06026619850486,97.80938906600956,97.55501222491583,97.49999999999595,97.55555555555273,97.58333333333617,97.83124687500901,98.08260357142315,97.33451799199587,97.27777777776888,97.24999999999555,97.194444444459,97.38953229166708,97.62409642857826,97.79083750000133,97.52213307258745,97.03529075582902,97.0271171371424,97.00000000000526,97.0277777777786,97.03124999999773,98.43333333332946,97.40273928571732,96.89285714286078,97.39279642857448,97.18820294925814,97.16603689708703,97.21874999999045,97.13984227480053,97.78998767328378,97.40527697886162,97.41580526842199,98.02000000001135,98.02000000001135,98.04273015344684,98.34274000000849,97.12571857035151,97.12571857035151,97.10920770877478,97.59622814321011,97.05653670999203,98.1471909409434,97.87191566566848,97.2472472472509,96.99887457796946,97.02612562535833,97.70820618640943,97.39138110720079,96.968749999985,97.05457374679074,97.03124999999773,98.31249999999727,97.2503437070448,97.30495665703167,97.31249999998681,97.27838258165984,97.24960708673811,97.69245472568468,97.87136510053253,97.14326524779835,97.14326524779835,97.14326524779835,97.19506776272384,97.24931232809021,97.24931232809021,98.42500000003383,98.42500000003383,97.43717964746821,97.38772787907111,97.64068215918573,97.17776507573281,97.63277990139778,97.25091636119838,97.84138666666612,98.03333333333285,97.83194666666614,98.1269466666662,97.11303575393939,97.22083437422116,97.1517089746167,97.1517089746167,97.1517089746167,97.28158980127802,97.28158980127802,98.50495495495254,98.20465465465175,97.97869517324744,97.75372935091711,97.52111978048956,96.9660953334131,96.9142666518387
cpu User,8.22222222228043,8.22222222228043,8.861111111117578,9.166666666715173,9.333333333375373,9.55555555548118,9.583333333365673,9.944444444408873,10.30555555553292,10.499999999915921,10.694444444379771,9.322821875075414,10.219951121953494,10.361111110978527,10.388888888863018,10.527777777800415,10.333333333417412,9.339928125023134,8.298741666737357,10.053321484101708,9.153788447145079,9.974438764160112,9.69444444449942,9.472222222231924,9.444444444428274,9.277777777768078,7.159899767307014,8.060324846905369,8.946432540486942,8.972222222251327,8.83333333331393,8.91666666664403,8.055368749960653,7.097228571375267,9.579075966269553,9.861111111078774,10.027777777819816,10.111111111149915,9.294412499889795,8.506321428554356,7.6564124999964775,8.359069152701352,10.00142877549778,10.307846188019145,10.25000000000647,10.222222222121976,10.31250000005457,5.733333333337214,9.13519285704902,10.928571428459172,9.17016428562009,9.935016245916692,10.030006668109664,10.031249999974534,9.774519604466342,7.764908175036417,9.190946605075128,9.253084361579976,6.900000000052387,6.900000000052387,6.820788859291279,5.7390300000750285,9.810047488262539,9.810047488262539,9.707351891510221,7.94580141550264,14.356325669176112,12.969663413334981,14.89659034025025,19.26926926915274,17.600350131313796,16.731517509698506,9.58934779896615,10.915010630391079,13.468750000083674,14.393686784545178,14.093750000120053,8.53125000003274,13.060867391463288,13.364080906861725,13.812500000040018,14.163519217967732,14.18059722817961,11.897343816977344,9.704070865285352,12.712469647184943,12.712469647184943,12.712469647184943,11.441901799587155,10.846461615225547,10.846461615225547,5.849999999991269,5.849999999991269,9.43867983503759,9.55980435757957,7.973897006238836,9.538439554100107,8.000604636990317,10.274352993478955,8.19541333329926,7.466666666635624,8.23125333329911,7.111253333303767,12.352875860488945,12.584311766171732,13.142114731184574,13.142114731184574,13.142114731184574,10.342457192843618,10.342457192843618,4.817367367502736,5.7850016684975625,7.209320548815337,7.830749068477383,8.750745835186894,10.446640810789477,10.480373624062409
cpu Iowait,0.05555555555424184,0.05555555555424184,0.027777777778384107,0.055555555556768214,0.11111111111101006,0.2222222222232833,0.3055555555559093,0.3611111111126775,0.38888888888853523,0.4166666666662877,0.4722222222224244,0.47881562500020486,0.5276605198852531,0.5000000000001769,0.4166666666662877,0.3611111111114143,0.33333333333303017,0.31227723214450953,0.2891547619064713,0.3332592757168358,0.2860558889719828,0.3334074238697731,0.3333333333336618,0.3611111111114143,0.3055555555552777,0.3333333333311354,0.28525497080707796,0.30893231120251974,0.3334074238723001,0.3333333333336618,0.3055555555559093,0.3888888888897984,0.337987500000333,0.3434142857146241,0.3609506885837864,0.3611111111120459,0.3888888888897984,0.388888888887272,0.37292395833103736,0.3519857142853941,0.24209999999840362,0.35824582083054274,0.4286326618076279,0.3889753278509113,0.3611111111107827,0.33333333333303017,0.343750000001819,0.1333333333354858,0.23882857142971178,0.28571428571564994,0.23974285714400187,0.3436640839786927,0.3334074238723001,0.3437500000003979,0.36099078085113057,0.3583803773042332,0.40640240090067886,0.3890185617437129,0.2700000000011187,0.2700000000011187,0.2669004336235208,0.24552000000047453,0.34366408397656156,0.34366408397656156,0.2855103497491073,0.23370004163024258,0.360990780848605,0.2694994995000204,0.3095395395401378,0.40040040040117425,0.3751406777538167,0.33351862145606126,0.2110862723033117,0.24026752959869432,0.343750000001819,0.33344448149352796,0.3437499999989768,0.218749999999801,0.37495313086114346,0.36119137586160577,0.40625000000034106,0.44434570095683346,0.4286326618092522,0.3596174453496899,0.3443379984474966,0.32138265961895,0.32138265961895,0.32138265961895,0.36103088202651945,0.28132033008155405,0.28132033008155405,0.22499999999979536,0.22499999999979536,0.34379297412145254,0.3334815473540765,0.26878304515755147,0.32152043441197575,0.269683302373905,0.333222259247246,0.2561066666672656,0.23333333333387907,0.2572266666672682,0.2222266666671864,0.3331112591621502,0.3122658006499389,0.2998201079372385,0.2998201079372385,0.2998201079372385,0.37495313085830173,0.37495313085830173,0.16611611611502075,0.19948281614816749,0.269507310232551,0.280783831135361,0.2687942406683171,0.312773676967062,0.3613921939263862
cpu Total,88.47222222377442,88.41666666687364,87.5277777771569,87.05555555514164,86.16666666801193,85.22222222398139,84.55555555410683,83.52777777860561,82.6388888888889,81.86111110779974,81.0555555521407,73.06163124853104,81.17640524193432,81.02777777498382,81.02777777757082,80.94444444610014,81.47222222242918,74.06648169600555,66.07186309685387,81.8706954048499,74.83222055556504,81.85152256046551,82.36111111214592,82.86111111131808,82.94444444537578,83.16666666780496,66.86376515590418,75.2671449080891,83.74083129232442,83.91666666656319,84.05555555493467,84.08333333467858,75.65286875094432,67.36643571439232,83.046423812053,82.58333333198809,82.33333333498902,82.27777777808822,75.41669895576857,67.28793571275592,59.22371249808348,68.63392850553089,82.11887412234675,81.74038675240467,81.80555555865996,81.80555555607296,81.65625000256114,43.13333333469927,69.79764999688602,83.49999999627471,70.0648499968741,82.19820044860728,84.29651033262854,84.68749999592546,82.47250916412935,67.34564590404017,81.03038639757665,81.3882405273107,59.78999999910592,59.78999999910592,59.10361824461319,48.79710000114329,85.44738815179788,85.44738815179788,85.86723768922748,69.07505516373278,78.05731422952147,46.219164163285704,53.08603103002205,68.66866866736352,71.52682255811006,72.62367982440125,56.45050024933871,64.25440220020548,78.2812500023283,77.41469378516159,77.90624999906868,49.281249998603,79.33383327270356,78.96199155088401,78.6562499939464,78.26038657993217,78.04686383303383,65.48034317011746,59.60177718549926,79.59577202937412,79.59577202937412,79.59577202937412,81.0653188217649,81.52038009525664,81.52038009525664,49.5374999998603,49.5374999998603,83.19789973781648,82.98132503427989,69.19670173598783,82.77364961390931,69.42846795490678,81.91713873412007,58.867946669528884,53.63333333594104,59.12538666954141,51.08038666915024,79.66910948308423,79.50287284524966,79.20247851103073,79.20247851103073,79.20247851103073,82.14598175239736,82.14598175239736,40.90609359204652,49.12264347495232,54.608918736105224,60.83649674329836,67.85561275483394,81.10221443670079,81.06304904114403
network receive eth0,742476.4444444445,742816,874912,1418772.4444444445,1947560.8888888888,2596997.3333333335,3133724.4444444445,3671813.3333333335,4222181.333333334,4688242.666666667,5176468.444444445,5037307.1155,5458167.51832926,5402128.888888889,5227874.666666667,5159152,5050089.777777778,4520611.514571428,4038145.719238096,4988100.422128416,4563220.294373593,4982006.668148478,4992104,4987499.555555556,5003050.666666667,4990249.777777778,3963673.0447393134,4472926.458614653,4989060.680151144,4986932.444444445,4992233.777777778,4982839.111111111,4497799.7511,3993049.149257143,4986077.298978233,4984768,4976956.444444445,4969683.555555556,4561690.311266666,4078273.5615999997,3608889.7967999997,4164686.0035862266,4982948.421203029,4982095.576794842,4985752,4982842.666666667,4979474,2646117.333333333,4294346.928114286,5137393.142857144,4310786.586171428,4977543.614096476,5091458.546343632,5112769,4967742.308119515,4018069.0449621268,4821507.065149432,4841711.681671669,3568690.56,3568690.56,3527722.4367711805,2916341.5564800003,5110217.44563859,5110217.44563859,5119977.15917202,4132228.048126561,4978336.998778185,3206191.3476276277,3682541.137417418,4763497.897897898,4854676.503688884,4864093.385214007,3592707.653910289,4089375.3210772052,4976634,4967305.546293208,4972169,3093521.9999999995,4974513.185851769,4971788.397421649,4975810,4984012.441679627,4977592.227461066,4176137.658936991,3751455.0596023547,4971030.424225111,4971030.424225111,4971030.424225111,4979417.907131748,4975539.884971242,4975539.884971242,2984950.8,2984950.8,4979659.45743218,4976774.566473989,4156249.806544727,4971739.354101172,4170170.6767362105,4982459.180273242,3647611.0540799997,3323260.8,3663562.7059199996,3165073.58592,4965518.987341772,4963863.102672996,4943788.926644014,4943788.926644014,4943788.926644014,4986072.740907387,4986072.740907387,2469848.9665665664,2965952.00293627,3345429.816903665,3711184.5388063854,4164632.498598599,4977398.223445514,4978558.434337818
network receive lo,1448370.6666666667,1448527.1111111112,1448511.1111111112,1450683.5555555555,1451549.3333333335,1453423.1111111112,1454130.6666666667,1454649.7777777778,1456422.2222222222,1458272,1460977.7777777778,1318110.6915,1466866.0297711617,1474571.5555555555,1478407.1111111112,1479626.6666666667,1480256,1346537.6081142856,1202066.7738285714,1488244.3901355253,1365837.689572393,1497353.1895976884,1494040,1491575.1111111112,1495165.3333333335,1500755.5555555555,1199796.0994569878,1350955.8292948236,1505686.5970215604,1510016,1517370.6666666667,1532937.7777777778,1387879.4232,1238680.6762285715,1542306.5304309197,1546057.7777777778,1544663.1111111112,1540802.6666666667,1412866.3638,1256640.6245714286,1098486.1404,1255674.5297471066,1502384.9121303044,1503067.3482996218,1498002.6666666667,1495926.2222222222,1496952,794665.6,1259184.4749714285,1506381.7142857143,1264004.8964571427,1347297.1757060736,1368301.4003111802,1355092,1396822.3925358213,1143452.2545519508,1393214.455420783,1416410.8036012002,1139716.8,1139716.8,1126632.9930620412,977996.5113600001,1589158.7103224192,1589158.7103224192,1589654.2469664526,1277447.6954537886,1612777.962901255,1107635.396956957,1272198.8404004003,1645634.4344344346,1628892.8348130551,1626848.6937187328,1165037.9687176922,1326096.6313823578,1591189,1586527.9537623653,1576247,975457.9999999998,1557758.2802149733,1554246.7214936654,1547233,1530046.6562986001,1529169.3099014144,1282953.9363909129,1146730.1793624344,1517967.1475503498,1517967.1475503498,1517967.1475503498,1536664.741168629,1559261.8154538635,1559261.8154538635,951285.6,951285.6,1577639.2049006126,1572833.2592263229,1310747.6369248356,1567926.8362389253,1315137.8320663045,1572655.3371098521,1153355.7384533333,1050797.8666666667,1158399.5682133334,1000779.8882133333,1629852.9868976239,1639777.1671246565,1664430.1419148513,1664430.1419148513,1664430.1419148513,1652879.3900762405,1652879.3900762405,829667.6064064063,996317.7231898566,1118047.8424193873,1225100.0385338452,1359908.6709280708,1625322.1568872763,1626456.1325475369
network transmit eth0,711462.2222222222,711508.4444444445,845534.2222222222,1390081.7777777778,1920912.8888888888,2572093.3333333335,3109853.3333333335,3661558.2222222225,4235805.333333334,4746834.666666667,5298781.333333334,5161691.022,5785053.988002665,5822318.222222222,5745703.111111111,5745007.111111111,5669950.222222222,5132041.704899999,4616217.442171429,5792678.960231059,5308717.640810202,5825474.99444321,5843964.444444445,5794937.777777778,5788361.777777778,5839114.666666667,4574491.11115829,5131023.7290947735,5730174.7054901095,5705793.777777778,5723896.888888889,5695189.333333334,5166687.8292,4626682.389942857,5856918.702798757,5912933.333333334,5939570.666666667,5927273.777777778,5447576.796833333,4844545.522971428,4309857.4212,4985708.999157022,5965283.040434347,6065071.349188708,6089199.111111111,6093097.777777778,6132862,3306502.4,5409208.2526857145,6471118.857142857,5429915.833028572,6218746.313421645,6410638.808624139,6445586,6341373.320004443,5090342.178176361,6096813.304989371,6112800.266755586,4525175.04,4525175.04,4473226.594049366,3656931.03072,6389049.737565608,6389049.737565608,6439153.74732334,5203001.576019983,6564750.4165278245,4388189.202482482,5040150.603883884,6519614.014014015,6635467.30023759,6647922.623679822,4793789.990762048,5456499.212039353,6569138,6511099.255307325,6549588,3987292.999999999,6400082.989626297,6432891.75372305,6393616,6420576.7607198395,6427718.245463638,5392775.261465924,4878373.407886259,6415430.938437366,6415430.938437366,6415430.938437366,6381110.864252388,6350145.536384096,6350145.536384096,3828848.4,3828848.4,6446890.86135767,6424509.559804358,5390021.8020291515,6447587.310660189,5408075.046499,6441749.639009219,4676075.717973334,4260273.066666666,4696525.028693333,4057484.0686933333,6490848.767488341,6485989.507869098,6542223.465920448,6542223.465920448,6542223.465920448,6642425.696787902,6642425.696787902,3158684.658658658,3793149.7904571244,4281085.892048868,4735406.084075866,5329036.724910625,6402161.891655198,6435590.348048482
network transmit lo,1448370.6666666667,1448527.1111111112,1448511.1111111112,1450683.5555555555,1451549.3333333335,1453423.1111111112,1454130.6666666667,1454649.7777777778,1456422.2222222222,1458272,1460977.7777777778,1318110.6915,1466866.0297711617,1474571.5555555555,1478407.1111111112,1479626.6666666667,1480256,1346537.6081142856,1202066.7738285714,1488244.3901355253,1365837.689572393,1497353.1895976884,1494040,1491575.1111111112,1495165.3333333335,1500755.5555555555,1199796.0994569878,1350955.8292948236,1505686.5970215604,1510016,1517370.6666666667,1532937.7777777778,1387879.4232,1238680.6762285715,1542306.5304309197,1546057.7777777778,1544663.1111111112,1540802.6666666667,1412866.3638,1256640.6245714286,1098486.1404,1255674.5297471066,1502384.9121303044,1503067.3482996218,1498002.6666666667,1495926.2222222222,1496952,794665.6,1259184.4749714285,1506381.7142857143,1264004.8964571427,1347297.1757060736,1368301.4003111802,1355092,1396822.3925358213,1143452.2545519508,1393214.455420783,1416410.8036012002,1139716.8,1139716.8,1126632.9930620412,977996.5113600001,1589158.7103224192,1589158.7103224192,1589654.2469664526,1277447.6954537886,1612777.962901255,1107635.396956957,1272198.8404004003,1645634.4344344346,1628892.8348130551,1626848.6937187328,1165037.9687176922,1326096.6313823578,1591189,1586527.9537623653,1576247,975457.9999999998,1557758.2802149733,1554246.7214936654,1547233,1530046.6562986001,1529169.3099014144,1282953.9363909129,1146730.1793624344,1517967.1475503498,1517967.1475503498,1517967.1475503498,1536664.741168629,1559261.8154538635,1559261.8154538635,951285.6,951285.6,1577639.2049006126,1572833.2592263229,1310747.6369248356,1567926.8362389253,1315137.8320663045,1572655.3371098521,1153355.7384533333,1050797.8666666667,1158399.5682133334,1000779.8882133333,1629852.9868976239,1639777.1671246565,1664430.1419148513,1664430.1419148513,1664430.1419148513,1652879.3900762405,1652879.3900762405,829667.6064064063,996317.7231898566,1118047.8424193873,1225100.0385338452,1359908.6709280708,1625322.1568872763,1626456.1325475369
Reads completed vda,0,0.11111111111111112,0.11111111111111112,0.22222222222222224,0.33333333333333337,0.33333333333333337,0.6666666666666667,0.6666666666666667,0.7777777777777779,0.7777777777777779,0.6666666666666667,0.675975,0.7776049766718506,0.7777777777777779,1.1111111111111112,1,1,0.9084428571428571,0.9252952380952382,0.9997778271495223,0.8009564891222805,0.8890864636585908,0.888888888888889,0.5555555555555556,0.6666666666666667,0.7777777777777779,1.3692238598783326,1.3480682670667667,1.6670371193598577,1.6666666666666667,1.5555555555555558,1.5555555555555558,1.577275,1.2591857142857144,1.4438027543314083,1.1111111111111112,1.3333333333333335,1,1.0327125,1.0559571428571428,0.9683999999999999,1.5523985569367051,1.8574082011715958,1.6670371193598572,1.3333333333333335,1.1111111111111112,1.25,0.26666666666666666,1.3135571428571429,1.5714285714285716,1.3185857142857142,1.4996250937265685,1.44476550344521,1.625,1.6661112962345885,1.0751411319136772,1.75065649618607,1.7783705679671002,1.56,1.56,1.5420913942628418,1.4731200000000002,2.3744063984004,2.3744063984004,2.2840827980014273,1.4689716902581182,1.3328890369876707,0.4042492492492492,0.46430930930930925,0.6006006006006006,0.5001875703388772,0.5558643690939411,0.3618621810905453,0.4118871935967984,0.5,0.5557408024897188,0.625,0.4999999999999999,0.4999375078115236,0.6668148477439431,0.625,0.4443457009553432,0.42863266180882986,0.3596174453493356,0.2504276352327002,0.42851021282673896,0.42851021282673896,0.42851021282673896,0.4443457009553432,0.5001250312578145,0.5001250312578145,0.45,0.45,0.7500937617202151,1.0004446420631392,0.7167547870820234,0.8573878250928837,0.7191554729922836,0.9996667777407531,0.87808,0.8,0.88192,0.76192,0.8882966910948257,0.9992505620784412,0.9994003597841296,0.9994003597841296,0.9994003597841296,1.249843769528809,1.249843769528809,0.1661161161161161,0.19948281614948285,0.4042609653514921,0.873549696868569,1.0751769626769625,1.1259852370824472,1.000778383186923
Writes completed vda,16,14.88888888888889,13,35,81.11111111111111,126.66666666666667,180.55555555555557,225.77777777777777,247.8888888888889,268.55555555555554,288.44444444444446,290.3312625,305.154410131082,278.8888888888889,256.22222222222223,224.8888888888889,198.22222222222223,178.73613214285712,158.68813333333335,204.62119528993554,203.78621530382594,220.38230717937319,217.77777777777777,219.33333333333334,216.33333333333334,220.66666666666669,178.11320377250644,207.1531570392598,225.60569015336742,212.44444444444443,207.77777777777777,214.66666666666669,191.52625,173.19527142857143,213.1274988893825,222.77777777777777,210.22222222222223,213.55555555555557,197.47757916666666,183.1499,160.9965,166.94255250750106,199.7428204029147,212.49166481440315,195.66666666666669,205,203.625,124.53333333333333,175.41958571428572,209.85714285714283,176.09112857142856,194.32641839540116,197.37719493220715,201.25,195.15716983227813,179.7874892811205,212.45467050143807,209.84772702011782,154.56,154.56,152.78567044696464,130.98492000000002,203.82404398900275,203.82404398900275,192.43397573162025,154.10848459616983,181.16183494390756,124.37401901901903,142.8524974974975,184.7847847847848,194.5729648618232,194.88604780433576,155.60073786893446,177.1114932466233,205.625,200.7335778592864,193.625,114.49999999999997,196.47544056992876,196.04356523671927,195.875,197.95600977560542,203.8862694670667,171.05803150450066,158.52069310229922,191.68690187116124,191.68690187116124,191.68690187116124,196.84514552321704,189.67241810452612,189.67241810452612,117.75,117.75,207.2759094886861,207.64784348599377,171.9016897685053,205.63018005144326,172.47745427264934,203.5988003998667,140.49280000000002,128,141.10719999999998,121.90720000000002,187.87475016655566,187.23457406944792,188.28702778333002,188.28702778333002,188.28702778333002,201.59980002499688,201.59980002499688,109.13828828828828,131.06021021021022,160.08734227919086,170.5917765170477,181.22705026455026,213.18653822094333,208.05070610474814
Read time vda,NaN,0.000999999996565748,0.000999999996565748,0.000499999998282874,0.0003333333321885827,0.0003333333321885827,0.0004999999994955335,0.0004999999994955335,0.0004285714281390288,0.0004285714281390288,0.00033333333340124227,0.00033333333340124227,0.00042857142917845134,0.0005714285715449867,0.0005000000004656613,0.0004444444445349897,0.0004444444445349897,0.0005000000001018634,0.0005000000001018634,0.0004444444445349897,0.0004285714281390288,0.0005000000001018634,0.0003750000005311449,0.0004000000000814907,0.0005000000007081932,0.0004285714291784513,0.0005000000001018634,0.0005000000001018634,0.00046666666700427117,0.0004666666670042711,0.00042857142865874,0.0004999999998420077,0.0004999999998420077,0.0004545454543073323,0.00046153846163248934,0.0004000000000814907,0.0006666666668024845,0.0007777777775320121,0.000777777777532012,0.000777777777532012,0.0007500000001527951,0.0007692307688277931,0.0007692307688277933,0.0007333333332402011,0.0008333333335031057,0.000600000000122236,0.000600000000122236,0.0005000000019208528,0.0005454545455656692,0.0005454545455656692,0.0005454545455656692,0.0005833333331490091,0.000538461538291393,0.000538461538291393,0.0005333333334419877,0.00044444444453498966,0.00042857142865874,0.00043749999986175675,0.0003846153844138965,0.0003846153844138965,0.00038461538441389654,0.00041666666644838785,0.0004736842104313454,0.0004736842104313454,0.0005000000001018634,0.0005454545455656692,0.0005000000001018634,0.00033333333218858274,0.0003333333321885827,0.0003333333321885827,0.000249999999141437,0.00040000000008149066,0.00033333333461390186,0.00033333333461390186,0.0005000000001018634,0.0004000000000814907,0.0004000000000814907,0.0005000000001018634,0.0005000000001018634,0.0005000000007081932,0.0004000000000814907,0.0005000000001018635,0.0003333333346139018,0.0003333333346139019,0.0005000000019208527,0.0006666666668024847,0.0006666666668024847,0.0006666666668024847,0.0005000000001018635,0.0005000000001018634,0.0005000000001018634,0.0003333333346139019,0.0003333333346139019,0.00033333333340124227,0.000999999999799507,0.0013333333323923096,0.0013333333323923093,0.0013333333323923093,0.000999999999799507,0.001333333333604969,0.001333333333604969,0.001333333333604969,0.0013333333336049689,0.0003750000005311449,0.0003750000005311449,0.0004000000000814907,0.0004000000000814907,0.0004000000000814907,0.0004999999997380655,0.0004999999997380655,0,0,0.0003333333346139019,0.0008571428573174802,0.0007777777775320122,0.000777777777532012,0.0007777777775320122
Write time vda,0.001402777777709869,0.0014626865671363786,0.0014615384615563715,0.0010317460316905957,0.0010136986301242286,0.0010008771929853155,0.0011963076923185816,0.0011564960629949906,0.0011084715374263278,0.0010248241621901137,0.001001540832051549,0.0010054326736460217,0.0009916272297111506,0.0009717131474155532,0.000944058976581111,0.0007435770750867355,0.0006872197309389633,0.000697585768740875,0.0007113702623871067,0.0007247557003213089,0.0007158899494633237,0.0007070095814431985,0.0006984693877433417,0.0006990881458990155,0.0006995377503969272,0.000686304128893758,0.0006559897501632859,0.0006654013015257615,0.0006709359606023731,0.000721234309631468,0.0007272727272652569,0.0007246376811714715,0.0007317647058859138,0.0007435558493060146,0.0007373632100094576,0.0007481296758104739,0.0007410147991553185,0.0007294484911408735,0.0006693782684327477,0.0006688020499643895,0.0006759398496058537,0.0006766809728156472,0.0006766809728156472,0.0006992677824265346,0.0006916524701836914,0.0007056910569084238,0.0007163904235824632,0.0007408993576124323,0.0007270251872017028,0.000727025187201703,0.0007270251872017029,0.0006893890675335487,0.0006762387387392631,0.0006763975155324334,0.0006892430278942769,0.0006757475083200353,0.0006798116539133819,0.0006816737288194788,0.000692546583845147,0.000692546583845147,0.0006925465838451471,0.0007150890346825551,0.0008362967504606971,0.0008362967504606971,0.0008768545994070464,0.0009046793761035668,0.0008418148375182812,0.0006717226435485844,0.0006717226435485845,0.0006717226435485844,0.0006735218508873232,0.0006697090701648993,0.0006465116279089621,0.0006465116279089621,0.0006510638297849695,0.0006506090808513081,0.0006559070368000384,0.0006419213973994847,0.0006870229007737266,0.000691609977324923,0.000698149329918807,0.0007048260381559745,0.0007140854940436111,0.0007140854940436109,0.0007227488151493248,0.000680327868852806,0.000680327868852806,0.000680327868852806,0.0006828442437877264,0.0006802900461480021,0.0006802900461480021,0.0006904458598557053,0.0006904458598557053,0.0007714113389508096,0.0007574946466697244,0.0007720639332900789,0.0007720639332900791,0.000772063933290079,0.0007572285870192506,0.0006781250000130966,0.0006781250000130967,0.0006781250000130969,0.0006781250000130966,0.0007033096926727709,0.000705136757839025,0.0007165605095417819,0.0007165605095417819,0.0007165605095417819,0.0006720396776209306,0.0006720396776209306,0.0007321156773208024,0.0007321156773208025,0.0007281144781066389,0.0006978785662018321,0.0007073170731733408,0.0007065727699518218,0.0007033671833199455
IO time vda,0.00822222222187621,0.008000000000012936,0.008888888889082914,0.01766666666662786,0.029333333333246024,0.04122222222213168,0.052222222221947355,0.06322222222216725,0.07177777777784893,0.0801111111112631,0.0875555555556073,0.08663746250002623,0.09253499222380798,0.08811111111087182,0.0877777777778748,0.0865555555558078,0.08188888888899884,0.07403809285694125,0.06604294761903752,0.08131526327482458,0.07815046886732004,0.08557457212718789,0.0856666666667378,0.08377777777786832,0.08144444444446385,0.08211111111126633,0.06891760094713635,0.07560416197786698,0.08301844854405299,0.07955555555559436,0.07733333333332364,0.0811111111110626,0.07176601249986556,0.06433294285692298,0.08462905375375465,0.08488888888880158,0.08688888888880482,0.08955555555561054,0.08433818750006679,0.07837548571445986,0.06778800000015853,0.07296273217611898,0.08729818545517729,0.08946432540567803,0.08744444444447355,0.08700000000034278,0.08562500000016371,0.048133333333438104,0.06961852857127565,0.08328571428553136,0.06988504285698935,0.07935516120949754,0.08412980662385264,0.08412500000031287,0.08219482394734674,0.07585717986304172,0.09040890333897404,0.0892519728798359,0.06684000000008382,0.06684000000008382,0.06607268512349847,0.05340059999971418,0.08985253686590357,0.08985253686590357,0.08593861527465414,0.06864104079922895,0.08063978673801916,0.05349565065076438,0.061443598598729235,0.07947947947964847,0.08040515193197814,0.08204558087839836,0.06778884859073045,0.07716020093353651,0.09162499999956708,0.09125263976880213,0.08950000000004366,0.058750000000145505,0.0898637670292414,0.08924205378971811,0.08849999999983993,0.08498111530764473,0.08486926703828554,0.07120425417928358,0.06335819171357068,0.08113126696176282,0.08113126696176282,0.08113126696176282,0.08042657187273285,0.07676919229824919,0.07676919229824919,0.04544999999998254,0.04544999999998254,0.0832604075510785,0.08492663405949469,0.07227277436405188,0.08645327236347006,0.07251484352666959,0.08663778740406929,0.061026559999655006,0.05559999999968568,0.06129343999965349,0.05295343999970065,0.07739284921164961,0.07694229328026536,0.07555466719980236,0.07555466719980236,0.07555466719980236,0.08998875140621974,0.08998875140621974,0.03820670670663418,0.04588104771429397,0.058213579010218765,0.06738811947237314,0.07060328721582894,0.08294757913179854,0.082508617813674
mem_Used%,32.89922526171606,32.9009475777651,33.19855365976964,33.337250758072344,33.34449461674922,33.37569893104961,33.40968934484111,33.45041705376565,33.531061969944574,33.56084790632222,33.5967632615803,33.67533126722949,33.714640598231284,33.728875033813125,33.72117526794679,33.74407194012824,33.73611889249,33.74346406387564,33.752582207664716,33.757901124875,33.74599688159482,33.742248311370425,33.74969479546483,33.75536830715582,33.75531765080143,33.77031193169903,33.77689725776891,33.800097868076676,33.79629864149789,33.793968449196235,33.799591304532825,33.786724590519356,33.785559494368535,33.94796376652284,33.94522832338611,33.97744576477418,33.982562056566934,33.861037462400326,33.83474681447516,33.8212215678547,33.86260780938621,33.859669740831954,33.85688364134085,33.837482257611875,33.848018779323695,33.91108594053147,33.90779327749652,33.83672241229612,33.84695499588164,33.82724967402636,33.81884071919866,33.8196512208688,33.83616519239791,33.84776549755178,33.85804873749167,33.87461336537516,33.883883478227396,33.98104236593542,33.98580406324749,33.97916808082323,33.97845889186185,34.006775793962376,34.06143400034244,34.07470596519098,34.10742997012288,34.081797854804705,34.0618392511775,34.209198586079836,34.22034298404426,34.23214591461567
descriptor_used /dev/vda1,0.9953872370969288,0.9953872370969288,0.9953872116654429,0.9953872116654429,0.9953872116654429,0.9953872116654429,0.9953872116654429,0.9953872116654429,0.9953872116654429,0.9953872116654429,0.9953872116654429,0.9953872116654429,0.9953872116654429,0.9953872116654429,0.9953872116654429,0.9953872116654429,0.9953872116654429,0.9953872116654429,0.9953872116654429,0.9953872116654429,0.9953872116654429,0.9953872116654429,0.9953872116654429,0.9953872116654429,0.9953872116654429,0.9953872116654429,0.9953872116654429,0.9953872116654429,0.9953872116654429,0.9953872116654429,0.9953872116654429,0.9953872116654429,0.9953872116654429,0.9953872116654429,0.9953872116654429,0.9953872116654429,0.9953872116654429,0.9953872116654429,0.9953872116654429,0.9953872116654429,0.9953872116654429,0.9953872116654429,0.9953872116654429,0.9953872116654429,0.9953872116654429,0.9953872116654429,0.9953872116654429,0.9953872116654429,0.9953872116654429,0.9953872116654429,0.9953872116654429,0.9953872116654429,0.9953872116654429,0.9953872116654429,0.9953872116654429,0.9953872116654429,0.9953872116654429,0.9953872116654429,0.9953872116654429,0.9953872116654429,0.9953872116654429,0.9953872116654429,0.9953872116654429,0.9953872116654429,0.9953872116654429,0.9953872116654429,0.9953872116654429,0.9953872116654429,0.9953872116654429,0.9953872116654429
thread_connect,1,1,10,5,7,3,7,8,10,7,18,30,16,24,43
threads_running,1,1,1,2,2,1,1,2,2,1,4,6,5,2,23
lock_wait,24169,24169,24182,24213,24245,24275,24302,24334,24485,24502,24520,24636,24723,25188,25844
bytes_received,291511385,291520381,291655984,291828241,292023107,292170547,292358127,292519615,293581887,293703724,293851200,294573858,295133795,297800754,302160049
questions,1638141,1638173,1639214,1640522,1642069,1643212,1644675,1645910,1654280,1655267,1656370,1662074,1666469,1687597,1722243
queries,1674535,1674568,1675610,1676923,1678473,1679619,1681084,1682323,1690714,1691704,1692811,1698531,1702936,1724120,1758856
abort,92,92,92,92,92,92,92,92,92,92,92,92,92,92,92
mysql_global_status_threads_cached,10,10,1,7,5,9,6,5,9,6,5,9,4,10,7
select_full_range_join,0,0,0,0,0,0,0,0,0,0,0,0,0,0,0
select_full_join,50,50,50,50,50,50,50,50,50,50,50,50,50,50,58
Thread Cache Size,11,11,11,11,11,11,11,11,11,11,11,11,11,11,11
Threads Cached,10,10,1,7,5,9,6,5,9,6,5,9,4,10,7
Created Tmp Tables,1602836,1602962,1603095,1603228,1603366,1603497,1603632,1603766,1604704,1604835,1604969,1605641,1606181,1608579,1612599
Free Memory,1031832,1031832,1031832,1031832,1031832,1031832,1031832,1031832,1031832,1031832,1031832,1031832,1031832,1031832,1031832
open_files,61,61,61,61,61,61,61,62,67,67,68,71,71,74,76
innodb_num_open_files,29,29,29,29,29,29,29,29,29,29,29,29,29,29,29
Query Cache Size,1048576,1048576,1048576,1048576,1048576,1048576,1048576,1048576,1048576,1048576,1048576,1048576,1048576,1048576,1048576
table_open_cache,2000,2000,2000,2000,2000,2000,2000,2000,2000,2000,2000,2000,2000,2000,2000
process state after create,0,0,0,0,0,0,0,0,0,0,0,0,0,0,0
process state altering table,0,0,0,0,0,0,0,0,0,0,0,0,0,0,0
process state analyzing,0,0,0,0,0,0,0,0,0,0,0,0,0,0,0
process state checking permissions,0,0,0,0,0,0,0,0,0,0,0,0,0,0,0
process state checking table,0,0,0,0,0,0,0,0,0,0,0,0,0,0,0
process state cleaning up,0,0,0,0,0,0,0,0,0,0,0,0,0,0,0
process state closing tables,0,0,0,0,0,0,0,0,0,0,0,0,0,0,0
process state converting heap to myisam,0,0,0,0,0,0,0,0,0,0,0,0,0,0,0
process state copying to tmp table,0,0,0,0,0,0,0,0,0,0,0,0,0,0,0
process state creating sort index,0,0,0,0,0,0,0,0,0,0,0,0,0,0,0
process state creating table,0,0,0,0,0,0,0,0,0,0,0,0,0,0,0
process state creating tmp table,0,0,0,0,0,0,0,0,0,0,0,0,0,0,0
process state deleting,0,0,0,0,0,0,0,0,0,0,0,0,0,0,0
process state end,0,0,0,0,0,0,0,0,0,0,0,0,0,0,0
process state executing,0,0,0,0,1,0,0,0,0,0,0,0,0,2,5
process state execution of init_command,0,0,0,0,0,0,0,0,0,0,0,0,0,0,0
process state flushing tables,0,0,0,0,0,0,0,0,0,0,0,0,0,0,0
process state freeing items,0,0,0,0,0,0,0,0,0,0,0,0,0,0,0
process state fulltext initialization,0,0,0,0,0,0,0,0,0,0,0,0,0,0,0
process state idle,0,1,8,3,4,2,7,5,7,6,14,23,10,21,17
process state init,0,0,0,0,0,0,0,0,0,0,0,0,0,0,0
process state killed,0,0,0,0,0,0,0,0,0,0,0,0,0,0,0
process state logging slow query,0,0,0,0,0,0,0,0,0,0,0,0,0,0,0
process state login,0,0,0,0,0,0,0,0,0,0,0,0,0,0,0
process state manage keys,0,0,0,0,0,0,0,0,0,0,0,0,0,0,0
process state opening tables,0,0,0,0,0,0,0,0,0,0,0,0,0,0,0
process state optimizing,0,0,0,0,0,0,0,0,0,0,0,0,0,0,0
process state other,0,1,1,0,1,0,0,0,1,0,0,1,1,0,1
process state preparing,0,0,0,0,0,0,0,0,0,0,0,0,0,0,0
process state reading from net,0,0,0,0,0,0,0,0,0,0,0,0,0,0,0
process state removing duplicates,0,0,0,0,0,0,0,0,0,0,0,0,0,0,0
process state removing tmp table,0,0,0,0,0,0,0,0,0,0,0,0,0,0,0
process state reopen tables,0,0,0,0,0,0,0,0,0,0,0,0,0,0,0
process state repair by sorting,0,0,0,0,0,0,0,0,0,0,0,0,0,0,0
process state repair done,0,0,0,0,0,0,0,0,0,0,0,0,0,0,0
process state repair with keycache,0,0,0,0,0,0,0,0,0,0,0,0,0,0,0
process state replication master,0,0,0,0,0,0,0,0,0,0,0,0,0,0,0
process state rolling back,0,0,0,0,0,0,0,0,0,0,0,0,0,0,0
process state searching rows for update,0,0,0,0,0,0,0,0,0,0,0,0,0,0,0
process state sending data,0,0,0,0,0,0,0,0,0,0,0,0,0,0,3
process state sorting for group,0,0,0,0,0,0,0,0,0,0,0,0,0,0,0
process state sorting for order,0,0,0,0,0,0,0,0,0,0,0,0,0,0,0
process state sorting index,0,0,0,0,0,0,0,0,0,0,0,0,0,0,0
process state sorting result,0,0,0,0,0,0,0,0,0,0,0,0,0,0,0
process state statistics,0,0,0,0,0,0,0,0,0,0,0,0,0,0,0
process state updating,0,0,0,1,0,0,0,1,1,0,3,5,4,0,14
process state waiting for lock,0,0,0,0,0,0,0,1,0,0,0,0,0,0,0
process state waiting for table flush,0,0,0,0,0,0,0,0,0,0,0,0,0,0,0
process state waiting for tables,0,0,0,0,0,0,0,0,0,0,0,0,0,0,0
process state waiting on cond,0,0,0,0,0,0,0,0,0,0,0,0,0,0,0
process state writing to net,0,0,0,0,0,0,0,0,0,0,0,0,0,0,0
qcache_queries_in_cache,0,0,0,0,0,0,0,0,0,0,0,0,0,0,0
disk_io_now vda,0,0,0,0,0,0,0,0,0,0,0,0,0,0,0,0,0,0,0,0,0,0,0,0,0,0,0,0,0,0,0,0,0,0,0,0,0,0,0,0,0,0,0,0,0,0,0,0,0,0,0,0,0,0,0,0,0,0,0,0,0,0,0,0,0,0,0,0,0
mem_buffer,0,0,0,0,0,0,0,0,0,0,0,0,0,0,0,0,0,0,0,0,0,0,0,0,0,0,0,0,0,0,0,0,0,0,0,0,0,0,0,0,0,0,0,0,0,0,0,0,0,0,0,0,0,0,0,0,0,0,0,0,0,0,0,0,0,0,0,0,0
mem_cached,4323348480,4323348480,4323782656,4324069376,4324483072,4324818944,4325146624,4325466112,4325740544,4326002688,4326535168,4326809600,4327190528,4327489536,4327858176,4328562688,4328865792,4329091072,4329406464,4329664512,4330065920,4330352640,4330856448,4331126784,4331483136,4331724800,4331958272,4332281856,4333121536,4333441024,4334415872,4334669824,4336353280,4336947200,4337209344,4337512448,4338692096,4339494912,4339662848,4340215808,4340551680,4340879360,4341141504,4342591488,4343623680,4343881728,4344541184,4344844288,4345106432,4345548800,4345774080,4346503168,4346810368,4347256832,4348280832,4349116416,4349325312,4350476288,4351811584,4352024576,4352851968,4354142208,4356341760,4357128192,4357730304,4359057408,4359323648,4359598080,4359880704
Read bytes vda,1192635366400,1192635366400,1192635382784,1192635399168,1192635399168,1192635464704,1192635464704,1192635481088,1192635481088,1192635481088,1192635513856,1192635530240,1192635612160,1192635694080,1192635694080,1192635710464,1192635710464,1192635726848,1192635759616,1192635759616,1192635808768,1192635825152,1192636021760,1192636021760,1192636070912,1192636070912,1192636070912,1192636087296,1192636136448,1192636218368,1192636906496,1192636906496,1192637561856,1192637594624,1192637594624,1192637594624,1192637922304,1192637971456,1192637987840,1192638020608,1192638069760,1192638151680,1192638184448,1192638397440,1192638495744,1192638495744,1192638512128,1192638528512,1192638577664,1192638594048,1192638610432,1192638610432,1192638643200,1192638643200,1192638659584,1192638725120,1192638725120,1192638823424,1192639888384,1192639888384,1192639937536,1192640019456,1192640240640,1192640273408,1192640306176,1192641362944,1192641395712,1192641395712,1192641395712
