Avg Threads Running,1,1,1.5,2.2,2.5999999999999996,3.1999999999999997,3.7,4.5,5.5,6,6.625,7.428571428571429,7.666666666666666,7.6,8.25,8.666666666666666,10,11,45,45,45,45,45,45,45,45,45,45,95,100,112,125,141.4,159.33333333333334,173,183.25,191.22222222222223,197.6,213.6,228.7,240.60000000000002,249.7,254.4,254.9,254.8,254.2,254.2,254.2,254.2,254.1,254.1,254.1,254.11111111111114,254.125,254.14285714285714,255,255,255,255,255,255
Peak Threads Connected,1,1,6,8,8,8,8,9,11,11,11,11,11,11,11,11,11,11,45,45,45,45,45,45,45,45,45,45,95,105,136,164,207,249,255,255,255,255,255,256,256,256,256,256,256,256,256,256,256,255,255,255,255,255,255,255,255,255,255,255,255
Peak Threads Running,1,1,1,1,1,1,1,1,2,2,2,2,2,2,2,2,2,2,31,31,31,31,31,31,31,31,31,31,77,94,116,158,201,243,253,253,253,253,253,253,253,253,253,253,253,253,255,255,255,255,255,255,255,255,255,255,254,254,254,254,254
Questions,39.77777777777778,37.333333333333336,50.44444444444444,161,294.44444444444446,427.55555555555554,588.7777777777778,708.7777777777778,836.8888888888889,806.3725499999999,812.5051999999998,806.5595999999999,705.2236800000001,582.3720000000001,458.183,302.0544,191.5582,187.019514661274,207.64285714285717,243.39488783677152,293.6209881223149,350.0594855759532,361.83254994124565,365.2778804492906,367.80359431946715,360.1652338952774,280.88760035682424,270.756918972991,250,225.77777777777777,204.22222222222223,237.66666666666669,278.44444444444446,317.11111111111114,326.55555555555554,326,296.77777777777777,281.55555555555554,264,257.11111111111114,195.50385,145.5802,99.66109999999999,81.85632000000001,74.64529999999999,67.85213333333334,58.470600000000005,49.471
Threads Created,0,0,0,0,0.4444444444444445,0.4444444444444445,0.4444444444444445,0.4444444444444445,0.6666666666666667,0.64665,0.6533142857142856,0.6622,0.67464,0.2311,0.24146666666666666,0.2622,0.32439999999999997,1.4132457027300303,6.446428571428572,9.51332995152745,14.54636087945413,19.156848900544684,19.199278160147728,18.683065360685028,18.29635226844288,17.41654571843251,16.726137377341658,14.004668222740914,11.222222222222223,7.777777777777779,5.222222222222222,7.222222222222223,10,12.333333333333334,13,13,12.11111111111111,11.88888888888889,10.555555555555555,9.88888888888889,7.005374999999999,4.355428571428571,2.0969666666666664,1.4617200000000001,1.5021499999999999,1.5695333333333334,1.7043,2.1086
Created Tmp Disk Tables,9.222222222222223,8.88888888888889,9.11111111111111,9,9.11111111111111,9,8.88888888888889,9,8.777777777777779,7.54425,6.8598,5.849433333333333,5.059800000000001,4.04425,3.139066666666667,2.2287,1.1354,2.1198685540950453,4.071428571428572,4.976203359260512,5.656918119787718,6.513328626185192,7.3843377539029715,8.263663524918377,9.14817613422144,9.824718097577314,9.701159678858163,9.003001000333445,8.88888888888889,9,9.11111111111111,9.11111111111111,9.11111111111111,9,9,9.11111111111111,9.11111111111111,9.11111111111111,9,9,7.7598,6.8598,6.070166666666666,5.059800000000001,4.1598,3.2598,2.3598,1.6219999999999999
Created Tmp Files,0,0,0,0,0,0,0,0,0,0,0,0,0,0,0,0,0,0.23554095045500506,0.16964285714285715,0.14635892233119155,0.13468852666161232,0.12771232600363122,0.12307229589838287,0.11976323949157068,0.1172843094130954,0.11164452383610583,0,0,0,0,0,0,0,0,0,0,0,0,0,0,0,0,0,0,0,0,0,0
Select Full Join,0,0,0,0,0,0,0,0,0,0,0,0,0,0,0,0,0,0,0,0,0,0,0,0,0,0,0,0,0,0,0,0,0,0,0,0,0,0,0,0,0,0,0,0,0,0,0,0
Select Full Range Join,0,0,0,0,0,0,0,0,0,0,0,0,0,0,0,0,0,0,0,0,0,0,0,0,0,0,0,0,0,0,0,0,0,0,0,0,0,0,0,0,0,0,0,0,0,0,0,0
Select Range,0,0,0,1.3333333333333335,2.666666666666667,2.888888888888889,3.1111111111111116,5.555555555555555,7,6.789825,6.8598,6.953099999999999,5.73444,4.506449999999999,4.467133333333334,4.5885,2.1086,2.3554095045500505,2.035714285714286,2.341742757299065,2.155016426585797,2.298821868065362,2.215301326170892,2.1557383108482724,2.1111175694357174,2.009601429049905,0.8920606601248885,0.8891852839835501,0.5555555555555556,0.6666666666666667,0.888888888888889,1.3333333333333335,1.4444444444444444,1.4444444444444444,1.5555555555555558,1.5555555555555558,1.4444444444444444,1.3333333333333335,1.2222222222222223,0.7777777777777779,0.323325,0.21777142857142856,0.2207333333333333,0.11244000000000001,0.11555,0,0,0
Select Range Check,0,0,0,0,0,0,0,0,0,0,0,0,0,0,0,0,0,0,0,0,0,0,0,0,0,0,0,0,0,0,0,0,0,0,0,0,0,0,0,0,0,0,0,0,0,0,0,0
Select Scan,30.555555555555554,28.555555555555554,28.77777777777778,28.444444444444446,29.888888888888893,29,28.888888888888893,28.555555555555554,28.555555555555554,23.387175,22.1038,18.983066666666666,16.19136,12.4794,9.658666666666667,6.555,3.4061999999999997,7.301769464105156,10.348214285714288,13.904097621463197,16.432000252716705,19.029136574541052,22.39915785350568,25.030517053738272,26.74082254618575,29.474154292731942,28.657448706512042,28.898521729465376,28,28.22222222222222,28.888888888888893,28.333333333333336,29.444444444444446,30.111111111111114,29.77777777777778,29.666666666666668,29.333333333333336,29.444444444444446,29.888888888888893,28.666666666666668,24.788249999999998,21.014942857142856,18.5416,15.179400000000001,12.9416,9.900133333333333,7.210499999999999,3.5683999999999996
Sort Rows,147.77777777777777,133,147.77777777777777,133,133,133,133,133,118.22222222222221,100.338525,101.37259999999999,73.39383333333333,74.7726,61.4726,48.1726,17.4363,0,31.32694641051567,22.562500000000004,58.39721001014542,71.65429618397776,84.92869679241477,81.84307677242461,111.49957596665232,124.7905052155335,133.63849503181868,133.47457627118644,147.93820162276316,133.22222222222223,133.33333333333334,133.44444444444446,148.33333333333334,133.66666666666669,118.88888888888889,133.88888888888889,134,134,134,119.11111111111111,134,115.53479999999999,102.13479999999998,103.52393333333332,75.3348,61.934799999999996,48.534800000000004,35.1348,43.4696
Sort Range,0,0,0,0,0,0,0,0,0,0,0,0,0,0,0,0,0,0,0,0,0,0,0,0,0,0,0,0,0,0,0,0,0,0,0,0,0,0,0,0,0,0,0,0,0,0,0,0
Sort Merge Passes,0,0,0,0,0,0,0,0,0,0,0,0,0,0,0,0,0,0,0,0,0,0,0,0,0,0,0,0,0,0,0,0,0,0,0,0,0,0,0,0,0,0,0,0,0,0,0,0
opened_tables,0,0,0,0,0.11111111111111112,0.11111111111111112,0.11111111111111112,0.11111111111111112,0.11111111111111112,0.107775,0.10888571428571428,0.11036666666666665,0.11244000000000001,0,0,0,0,0,0.3392857142857143,1.3172303009807238,1.8856393732625727,2.809671172079887,2.953735101561189,3.113844226780838,3.2839606635666714,3.2376911912470687,3.2337198929527204,3.112148493942425,2.7777777777777777,2.7777777777777777,2.4444444444444446,2.2222222222222223,2.3333333333333335,2.4444444444444446,2.4444444444444446,2.4444444444444446,2.4444444444444446,2.2222222222222223,1.6666666666666667,1.2222222222222223,1.185525,0.8710857142857142,0.5518333333333333,0.44976000000000005,0.4622,0.36219999999999997,0.1311,0.16219999999999998
table_open_cache_hits,289,284.44444444444446,310.44444444444446,525.8888888888889,782.3333333333334,1042.888888888889,1357.7777777777778,1589.4444444444446,1838.4444444444446,1749.8348999999998,1740.2114857142856,1706.8204999999998,1488.48072,1231.18525,967.1947333333334,640.8168,407.12199999999996,419.498432760364,480.9375000000001,573.1415398489461,693.9152893606267,826.1710369174904,869.0134813384815,896.0685578759318,921.5028190586905,919.1693647426594,761.7082961641391,739.9133044348116,695.6666666666667,643.8888888888889,596.4444444444445,660.2222222222223,734.8888888888889,805.3333333333334,825.1111111111111,824,767.6666666666667,739.3333333333334,707.3333333333334,694.6666666666667,548.14365,434.78065714285714,329.3341333333333,273.22920000000005,238.14854999999997,203.79786666666666,164.92379999999997,125.8672
table_open_cache_misses,0,0,0,0,0.11111111111111112,0.11111111111111112,0.11111111111111112,0.11111111111111112,0.11111111111111112,0.107775,0.10888571428571428,0.11036666666666665,0.11244000000000001,0,0,0,0,0,0.3392857142857143,1.3172303009807238,1.8856393732625727,2.809671172079887,2.953735101561189,3.113844226780838,3.2839606635666714,3.2376911912470687,3.2337198929527204,3.112148493942425,2.7777777777777777,2.7777777777777777,2.4444444444444446,2.2222222222222223,2.3333333333333335,2.4444444444444446,2.4444444444444446,2.4444444444444446,2.4444444444444446,2.2222222222222223,1.6666666666666667,1.2222222222222223,1.185525,0.8710857142857142,0.5518333333333333,0.44976000000000005,0.4622,0.36219999999999997,0.1311,0.16219999999999998
table_open_cache_overflows,0,0,0,0,0,0,0,0,0,0,0,0,0,0,0,0,0,0,0.3392857142857143,1.1708713786495324,1.7509508466009602,2.426534194068993,2.58451821386604,2.754554508306126,2.932107735327385,2.9027576197387517,2.899197145405888,2.778704012448594,2.555555555555556,2.555555555555556,2.4444444444444446,2.2222222222222223,2.3333333333333335,2.4444444444444446,2.4444444444444446,2.4444444444444446,2.4444444444444446,2.2222222222222223,1.6666666666666667,1.2222222222222223,1.185525,0.8710857142857142,0.5518333333333333,0.44976000000000005,0.4622,0.36219999999999997,0.1311,0.16219999999999998
Sort Scan,1.1111111111111112,1,1.1111111111111112,1,1,1,1,1,0.888888888888889,0.754425,0.7621999999999999,0.5518333333333333,0.5622,0.4622,0.36219999999999997,0.1311,0,0.23554095045500506,0.16964285714285715,0.4390767669935746,0.5387541066464493,0.6385616300181561,0.6153614794919143,0.8383426764409947,0.9382744753047632,1.0048007145249525,1.0035682426404997,1.1114816049794376,1,1,1,1.1111111111111112,1,0.888888888888889,1,1,1,1,0.888888888888889,1,0.8622,0.7621999999999999,0.7725666666666666,0.5622,0.4622,0.36219999999999997,0.2622,0.32439999999999997
Slow Queries,5.111111111111112,4.555555555555555,5,6.555555555555555,7.444444444444445,9.666666666666668,11,12.222222222222223,13.444444444444446,12.0708,12.086314285714284,11.257399999999999,9.44496,8.3196,5.7951999999999995,3.6708,2.2708,6.830687563195147,11.026785714285715,11.855072708826516,11.987278872883497,12.51580794835586,13.045663365228583,13.533246062547487,13.839548510745256,14.402143574857652,11.70829616413916,9.78103812381905,9.11111111111111,10.222222222222223,11.88888888888889,14.444444444444446,16.11111111111111,17.11111111111111,17.11111111111111,17.22222222222222,16.11111111111111,15.88888888888889,15.222222222222223,13.666666666666668,9.915299999999998,7.622,6.180533333333333,5.059800000000001,4.506449999999999,3.622,2.8842,1.6219999999999999
Aborted Connects (attempts),0,0,0,0,0,0,0,0,0,0,0,0,0,0,0,0,0,0,0,0,0,0,0,0,0,0,0,0,0,0,0,0,0,0,0,0,0,0,0,0,0,0,0,0,0,0,0,0
Aborted Clients (timeout),0,0,0,0,0,0,0,0,0,0,0,0,0,0,0,0,0,0,0,0,0,0,0,0,0,0,0,0,0,0,0,0,0,0,0,0,0,0,0,0,0,0,0,0,0,0,0,0
Table Locks Immediate,61.88888888888889,57.55555555555556,71.77777777777779,186.22222222222223,323.33333333333337,459.44444444444446,624.5555555555555,749,880.6666666666667,845.3870999999999,851.0507428571427,842.2080333333333,735.3576,607.5618999999999,478.34546666666665,316.3443,199.18159999999997,203.03629929221435,232.07142857142858,275.00841506030895,330.2562673742734,393.4816764171878,407.86158860724083,412.94364976693566,416.4765827259018,410.1819805738528,326.15967885816235,313.43781260420144,288.22222222222223,263.77777777777777,242.22222222222223,279.11111111111114,324.44444444444446,367.77777777777777,378.44444444444446,377.6666666666667,345.6666666666667,330,310.44444444444446,300,230.099625,173.45494285714284,121.40333333333334,99.05964,89.55125,79.92546666666667,67.90979999999999,55.310199999999995
Table Locks Waited,0,0,0.22222222222222224,2,4.555555555555555,7.777777777777779,10.666666666666668,12.11111111111111,14.222222222222223,13.7952,13.937371428571428,13.906199999999998,12.368400000000001,10.05285,7.002533333333334,4.1952,3.0818,1.8843276036400405,3.223214285714286,3.6589730582797886,4.7140984331564315,5.619342344159774,5.784397907223995,6.1079252140701055,5.981499780067866,5.805515239477503,4.906333630686886,4.890519061909525,4.777777777777778,4.111111111111112,3.7777777777777777,5.777777777777778,6.666666666666667,7,6.888888888888888,6.888888888888888,6,5.444444444444445,5.222222222222222,5.444444444444445,3.0177,1.7421714285714285,1.4347666666666665,1.4617200000000001,1.5021499999999999,1.2073333333333334,1.311,1.2975999999999999
bytes_received_rate,12933.666666666668,12264.888888888889,13745.666666666668,27390.666666666668,44508.555555555555,61079.88888888889,81838.44444444445,96198.11111111111,112182.33333333334,107155.401525,107549.90434285715,106107.617,92802.46644,76426.73435,60099.363066666665,38992.548599999995,24824.2234,24810.70601617796,25702.080357142862,29741.30388907677,34811.19253538034,40273.31573128908,42108.5706801522,43195.84593010124,43786.10308611915,43805.5152394775,33679.52720785014,32692.230743581196,30045.888888888887,27774,25967.333333333336,28358.444444444445,31990.111111111113,35196,36084.222222222226,36036.555555555555,33542.555555555555,32395.444444444445,30952,29948,23841.015525000003,18509.918114285712,14180.461166666666,11407.937520000001,10038.984,8579.310666666668,7001.0022,5124.0602
bytes_sent_rate,200950.77777777778,176125.77777777778,187193.44444444444,207063.22222222222,243079.8888888889,262340.3333333334,301931.1111111111,319102.6666666667,348695,305249.8392,304815.10411428567,283489.3651333333,246409.56144000002,198814.86779999998,156007.5084,96502.70999999999,60513.413799999995,25214382.221132457,35571832.74107143,30768065.73567242,28357978.06708365,26949281.094093204,26017188.840914052,25380168.106935464,24866966.09146742,23716493.6920844,11806612.957181089,417988.7740357897,375893.3333333334,409101.3333333334,392512.1111111111,425995.6666666667,423967.5555555556,460453.3333333334,462294.1111111111,420309,428036.7777777778,449735.5555555556,422849.4444444445,428346.2222222222,341825.979825,290507.5212571428,246801.27779999998,203960.538,195270.14045,133248.79213333334,98220.3822,60144.733199999995
qcache_hits,0,0,0,0,0,0,0,0,0,0,0,0,0,0,0,0,0,0,0,0,0,0,0,0,0,0,0,0,0,0,0,0,0,0,0,0,0,0,0,0,0,0,0,0,0,0,0,0
qcache_inserts,0,0,0,0,0,0,0,0,0,0,0,0,0,0,0,0,0,0,0,0,0,0,0,0,0,0,0,0,0,0,0,0,0,0,0,0,0,0,0,0,0,0,0,0,0,0,0,0
qcache_not_cached,28.444444444444446,26.555555555555554,33.88888888888889,84.22222222222223,141.44444444444446,203.66666666666669,277.6666666666667,330.55555555555554,388.11111111111114,372.578175,375.00239999999997,369.83869999999996,322.81524,269.57815,209.9552666666667,137.13060000000002,87.10139999999998,92.80313447927199,114.84821428571429,145.3344098748732,188.42924879959565,233.9689812386524,243.31392899110293,246.47274687365248,248.40816733693606,242.7151948196941,204.39339875111506,199.28865177281315,184,159.44444444444446,135.55555555555557,156.11111111111111,180.77777777777777,204.66666666666669,212.55555555555557,212.55555555555557,191.33333333333334,180.33333333333334,170.33333333333334,167.66666666666669,127.06672499999999,95.3838857142857,66.33036666666666,53.29656,48.64655,44.5506,37.887899999999995,31.4668
qcache_lowmem_prunes,0,0,0,0,0,0,0,0,0,0,0,0,0,0,0,0,0,0,0,0,0,0,0,0,0,0,0,0,0,0,0,0,0,0,0,0,0,0,0,0,0,0,0,0,0,0,0,0
com admin_commands,1,1,1,1,1,1,1,1,1,0.8622,0.7621999999999999,0.6622,0.5622,0.4622,0.36219999999999997,0.2622,0.16219999999999998,0.23554095045500506,0.3392857142857143,0.4390767669935746,0.5387541066464493,0.6385616300181561,0.7384337753902972,0.8383426764409947,0.9382744753047632,1.0048007145249525,1.0035682426404997,1.000333444481494,1,1,1,1,1,1,1,1,1,1,1,1,0.8622,0.7621999999999999,0.6622,0.5622,0.4622,0.36219999999999997,0.2622,0.16219999999999998
com alter_db,0,0,0,0,0,0,0,0,0,0,0,0,0,0,0,0,0,0,0,0,0,0,0,0,0,0,0,0,0,0,0,0,0,0,0,0,0,0,0,0,0,0,0,0,0,0,0,0
com alter_db_upgrade,0,0,0,0,0,0,0,0,0,0,0,0,0,0,0,0,0,0,0,0,0,0,0,0,0,0,0,0,0,0,0,0,0,0,0,0,0,0,0,0,0,0,0,0,0,0,0,0
com alter_event,0,0,0,0,0,0,0,0,0,0,0,0,0,0,0,0,0,0,0,0,0,0,0,0,0,0,0,0,0,0,0,0,0,0,0,0,0,0,0,0,0,0,0,0,0,0,0,0
com alter_function,0,0,0,0,0,0,0,0,0,0,0,0,0,0,0,0,0,0,0,0,0,0,0,0,0,0,0,0,0,0,0,0,0,0,0,0,0,0,0,0,0,0,0,0,0,0,0,0
com alter_instance,0,0,0,0,0,0,0,0,0,0,0,0,0,0,0,0,0,0,0,0,0,0,0,0,0,0,0,0,0,0,0,0,0,0,0,0,0,0,0,0,0,0,0,0,0,0,0,0
com alter_procedure,0,0,0,0,0,0,0,0,0,0,0,0,0,0,0,0,0,0,0,0,0,0,0,0,0,0,0,0,0,0,0,0,0,0,0,0,0,0,0,0,0,0,0,0,0,0,0,0
com alter_server,0,0,0,0,0,0,0,0,0,0,0,0,0,0,0,0,0,0,0,0,0,0,0,0,0,0,0,0,0,0,0,0,0,0,0,0,0,0,0,0,0,0,0,0,0,0,0,0
com alter_table,0,0,0,0,0,0,0,0,0,0,0,0,0,0,0,0,0,0,0,0,0,0,0,0,0,0,0,0,0,0,0,0,0,0,0,0,0,0,0,0,0,0,0,0,0,0,0,0
com alter_tablespace,0,0,0,0,0,0,0,0,0,0,0,0,0,0,0,0,0,0,0,0,0,0,0,0,0,0,0,0,0,0,0,0,0,0,0,0,0,0,0,0,0,0,0,0,0,0,0,0
com alter_user,0,0,0,0,0,0,0,0,0,0,0,0,0,0,0,0,0,0,0,0,0,0,0,0,0,0,0,0,0,0,0,0,0,0,0,0,0,0,0,0,0,0,0,0,0,0,0,0
com analyze,0,0,0,0,0,0,0,0,0,0,0,0,0,0,0,0,0,0,0,0,0,0,0,0,0,0,0,0,0,0,0,0,0,0,0,0,0,0,0,0,0,0,0,0,0,0,0,0
com assign_to_keycache,0,0,0,0,0,0,0,0,0,0,0,0,0,0,0,0,0,0,0,0,0,0,0,0,0,0,0,0,0,0,0,0,0,0,0,0,0,0,0,0,0,0,0,0,0,0,0,0
com begin,0,0,0,0,0,0,0,0,0,0,0,0,0,0,0,0,0,0,0,0,0,0,0,0,0,0,0,0,0,0,0,0,0,0,0,0,0,0,0,0,0,0,0,0,0,0,0,0
com binlog,0,0,0,0,0,0,0,0,0,0,0,0,0,0,0,0,0,0,0,0,0,0,0,0,0,0,0,0,0,0,0,0,0,0,0,0,0,0,0,0,0,0,0,0,0,0,0,0
com call_procedure,0,0,0,0,0,0,0,0,0,0,0,0,0,0,0,0,0,0,0,0,0,0,0,0,0,0,0,0,0,0,0,0,0,0,0,0,0,0,0,0,0,0,0,0,0,0,0,0
com change_db,0,0,0,0,0,0,0,0,0,0,0,0,0,0,0,0,0,0,1.1875000000000002,1.0245124563183408,0.9428196866312863,0.8939862820254186,0.86150607128868,0.8383426764409947,0.8209901658916678,0.7815116668527409,0.7805530776092774,0,0,0,0,0,0,0,0,0,0,0,0,0,0,0,0,0,0,0,0,0
com change_master,0,0,0,0,0,0,0,0,0,0,0,0,0,0,0,0,0,0,0,0,0,0,0,0,0,0,0,0,0,0,0,0,0,0,0,0,0,0,0,0,0,0,0,0,0,0,0,0
com change_repl_filter,0,0,0,0,0,0,0,0,0,0,0,0,0,0,0,0,0,0,0,0,0,0,0,0,0,0,0,0,0,0,0,0,0,0,0,0,0,0,0,0,0,0,0,0,0,0,0,0
com check,0,0,0,0,0,0,0,0,0,0,0,0,0,0,0,0,0,0,0,0,0,0,0,0,0,0,0,0,0,0,0,0,0,0,0,0,0,0,0,0,0,0,0,0,0,0,0,0
com checksum,0,0,0,0,0,0,0,0,0,0,0,0,0,0,0,0,0,0,0,0,0,0,0,0,0,0,0,0,0,0,0,0,0,0,0,0,0,0,0,0,0,0,0,0,0,0,0,0
com commit,0,0,0.22222222222222224,4,9,13.11111111111111,17.77777777777778,22.555555555555557,26.666666666666668,25.865999999999996,26.132571428571424,26.267266666666664,22.93776,18.37245,14.729466666666667,10.488,6.001399999999999,4.2397371081900905,3.562500000000001,3.951690902942172,4.04065579984837,4.21450675811983,4.0613857646466345,4.071950142713403,3.9876665200452437,3.7959138104275985,1.784121320249777,1.7783705679671002,1.3333333333333335,1.1111111111111112,1.1111111111111112,1.3333333333333335,1.3333333333333335,1.4444444444444444,1.8888888888888888,1.8888888888888888,1.6666666666666667,1.4444444444444444,1.3333333333333335,1.1111111111111112,0.8622,0.7621999999999999,0.6622,0.22488000000000002,0.2311,0.12073333333333333,0.1311,0.16219999999999998
com create_compression_dictionary,0,0,0,0,0,0,0,0,0,0,0,0,0,0,0,0,0,0,0,0,0,0,0,0,0,0,0,0,0,0,0,0,0,0,0,0,0,0,0,0,0,0,0,0,0,0,0,0
com create_db,0,0,0,0,0,0,0,0,0,0,0,0,0,0,0,0,0,0,0,0,0,0,0,0,0,0,0,0,0,0,0,0,0,0,0,0,0,0,0,0,0,0,0,0,0,0,0,0
com create_event,0,0,0,0,0,0,0,0,0,0,0,0,0,0,0,0,0,0,0,0,0,0,0,0,0,0,0,0,0,0,0,0,0,0,0,0,0,0,0,0,0,0,0,0,0,0,0,0
com create_function,0,0,0,0,0,0,0,0,0,0,0,0,0,0,0,0,0,0,0,0,0,0,0,0,0,0,0,0,0,0,0,0,0,0,0,0,0,0,0,0,0,0,0,0,0,0,0,0
com create_index,0,0,0,0,0,0,0,0,0,0,0,0,0,0,0,0,0,0,0,0,0,0,0,0,0,0,0,0,0,0,0,0,0,0,0,0,0,0,0,0,0,0,0,0,0,0,0,0
com create_procedure,0,0,0,0,0,0,0,0,0,0,0,0,0,0,0,0,0,0,0,0,0,0,0,0,0,0,0,0,0,0,0,0,0,0,0,0,0,0,0,0,0,0,0,0,0,0,0,0
com create_server,0,0,0,0,0,0,0,0,0,0,0,0,0,0,0,0,0,0,0,0,0,0,0,0,0,0,0,0,0,0,0,0,0,0,0,0,0,0,0,0,0,0,0,0,0,0,0,0
com create_table,0,0,0,0,0,0,0,0,0,0,0,0,0,0,0,0,0,0,0,0,0,0,0,0,0,0,0,0,0,0,0,0,0,0,0,0,0,0,0,0,0,0,0,0,0,0,0,0
com create_trigger,0,0,0,0,0,0,0,0,0,0,0,0,0,0,0,0,0,0,0,0,0,0,0,0,0,0,0,0,0,0,0,0,0,0,0,0,0,0,0,0,0,0,0,0,0,0,0,0
com create_udf,0,0,0,0,0,0,0,0,0,0,0,0,0,0,0,0,0,0,0,0,0,0,0,0,0,0,0,0,0,0,0,0,0,0,0,0,0,0,0,0,0,0,0,0,0,0,0,0
com create_user,0,0,0,0,0,0,0,0,0,0,0,0,0,0,0,0,0,0,0,0,0,0,0,0,0,0,0,0,0,0,0,0,0,0,0,0,0,0,0,0,0,0,0,0,0,0,0,0
com create_view,0,0,0,0,0,0,0,0,0,0,0,0,0,0,0,0,0,0,0,0,0,0,0,0,0,0,0,0,0,0,0,0,0,0,0,0,0,0,0,0,0,0,0,0,0,0,0,0
com dealloc_sql,0,0,0,0,0,0,0,0,0,0,0,0,0,0,0,0,0,0,0,0,0,0,0,0,0,0,0,0,0,0,0,0,0,0,0,0,0,0,0,0,0,0,0,0,0,0,0,0
com delete,0,0,0,1,2.2222222222222223,2.2222222222222223,2.2222222222222223,4.444444444444445,5.666666666666667,5.496525,5.553171428571428,5.628699999999999,4.72248,3.5820499999999997,3.7427333333333337,4.0641,1.7841999999999998,2.3554095045500505,1.8660714285714288,1.7563070679742985,1.616262319939348,1.660260238047206,1.5999398466789772,1.556922113390419,1.5246960223702402,1.4513788098693758,0.3345227475468332,0.33344448149383127,0.33333333333333337,0.4444444444444445,0.4444444444444445,0.6666666666666667,0.7777777777777779,0.7777777777777779,0.7777777777777779,0.7777777777777779,0.6666666666666667,0.5555555555555556,0.4444444444444445,0.33333333333333337,0.107775,0,0,0,0,0,0,0
com delete_multi,0,0,0,0,0,0,0,0,0,0,0,0,0,0,0,0,0,0,0,0,0,0,0,0,0,0,0,0,0,0,0,0,0,0,0,0,0,0,0,0,0,0,0,0,0,0,0,0
com do,0,0,0,0,0,0,0,0,0,0,0,0,0,0,0,0,0,0,0,0,0,0,0,0,0,0,0,0,0,0,0,0,0,0,0,0,0,0,0,0,0,0,0,0,0,0,0,0
com drop_compression_dictionary,0,0,0,0,0,0,0,0,0,0,0,0,0,0,0,0,0,0,0,0,0,0,0,0,0,0,0,0,0,0,0,0,0,0,0,0,0,0,0,0,0,0,0,0,0,0,0,0
com drop_db,0,0,0,0,0,0,0,0,0,0,0,0,0,0,0,0,0,0,0,0,0,0,0,0,0,0,0,0,0,0,0,0,0,0,0,0,0,0,0,0,0,0,0,0,0,0,0,0
com drop_event,0,0,0,0,0,0,0,0,0,0,0,0,0,0,0,0,0,0,0,0,0,0,0,0,0,0,0,0,0,0,0,0,0,0,0,0,0,0,0,0,0,0,0,0,0,0,0,0
com drop_function,0,0,0,0,0,0,0,0,0,0,0,0,0,0,0,0,0,0,0,0,0,0,0,0,0,0,0,0,0,0,0,0,0,0,0,0,0,0,0,0,0,0,0,0,0,0,0,0
com drop_index,0,0,0,0,0,0,0,0,0,0,0,0,0,0,0,0,0,0,0,0,0,0,0,0,0,0,0,0,0,0,0,0,0,0,0,0,0,0,0,0,0,0,0,0,0,0,0,0
com drop_procedure,0,0,0,0,0,0,0,0,0,0,0,0,0,0,0,0,0,0,0,0,0,0,0,0,0,0,0,0,0,0,0,0,0,0,0,0,0,0,0,0,0,0,0,0,0,0,0,0
com drop_server,0,0,0,0,0,0,0,0,0,0,0,0,0,0,0,0,0,0,0,0,0,0,0,0,0,0,0,0,0,0,0,0,0,0,0,0,0,0,0,0,0,0,0,0,0,0,0,0
com drop_table,0,0,0,0,0,0,0,0,0,0,0,0,0,0,0,0,0,0,0,0,0,0,0,0,0,0,0,0,0,0,0,0,0,0,0,0,0,0,0,0,0,0,0,0,0,0,0,0
com drop_trigger,0,0,0,0,0,0,0,0,0,0,0,0,0,0,0,0,0,0,0,0,0,0,0,0,0,0,0,0,0,0,0,0,0,0,0,0,0,0,0,0,0,0,0,0,0,0,0,0
com drop_user,0,0,0,0,0,0,0,0,0,0,0,0,0,0,0,0,0,0,0,0,0,0,0,0,0,0,0,0,0,0,0,0,0,0,0,0,0,0,0,0,0,0,0,0,0,0,0,0
com drop_view,0,0,0,0,0,0,0,0,0,0,0,0,0,0,0,0,0,0,0,0,0,0,0,0,0,0,0,0,0,0,0,0,0,0,0,0,0,0,0,0,0,0,0,0,0,0,0,0
com empty_query,0,0,0,0,0,0,0,0,0,0,0,0,0,0,0,0,0,0,0,0,0,0,0,0,0,0,0,0,0,0,0,0,0,0,0,0,0,0,0,0,0,0,0,0,0,0,0,0
com execute_sql,0,0,0,0,0,0,0,0,0,0,0,0,0,0,0,0,0,0,0,0,0,0,0,0,0,0,0,0,0,0,0,0,0,0,0,0,0,0,0,0,0,0,0,0,0,0,0,0
com explain_other,0,0,0,0,0,0,0,0,0,0,0,0,0,0,0,0,0,0,0,0,0,0,0,0,0,0,0,0,0,0,0,0,0,0,0,0,0,0,0,0,0,0,0,0,0,0,0,0
com flush,0,0,0,0,0,0,0,0,0,0,0,0,0,0,0,0,0,0,0,0,0,0,0,0,0,0,0,0,0,0,0,0,0,0,0,0,0,0,0,0,0,0,0,0,0,0,0,0
com get_diagnostics,0,0,0,0,0,0,0,0,0,0,0,0,0,0,0,0,0,0,0,0,0,0,0,0,0,0,0,0,0,0,0,0,0,0,0,0,0,0,0,0,0,0,0,0,0,0,0,0
com grant,0,0,0,0,0,0,0,0,0,0,0,0,0,0,0,0,0,0,0,0,0,0,0,0,0,0,0,0,0,0,0,0,0,0,0,0,0,0,0,0,0,0,0,0,0,0,0,0
com group_replication_start,0,0,0,0,0,0,0,0,0,0,0,0,0,0,0,0,0,0,0,0,0,0,0,0,0,0,0,0,0,0,0,0,0,0,0,0,0,0,0,0,0,0,0,0,0,0,0,0
com group_replication_stop,0,0,0,0,0,0,0,0,0,0,0,0,0,0,0,0,0,0,0,0,0,0,0,0,0,0,0,0,0,0,0,0,0,0,0,0,0,0,0,0,0,0,0,0,0,0,0,0
com ha_close,0,0,0,0,0,0,0,0,0,0,0,0,0,0,0,0,0,0,0,0,0,0,0,0,0,0,0,0,0,0,0,0,0,0,0,0,0,0,0,0,0,0,0,0,0,0,0,0
com ha_open,0,0,0,0,0,0,0,0,0,0,0,0,0,0,0,0,0,0,0,0,0,0,0,0,0,0,0,0,0,0,0,0,0,0,0,0,0,0,0,0,0,0,0,0,0,0,0,0
com ha_read,0,0,0,0,0,0,0,0,0,0,0,0,0,0,0,0,0,0,0,0,0,0,0,0,0,0,0,0,0,0,0,0,0,0,0,0,0,0,0,0,0,0,0,0,0,0,0,0
com help,0,0,0,0,0,0,0,0,0,0,0,0,0,0,0,0,0,0,0,0,0,0,0,0,0,0,0,0,0,0,0,0,0,0,0,0,0,0,0,0,0,0,0,0,0,0,0,0
com insert,0,0,2.2222222222222223,23.555555555555557,50.44444444444444,79.33333333333334,115.55555555555557,135.88888888888889,161.88888888888889,157.02817499999998,158.6464857142857,158.59689999999998,139.98780000000002,115.89665,89.70486666666667,54.6687,37.9548,32.504651162790694,25.446428571428577,23.417427572990647,22.49298395248926,21.71109542061731,21.16843489452185,20.599277192550158,20.17290121905241,19.202858099810204,3.9027653880463875,2.778704012448594,1.8888888888888888,1.8888888888888888,2.111111111111111,2.7777777777777777,3.7777777777777777,4,4.111111111111112,4,3.7777777777777777,3.666666666666667,3.1111111111111116,2.7777777777777777,1.832175,0.8710857142857142,0.6622,0.5622,0.57775,0.6036666666666667,0.5244,0.32439999999999997
com insert_select,0,0,0,0,0,0,0,0,0,0,0,0,0,0,0,0,0,0,0,0,0,0,0,0,0,0,0,0,0,0,0,0,0,0,0,0,0,0,0,0,0,0,0,0,0,0,0,0
com install_plugin,0,0,0,0,0,0,0,0,0,0,0,0,0,0,0,0,0,0,0,0,0,0,0,0,0,0,0,0,0,0,0,0,0,0,0,0,0,0,0,0,0,0,0,0,0,0,0,0
com kill,0,0,0,0,0,0,0,0,0,0,0,0,0,0,0,0,0,0,0,0,0,0,0,0,0,0,0,0,0,0,0,0,0,0,0,0,0,0,0,0,0,0,0,0,0,0,0,0
com load,0,0,0,0,0,0,0,0,0,0,0,0,0,0,0,0,0,0,0,0,0,0,0,0,0,0,0,0,0,0,0,0,0,0,0,0,0,0,0,0,0,0,0,0,0,0,0,0
com lock_binlog_for_backup,0,0,0,0,0,0,0,0,0,0,0,0,0,0,0,0,0,0,0,0,0,0,0,0,0,0,0,0,0,0,0,0,0,0,0,0,0,0,0,0,0,0,0,0,0,0,0,0
com lock_tables,0,0,0,0,0,0,0,0,0,0,0,0,0,0,0,0,0,0,0,0,0,0,0,0,0,0,0,0,0,0,0,0,0,0,0,0,0,0,0,0,0,0,0,0,0,0,0,0
com lock_tables_for_backup,0,0,0,0,0,0,0,0,0,0,0,0,0,0,0,0,0,0,0,0,0,0,0,0,0,0,0,0,0,0,0,0,0,0,0,0,0,0,0,0,0,0,0,0,0,0,0,0
com optimize,0,0,0,0,0,0,0,0,0,0,0,0,0,0,0,0,0,0,0,0,0,0,0,0,0,0,0,0,0,0,0,0,0,0,0,0,0,0,0,0,0,0,0,0,0,0,0,0
com preload_keys,0,0,0,0,0,0,0,0,0,0,0,0,0,0,0,0,0,0,0,0,0,0,0,0,0,0,0,0,0,0,0,0,0,0,0,0,0,0,0,0,0,0,0,0,0,0,0,0
com prepare_sql,0,0,0,0,0,0,0,0,0,0,0,0,0,0,0,0,0,0,0,0,0,0,0,0,0,0,0,0,0,0,0,0,0,0,0,0,0,0,0,0,0,0,0,0,0,0,0,0
com purge,0,0,0,0,0,0,0,0,0,0,0,0,0,0,0,0,0,0,0,0,0,0,0,0,0,0,0,0,0,0,0,0,0,0,0,0,0,0,0,0,0,0,0,0,0,0,0,0
com purge_before_date,0,0,0,0,0,0,0,0,0,0,0,0,0,0,0,0,0,0,0,0,0,0,0,0,0,0,0,0,0,0,0,0,0,0,0,0,0,0,0,0,0,0,0,0,0,0,0,0
com release_savepoint,0,0,0,0,0,0,0,0,0,0,0,0,0,0,0,0,0,0,0,0,0,0,0,0,0,0,0,0,0,0,0,0,0,0,0,0,0,0,0,0,0,0,0,0,0,0,0,0
com rename_table,0,0,0,0,0,0,0,0,0,0,0,0,0,0,0,0,0,0,0,0,0,0,0,0,0,0,0,0,0,0,0,0,0,0,0,0,0,0,0,0,0,0,0,0,0,0,0,0
com rename_user,0,0,0,0,0,0,0,0,0,0,0,0,0,0,0,0,0,0,0,0,0,0,0,0,0,0,0,0,0,0,0,0,0,0,0,0,0,0,0,0,0,0,0,0,0,0,0,0
com repair,0,0,0,0,0,0,0,0,0,0,0,0,0,0,0,0,0,0,0,0,0,0,0,0,0,0,0,0,0,0,0,0,0,0,0,0,0,0,0,0,0,0,0,0,0,0,0,0
com replace,0,0,0,0,0,0,0,0,0,0,0,0,0,0,0,0,0,0,0,0,0,0,0,0,0,0,0,0,0,0,0,0,0,0,0,0,0,0,0,0,0,0,0,0,0,0,0,0
com replace_select,0,0,0,0,0,0,0,0,0,0,0,0,0,0,0,0,0,0,0,0,0,0,0,0,0,0,0,0,0,0,0,0,0,0,0,0,0,0,0,0,0,0,0,0,0,0,0,0
com reset,0,0,0,0,0,0,0,0,0,0,0,0,0,0,0,0,0,0,0,0,0,0,0,0,0,0,0,0,0,0,0,0,0,0,0,0,0,0,0,0,0,0,0,0,0,0,0,0
com resignal,0,0,0,0,0,0,0,0,0,0,0,0,0,0,0,0,0,0,0,0,0,0,0,0,0,0,0,0,0,0,0,0,0,0,0,0,0,0,0,0,0,0,0,0,0,0,0,0
com revoke,0,0,0,0,0,0,0,0,0,0,0,0,0,0,0,0,0,0,0,0,0,0,0,0,0,0,0,0,0,0,0,0,0,0,0,0,0,0,0,0,0,0,0,0,0,0,0,0
com revoke_all,0,0,0,0,0,0,0,0,0,0,0,0,0,0,0,0,0,0,0,0,0,0,0,0,0,0,0,0,0,0,0,0,0,0,0,0,0,0,0,0,0,0,0,0,0,0,0,0
com rollback,0,0,0,0.22222222222222224,0.33333333333333337,0.5555555555555556,0.7777777777777779,0.888888888888889,1.1111111111111112,1.07775,1.0888571428571427,1.1036666666666666,0.8995200000000001,0.80885,0.6036666666666667,0.3933,0.32439999999999997,0.7066228513650151,0.5089285714285715,0.4390767669935746,0.404065579984837,1.0216986080290498,1.72301214257736,2.1557383108482724,2.5802548070880986,3.014402143574858,3.3452274754683318,5.112815382905413,6.666666666666667,9.11111111111111,12,15.333333333333334,18.88888888888889,22.666666666666668,22.444444444444446,22.333333333333336,21,20.11111111111111,18.555555555555557,17.666666666666668,13.256325,9.473057142857142,5.407966666666666,5.17224,4.737550000000001,4.467133333333334,4.0641,3.7306
com rollback_to_savepoint,0,0,0,0,0,0,0,0,0,0,0,0,0,0,0,0,0,0,0,0,0,0,0,0,0,0,0,0,0,0,0,0,0,0,0,0,0,0,0,0,0,0,0,0,0,0,0,0
com savepoint,0,0,0,0,0,0,0,0,0,0,0,0,0,0,0,0,0,0,0,0,0,0,0,0,0,0,0,0,0,0,0,0,0,0,0,0,0,0,0,0,0,0,0,0,0,0,0,0
com select,28.444444444444446,26.555555555555554,33.88888888888889,84.22222222222223,141.44444444444446,203.66666666666669,277.6666666666667,330.55555555555554,388.11111111111114,372.578175,375.00239999999997,369.83869999999996,322.81524,269.57815,209.9552666666667,137.13060000000002,87.10139999999998,92.80313447927199,116.03571428571429,146.35892233119154,189.37206848622694,234.86296752067784,244.1754350623916,247.31108955009344,249.22915750282772,243.49670648654683,205.17395182872434,199.28865177281315,184,159.44444444444446,135.55555555555557,156.11111111111111,180.77777777777777,204.66666666666669,212.55555555555557,212.55555555555557,191.33333333333334,180.33333333333334,170.33333333333334,167.66666666666669,127.06672499999999,95.3838857142857,66.33036666666666,53.29656,48.64655,44.5506,37.887899999999995,31.4668
com set_option,1,1,1.777777777777778,5.888888888888889,10.555555555555555,15.222222222222223,20.11111111111111,25.22222222222222,29.77777777777778,28.775925,28.963599999999996,28.4746,24.736800000000002,20.45235,16.178266666666666,11.6679,6.812399999999999,7.301769464105156,14.080357142857144,18.00214744673656,22.762361005812483,28.352136372806132,28.921989536119973,28.862940717468536,28.85194011562147,28.134420006698672,25.423728813559322,22.45192842058464,19.88888888888889,17.444444444444446,15.333333333333334,18,21.77777777777778,25.11111111111111,26,25.888888888888893,23.666666666666668,22.555555555555557,20.88888888888889,19.88888888888889,15.30405,11.106342857142856,7.394566666666665,5.95932,5.4308499999999995,4.950066666666666,4.4574,4.055
com show_binlog_events,0,0,0,0,0,0,0,0,0,0,0,0,0,0,0,0,0,0,0,0,0,0,0,0,0,0,0,0,0,0,0,0,0,0,0,0,0,0,0,0,0,0,0,0,0,0,0,0
com show_binlogs,0,0,0,0,0,0,0,0,0,0,0,0,0,0,0,0,0,0,0,0,0,0,0,0,0,0,0,0,0,0,0,0,0,0,0,0,0,0,0,0,0,0,0,0,0,0,0,0
com show_charsets,0,0,0,0,0,0,0,0,0,0,0,0,0,0,0,0,0,0,0,0,0,0,0,0,0,0,0,0,0,0,0,0,0,0,0,0,0,0,0,0,0,0,0,0,0,0,0,0
com show_client_statistics,0,0,0,0,0,0,0,0,0,0,0,0,0,0,0,0,0,0,0,0,0,0,0,0,0,0,0,0,0,0,0,0,0,0,0,0,0,0,0,0,0,0,0,0,0,0,0,0
com show_collations,0,0,0,0,0,0,0,0,0,0,0,0,0,0,0,0,0,0,0,0,0,0,0,0,0,0,0,0,0,0,0,0,0,0,0,0,0,0,0,0,0,0,0,0,0,0,0,0
com show_create_db,0,0,0,0,0,0,0,0,0,0,0,0,0,0,0,0,0,0,0,0,0,0,0,0,0,0,0,0,0,0,0,0,0,0,0,0,0,0,0,0,0,0,0,0,0,0,0,0
com show_create_event,0,0,0,0,0,0,0,0,0,0,0,0,0,0,0,0,0,0,0,0,0,0,0,0,0,0,0,0,0,0,0,0,0,0,0,0,0,0,0,0,0,0,0,0,0,0,0,0
com show_create_func,0,0,0,0,0,0,0,0,0,0,0,0,0,0,0,0,0,0,0,0,0,0,0,0,0,0,0,0,0,0,0,0,0,0,0,0,0,0,0,0,0,0,0,0,0,0,0,0
com show_create_proc,0,0,0,0,0,0,0,0,0,0,0,0,0,0,0,0,0,0,0,0,0,0,0,0,0,0,0,0,0,0,0,0,0,0,0,0,0,0,0,0,0,0,0,0,0,0,0,0
com show_create_table,0,0,0,0,0,0,0,0,0,0,0,0,0,0,0,0,0,0,0,0,0,0,0,0,0,0,0,0,0,0,0,0,0,0,0,0,0,0,0,0,0,0,0,0,0,0,0,0
com show_create_trigger,0,0,0,0,0,0,0,0,0,0,0,0,0,0,0,0,0,0,0,0,0,0,0,0,0,0,0,0,0,0,0,0,0,0,0,0,0,0,0,0,0,0,0,0,0,0,0,0
com show_create_user,0,0,0,0,0,0,0,0,0,0,0,0,0,0,0,0,0,0,0,0,0,0,0,0,0,0,0,0,0,0,0,0,0,0,0,0,0,0,0,0,0,0,0,0,0,0,0,0
com show_databases,0,0,0,0,0,0,0,0,0,0,0,0,0,0,0,0,0,0,0,0,0,0,0,0,0,0,0,0,0,0,0,0,0,0,0,0,0,0,0,0,0,0,0,0,0,0,0,0
com show_engine_logs,0,0,0,0,0,0,0,0,0,0,0,0,0,0,0,0,0,0,0,0,0,0,0,0,0,0,0,0,0,0,0,0,0,0,0,0,0,0,0,0,0,0,0,0,0,0,0,0
com show_engine_mutex,0,0,0,0,0,0,0,0,0,0,0,0,0,0,0,0,0,0,0,0,0,0,0,0,0,0,0,0,0,0,0,0,0,0,0,0,0,0,0,0,0,0,0,0,0,0,0,0
com show_engine_status,1.1111111111111112,0.888888888888889,1,0.888888888888889,1.1111111111111112,0.888888888888889,1.1111111111111112,1,0.888888888888889,0.754425,0.7621999999999999,0.6622,0.5622,0.34665,0.36219999999999997,0.1311,0.16219999999999998,0,0.16964285714285715,0.4390767669935746,0.404065579984837,0.5108493040145249,0.6153614794919143,0.8383426764409947,0.8209901658916678,0.8931561906888467,1.1150758251561106,1.1114816049794376,0.888888888888889,1.1111111111111112,1,1.1111111111111112,1,1.1111111111111112,1.1111111111111112,0.888888888888889,1,1.1111111111111112,1,1.1111111111111112,0.8622,0.7621999999999999,0.6622,0.5622,0.57775,0.36219999999999997,0.2622,0.16219999999999998
com show_errors,0,0,0,0,0,0,0,0,0,0,0,0,0,0,0,0,0,0,0,0,0,0,0,0,0,0,0,0,0,0,0,0,0,0,0,0,0,0,0,0,0,0,0,0,0,0,0,0
com show_events,0,0,0,0,0,0,0,0,0,0,0,0,0,0,0,0,0,0,0,0,0,0,0,0,0,0,0,0,0,0,0,0,0,0,0,0,0,0,0,0,0,0,0,0,0,0,0,0
com show_fields,0,0,0,0,0,0,0,0,0,0,0,0,0,0,0,0,0,0,0,0,0,0,0,0,0,0,0,0,0,0,0,0,0,0,0,0,0,0,0,0,0,0,0,0,0,0,0,0
com show_function_code,0,0,0,0,0,0,0,0,0,0,0,0,0,0,0,0,0,0,0,0,0,0,0,0,0,0,0,0,0,0,0,0,0,0,0,0,0,0,0,0,0,0,0,0,0,0,0,0
com show_function_status,0,0,0,0,0,0,0,0,0,0,0,0,0,0,0,0,0,0,0,0,0,0,0,0,0,0,0,0,0,0,0,0,0,0,0,0,0,0,0,0,0,0,0,0,0,0,0,0
com show_grants,0,0,0,0,0,0,0,0,0,0,0,0,0,0,0,0,0,0,0,0,0,0,0,0,0,0,0,0,0,0,0,0,0,0,0,0,0,0,0,0,0,0,0,0,0,0,0,0
com show_index_statistics,0,0,0,0,0,0,0,0,0,0,0,0,0,0,0,0,0,0,0,0,0,0,0,0,0,0,0,0,0,0,0,0,0,0,0,0,0,0,0,0,0,0,0,0,0,0,0,0
com show_keys,0,0,0,0,0,0,0,0,0,0,0,0,0,0,0,0,0,0,0,0,0,0,0,0,0,0,0,0,0,0,0,0,0,0,0,0,0,0,0,0,0,0,0,0,0,0,0,0
com show_master_status,0,0,0,0,0,0,0,0,0,0,0,0,0,0,0,0,0,0,0,0,0,0,0,0,0,0,0,0,0,0,0,0,0,0,0,0,0,0,0,0,0,0,0,0,0,0,0,0
com show_open_tables,0,0,0,0,0,0,0,0,0,0,0,0,0,0,0,0,0,0,0,0,0,0,0,0,0,0,0,0,0,0,0,0,0,0,0,0,0,0,0,0,0,0,0,0,0,0,0,0
com show_plugins,0,0,0,0,0,0,0,0,0,0,0,0,0,0,0,0,0,0,0,0,0,0,0,0,0,0,0,0,0,0,0,0,0,0,0,0,0,0,0,0,0,0,0,0,0,0,0,0
com show_privileges,0,0,0,0,0,0,0,0,0,0,0,0,0,0,0,0,0,0,0,0,0,0,0,0,0,0,0,0,0,0,0,0,0,0,0,0,0,0,0,0,0,0,0,0,0,0,0,0
com show_procedure_code,0,0,0,0,0,0,0,0,0,0,0,0,0,0,0,0,0,0,0,0,0,0,0,0,0,0,0,0,0,0,0,0,0,0,0,0,0,0,0,0,0,0,0,0,0,0,0,0
com show_procedure_status,0,0,0,0,0,0,0,0,0,0,0,0,0,0,0,0,0,0,0,0,0,0,0,0,0,0,0,0,0,0,0,0,0,0,0,0,0,0,0,0,0,0,0,0,0,0,0,0
com show_processlist,0,0,0,0,0,0,0,0,0,0,0,0,0,0,0,0,0,0,0,0,0,0,0,0,0,0,0,0,0,0,0,0,0,0,0,0,0,0,0,0,0,0,0,0,0,0,0,0
com show_profile,0,0,0,0,0,0,0,0,0,0,0,0,0,0,0,0,0,0,0,0,0,0,0,0,0,0,0,0,0,0,0,0,0,0,0,0,0,0,0,0,0,0,0,0,0,0,0,0
com show_profiles,0,0,0,0,0,0,0,0,0,0,0,0,0,0,0,0,0,0,0,0,0,0,0,0,0,0,0,0,0,0,0,0,0,0,0,0,0,0,0,0,0,0,0,0,0,0,0,0
com show_relaylog_events,0,0,0,0,0,0,0,0,0,0,0,0,0,0,0,0,0,0,0,0,0,0,0,0,0,0,0,0,0,0,0,0,0,0,0,0,0,0,0,0,0,0,0,0,0,0,0,0
com show_slave_hosts,0,0,0,0,0,0,0,0,0,0,0,0,0,0,0,0,0,0,0,0,0,0,0,0,0,0,0,0,0,0,0,0,0,0,0,0,0,0,0,0,0,0,0,0,0,0,0,0
com show_slave_status,1,1,1,1,1,1,1,1,1,0.8622,0.7621999999999999,0.6622,0.5622,0.4622,0.36219999999999997,0.2622,0.16219999999999998,0.23554095045500506,0.3392857142857143,0.4390767669935746,0.5387541066464493,0.6385616300181561,0.7384337753902972,0.8383426764409947,0.9382744753047632,1.0048007145249525,1.0035682426404997,1.000333444481494,1,1,1,1,1,1,1,1,1,1,1,1,0.8622,0.7621999999999999,0.6622,0.5622,0.4622,0.36219999999999997,0.2622,0.16219999999999998
com show_status,1,1,1,1,1,1,1,1,1,0.8622,0.7621999999999999,0.6622,0.5622,0.4622,0.36219999999999997,0.2622,0.16219999999999998,0.23554095045500506,0.3392857142857143,0.4390767669935746,0.5387541066464493,0.6385616300181561,0.7384337753902972,0.8383426764409947,0.9382744753047632,1.0048007145249525,1.0035682426404997,1.000333444481494,1,1,1,1,1,1,1,1,1,1,1,1,0.8622,0.7621999999999999,0.6622,0.5622,0.4622,0.36219999999999997,0.2622,0.16219999999999998
com show_storage_engines,0,0,0,0,0,0,0,0,0,0,0,0,0,0,0,0,0,0,0,0,0,0,0,0,0,0,0,0,0,0,0,0,0,0,0,0,0,0,0,0,0,0,0,0,0,0,0,0
com show_table_statistics,0,0,0,0,0,0,0,0,0,0,0,0,0,0,0,0,0,0,0,0,0,0,0,0,0,0,0,0,0,0,0,0,0,0,0,0,0,0,0,0,0,0,0,0,0,0,0,0
com show_table_status,0,0,0,0,0,0,0,0,0,0,0,0,0,0,0,0,0,0,0,0,0,0,0,0,0,0,0,0,0,0,0,0,0,0,0,0,0,0,0,0,0,0,0,0,0,0,0,0
com show_tables,0,0,0,0,0,0,0,0,0,0,0,0,0,0,0,0,0,0,0,0,0,0,0,0,0,0,0,0,0,0,0,0,0,0,0,0,0,0,0,0,0,0,0,0,0,0,0,0
com show_thread_statistics,0,0,0,0,0,0,0,0,0,0,0,0,0,0,0,0,0,0,0,0,0,0,0,0,0,0,0,0,0,0,0,0,0,0,0,0,0,0,0,0,0,0,0,0,0,0,0,0
com show_triggers,0,0,0,0,0,0,0,0,0,0,0,0,0,0,0,0,0,0,1.1875000000000002,1.0245124563183408,0.9428196866312863,0.8939862820254186,0.86150607128868,0.8383426764409947,0.8209901658916678,0.7815116668527409,0.7805530776092774,0,0,0,0,0,0,0,0,0,0,0,0,0,0,0,0,0,0,0,0,0
com show_user_statistics,0,0,0,0,0,0,0,0,0,0,0,0,0,0,0,0,0,0,0,0,0,0,0,0,0,0,0,0,0,0,0,0,0,0,0,0,0,0,0,0,0,0,0,0,0,0,0,0
com show_variables,1.1111111111111112,1,1,0.888888888888889,1.1111111111111112,1.1111111111111112,0.888888888888889,1,1,0.754425,0.7621999999999999,0.6622,0.5622,0.34665,0.24146666666666666,0.2622,0.16219999999999998,0.23554095045500506,0.16964285714285715,0.4390767669935746,0.5387541066464493,0.6385616300181561,0.7384337753902972,0.718579436949424,0.8209901658916678,0.8931561906888467,0.8920606601248885,1.000333444481494,0.888888888888889,0.888888888888889,1,0.888888888888889,1.1111111111111112,1.1111111111111112,1.1111111111111112,1.1111111111111112,1.1111111111111112,1.1111111111111112,1.1111111111111112,1,0.969975,0.7621999999999999,0.6622,0.5622,0.4622,0.36219999999999997,0.2622,0.16219999999999998
com show_warnings,0,0,0,0,0,0,0,0,0,0,0,0,0,0,0,0,0,0,0,0,0,0,0,0,0,0,0,0,0,0,0,0,0,0,0,0,0,0,0,0,0,0,0,0,0,0,0,0
com shutdown,0,0,0,0,0,0,0,0,0,0,0,0,0,0,0,0,0,0,0,0,0,0,0,0,0,0,0,0,0,0,0,0,0,0,0,0,0,0,0,0,0,0,0,0,0,0,0,0
com signal,0,0,0,0,0,0,0,0,0,0,0,0,0,0,0,0,0,0,0,0,0,0,0,0,0,0,0,0,0,0,0,0,0,0,0,0,0,0,0,0,0,0,0,0,0,0,0,0
com slave_start,0,0,0,0,0,0,0,0,0,0,0,0,0,0,0,0,0,0,0,0,0,0,0,0,0,0,0,0,0,0,0,0,0,0,0,0,0,0,0,0,0,0,0,0,0,0,0,0
com slave_stop,0,0,0,0,0,0,0,0,0,0,0,0,0,0,0,0,0,0,0,0,0,0,0,0,0,0,0,0,0,0,0,0,0,0,0,0,0,0,0,0,0,0,0,0,0,0,0,0
com stmt_close,1.1111111111111112,0.888888888888889,1,1,1,0.888888888888889,1.1111111111111112,0.888888888888889,1,0.754425,0.7621999999999999,0.6622,0.5622,0.4622,0.36219999999999997,0.1311,0.16219999999999998,0,0.3392857142857143,0.4390767669935746,0.5387541066464493,0.6385616300181561,0.7384337753902972,0.8383426764409947,0.8209901658916678,0.8931561906888467,1.0035682426404997,1.000333444481494,0.888888888888889,0.888888888888889,0.888888888888889,1,1,1.1111111111111112,1.1111111111111112,1,1,1.1111111111111112,1.1111111111111112,1,0.754425,0.6533142857142856,0.5518333333333333,0.44976000000000005,0.4622,0.24146666666666666,0.1311,0
com stmt_execute,1.1111111111111112,0.888888888888889,1,1,1,0.888888888888889,1.1111111111111112,0.888888888888889,1,0.754425,0.7621999999999999,0.6622,0.5622,0.4622,0.36219999999999997,0.1311,0.16219999999999998,0,0.3392857142857143,0.4390767669935746,0.5387541066464493,0.6385616300181561,0.7384337753902972,0.8383426764409947,0.8209901658916678,0.8931561906888467,1.0035682426404997,1.000333444481494,0.888888888888889,0.888888888888889,0.888888888888889,1,1,1.1111111111111112,1.1111111111111112,1,1,1.1111111111111112,1.1111111111111112,1,0.754425,0.6533142857142856,0.5518333333333333,0.44976000000000005,0.4622,0.24146666666666666,0.1311,0
com stmt_fetch,0,0,0,0,0,0,0,0,0,0,0,0,0,0,0,0,0,0,0,0,0,0,0,0,0,0,0,0,0,0,0,0,0,0,0,0,0,0,0,0,0,0,0,0,0,0,0,0
com stmt_prepare,1.1111111111111112,0.888888888888889,1,1,1,0.888888888888889,1.1111111111111112,0.888888888888889,1,0.754425,0.7621999999999999,0.6622,0.5622,0.4622,0.36219999999999997,0.1311,0.16219999999999998,0,0.3392857142857143,0.4390767669935746,0.5387541066464493,0.6385616300181561,0.7384337753902972,0.8383426764409947,0.8209901658916678,0.8931561906888467,1.0035682426404997,1.000333444481494,0.888888888888889,0.888888888888889,0.888888888888889,1,1,1.1111111111111112,1.1111111111111112,1,1,1.1111111111111112,1.1111111111111112,1,0.754425,0.6533142857142856,0.5518333333333333,0.44976000000000005,0.4622,0.24146666666666666,0.1311,0
com stmt_reprepare,0,0,0,0,0,0,0,0,0,0,0,0,0,0,0,0,0,0,0,0,0,0,0,0,0,0,0,0,0,0,0,0,0,0,0,0,0,0,0,0,0,0,0,0,0,0,0,0
com stmt_reset,0,0,0,0,0,0,0,0,0,0,0,0,0,0,0,0,0,0,0,0,0,0,0,0,0,0,0,0,0,0,0,0,0,0,0,0,0,0,0,0,0,0,0,0,0,0,0,0
com stmt_send_long_data,0,0,0,0,0,0,0,0,0,0,0,0,0,0,0,0,0,0,0,0,0,0,0,0,0,0,0,0,0,0,0,0,0,0,0,0,0,0,0,0,0,0,0,0,0,0,0,0
com truncate,0,0,0,0,0,0,0,0,0,0,0,0,0,0,0,0,0,0,0,0,0,0,0,0,0,0,0,0,0,0,0,0,0,0,0,0,0,0,0,0,0,0,0,0,0,0,0,0
com uninstall_plugin,0,0,0,0,0,0,0,0,0,0,0,0,0,0,0,0,0,0,0,0,0,0,0,0,0,0,0,0,0,0,0,0,0,0,0,0,0,0,0,0,0,0,0,0,0,0,0,0
com unlock_binlog,0,0,0,0,0,0,0,0,0,0,0,0,0,0,0,0,0,0,0,0,0,0,0,0,0,0,0,0,0,0,0,0,0,0,0,0,0,0,0,0,0,0,0,0,0,0,0,0
com unlock_tables,0,0,0,0,0,0,0,0,0,0,0,0,0,0,0,0,0,0,1.1875000000000002,1.0245124563183408,0.9428196866312863,0.8939862820254186,0.86150607128868,0.8383426764409947,0.8209901658916678,0.7815116668527409,0.7805530776092774,0,0,0,0,0,0,0,0,0,0,0,0,0,0,0,0,0,0,0,0,0
com update,0,0,2.111111111111111,28.22222222222222,60.777777777777786,89.77777777777779,126.33333333333334,156,186.11111111111111,180.523125,182.38357142857143,182.76719999999997,159.77724,130.3404,104.67580000000001,70.5318,43.956199999999995,40.277502527805865,35.28571428571429,36.88244842746027,39.733115365175635,43.54990316723825,43.93680963572268,43.23452945645702,42.80877293577982,41.30847381935916,22.859054415700268,21.56274313660109,18.22222222222222,16.22222222222222,14.444444444444446,16.88888888888889,20.333333333333336,23.77777777777778,24.444444444444446,24.333333333333336,21.88888888888889,21,19.22222222222222,18.88888888888889,14.2263,10.561914285714284,6.8427333333333324,5.73444,5.3153,5.0708,4.7196,4.3793999999999995
com update_multi,0,0,0,0,0,0,0,0,0,0,0,0,0,0,0,0,0,0,0,0,0,0,0,0,0,0,0,0,0,0,0,0,0,0,0,0,0,0,0,0,0,0,0,0,0,0,0,0
com xa_commit,0,0,0,0,0,0,0,0,0,0,0,0,0,0,0,0,0,0,0,0,0,0,0,0,0,0,0,0,0,0,0,0,0,0,0,0,0,0,0,0,0,0,0,0,0,0,0,0
com xa_end,0,0,0,0,0,0,0,0,0,0,0,0,0,0,0,0,0,0,0,0,0,0,0,0,0,0,0,0,0,0,0,0,0,0,0,0,0,0,0,0,0,0,0,0,0,0,0,0
com xa_prepare,0,0,0,0,0,0,0,0,0,0,0,0,0,0,0,0,0,0,0,0,0,0,0,0,0,0,0,0,0,0,0,0,0,0,0,0,0,0,0,0,0,0,0,0,0,0,0,0
com xa_recover,0,0,0,0,0,0,0,0,0,0,0,0,0,0,0,0,0,0,0,0,0,0,0,0,0,0,0,0,0,0,0,0,0,0,0,0,0,0,0,0,0,0,0,0,0,0,0,0
com xa_rollback,0,0,0,0,0,0,0,0,0,0,0,0,0,0,0,0,0,0,0,0,0,0,0,0,0,0,0,0,0,0,0,0,0,0,0,0,0,0,0,0,0,0,0,0,0,0,0,0
com xa_start,0,0,0,0,0,0,0,0,0,0,0,0,0,0,0,0,0,0,0,0,0,0,0,0,0,0,0,0,0,0,0,0,0,0,0,0,0,0,0,0,0,0,0,0,0,0,0,0
handler delete,0,0,0,1,1.1111111111111112,1.1111111111111112,1.1111111111111112,3.3333333333333335,4.444444444444445,4.311,4.355428571428571,4.414666666666666,3.48564,3.4665,3.622,3.933,1.6219999999999999,2.3554095045500505,1.8660714285714288,1.7563070679742985,1.616262319939348,1.5325479120435748,1.4768675507805944,1.437158873898848,1.4074117129571448,1.33973428603327,0.22301516503122212,0.22229632099588753,0.11111111111111112,0.22222222222222224,0.33333333333333337,0.4444444444444445,0.4444444444444445,0.4444444444444445,0.4444444444444445,0.4444444444444445,0.33333333333333337,0.33333333333333337,0.22222222222222224,0.22222222222222224,0.107775,0.10888571428571428,0.11036666666666665,0.11244000000000001,0.11555,0.12073333333333333,0.1311,0.16219999999999998
handler discover,0,0,0,0,0,0,0,0,0,0,0,0,0,0,0,0,0,0,0,0,0,0,0,0,0,0,0,0,0,0,0,0,0,0,0,0,0,0,0,0,0,0,0,0,0,0,0,0
handler external_lock,123.77777777777779,115.11111111111111,166.88888888888889,597.7777777777778,1110.888888888889,1632.2222222222222,2261.5555555555557,2725.3333333333335,3223,3108.554325,3134.4930571428567,3113.112566666666,2721.83508,2252.41615,1769.8299333333332,1162.7259,740.443,728.5281597573306,801.9017857142858,937.7216153759442,1130.3061157442507,1346.8541900342948,1387.0247747747749,1396.6788989506972,1403.1894778182734,1369.208440326002,1056.5343443354147,1016.6722240746916,932.5555555555557,833.7777777777777,743.2222222222223,871.2222222222223,1020.7777777777777,1162,1200.6666666666667,1198.7777777777778,1086.111111111111,1028.7777777777778,963.6666666666667,937.3333333333334,707.004,525.0469142857143,358.58129999999994,292.45644000000004,267.3827,244.1228,211.33319999999998,178.74439999999998
handler mrr_init,0,0,0,0,0,0,0,0,0,0,0,0,0,0,0,0,0,0,0,0,0,0,0,0,0,0,0,0,0,0,0,0,0,0,0,0,0,0,0,0,0,0,0,0,0,0,0,0
handler read_first,2.2222222222222223,1.8888888888888888,2.111111111111111,2,2.111111111111111,2,1.8888888888888888,2,1.777777777777778,1.50885,1.5243999999999998,1.2140333333333333,1.1244,0.80885,0.6036666666666667,0.3933,0,0.4710819009100101,1.6964285714285716,1.9026659903054899,1.8856393732625727,2.0433972160580995,2.215301326170892,2.3952647898314137,2.5802548070880986,2.791113095902646,2.6761819803746656,2.000666888962988,1.8888888888888888,2,2.111111111111111,2.111111111111111,2.111111111111111,2,2,2.111111111111111,2.111111111111111,2.111111111111111,2,2,1.7244,1.5243999999999998,1.4347666666666665,1.1244,0.9244,0.7243999999999999,0.5244,0.4866
handler read_key,305.77777777777777,275.8888888888889,314.8888888888889,426,538.7777777777778,675.2222222222223,829.2222222222223,955.2222222222223,1059.6666666666667,998.104275,1007.5195142857141,952.1332333333332,826.5464400000001,700.233,549.9403333333333,344.2686,197.2352,262.62815975733065,301.28571428571433,500.8402322173374,554.9167298458428,672.7885333871293,727.6034133512395,779.8982155691083,831.5457537388463,882.1033828290722,791.592328278323,824.3859064132488,719.4444444444445,721.4444444444445,770.5555555555555,836.3333333333334,862.6666666666667,19266,60895.44444444445,67585.77777777778,67561.33333333334,67548.88888888889,67506.77777777778,67441.33333333334,65283.197400000005,65864.85968571427,48416.863366666665,7107.894600000001,310.71394999999995,233.01533333333333,175.4118,162.36219999999997
handler read_last,0,0,0,0,0,0,0,0,0,0,0,0,0,0,0,0,0,0,0,0,0,0,0,0,0,0,0,0,0,0,0,0,0,0,0,0,0,0,0,0,0,0,0,0,0,0,0,0
handler read_next,0,0,0,85.11111111111111,134,184,230.33333333333334,318.6666666666667,395.6666666666667,383.786775,387.74202857142853,393.0157,314.26980000000003,272.12025,229.997,195.0768,112.40459999999999,17576.301263902933,21730.062500000004,42626.30433434788,64991.524147081116,86591.25585233004,107767.88668653127,128895.90508223989,148031.91582176072,163532.87931226974,177634.70115967887,192794.3759030788,195868.11111111112,196949.44444444444,196924.44444444444,196484.44444444444,197289,188806.33333333334,166323.77777777778,143781.11111111112,122135.8888888889,100870.66666666667,78535.88888888889,56846.88888888889,34267.384575,11988.6438,59.59799999999999,31.708080000000002,32.46955,8.813533333333334,8.6526,9.732
handler read_prev,0,0,0,0,0,0,0,0,0,0,0,0,0,0,0,0,0,0,0,0,0,0,0,0,0,0,0,0,0,0,0,0,0,0,0,0,0,0,0,0,0,0,0,0,0,0,0,0
handler read_rnd,147.77777777777777,133,147.77777777777777,133,133,133,133,133,118.22222222222221,100.338525,101.37259999999999,73.39383333333333,74.7726,61.4726,48.1726,17.4363,0,31.32694641051567,22.562500000000004,58.39721001014542,71.65429618397776,84.92869679241477,81.84307677242461,111.49957596665232,124.7905052155335,133.63849503181868,133.47457627118644,147.93820162276316,133.22222222222223,133.33333333333334,133.44444444444446,148.33333333333334,133.66666666666669,18526.111111111113,60138.66666666667,66800.66666666667,66800.66666666667,66800.66666666667,66785.77777777778,66800.66666666667,64780.5348,65433.563371428565,48039.630099999995,6816.89988,61.934799999999996,48.534800000000004,35.1348,43.4696
handler read_rnd_next,4003.888888888889,3621.4444444444443,3710.888888888889,3550.111111111111,3871.666666666667,3790.5555555555557,3605.5555555555557,3690.5555555555557,3657.4444444444443,2906.583975,2829.0686285714282,2423.4312666666665,2086.77396,1545.25015,1190.3099333333334,822.3903,431.2898,176244.45834175934,248300.31250000006,215025.69884454965,198377.34337882235,188557.41549525922,182239.17907923454,177659.18472658578,174320.13821792134,166497.93457630902,83188.55932203389,3967.878181616094,3673.2222222222226,3721.111111111111,3945.2222222222226,3843.111111111111,4143.888888888889,4220.666666666667,4140.555555555556,4183.444444444444,4107.333333333334,4173.555555555556,4184.444444444444,3921.7777777777783,3436.8369749999997,2886.669171428571,2531.3698666666664,2095.7691600000003,1766.2972999999997,1315.5104000000001,975.1217999999999,521.6351999999999
handler update,0,0,2.111111111111111,35.66666666666667,79.55555555555556,108.88888888888889,145.44444444444446,194.11111111111111,234.66666666666669,227.6208,229.96662857142854,230.9974333333333,201.38004,161.3078,136.67013333333335,105.27329999999999,59.202999999999996,81.49716885743175,83.80357142857143,98.93863149588549,91.99226370988121,113.40854549122453,170.57820211515866,165.99184993531696,191.87713019982408,238.47270291392206,199.7100802854594,212.2929865510726,220.22222222222223,249.33333333333334,283.55555555555554,258.11111111111114,286.77777777777777,286.33333333333337,258.8888888888889,286.6666666666667,284.8888888888889,284.6666666666667,283,255.66666666666669,218.9988,193.16325714285713,168.64026666666666,143.36100000000002,118.3232,93.32686666666667,68.3031,43.307399999999994
handler write,1266.888888888889,1196.2222222222222,1213.4444444444446,1286.111111111111,1583,1750.2222222222222,1827.1111111111113,2037.1111111111113,2196.3333333333335,1935.2079,1892.6514857142854,1768.1843666666664,1528.28448,1192.5915499999999,916.1245333333334,672.0186,422.3688,507.3552072800809,551.5089285714287,804.681354976891,972.1817854435178,1149.1555093806737,1279.705732751385,1329.3719583564346,1445.646397825814,1519.2586803617282,1417.3728813559323,1462.2651995109482,1373.2222222222222,1348.2222222222222,1391.2222222222222,1365.888888888889,1542.111111111111,1587.888888888889,1597,1595.111111111111,1562.2222222222222,1545.5555555555557,1526.2222222222222,1451.888888888889,1281.983625,1046.065057142857,879.5119666666666,742.6662,619.92575,497.30060000000003,369.5709,242.9756
handler total commit,0,0,11.666666666666668,114.11111111111111,235.77777777777777,360.6666666666667,511.6666666666667,622.1111111111111,740.7777777777778,718.5359249999999,725.9410571428571,724.2260666666666,634.1616,525.1747499999999,413.0287333333334,270.3282,173.22959999999998,160.87446916076846,165.23214285714286,187.33942058392518,224.92983952489257,266.2801997175711,270.7590509764423,270.0661050534919,269.6366273407063,259.01529529976557,186.21766280107047,177.83705679671002,161.66666666666669,137.22222222222223,113.22222222222221,135.55555555555557,160.55555555555557,184,192.88888888888889,192.88888888888889,171.22222222222223,159.44444444444446,148.11111111111111,146,107.55945,78.17994285714285,51.09976666666667,40.70328,38.01595,36.5822,32.5128,29.195999999999998
handler total prepare,0,0,0,0,0,0,0,0,0,0,0,0,0,0,0,0,0,0,0,0,0,0,0,0,0,0,0,0,0,0,0,0,0,0,0,0,0,0,0,0,0,0,0,0,0,0,0,0
handler total rollback,0,0,0,0.4444444444444445,0.6666666666666667,1.2222222222222223,1.5555555555555558,1.777777777777778,2.2222222222222223,2.1555,2.1777142857142855,2.207333333333333,1.7990400000000002,1.6177,1.0866,0.7866,0.6487999999999999,1.4132457027300303,1.017857142857143,0.8781535339871492,0.808131159969674,2.0433972160580995,3.44602428515472,4.311476621696545,5.160509614176197,6.028804287149716,6.6904549509366635,11.448260531288208,14.666666666666668,19.555555555555557,25.333333333333336,32,39.111111111111114,46.66666666666667,46.22222222222222,46,42.111111111111114,40.22222222222222,37.111111111111114,35.333333333333336,26.51265,18.946114285714284,10.815933333333332,10.34448,9.475100000000001,8.934266666666668,8.1282,7.4612
handler total savepoint,0,0,0,0,0,0,0,0,0,0,0,0,0,0,0,0,0,0,0,0,0,0,0,0,0,0,0,0,0,0,0,0,0,0,0,0,0,0,0,0,0,0,0,0,0,0,0,0
handler total savepoint_rollback,0,0,0,0,0,0,0,0,0,0,0,0,0,0,0,0,0,0,0,0,0,0,0,0,0,0,0,0,0,0,0,0,0,0,0,0,0,0,0,0,0,0,0,0,0,0,0,0
cpu System,99.63888888887595,99.63888888888606,99.47222222221576,99.1666666666788,98.94444444445172,98.55555555554425,98.2777777777907,98.0277777777802,97.72222222221293,97.30555555556244,97.29610000000247,96.88888888890183,96.86111111109817,97.0759495535644,97.00000000000526,97.24609999998162,97.44810357142089,97.76057500000617,97.0843052315915,97.18749999999545,97.18749999999545,97.19537931800956,97.15625000000045,97.13888888889213,97.99194764048606,97.95999999999913,97.95999999999913,96.91666666665495,96.81369486441311,97.31354999999148,97.6385499999925,96.83474011551594,96.81409295353323,96.80626527437943,97.0344433328637,96.99887457798084,97.05457374681096,98.15624999998818,97.54381646655189,97.3968567617042,97.38832124394528,97.48358330208433,97.30495665703167,97.33333333332565,97.61902395831788,97.33333333333576,97.6543729166571,97.47222222222263,97.36111111110908,97.8708333333346,97.33244414805178,97.33333333333576,97.53296458334209,98.10999999999694,97.25091636120848,97.25103086342304,97.63344771882127,97.87138930534641,97.03236286393512,97.00000000000526,96.88888888889173,97.31221444055927,96.87500000001137,96.16538846282822,96.57971866155121,95.79401930676822,95.18761276548899,94.80382349672396,94.66666666666141,94.50000000000122,94.72003016754975,94.47037901521273,95.11111111110544,95.5506117908828,95.94264117383725,96.1388888888804,96.11111111110708,96.25000000000405,96.33333333333414,96.27777777778748,96.05555555557052,96.0555555555503,96.08333333333374,96.52777777778788,96.88888888889173,97.30555555555233,97.58333333333617,97.72222222222304,97.41666666666586,97.63888888889292,97.6944444444396,97.97207499998648,97.38975896922601,97.16666666666546,96.88888888888161,96.7222222222214,96.9623941964294,97.68676190476401,97.9550124999931,98.28136000001831,97.18820294928086,97.19350894743137,97.22222222223232,97.28125000000318,97.30555555555233,98.38019081581936,98.11002502083093,97.75173874194093,97.48053984632388,97.19288493605983,97.19444444443879,97.22222222222221,97.68571428571055,97.08333333333535,97.1388888888719,97.11111111110868,97.44500446428158,97.71567738093934,98.0142874999944,98.28135999999597,98.51084583332438
cpu User,6.166666666589057,6.2777777778036485,6.500000000071143,6.8611111111143455,7.083333333300995,7.555555555558789,8.000000000012935,8.250000000003235,8.694444444538224,9.19444444451882,8.562350000022953,9.666666666614928,9.80555555555232,9.027650892837313,9.72222222214138,8.892802083266542,8.12500357131247,7.0814249999013565,9.607908474930165,9.562500000083674,9.562500000083674,9.496834388491896,9.593750000112777,9.666666666776615,6.910062531341264,7.020000000076834,7.020000000076834,10.166666666676367,10.277395976443348,8.679300000064153,7.629300000056392,10.078853842749492,10.057471264371454,10.331037547214963,10.0400171503029,10.035013129989231,10.003334444750243,6.593749999865395,8.421200686034862,9.239728197295513,9.270024595494164,8.979032308418166,10.030006668109664,10.027777777819818,9.20835312506011,10.083333333507957,9.23948229186314,10.000000000016168,10.055555555623465,8.166666666632713,9.864399244160161,9.611111111088475,8.749369791549782,6.719999999884749,9.552371431670622,9.590153692205352,8.08821665718181,7.293621939081504,9.87129826316223,10.000000000097014,10.30555555553292,8.876765465996375,10.46875000001819,15.116149827726822,21.789550940610532,31.372006677657726,37.79139387101475,38.485050572348335,38.63888888873691,38.72222222230953,37.68999742086208,38.151606090948306,33.24999999992239,24.471635150134475,15.64584259664171,10.083333333265426,9.72222222238391,9.583333333446515,9.472222222231924,9.888888888801578,10.44444444438947,12.5,14.027777777826286,13.527777777845687,12.6666666666602,12.13888888879511,11.250000000048507,10.99999999989652,11.638888889057045,11.333333333297762,9.388888888982667,6.9569093750032795,8.719315783666474,9.388888888901823,9.944444444489719,10.694444444460615,9.822538392999252,7.980671428598359,6.994450000131111,6.107310000060737,9.372656835791052,9.364232521857952,9.333333333294528,9.312499999941792,9.194444444437977,5.715175800608672,6.644443285985781,7.695971229402629,8.690722103037537,9.560867148422258,9.722222222303067,9.694444444418574,7.885714285574587,9.833333333194282,9.861111111240461,9.805555555633166,8.828929017900107,7.83609404767964,6.935174999989649,5.861790000010719,4.985429166787266
cpu Iowait,0.08333333333262595,0.08333333333262595,0.08333333333262595,0.19444444444300443,0.3333333333311354,0.4166666666662877,0.44444444444467185,0.5000000000014401,0.5277777777772978,0.583333333334066,0.5914781250007429,0.6666666666660603,0.583333333334066,0.4542214285729519,0.4444444444453034,0.4016104166689104,0.351985714286728,0.3026250000024771,0.41652782405826827,0.4062500000010516,0.4062500000010516,0.41652782405826827,0.4687499999995737,0.47222222222052956,0.35436218109156586,0.3600000000010369,0.3600000000010369,0.47222222222305604,0.46857428464354284,0.4133000000011903,0.36330000000104634,0.49977787650014177,0.49975012493991744,0.4998889135749379,0.5002143775915657,0.5001875703384223,0.4723796821164632,0.24999999999906208,0.4093639222409084,0.4576955144215111,0.4591962647966909,0.45753030871164524,0.4723271838169333,0.47222222222052956,0.43029687499960867,0.49999999999828204,0.37186770833169425,0.4166666666662877,0.4166666666688141,0.32083333333370473,0.44459264199200255,0.4722222222224244,0.45898333333291585,0.3600000000003547,0.4720648672673001,0.4998125702863984,0.41938901185100086,0.3756371814075302,0.4060977133564113,0.4444444444421455,0.4166666666669193,0.35365599466367703,0.4687499999995737,0.44459264199200255,0.2948518395202912,0.28808086939934757,1.7834140927844597,3.4178059353118213,5.027777777778258,6.638888888889799,8.481653667000074,10.05890852506424,11.694444444444546,13.487208008899154,15.117830146732036,15.33333333333202,15.3055555555549,15.166666666666137,15.249999999997499,15.027777777778638,14.86111111111149,13.583333333333611,11.861111111109798,10.222222222221136,8.555555555556616,6.944444444445076,5.388888888890303,3.6944444444474,2.138888888888207,0.7222222222228286,0.3888888888879036,0.337987500000333,0.5553704320795853,0.5833333333328028,0.5833333333328028,0.6388888888895711,0.6245544642857916,0.5204785714300704,0.4445625000002696,0.3989700000017306,0.5311172206936328,0.5557408024898453,0.583333333334066,0.6250000000001421,0.6388888888876763,0.39731168668841,0.47249374478756456,0.5188295210879845,0.6227879031544777,0.6392440244593467,0.6111111111092922,0.5833333333334344,0.45714285714309094,0.5555555555550503,0.5833333333328028,0.5555555555550503,0.5109991071411014,0.40481666666564114,0.3852874999983018,0.33759000000039074,0.29135624999899895
cpu Total,90.50000000020695,90.38888888640535,89.63888889023414,88.8055555522442,88.05555555607295,86.47222222191178,85.49999999813735,84.74999999937913,83.75000000362182,82.6666666686328,73.70944063003641,81.69444444485838,81.3611111112146,73.69742678560853,82.05555555565903,75.3593260430559,67.17060714394985,59.58686249842169,82.5002776851126,82.46874999895226,82.46874999895226,82.69465733716753,82.43749999965075,82.4444444436166,58.29257878455434,59.21999999508263,59.21999999508263,80.83333332971152,80.65725352794794,66.16244166653836,58.15827499988722,80.85295424286917,80.64717641272497,80.3988002671247,81.57067314590006,81.4055270727687,81.58274980642236,50.62500000058208,66.69707904669366,74.74739869902997,74.99248999467675,75.12075756560284,81.74038675499227,81.80555555607296,75.27326666730787,81.75000000175918,74.51656770780052,81.58333333105678,81.88888889013066,66.8208333310516,82.16627764634518,82.55555555224419,75.87568228952937,59.81999999564142,82.61135177163167,82.84393352644098,69.49875053883268,61.88622563869739,81.25078095644284,81.08333333188462,80.63888888961326,67.97268217020464,80.4062499984866,75.27509169423048,41.8394760264296,40.87867536630214,41.49976285528555,47.90485717523485,45.944444444547926,44.16666666511447,34.01086950146255,41.319328662833264,45.33333333157417,52.97552836692174,60.638061361432925,66.11111111318073,66.38888888733669,66.83333333478207,66.97222222574057,66.5555555606261,66.13888889033761,65.13888889199329,65.41666666356227,67.97222222149787,71.3611111122494,74.00000000165569,76.86111110831715,78.91666666449358,79.47222222315354,81.3055555569008,83.694444441547,76.89215624947538,83.777629678789,82.63888888630188,81.69444444227136,80.74999999824084,73.1864276766678,66.53451070825348,58.50442499514203,50.42366999908536,82.63559110571602,82.52750917024082,82.69444444320268,82.7499999984866,82.86111111390508,50.12239739284323,58.087199749571475,65.97782076118119,74.0268348531943,81.90661478526746,81.97222222160134,81.97222222418836,65.2285714287843,81.80555555348596,82.11111111255984,82.22222222118742,74.88975803804094,66.85258095001114,58.682249999447954,50.66919000217225,42.69987708465992
network receive eth0,839455.1111111112,839467.5555555556,1070609.7777777778,1564242.6666666667,1999352,2655051.5555555555,3194055.111111111,3667512,4253142.222222222,4777333.333333334,4755295.7533,5482802.666666667,5447260.444444445,4980578.844214285,5232068.444444445,4756137.682466666,4270731.841142857,3672804.1967999996,4982388.092857936,4960124,4960124,4979333.999777852,4975732,4975611.555555556,3509313.8819809905,3565146.2400000007,3565146.2400000007,4976496.888888889,4992956.641259527,4119052.502666666,3620739.836,4984525.099955576,4985759.120439781,4982338.147078427,4960942.118050593,4971970.48893335,4970074.469267534,3104812,4075296.9116295027,4550646.806069702,4565568.046690011,4556418.981152357,4966476.994887752,4951090.666666667,4533685.902166666,4965808.888888889,4550374.6598333325,4973269.333333334,4973224,4059926.266666667,4984084.472601978,4990205.333333334,4601396.041466666,3595710.7199999997,4988595.801399534,4977029.613894789,4174778.4414251037,3745604.5499250377,4977302.511558166,4969740.444444445,4975523.555555556,4220055.326663332,4976092,4972104.479270868,3450277.9134210097,3886220.146788554,4166401.3596956,4391590.085584084,4207480,4002849.7777777775,3039680.8793297494,3125817.9393131044,2691632.888888889,2321334.816462736,1950749.6665184528,1921120.8888888888,1802223.1111111112,1695420.4444444445,1652917.3333333335,1863809.777777778,2046723.5555555555,2250947.5555555555,2240788.4444444445,2230996.4444444445,2039688.8888888888,2046136,1924625.777777778,2093816.8888888888,2677771.5555555555,2930727.111111111,3162105.777777778,3089677.1299,4035669.887815173,4462578.666666667,4814064,5253731.555555556,4883961.404142857,4030415.802819048,3539741.772,3058100.87616,4975770.057485628,4976347.6714460375,4971225.777777778,4984205,4971740.444444445,3048042.252532532,3533478.321267723,4017374.921496307,4508622.975381042,4982008.671484158,4974986.666666667,4987293.333333334,3984106.0571428565,4982631.111111111,4966214.222222222,4971142.222222222,4520586.986614285,4029303.5979428575,3537597.4395999997,3059517.03552,2579957.7808666667
network receive lo,1621978.6666666667,1621925.3333333335,1622782.2222222222,1624350.2222222222,1624822.2222222222,1625824.888888889,1627259.5555555555,1628957.3333333335,1631462.2222222225,1632627.5555555555,1472680.0363,1641853.3333333335,1650829.3333333335,1502470.9161,1673165.3333333335,1540335.215133333,1382891.7992,1227720.0887999998,1738242.8079529046,1754137,1754137,1766003.3322225926,1769885,1758908.4444444445,1225110.3821243956,1244601.6,1244601.6,1734778.6666666667,1736159.9400224916,1420613.4962666666,1248751.2296,1755155.9306974679,1765658.170914543,1774879.3601421905,1795287.1230527372,1798926.597474053,1798708.013782372,1121649,1479845.4326129216,1654612.308020677,1660037.6616975153,1656113.3078365207,1807927.983996444,1804495.1111111112,1654183.2770666666,1767496,1590240.8797333331,1728736.8888888888,1527856.888888889,1190701.8666666667,1511486.9400911415,1496800,1339427.1945333332,1006155.8400000001,1504975.674775075,1484358.365612895,1224479.7929173212,1279528.4233883058,1752899.662626515,1759165.3333333335,1776445.3333333335,1531096.1951642488,1810991,1779453.595642992,1327880.5915764943,1537792.2743131933,1765439.0904517765,2004417.4724908303,2099196.4444444445,2217361.777777778,2158932.481774416,2461300.433477826,2616567.111111111,2672404.004449388,2764248.1102712317,2838949.3333333335,2892561.777777778,2921749.3333333335,2925390.2222222225,2922679.111111111,2921260.4444444445,2917938.666666667,2918943.111111111,2919664,2920264.888888889,2921486.2222222225,2922593.777777778,2925041.777777778,2824011.5555555555,2714819.5555555555,2607927.111111111,2313517.2271000003,2367395.756969899,2237774.2222222225,2099493.3333333335,1965410.6666666667,1675341.2327142856,1475959.7160761906,1283901.242,1091995.37568,1758599.350162459,1754851.6172057353,1749443.5555555555,1756691,1745888.8888888888,1042404.056156156,1205967.5195329443,1373894.699289969,1540644.1090252837,1696176.097832129,1692965.3333333335,1693265.777777778,1354394.5142857141,1699492.4444444445,1709227.5555555555,1716218.6666666667,1560143.4108857142,1393671.3599619048,1232712.3004,1068328.22976,904122.2119333334
network transmit eth0,805464,805476.4444444445,1039515.5555555556,1534087.1111111112,1981202.6666666667,2628653.3333333335,3169593.777777778,3644712,4231862.222222222,4830306.666666667,4811626.102,5717970.666666667,5788327.111111111,5330511.941228571,5838759.111111111,5383340.243399999,4913023.170399999,4336623.997199999,6132700.655337109,6184387,6184387,6164427.857380873,6176715,6120492.444444445,4205368.142497916,4272274.5600000005,4272274.5600000005,6016416.888888889,6030327.627139823,5012948.764,4406494.764,6166235.450910707,6228144.927536232,6112480.782048433,6082907.531799343,6102238.339377267,6090033.566744471,3692941,4858122.370520297,5458403.473736869,5476301.182591295,5521256.150981128,6018493.8875305625,5929776,5408027.120966666,5837800,5298800.4152999995,5763192,5695913.777777778,4604357.333333334,5655972.435256196,5636577.777777778,5213202.465466666,4083655.6799999997,5861486.171276241,5873887.2922654,4966733.479337427,4493635.410894552,6197652.880169936,6152058.666666667,6155459.555555556,5185819.116891779,6058113,5996649.54984995,3958537.381468287,4372182.613055278,4642473.957141071,4858112.704234744,4577179.555555556,4285296.888888889,3118053.6060085036,3201564.966099811,2703226.666666667,2302321.690767519,1941792.796798577,1902720.8888888888,1788022.2222222225,1680912.8888888888,1640077.3333333335,1856477.3333333335,2044702.2222222225,2249759.111111111,2239474.666666667,2228059.5555555555,2046543.1111111112,2037604.4444444445,1916253.3333333335,2086798.2222222225,2734239.111111111,3077938.666666667,3378643.555555556,3310814.6901000002,4460380.761968233,5016037.333333334,5436910.222222222,5973487.111111111,5616855.855128571,4706846.409561905,4132490.8236000002,3596286.60864,6065297.675581104,6049644.103590085,6051008.888888889,6134369,6144316.444444445,3710834.4297697693,4324479.154428691,4850074.627295687,5383525.386337889,5947766.536964981,5962750.222222222,5950867.555555556,4720682.971428571,5906401.777777778,5875093.333333334,5863661.333333334,5373018.890957142,4839234.876342857,4253885.0752,3661181.47296,3086213.2212
network transmit lo,1621978.6666666667,1621925.3333333335,1622782.2222222222,1624350.2222222222,1624822.2222222222,1625824.888888889,1627259.5555555555,1628957.3333333335,1631462.2222222225,1632627.5555555555,1472680.0363,1641853.3333333335,1650829.3333333335,1502470.9161,1673165.3333333335,1540335.215133333,1382891.7992,1227720.0887999998,1738242.8079529046,1754137,1754137,1766003.3322225926,1769885,1758908.4444444445,1225110.3821243956,1244601.6,1244601.6,1734778.6666666667,1736159.9400224916,1420613.4962666666,1248751.2296,1755155.9306974679,1765658.170914543,1774879.3601421905,1795287.1230527372,1798926.597474053,1798708.013782372,1121649,1479845.4326129216,1654612.308020677,1660037.6616975153,1656113.3078365207,1807927.983996444,1804495.1111111112,1654183.2770666666,1767496,1590240.8797333331,1728736.8888888888,1527856.888888889,1190701.8666666667,1511486.9400911415,1496800,1339427.1945333332,1006155.8400000001,1504975.674775075,1484358.365612895,1224479.7929173212,1279528.4233883058,1752899.662626515,1759165.3333333335,1776445.3333333335,1531096.1951642488,1810991,1779453.595642992,1327880.5915764943,1537792.2743131933,1765439.0904517765,2004417.4724908303,2099196.4444444445,2217361.777777778,2158932.481774416,2461300.433477826,2616567.111111111,2672404.004449388,2764248.1102712317,2838949.3333333335,2892561.777777778,2921749.3333333335,2925390.2222222225,2922679.111111111,2921260.4444444445,2917938.666666667,2918943.111111111,2919664,2920264.888888889,2921486.2222222225,2922593.777777778,2925041.777777778,2824011.5555555555,2714819.5555555555,2607927.111111111,2313517.2271000003,2367395.756969899,2237774.2222222225,2099493.3333333335,1965410.6666666667,1675341.2327142856,1475959.7160761906,1283901.242,1091995.37568,1758599.350162459,1754851.6172057353,1749443.5555555555,1756691,1745888.8888888888,1042404.056156156,1205967.5195329443,1373894.699289969,1540644.1090252837,1696176.097832129,1692965.3333333335,1693265.777777778,1354394.5142857141,1699492.4444444445,1709227.5555555555,1716218.6666666667,1560143.4108857142,1393671.3599619048,1232712.3004,1068328.22976,904122.2119333334
Reads completed vda,2.555555555555556,2.4444444444444446,7.666666666666667,10,11.88888888888889,15,16.88888888888889,17.555555555555557,19.444444444444446,20.77777777777778,21.0678875,17.11111111111111,14.666666666666668,12.604644642857142,11.11111111111111,9.523904166666666,8.095671428571428,6.0525,10.107741863823168,12.375,12.375,11.773853160057758,12,12.666666666666668,8.977175254293815,9.120000000000001,9.120000000000001,10.88888888888889,8.996626265150569,8.817066666666665,7.750400000000001,8.773878276321636,7.621189405297352,8.109309042435013,8.003430041446334,7.8779542328373156,8.336112037345782,6.375,8.070317324185249,9.84045356011339,9.872719693179922,7.892397825271843,7.779506557012669,7.222222222222223,6.655258333333333,8.444444444444445,7.322933333333333,7.111111111111112,5.666666666666667,4.783333333333333,5.557408024897188,5.888888888888889,6.081529166666666,2.76,7.108741530600911,7.2472822691490695,6.94987505354848,6.761469265367316,11.24578283143821,10.777777777777779,12.666666666666668,10.326755044188761,15,20.784706013115482,33.14134676211087,43.21213040994144,58.88097322210115,100.5890852506391,149.44444444444446,192.33333333333334,240.9688359697387,279.53762365232853,314.55555555555554,343.49276974416017,375.83370386838595,401.77777777777777,404.2222222222223,397.22222222222223,395.8888888888889,386.77777777777777,396.6666666666667,370.22222222222223,326.44444444444446,284.33333333333337,242.77777777777777,200.55555555555557,160.22222222222223,121.22222222222221,89.88888888888889,42.111111111111114,28.333333333333336,28.503612499999996,32.76685549261357,34.55555555555556,32.88888888888889,32.77777777777778,28.502394642857144,17.811933333333336,14.81875,12.76704,15.746063484128964,16.116483272201844,15.666666666666668,16.125,20.333333333333336,15.892467467467466,17.127898248540454,19.139044555634975,20.155681229339766,22.56809338521401,22.333333333333336,21.444444444444446,13.6,15.444444444444446,14.333333333333334,14.333333333333334,12.26397857142857,11.103542857142859,8.41705,6.629040000000001,5.697633333333334
Writes completed vda,15.88888888888889,15.777777777777777,23.77777777777778,51.66666666666667,86.77777777777779,118.22222222222221,143.44444444444446,169.33333333333334,189.88888888888889,221.11111111111114,222.846425,256.44444444444446,249.33333333333334,217.57206428571425,217.44444444444443,196.90384999999998,168.95314285714284,150.22305,194.49072531378428,186.75,186.75,189.1591691658336,204.375,214.33333333333334,153.91130732032684,156.36,156.36,216.33333333333334,223.41621891790578,190.80683333333332,167.7235,221.79031541537097,212.76861569215393,216.9517884914463,213.09132485350864,213.58009253470055,213.73791263754583,130.125,179.8862035448828,191.31672502918127,191.94403868600966,200.28389263842024,216.04801066903755,212,194.03520416666666,215.66666666666669,182.61565,204.77777777777777,206.11111111111114,157.38333333333335,204.7349116372124,204.11111111111114,194.03520416666666,147.12,205.5981339553482,212.29538922903913,173.98652720262746,163.52738630684658,204.79820067474697,215.44444444444443,208,176.40361013840254,226.5,244.19250861398245,232.3432495422008,276.90333166690476,307.7663177262902,325.3306657774814,306.33333333333337,303.77777777777777,254.4496100100038,259.5309547626987,225.8888888888889,166.74082313681868,126.7229879946643,104.55555555555557,93.66666666666667,92.88888888888889,95.77777777777779,97.11111111111111,99.11111111111111,97.44444444444444,98.77777777777779,92.33333333333334,81.33333333333334,71.33333333333334,60.44444444444444,51.333333333333336,75.66666666666667,80.22222222222223,87.33333333333334,79.8777125,139.8422747972898,159.55555555555557,178.44444444444446,197.33333333333334,196.9049892857143,162.7363,151.5069,140.68296,180.57985503624093,185.61742803156608,185.22222222222223,184.5,192.44444444444446,138.99796546546546,152.7336030025021,174.32671908506074,194.98923076923077,214.34130072262369,212.77777777777777,210.11111111111114,164.57142857142856,199.33333333333334,196,205.33333333333334,184.98167678571428,164.12424285714286,143.80115,122.88276,107.99605000000001
Read time vda,0.0005652173909449788,0.0005909090905333869,0.0005797101450456388,0.0005444444444340965,0.0005420560746727877,0.0005185185185702587,0.0005065789473998226,0.00048101265823374253,0.00048000000001463506,0.00048663101604464837,0.00048663101604464826,0.00046103896101477084,0.00046212121213267727,0.0004594594595202891,0.0004699999999138527,0.0004819277107662308,0.0004927536231833443,0.0004999999998835846,0.00045054945052130625,0.00044444444438800063,0.00044444444438800063,0.0004433962263338233,0.0004375000000133393,0.00044736842111186035,0.00044736842104803624,0.00044736842104803624,0.00044736842104803624,0.00043877551025634973,0.00043055555559274374,0.00043750000008913053,0.00043750000008913037,0.00044303797472775263,0.00042622950816427767,0.0004794520548423625,0.0005000000001018634,0.0004920634921059928,0.0004933333332883195,0.0005098039215298224,0.0005072463768622096,0.0005116279069117682,0.0005116279069117682,0.0004782608695044789,0.0004714285713687007,0.00047692307674039434,0.00048275862053711086,0.0005000000000061272,0.0004999999998744897,0.0004999999998744897,0.0004901960786025715,0.0005121951221442986,0.000500000000174623,0.0005094339622992952,0.0005094339622992953,0.000478260869504479,0.0005781249999472493,0.0005862068965457027,0.0005862068965457026,0.0005925925924438397,0.0006555555554869999,0.0006597938144173876,0.0006929824561219695,0.0007260273972586792,0.0006000000000009701,0.0022139037433385423,0.0021530249110693145,0.0025600000000170742,0.006280769230775499,0.006533701657459078,0.006710037174716862,0.006811091854424118,0.006854079254081479,0.006701789264417685,0.006696573648886868,0.006794365284974018,0.006768707482991647,0.006321902654867418,0.006342770753160277,0.006269930069932349,0.0062803817008119925,0.006328353921285549,0.006387114845937267,0.0063070228091234755,0.006389040163374188,0.006453692848768823,0.006515789473681333,0.0063113573407241556,0.006205963938968966,0.005703941338220108,0.004546353522867594,0.002023746701827307,0.0004745098039183729,0.0004743083003768514,0.00048135593222746215,0.0004823151125682674,0.00046621621618829224,0.00045084745763264347,0.00045816733069816215,0.0005000000000309937,0.0004960000000428409,0.00048076923079721525,0.0005079365079244969,0.0005172413792902732,0.0005177304964819725,0.0005271317830531274,0.0008360655738016631,0.0009615384615384616,0.0009103448275709523,0.000855421686702105,0.0008483146067304547,0.0008177339901351667,0.0008059701492369351,0.0008186528497192178,0.0005378151260377025,0.0005323741006708482,0.0005271317829403218,0.000519379844926045,0.0005277777777842453,0.0004999999999502809,0.00046478873233533874,0.00048148148144483216,0.0004772727271219165
Write time vda,0.0006013986014702416,0.0006056338026840896,0.0006074766355357785,0.0006903225806997388,0.0008553137003906816,0.0008947368421234258,0.0009062742060517473,0.0009068241469897244,0.000932709186665813,0.0009437185929633031,0.0009464105156739266,0.0009371750433277581,0.0009429590017736081,0.000920668058452806,0.000866121614719972,0.0008566433566440351,0.0008548611111109496,0.0008146655922631773,0.0007447173043996147,0.0006914323962488682,0.0006914323962488682,0.000689371697004738,0.0006911314984559955,0.0007096941420305597,0.0006991557943152589,0.0006991557943152589,0.0006991557943152589,0.000749871597325039,0.0007768456375814184,0.000794945848371921,0.000794945848371921,0.0007666499749710714,0.0007586611861513991,0.0007629288274550901,0.0007136150234829233,0.0007078454332567687,0.0007067082683441727,0.000711815561968377,0.0007301690507102188,0.0007117224880396701,0.0007117224880396701,0.000717875499704875,0.0007211934156388182,0.0007033542976961168,0.0007078651685480002,0.0006960329726919684,0.000663533834591718,0.0006804123711423586,0.0006884097035050471,0.0006575240919325401,0.0006710097719893722,0.0006559608056544334,0.0006753400354775573,0.0006835236541507538,0.0007012425715724879,0.0007110064743873852,0.0006976584021881424,0.0007067381316850498,0.0007681513117699327,0.0007746260959296975,0.0007809829059826572,0.000803528468330139,0.0007891832229702643,0.0010846609012296904,0.0014807106599065139,0.0016104868913959412,0.012544150110375706,0.011795695251114648,0.012681900616614877,0.012842721287488557,0.01541589403972924,0.015034261241962043,0.017011805213979807,0.022365577051356552,0.02875701754385597,0.0029500531349761668,0.00304982206405252,0.0025669856459076706,0.0024582366589397373,0.002520594965684914,0.0026334080717674113,0.002306727480030212,0.00213948256468151,0.002049338146786415,0.0020437158469735423,0.002000000000022122,0.0019172794117741218,0.0018766233766198488,0.0009853157121910358,0.0005457063711914582,0.0004554707379229651,0.00044992947816318077,0.0005083399523542254,0.0005250696378937095,0.0005199252801941786,0.0005399774774789195,0.0005420991926195664,0.0005820895522306975,0.0005962441314459255,0.0006029668411794224,0.0006186851211074276,0.0006083832335348861,0.0006004799040127713,0.0006138211382033372,0.0005883371824481713,0.0005875109938479527,0.0005769528228806135,0.000579365079357996,0.0005882694541267633,0.0005897302904501519,0.0005968668407215871,0.0005965097831819001,0.0006083333333258957,0.0005903010033491537,0.0005952380952314958,0.0006076839826955738,0.0006095764272662761,0.0006032417195206252,0.0006034624897099429,0.0006033966034177699,0.0006103117506235293
IO time vda,0.01088888888868193,0.010777777777952401,0.015888888888892123,0.027111111110975295,0.04022222222192795,0.05344444444441858,0.06388888888896974,0.07388888888858168,0.08344444444446708,0.09299999999994826,0.09305922499969506,0.10311111111109819,0.10111111111109494,0.08902739999996033,0.09099999999994503,0.0818137791666366,0.07121844285713944,0.06173549999980623,0.08819282461420505,0.09525000000030559,0.09525000000030559,0.09496834388572714,0.10262499999998909,0.10188888888903118,0.07358921293975511,0.07475999999995112,0.07475999999995112,0.09844444444428922,0.09458952892637612,0.07921583333293238,0.06963249999964756,0.09173700577531446,0.09120439780104492,0.0912019551210745,0.09275403744479799,0.09466049768681083,0.09380904746037129,0.057999999999992724,0.07801306746727385,0.08696214774035378,0.08724729031163882,0.0900190882390001,0.09679928873073851,0.09988888888902794,0.09076395416679023,0.10188888888903118,0.09165108749994005,0.09822222222202173,0.0971111111114927,0.07805000000019693,0.09625430699141986,0.0981111111112922,0.0876658166665765,0.06611999999993713,0.09163612129298318,0.09221541921794243,0.07848565793261116,0.07162148925538689,0.09259027864527883,0.09488888888881775,0.09211111111087829,0.07851163081493424,0.09562499999992724,0.1008113815715509,0.08892731479949681,0.11338863019572994,0.14663626985099648,0.18750694676022198,0.220222222222219,0.252111111111137,0.272985674315401,0.30921418250519545,0.3344444444442666,0.350500556173306,0.3639395286795522,0.3714444444445285,0.3697777777775223,0.3675555555552516,0.3694444444445253,0.3703333333331911,0.376666666666602,0.35200000000016496,0.3181111111112437,0.2802222222219118,0.23944444444471932,0.19966666666692215,0.15911111111118872,0.12366666666679926,0.11199999999977688,0.07844444444466112,0.07288888888878217,0.06838613749999672,0.09696767744080778,0.10755555555523541,0.11944444444412108,0.12600000000020373,0.12184489821432207,0.09241386190507497,0.08203659999989305,0.07291944000011791,0.10409897525648056,0.10759141936209367,0.10788888888904088,0.10562500000014552,0.11122222222224487,0.07334984984967194,0.08304077564610039,0.09361990469360745,0.10462836772972568,0.11473040578090532,0.11077777777770988,0.10788888888904088,0.08377142857144852,0.10411111111089769,0.10188888888903118,0.10255555555583366,0.09243406071452696,0.08119465714298843,0.07041870000011385,0.06064344000029655,0.05296209166662145
mem_Used%,35.17425279344466,35.175721827721794,35.50741963622659,35.54181530085315,35.56770069794325,35.45868822330942,35.481483582782104,35.518766659608545,35.553922169550866,35.595409723791164,35.684970158341635,35.70543532551267,35.756192992605186,35.87579264530522,35.86687712693368,35.88597457253635,35.878122837606874,35.86647187609861,35.88212468960319,35.81794308859898,35.84463898735921,35.81439714379211,35.82422447654257,35.837344472327956,35.84099172984359,35.84859018300115,35.85375713114829,35.84940068467128,35.849350028316906,35.84013057181906,35.821539689760215,35.91150537514577,35.907858117630134,35.91591247797715,35.92827262844679,35.92249780404704,35.96474520360309,35.838762850250696,35.82599744894599,35.82508563456709,35.83410246564739,35.97892898283054,35.98181639503041,35.9696588699783,35.89757487769023,35.926803594169655,35.97229300040626,36.03024386982128,36.046099308743386,36.06940123175991,36.0675776030021,36.06859073008978,36.05374841825534,36.30804331726176,36.30738478465477,36.310525478626566,36.30029289504104,36.30779003548984,36.31295698363698,36.31006957143711,36.3213152821103,36.32116331304716,36.317971962720975,36.31594570854563,36.31037350956341,36.314780612394806,36.226638555767074,36.220661105949794,36.203539258168085,36.180389304214714,36.17208166209578,36.15040074241953,36.151515182215974,36.17339872730976,36.1508059932546,36.15171780763351,36.15100861867213,36.278865257136715,36.15354143639132,36.14411935447595,36.134747928914955,36.138344530076196,36.14528445062677,36.148931708142406,36.161393171320796,36.16661077582233,36.16762390291001
descriptor_used /dev/vda1,0.9953871099394995,0.9953871099394995,0.9953870717922707,0.9953870717922707,0.9953870717922707,0.9953870717922707,0.9953870717922707,0.9953870717922707,0.9953870717922707,0.9953870717922707,0.9953870717922707,0.9953870717922707,0.9953870717922707,0.9953870717922707,0.9953870717922707,0.9953870717922707,0.9953870717922707,0.9953870717922707,0.9953870717922707,0.9953870717922707,0.9953870717922707,0.9953870717922707,0.9953870717922707,0.9953870717922707,0.9953870717922707,0.9953870717922707,0.9953870717922707,0.9953870717922707,0.9953870717922707,0.9953870717922707,0.9953870717922707,0.9953870717922707,0.9953870717922707,0.9953870717922707,0.9953870717922707,0.9953870717922707,0.9953870717922707,0.9953870717922707,0.9953870717922707,0.9953870717922707,0.9953870717922707,0.9953870717922707,0.9953870717922707,0.9953870590765278,0.9953870590765278,0.9953870590765278,0.9953870590765278,0.9953870590765278,0.9953870590765278,0.9953870590765278,0.9953870590765278,0.9953870590765278,0.9953870590765278,0.9953870590765278,0.9953870590765278,0.9953870590765278,0.9953870590765278,0.9953870590765278,0.9953870590765278,0.9953870590765278,0.9953870717922707,0.9953870717922707,0.9953870717922707,0.9953870717922707,0.9953870717922707,0.9953870717922707,0.9953870717922707,0.9953870717922707,0.9953870717922707,0.9953870717922707,0.9953870717922707,0.9953870717922707,0.9953870717922707,0.9953870717922707,0.9953870717922707,0.9953870717922707,0.9953870717922707,0.9953870717922707,0.9953870717922707,0.9953870717922707,0.9953870717922707,0.9953870717922707,0.9953870717922707,0.9953870717922707,0.9953870717922707,0.9953870717922707,0.9953870717922707
thread_connect,1,6,8,5,7,6,9,11,45,95,105,136,164,207,249,255,255,255,255,255,256,255,255,254,254,254,249,255,255,255,255,255,255
threads_running,1,1,1,1,1,1,1,2,31,77,94,116,158,201,243,253,253,253,253,253,253,253,253,250,250,250,247,255,254,254,254,254,254
lock_wait,138654,138656,138672,138695,138724,138750,138763,138782,139676,140322,140330,140341,140347,140357,140366,140369,140373,140373,140374,140374,140385,140390,140394,140400,140421,140433,140436,140436,140436,140439,140439,140441,140449
bytes_received,1808071898,1808098220,1808234279,1808398213,1808561844,1808762204,1808906583,1809059630,1814330652,1817458650,1817563985,1817610157,1817661858,1817717107,1817773994,1817800795,1817819327,1817831983,1817851016,1817866023,1817904289,1817932271,1817967073,1818007700,1818056021,1818107238,1818148747,1818175774,1818190352,1818206172,1818223830,1818245641,1818277232
questions,9130634,9130788,9131824,9133056,9134301,9135792,9136915,9138096,9179871,9204705,9205499,9205929,9206368,9206885,9207446,9207645,9207755,9207841,9207931,9208018,9208365,9208618,9208917,9209284,9209784,9210261,9210695,9210870,9210952,9211036,9211152,9211293,9211598
queries,9399479,9399636,9400675,9401909,9403158,9404654,9405778,9406962,9448844,9473737,9474533,9474968,9475410,9475930,9476494,9476696,9476809,9476896,9476989,9477079,9477431,9477685,9477987,9478357,9478862,9479342,9479779,9479957,9480040,9480129,9480248,9480392,9480698
abort,99900,99900,99900,99900,99900,99900,99900,99900,99900,99900,99900,99900,99900,99900,99900,99900,99900,99900,99900,99900,99900,99900,99900,99900,99900,99900,99900,99900,99900,99900,99900,99900,99900
mysql_global_status_threads_cached,10,5,3,7,5,6,3,3,8,4,0,1,0,0,0,0,0,0,0,0,0,0,0,0,0,0,0,0,0,0,0,0,0
select_full_range_join,0,0,0,0,0,0,0,0,0,0,0,0,0,0,0,0,0,0,0,0,0,0,0,0,0,0,0,0,0,0,0,0,0
select_full_join,447,447,447,447,447,447,447,447,447,468,468,468,468,468,468,468,468,468,468,468,468,468,468,468,468,468,468,468,468,468,468,468,468
Thread Cache Size,11,11,11,11,11,11,11,11,11,11,11,11,11,11,11,11,11,11,11,11,11,11,11,11,11,11,11,11,11,11,11,11,11
Threads Cached,10,5,3,7,5,6,3,3,8,4,0,1,0,0,0,0,0,0,0,0,0,0,0,0,0,0,0,0,0,0,0,0,0
Created Tmp Tables,11836765,11836899,11837033,11837169,11837304,11837437,11837572,11837701,11842384,11845158,11845293,11845428,11845566,11845695,11845828,11845962,11846093,11846221,11846356,11846486,11846619,11846752,11846883,11847021,11847154,11847290,11847420,11847556,11847684,11847817,11847949,11848082,11848213
Free Memory,1031832,1031832,1031832,1031832,1031832,1031832,1031832,1031832,1031832,1031832,1031832,1031832,1031832,1031832,1031832,1031832,1031832,1031832,1031832,1031832,1031832,1031832,1031832,1031832,1031832,1031832,1031832,1031832,1031832,1031832,1031832,1031832,1031832
open_files,55,55,55,56,56,56,56,56,71,72,73,73,73,73,73,73,73,73,73,73,73,73,73,74,74,74,74,74,73,73,73,73,73
innodb_num_open_files,36,36,36,36,36,36,36,36,36,36,36,36,36,36,36,36,36,36,36,36,36,36,36,36,36,36,36,36,36,36,36,36,36
Query Cache Size,1048576,1048576,1048576,1048576,1048576,1048576,1048576,1048576,1048576,1048576,1048576,1048576,1048576,1048576,1048576,1048576,1048576,1048576,1048576,1048576,1048576,1048576,1048576,1048576,1048576,1048576,1048576,1048576,1048576,1048576,1048576,1048576,1048576
table_open_cache,2000,2000,2000,2000,2000,2000,2000,2000,2000,2000,2000,2000,2000,2000,2000,2000,2000,2000,2000,2000,2000,2000,2000,2000,2000,2000,2000,2000,2000,2000,2000,2000,2000
process state after create,0,0,0,0,0,0,0,0,0,0,0,0,0,0,0,0,0,0,0,0,0,0,0,0,0,0,0,0,0,0,0,0,0
process state altering table,0,0,0,0,0,0,0,0,0,0,0,0,0,0,0,0,0,0,0,0,0,0,0,0,0,0,0,0,0,0,0,0,0
process state analyzing,0,0,0,0,0,0,0,0,0,0,0,0,0,0,0,0,0,0,0,0,0,0,0,0,0,0,0,0,0,0,0,0,0
process state checking permissions,0,0,0,0,0,0,0,0,0,0,0,0,0,0,0,0,0,0,0,0,0,0,0,0,0,0,0,0,0,0,0,0,0
process state checking table,0,0,0,0,0,0,0,0,0,0,0,0,0,0,0,0,0,0,0,0,0,0,0,0,0,0,0,0,0,0,0,0,0
process state cleaning up,0,0,0,0,0,0,0,0,0,0,0,0,0,0,0,0,0,0,0,0,0,0,0,0,0,0,0,0,0,0,0,0,0
process state closing tables,0,0,0,0,0,0,0,0,0,0,0,0,0,0,0,0,0,0,0,0,0,0,0,0,0,0,0,0,0,0,0,0,0
process state converting heap to myisam,0,0,0,0,0,0,0,0,0,0,0,0,0,0,0,0,0,0,0,0,0,0,0,0,0,0,0,0,0,0,0,0,0
process state copying to tmp table,0,0,0,0,0,0,0,0,0,0,0,0,0,0,0,0,0,0,0,0,0,0,0,0,0,0,0,0,0,0,0,0,0
process state creating sort index,0,0,0,0,0,0,0,0,0,0,0,0,0,0,0,0,0,0,0,0,0,0,0,0,0,0,0,0,0,0,0,0,0
process state creating table,0,0,0,0,0,0,0,0,0,0,0,0,0,0,0,0,0,0,0,0,0,0,0,0,0,0,0,0,0,0,0,0,0
process state creating tmp table,0,0,0,0,0,0,0,0,0,0,0,0,0,0,0,0,0,0,0,0,0,0,0,0,0,0,0,0,0,0,0,0,0
process state deleting,0,0,0,0,0,0,0,0,0,0,0,0,0,0,0,0,0,0,0,0,0,0,0,0,0,0,0,0,0,0,0,0,0
process state end,0,0,0,0,0,0,0,0,0,0,0,0,0,0,0,0,0,0,0,0,0,0,0,0,0,0,0,0,0,0,0,0,0
process state executing,0,0,0,0,0,0,0,0,0,6,4,0,0,0,0,0,0,0,0,0,0,0,0,0,0,0,0,0,0,0,0,0,0
process state execution of init_command,0,0,0,0,0,0,0,0,0,0,0,0,0,0,0,0,0,0,0,0,0,0,0,0,0,0,0,0,0,0,0,0,0
process state flushing tables,0,0,0,0,0,0,0,0,0,0,0,0,0,0,0,0,0,0,0,0,0,0,0,0,0,0,0,0,0,0,0,0,0
process state freeing items,0,0,0,0,0,0,0,0,0,0,0,0,0,0,0,0,0,0,0,0,0,0,0,0,0,0,0,0,0,0,0,0,0
process state fulltext initialization,0,0,0,0,0,0,0,0,0,0,0,0,0,0,0,0,0,0,0,0,0,0,0,0,0,0,0,0,0,0,0,0,0
process state idle,0,4,8,2,4,5,7,8,14,15,7,16,6,5,4,2,2,2,2,2,3,2,2,4,4,4,1,0,1,1,1,1,1
process state init,0,0,0,0,0,0,0,0,0,0,0,0,0,0,0,0,0,0,0,0,0,0,0,0,0,0,0,0,0,0,0,0,0
process state killed,0,0,0,0,0,0,0,0,0,0,0,0,0,0,0,0,0,0,0,0,0,0,0,0,0,0,0,0,0,0,0,0,0
process state logging slow query,0,0,0,0,0,0,0,0,0,0,0,0,0,0,0,0,0,0,0,0,0,0,0,0,0,0,0,0,0,0,0,0,0
process state login,0,0,0,0,0,0,0,0,0,0,0,0,0,0,0,0,0,0,0,0,0,0,0,0,0,0,0,0,0,0,0,0,0
process state manage keys,0,0,0,0,0,0,0,0,0,0,0,0,0,0,0,0,0,0,0,0,0,0,0,0,0,0,0,0,0,0,0,0,0
process state opening tables,0,0,0,0,0,0,0,0,0,0,0,0,0,0,0,0,0,0,0,0,0,0,0,0,0,0,0,0,0,0,0,0,0
process state optimizing,0,0,0,0,0,0,0,0,0,0,0,0,0,0,0,0,0,0,0,0,0,0,0,0,0,0,0,0,0,0,0,0,0
process state other,0,0,0,0,1,0,0,0,0,0,1,0,0,0,1,0,0,0,0,0,0,0,0,0,0,0,0,0,0,0,0,0,0
process state preparing,0,0,0,0,0,0,0,0,0,0,0,0,0,0,0,0,0,0,0,0,0,0,0,0,0,0,0,0,0,0,0,0,0
process state reading from net,0,0,0,0,0,0,0,0,0,0,0,0,0,0,0,0,0,0,0,0,0,0,0,0,0,0,0,0,0,0,0,0,0
process state removing duplicates,0,0,0,0,0,0,0,0,0,0,0,0,0,0,0,0,0,0,0,0,0,0,0,0,0,0,0,0,0,0,0,0,0
process state removing tmp table,0,0,0,0,0,0,0,0,0,0,0,0,0,0,0,0,0,0,0,0,0,0,0,0,0,0,0,0,0,0,0,0,0
process state reopen tables,0,0,0,0,0,0,0,0,0,0,0,0,0,0,0,0,0,0,0,0,0,0,0,0,0,0,0,0,0,0,0,0,0
process state repair by sorting,0,0,0,0,0,0,0,0,0,0,0,0,0,0,0,0,0,0,0,0,0,0,0,0,0,0,0,0,0,0,0,0,0
process state repair done,0,0,0,0,0,0,0,0,0,0,0,0,0,0,0,0,0,0,0,0,0,0,0,0,0,0,0,0,0,0,0,0,0
process state repair with keycache,0,0,0,0,0,0,0,0,0,0,0,0,0,0,0,0,0,0,0,0,0,0,0,0,0,0,0,0,0,0,0,0,0
process state replication master,0,0,0,0,0,0,0,0,0,0,0,0,0,0,0,0,0,0,0,0,0,0,0,0,0,0,0,0,0,0,0,0,0
process state rolling back,0,0,0,0,0,0,0,0,0,0,0,0,0,0,0,0,0,0,0,0,0,0,0,0,0,0,0,0,0,0,0,0,0
process state searching rows for update,0,0,0,0,0,0,0,0,0,7,7,7,7,7,7,7,7,7,7,7,1,1,1,1,1,1,0,0,0,0,0,0,0
process state sending data,0,0,0,0,0,0,0,0,0,1,3,1,0,0,0,0,0,0,0,0,0,0,0,0,0,0,0,0,0,0,0,0,0
process state sorting for group,0,0,0,0,0,0,0,0,0,0,0,0,0,0,0,0,0,0,0,0,0,0,0,0,0,0,0,0,0,0,0,0,0
process state sorting for order,0,0,0,0,0,0,0,0,0,0,0,0,0,0,0,0,0,0,0,0,0,0,0,0,0,0,0,0,0,0,0,0,0
process state sorting index,0,0,0,0,0,0,0,0,0,0,0,0,0,0,0,0,0,0,0,0,0,0,0,0,0,0,0,0,0,0,0,0,0
process state sorting result,0,0,0,0,0,0,0,0,0,0,0,0,0,0,0,0,0,0,0,0,0,0,0,0,0,0,0,0,0,0,0,0,0
process state statistics,0,0,0,0,0,0,0,0,0,0,0,0,0,0,0,0,0,0,0,0,0,0,0,0,0,0,0,0,0,0,0,0,0
process state updating,0,0,1,0,0,0,0,1,30,62,80,108,150,194,239,245,245,245,245,245,251,251,251,248,246,248,246,254,253,253,253,253,253
process state waiting for lock,0,0,0,0,0,0,0,0,0,2,0,3,0,0,0,0,0,0,0,0,0,0,0,0,0,0,0,0,0,0,0,0,0
process state waiting for table flush,0,0,0,0,0,0,0,0,0,0,0,0,0,0,0,0,0,0,0,0,0,0,0,0,0,0,0,0,0,0,0,0,0
process state waiting for tables,0,0,0,0,0,0,0,0,0,0,0,0,0,0,0,0,0,0,0,0,0,0,0,0,0,0,0,0,0,0,0,0,0
process state waiting on cond,0,0,0,0,0,0,0,0,0,0,0,0,0,0,0,0,0,0,0,0,0,0,0,0,0,0,0,0,0,0,0,0,0
process state writing to net,0,0,0,0,0,0,0,0,0,0,0,0,0,0,0,0,0,0,0,0,0,0,0,0,0,0,0,0,0,0,0,0,0
qcache_queries_in_cache,0,0,0,0,0,0,0,0,0,0,0,0,0,0,0,0,0,0,0,0,0,0,0,0,0,0,0,0,0,0,0,0,0
disk_io_now vda,0,0,0,0,0,0,0,0,0,0,0,0,0,0,0,0,0,0,0,0,0,0,0,0,0,0,0,0,0,0,0,0,0,0,0,0,0,0,0,0,0,0,0,0,0,0,0,0,0,0,0,0,0,0,0,0,0,0,0,0,0,0,0,0,0,0,0,0,0,0,0,0,0,0,0,0,0,0,0,0,0,0,0,0,0,0
mem_buffer,0,0,0,0,0,0,0,0,0,0,0,0,0,0,0,0,0,0,0,0,0,0,0,0,0,0,0,0,0,0,0,0,0,0,0,0,0,0,0,0,0,0,0,0,0,0,0,0,0,0,0,0,0,0,0,0,0,0,0,0,0,0,0,0,0,0,0,0,0,0,0,0,0,0,0,0,0,0,0,0,0,0,0,0,0,0
mem_cached,5558517760,5559910400,5560619008,5561446400,5562511360,5563232256,5564035072,5564882944,5566062592,5567172608,5567582208,5568688128,5571256320,5572091904,5573074944,5573554176,5574344704,5575036928,5554487296,5556568064,5558018048,5558566912,5559078912,5559717888,5560864768,5561716736,5562585088,5563072512,5563478016,5565218816,5565530112,5566062592,5566525440,5567737856,5568122880,5570715648,5541949440,5542612992,5543354368,5545529344,5469970432,5503315968,5556912128,5566640128,5574873088,5562073088,5536960512,5553672192,5549916160,5547474944,5559508992,5551456256,5543186432,5528129536,5525663744,5530746880,5523599360,5523070976,5538545664,5534539776,5534867456,5535531008,5537177600,5539160064,5540802560,5544198144,5546049536,5547704320,5551247360,5553319936,5554012160,5555712000,5551476736,5553143808,5554204672,5550215168,5530238976,5531082752,5532504064,5534490624,5536268288,5537193984,5537898496,5539979264,5540913152,5541990400
Read bytes vda,1298743896064,1298745026560,1298745403392,1298745743360,1298746279936,1298746611712,1298746910720,1298747271168,1298747987968,1298748332032,1298748348416,1298748708864,1298749618176,1298750072832,1298750236672,1298750359552,1298750670848,1298751100928,1298751698944,1298752223232,1298753600000,1298753669632,1298753784320,1298754095616,1298754402816,1298754910720,1298755074560,1298755090944,1298755090944,1298755836416,1298755951104,1298755951104,1298756033024,1298756262400,1298756327936,1298757765632,1298759633408,1298759780864,1298760194560,1298761583104,1298784569856,1298803726848,1298836965888,1298891688448,1299013683712,1299137817088,1299265726976,1299388668416,1299516209664,1299642612224,1299768785408,1299895106048,1300021459456,1300146338304,1300272626176,1300396747264,1300521454080,1300647762432,1300676934144,1300676966912,1300677212672,1300677589504,1300679145984,1300680878592,1300682254848,1300684691968,1300686150144,1300687378944,1300689996288,1300691626496,1300692068864,1300693260800,1300697602560,1300698745344,1300699462144,1300705167872,1300706408960,1300706875904,1300707826176,1300709050880,1300710242816,1300710717952,1300711012864,1300712221184,1300712696320,1300713171456
