Avg Threads Running,1,1,1.5,2.1,2.6,2.6999999999999997,3.1,3.8000000000000003,4.6,5.1,5.8999999999999995,6.444444444444445,6.5,6.428571428571429,6.5,7.4,8,8,7.5,14,19,19,19,19,19,19,19,19,19,20,20,20,17,17,16.666666666666664,16.666666666666664,16.666666666666664,14.999999999999998,14.999999999999998,13.75,14.2,14.2,14.25,14.2,15.2,15.2,15.2,16.5,16.5,17,17.5,21.333333333333332,21.333333333333332,25,45.5,45.5,45.5,45.5,45.5,45.5,45.5,62,62,62,72,72,72,72,72,72,72,72,72,72,93,93,93,93,93,93,93,93,93,93
Peak Threads Connected,1,1,6,7,7,7,7,8,9,9,9,9,9,9,9,9,9,9,9,19,19,19,19,19,19,19,19,19,19,20,20,20,20,20,20,20,20,20,20,16,16,16,16,16,21,21,21,21,21,21,21,29,29,29,62,62,62,62,62,62,62,62,62,62,72,72,72,72,72,72,72,72,72,72,93,93,93,93,93,93,93,93,93,93
Peak Threads Running,1,1,1,2,2,2,2,2,2,2,2,2,2,2,2,2,2,2,1,8,8,8,8,8,8,8,8,8,8,6,6,6,6,6,6,6,6,6,6,6,7,7,7,7,7,7,7,7,7,7,5,13,13,13,36,36,36,36,36,36,36,36,36,36,61,61,61,61,61,61,61,61,61,61,55,55,55,55,55,55,55,55,55,55
Questions,37.22222222222222,38.77777777777778,58.88888888888889,167,310.22222222222223,474.33333333333337,591.2222222222223,764.2222222222223,915.6666666666667,1036.111111111111,1191.5555555555557,1130.883075,1031.4743714285712,900.3712666666667,746.2642800000001,642.34245,476.5344666666667,336.0093,233.08139999999997,1191.4257228315055,615.1698386012105,730.7380968392738,812.4433946152301,927.1912346795256,962.1893258991358,1136.2097077637025,1136.2097077637025,1127.4103699471502,1126.670830730793,1126.670830730793,915.1413417749638,1123.4075551124406,978.0457766642805,1119.5418754473872,895.0877236936292,774.2208007224564,662.8621814168172,568.7706773058557,205.4,1159.8797143215136,1159.8797143215136,1171.196812295432,651.7549799465239,773.6466911764705,895.5384024064172,930.8869986631016,808.995287433155,687.1035762032086,565.2118649732621
Threads Created,0,0,0,0,0.6666666666666667,0.6666666666666667,0.6666666666666667,0.6666666666666667,0.888888888888889,0.888888888888889,0.888888888888889,0.8622,0.8710857142857142,0.2207333333333333,0.22488000000000002,0.2311,0.24146666666666666,0,0,3.655699567962779,2.3267989240080698,2.763920645595158,1.8493721117138837,2.1105736387381953,2.1902401044806106,3.135582591245453,3.135582591245453,2.142551064133695,2.2485946283572766,2.2485946283572766,2.4421859380206596,1.9940179461615155,1.375767716535433,1.5748031496062993,1.2590748031496062,1.116195063214931,0.9556492073048364,0.6429693390299069,1,4.260117779726851,4.260117779726851,4.126938949765192,5.540006684491978,6.57610294117647,7.612199197860963,7.9126671122994665,6.876570855614974,5.8404745989304825,4.8043783422459905
Created Tmp Disk Tables,8.88888888888889,9.11111111111111,8.88888888888889,9,8.777777777777779,8.88888888888889,9,8.88888888888889,9.11111111111111,8.88888888888889,8.88888888888889,7.8675749999999995,6.750914285714285,6.070166666666666,5.059800000000001,4.1598,3.2598,2.2287,1.6219999999999999,8.973080757726821,3.4007061197041017,4.039576328177539,5.26359754872413,6.007017279485632,6.233760297367891,7.9016681299385425,7.9016681299385425,8.99871446936152,9.119300437226732,9.119300437226732,7.462234810618682,8.973080757726821,8.129536506800285,9.305654974946313,7.439987473156765,6.418121613485852,5.494982942002809,4.6293792410153305,2,8.89612830472372,8.89612830472372,8.68080261847161,5.182586898395721,6.151838235294117,7.121089572192514,7.402172459893049,6.432921122994652,5.463669786096257,4.494418449197862
Created Tmp Files,0,0,0,0,0,0,0,0,0,0,0,0,0,0,0,0,0,0,0,0,0,0,0,0,0,0,0,0,0,0,0,0,0,0,0,0,0,0,0,0,0,0,0,0,0,0,0,0,0
Select Full Join,0,0,0,0,0,0,0,0,0,0,0,0,0,0,0,0,0,0,0,0,0,0,0,0,0,0,0,0,0,0,0,0,0,0,0,0,0,0,0,0,0,0,0,0,0,0,0,0,0
Select Full Range Join,0,0,0,0,0,0,0,0,0,0,0,0,0,0,0,0,0,0,0,0,0,0,0,0,0,0,0,0,0,0,0,0,0,0,0,0,0,0,0,0,0,0,0,0,0,0,0,0,0
Select Range,0,0,0.11111111111111112,0.4444444444444445,4.555555555555555,10.666666666666668,12.11111111111111,16,18.88888888888889,20.22222222222222,20.333333333333336,19.61505,19.490542857142856,15.672066666666666,9.78228,8.5507,4.7086,1.7043,0.16219999999999998,27.140799822753962,10.918056489576328,12.969166106254203,10.384935704239501,11.851682740606789,12.299040586698812,14.674526527028721,14.674526527028721,12.569632909584344,13.741411617738914,13.741411617738914,13.296345662556925,17.05993131715963,14.132886542591265,16.177523264137438,12.934132068718682,11.301475015051174,9.675948223961468,7.587038200552902,0.6,20.29820824458088,20.29820824458088,22.627010103885016,19.300668449197858,22.910294117647055,26.519919786096256,27.566711229946527,23.957085561497326,20.347459893048132,16.737834224598934
Select Range Check,0,0,0,0,0,0,0,0,0,0,0,0,0,0,0,0,0,0,0,0,0,0,0,0,0,0,0,0,0,0,0,0,0,0,0,0,0,0,0,0,0,0,0,0,0,0,0,0,0
Select Scan,28.22222222222222,29.666666666666668,28.111111111111114,28.555555555555554,28.666666666666668,28.444444444444446,30.111111111111114,27.888888888888893,29.888888888888893,28.444444444444446,29.666666666666668,26.189325000000004,22.1038,20.1971,16.866,13.4038,11.348933333333333,7.734899999999999,6.812399999999999,28.802481444555223,11.097041022192332,13.1817753866846,16.786608398633714,19.157514567008235,19.880640948362462,25.46093064091308,25.46093064091308,29.56720468504499,29.231730168644596,29.231730168644596,24.15050538709319,29.35637531848898,26.014516821760914,29.778095919828207,23.807959914101648,19.81246237206502,16.962773429660846,14.78829479768786,5.6,27.941360731737877,27.941360731737877,27.750106731179738,17.334859625668447,20.576838235294115,23.818816844919787,24.758990641711232,21.51701203208556,18.275033422459895,15.033054812834227
Sort Rows,40.88888888888889,51.111111111111114,40.88888888888889,46,40.88888888888889,46,46,40.88888888888889,51.111111111111114,46,40.88888888888889,39.661199999999994,30.05245714285714,30.461199999999998,20.68896,15.9459,16.6612,6.0306,7.4612,45.86241276171486,24.69986550100874,29.340080699394754,32.71966043801486,37.340918223829604,38.7504018485031,40.38630377524144,40.38630377524144,45.99342951006999,45.97126795752654,45.97126795752654,37.446851049650114,40.76658912152432,46.02568360773085,52.68432355046529,42.121775232641376,32.09060806742926,27.474914710014048,23.661271676300576,18.4,46.10951008645533,46.10951008645533,39.27707414259286,32.882620320855615,39.03235294117646,45.182085561497324,46.96550802139038,40.81577540106952,34.66604278074867,28.51631016042781
Sort Range,0,0,0,0,0,0,0,0,0,0,0,0,0,0,0,0,0,0,0,0,0,0,0,0,0,0,0,0,0,0,0,0,0,0,0,0,0,0,0,0,0,0,0,0,0,0,0,0,0
Sort Merge Passes,0,0,0,0,0,0,0,0,0,0,0,0,0,0,0,0,0,0,0,0,0,0,0,0,0,0,0,0,0,0,0,0,0,0,0,0,0,0,0,0,0,0,0,0,0,0,0,0,0
opened_tables,0,0,0,0,0.11111111111111112,0.22222222222222224,0.22222222222222224,0.22222222222222224,0.22222222222222224,0.22222222222222224,0.22222222222222224,0.21555,0.21777142857142856,0.11036666666666665,0,0,0,0,0,0.22155754957350174,0,0,0,0,0,0,0,0,0,0,0,0,0,0,0,0,0,0,0,0.2505951635133442,0.2505951635133442,0.2846164792941511,0,0,0,0,0,0,0
table_open_cache_hits,277.44444444444446,280.22222222222223,319.33333333333337,530.8888888888889,810,1131.888888888889,1358.5555555555557,1697.4444444444446,1991.1111111111113,2225.777777777778,2528.5555555555557,2381.935275,2168.023457142857,1891.2431999999997,1568.4255600000001,1346.27305,1001.7244666666668,707.9399999999999,487.41099999999994,2526.7530741110004,1262.9148621385339,1500.1710827168795,1688.7612567811934,1927.2784358047015,2000.0261754068713,2378.7783770224505,2378.7783770224505,2391.0869875732037,2388.257339163023,2388.257339163023,1940.5880817505276,2381.52210036557,2076.5337634216176,2376.950608446671,1900.4017233357195,1642.6205599036725,1406.3572646999799,1208.1393880371952,440,2454.5796266132065,2454.5796266132065,2474.740287462644,1394.2945855614971,1655.0566176470588,1915.81864973262,1991.4396390374336,1730.6776069518717,1469.9155748663102,1209.153542780749
table_open_cache_misses,0,0,0,0,0.11111111111111112,0.22222222222222224,0.22222222222222224,0.22222222222222224,0.22222222222222224,0.22222222222222224,0.22222222222222224,0.21555,0.21777142857142856,0.11036666666666665,0,0,0,0,0,0.22155754957350174,0,0,0,0,0,0,0,0,0,0,0,0,0,0,0,0,0,0,0,0.2505951635133442,0.2505951635133442,0.2846164792941511,0,0,0,0,0,0,0
table_open_cache_overflows,0,0,0,0,0,0,0,0,0,0,0,0,0,0,0,0,0,0,0,0,0,0,0,0,0,0,0,0,0,0,0,0,0,0,0,0,0,0,0,0,0,0,0,0,0,0,0,0,0
Sort Scan,0.888888888888889,1.1111111111111112,0.888888888888889,1,0.888888888888889,1,1,0.888888888888889,1.1111111111111112,1,0.888888888888889,0.8622,0.6533142857142856,0.6622,0.44976000000000005,0.34665,0.36219999999999997,0.1311,0.16219999999999998,0.9970089730807578,0.5369535978480162,0.6378278412911904,0.7112969660438014,0.8117590918223827,0.8424000401848503,0.8779631255487269,0.8779631255487269,0.999857163262391,0.9993753903810119,0.9993753903810119,0.8140619793402198,0.886230198294007,1.0005583392984967,1.145311381531854,0.9156907659269864,0.6976219145093318,0.5972807545655228,0.5143754712239256,0.4,1.0023806540533768,1.0023806540533768,0.8538494378824535,0.7148395721925133,0.8485294117647058,0.9822192513368984,1.0209893048128342,0.8872994652406417,0.7536096256684492,0.6199197860962568
Slow Queries,3.555555555555556,4.111111111111112,4.111111111111112,7.444444444444445,10.11111111111111,14.777777777777777,17.444444444444446,18.88888888888889,21.22222222222222,23,24.888888888888893,23.387175,19.926085714285712,17.2172,12.25596,9.59065,7.726933333333333,5.5062,3.7306,23.92821535393819,9.128211163416275,10.843073301950236,11.523010849909584,13.150497287522601,13.646880650994571,17.308415903674902,17.308415903674902,18.14026567633195,17.239225484072456,17.239225484072456,14.65311562812396,18.167719065027143,15.133444881889762,17.322834645669293,13.84982283464567,11.301475015051174,9.675948223961468,9.001570746418697,2.8,15.53690013782734,15.53690013782734,15.653906361178311,17.692279411764705,21.00110294117647,24.309926470588234,25.26948529411765,21.960661764705883,18.651838235294118,15.343014705882357
Aborted Connects (attempts),0,0,0,0,0,0,0,0,0,0,0,0,0,0,0,0,0,0,0,0,0,0,0,0,0,0,0,0,0,0,0,0,0,0,0,0,0,0,0,0,0,0,0,0,0,0,0,0,0
Aborted Clients (timeout),0,0,0,0,0,0,0,0,0,0,0,0,0,0,0,0,0,0,0,0,0,0,0,0,0,0,0,0,0,0,0,0,0,0,0,0,0,0,0,0,0,0,0,0,0,0,0,0,0
Table Locks Immediate,56.44444444444444,59.22222222222223,79.11111111111111,194.11111111111111,340.33333333333337,509.44444444444446,632.8888888888889,808.1111111111111,962.8888888888889,1086,1244.7777777777778,1179.27405,1071.6532,936.3507999999999,775.0489200000001,663.7192,493.1956666666667,348.4638,241.51579999999998,1246.7043314500943,644.8812710154673,766.0312373907196,848.5772804902551,968.4285965441028,1004.9832479405262,1190.267151636774,1190.267151636774,1182.2596771889728,1179.6377264209868,1179.6377264209868,960.7288126180161,1178.353827406669,1024.1965300644238,1172.369362920544,937.3239602720114,809.101896447923,692.7262191450933,595.7753895451117,215.4,1205.9892244079688,1205.9892244079688,1216.450832503202,656.7588569518716,779.5863970588234,902.4139371657755,938.0339237967916,815.2063836898395,692.3788435828877,569.5513034759359
Table Locks Waited,0,0,0.22222222222222224,2.7777777777777777,6.777777777777779,10.88888888888889,13,16.77777777777778,21.22222222222222,24.333333333333336,28.77777777777778,27.698175,25.47925714285714,21.8526,18.10284,16.408099999999997,13.0392,8.9148,6.4879999999999995,24.925224327018945,9.128211163416275,10.843073301950236,14.93723628691983,17.04694092827004,17.690400843881854,20.0677285839709,20.0677285839709,21.711184116554776,21.736414740787005,21.736414740787005,16.281239586804396,20.937188434695916,19.635957408733,22.476735862562634,17.970431281317108,15.905779650812764,13.61800120409392,11.830635838150288,4.6,28.317253477007892,28.317253477007892,28.88857264835634,45.57102272727272,54.09375,62.61647727272727,65.08806818181819,56.565340909090914,48.04261363636364,39.51988636363637
bytes_received_rate,12027.666666666668,12603.555555555557,14470.88888888889,28310.222222222226,45679,65340.222222222226,80225.11111111111,100836.33333333334,119774.33333333334,134266.8888888889,154179.44444444444,145967.22675,132285.68982857143,115916.56486666665,96566.73276000001,82667.82095,61959.018599999996,43818.6018,31266.482999999997,151087.8475684059,78514.07101546737,93264.03739071958,104752.1351516978,119547.11204540885,124059.57999799072,146652.45202558633,146652.45202558633,147129.41008427367,146495.56527170519,146495.56527170519,118719.40714206375,145906.61349285478,128270.32840014315,146827.48747315677,117390.41157838225,101313.25872968092,86741.05323098534,75033.10733224427,28281,147758.55155995488,147758.55155995488,147695.46036715526,81616.8081550802,96880.84558823529,112144.88302139037,116571.45387700535,101307.41644385026,86043.3790106952,70779.34157754012
bytes_sent_rate,162268.55555555556,171508.33333333334,159694.11111111112,195350.22222222222,217607.1111111111,244858.7777777778,281569.55555555556,298239.3333333334,349830.55555555556,354888.6666666667,402768.7777777778,369731.1906,319887.50022857136,289495.07766666665,243073.46664,204749.63134999998,161898.44993333335,109267.78589999999,92238.11179999998,388887.3379860419,189085.52471418964,224607.8851714862,257978.16272352822,294414.4697357846,305527.5433745227,370591.87256992346,370591.87256992346,395094.7007570347,392528.41973766393,392528.41973766393,323615.4154170832,398731.1399135926,345607.7336989978,395607.5876879027,316293.2114513243,264476.14163154725,226435.7041440899,195388.48040336766,61053.4,387514.7224658564,387514.7224658564,396682.51031734736,241005.30240641706,286078.2970588235,331151.29171122995,344222.46016042784,299149.4655080214,254076.470855615,209003.4762032086
qcache_hits,0,0,0,0,0,0,0,0,0,0,0,0,0,0,0,0,0,0,0,0,0,0,0,0,0,0,0,0,0,0,0,0,0,0,0,0,0,0,0,0,0,0,0,0,0,0,0,0,0
qcache_inserts,0,0,0,0,0,0,0,0,0,0,0,0,0,0,0,0,0,0,0,0,0,0,0,0,0,0,0,0,0,0,0,0,0,0,0,0,0,0,0,0,0,0,0,0,0,0,0,0,0
qcache_not_cached,26.444444444444446,27.77777777777778,37.66666666666667,84.33333333333334,147.11111111111111,217.55555555555557,270.6666666666667,349.33333333333337,416,470.6666666666667,543.4444444444445,513.763425,469.6240857142857,411.55729999999994,344.51616,296.7324,219.8554,157.97549999999998,110.94479999999999,547.1363686717625,270.6246133154001,321.4652320107599,364.4685654008439,415.945358649789,431.6457805907172,513.8592750533049,513.8592750533049,520.497071846879,519.8001249219238,519.8001249219238,422.091136287904,512.684169713083,446.87436828919107,511.52469577666426,408.97038833214026,350.764298615292,300.31276339554483,256.80195400854484,96,540.2831725347701,540.2831725347701,545.3251743275936,313.278442513369,371.8680147058823,430.4575868983958,447.4485628342247,388.8589906417112,330.2694184491979,271.6798462566845
qcache_lowmem_prunes,0,0,0,0,0,0,0,0,0,0,0,0,0,0,0,0,0,0,0,0,0,0,0,0,0,0,0,0,0,0,0,0,0,0,0,0,0,0,0,0,0,0,0,0,0,0,0,0,0
com admin_commands,1,1,1,1,1,1,1,1,1,1,1,0.8622,0.7621999999999999,0.6622,0.5622,0.4622,0.36219999999999997,0.2622,0.16219999999999998,0.9970089730807578,0.3579690652320108,0.42521856086079357,0.5690375728350412,0.6494072734579063,0.6739200321478801,0.8779631255487269,0.8779631255487269,0.999857163262391,0.9993753903810119,0.9993753903810119,0.8140619793402198,0.9970089730807578,0.8754885468861847,1.0021474588403723,0.8012294201861131,0.6976219145093318,0.5972807545655228,0.5143754712239256,0.2,1.0023806540533768,1.0023806540533768,0.996157677529529,0.5361296791443849,0.6363970588235294,0.7366644385026738,0.7657419786096258,0.6654745989304812,0.5652072192513369,0.4649398395721926
com alter_db,0,0,0,0,0,0,0,0,0,0,0,0,0,0,0,0,0,0,0,0,0,0,0,0,0,0,0,0,0,0,0,0,0,0,0,0,0,0,0,0,0,0,0,0,0,0,0,0,0
com alter_db_upgrade,0,0,0,0,0,0,0,0,0,0,0,0,0,0,0,0,0,0,0,0,0,0,0,0,0,0,0,0,0,0,0,0,0,0,0,0,0,0,0,0,0,0,0,0,0,0,0,0,0
com alter_event,0,0,0,0,0,0,0,0,0,0,0,0,0,0,0,0,0,0,0,0,0,0,0,0,0,0,0,0,0,0,0,0,0,0,0,0,0,0,0,0,0,0,0,0,0,0,0,0,0
com alter_function,0,0,0,0,0,0,0,0,0,0,0,0,0,0,0,0,0,0,0,0,0,0,0,0,0,0,0,0,0,0,0,0,0,0,0,0,0,0,0,0,0,0,0,0,0,0,0,0,0
com alter_instance,0,0,0,0,0,0,0,0,0,0,0,0,0,0,0,0,0,0,0,0,0,0,0,0,0,0,0,0,0,0,0,0,0,0,0,0,0,0,0,0,0,0,0,0,0,0,0,0,0
com alter_procedure,0,0,0,0,0,0,0,0,0,0,0,0,0,0,0,0,0,0,0,0,0,0,0,0,0,0,0,0,0,0,0,0,0,0,0,0,0,0,0,0,0,0,0,0,0,0,0,0,0
com alter_server,0,0,0,0,0,0,0,0,0,0,0,0,0,0,0,0,0,0,0,0,0,0,0,0,0,0,0,0,0,0,0,0,0,0,0,0,0,0,0,0,0,0,0,0,0,0,0,0,0
com alter_table,0,0,0,0,0,0,0,0,0,0,0,0,0,0,0,0,0,0,0,0,0,0,0,0,0,0,0,0,0,0,0,0,0,0,0,0,0,0,0,0,0,0,0,0,0,0,0,0,0
com alter_tablespace,0,0,0,0,0,0,0,0,0,0,0,0,0,0,0,0,0,0,0,0,0,0,0,0,0,0,0,0,0,0,0,0,0,0,0,0,0,0,0,0,0,0,0,0,0,0,0,0,0
com alter_user,0,0,0,0,0,0,0,0,0,0,0,0,0,0,0,0,0,0,0,0,0,0,0,0,0,0,0,0,0,0,0,0,0,0,0,0,0,0,0,0,0,0,0,0,0,0,0,0,0
com analyze,0,0,0,0,0,0,0,0,0,0,0,0,0,0,0,0,0,0,0,0,0,0,0,0,0,0,0,0,0,0,0,0,0,0,0,0,0,0,0,0,0,0,0,0,0,0,0,0,0
com assign_to_keycache,0,0,0,0,0,0,0,0,0,0,0,0,0,0,0,0,0,0,0,0,0,0,0,0,0,0,0,0,0,0,0,0,0,0,0,0,0,0,0,0,0,0,0,0,0,0,0,0,0
com begin,0,0,0,0,0,0,0,0,0,0,0,0,0,0,0,0,0,0,0,0,0,0,0,0,0,0,0,0,0,0,0,0,0,0,0,0,0,0,0,0,0,0,0,0,0,0,0,0,0
com binlog,0,0,0,0,0,0,0,0,0,0,0,0,0,0,0,0,0,0,0,0,0,0,0,0,0,0,0,0,0,0,0,0,0,0,0,0,0,0,0,0,0,0,0,0,0,0,0,0,0
com call_procedure,0,0,0,0,0,0,0,0,0,0,0,0,0,0,0,0,0,0,0,0,0,0,0,0,0,0,0,0,0,0,0,0,0,0,0,0,0,0,0,0,0,0,0,0,0,0,0,0,0
com change_db,0,0,0,0,0,0,0,0,0,0,0,0,0,0,0,0,0,0,0,0,0,0,0,0,0,0,0,0,0,0,0,0,0,0,0,0,0,0,0,0,0,0,0,0,0,0,0,0,0
com change_master,0,0,0,0,0,0,0,0,0,0,0,0,0,0,0,0,0,0,0,0,0,0,0,0,0,0,0,0,0,0,0,0,0,0,0,0,0,0,0,0,0,0,0,0,0,0,0,0,0
com change_repl_filter,0,0,0,0,0,0,0,0,0,0,0,0,0,0,0,0,0,0,0,0,0,0,0,0,0,0,0,0,0,0,0,0,0,0,0,0,0,0,0,0,0,0,0,0,0,0,0,0,0
com check,0,0,0,0,0,0,0,0,0,0,0,0,0,0,0,0,0,0,0,0,0,0,0,0,0,0,0,0,0,0,0,0,0,0,0,0,0,0,0,0,0,0,0,0,0,0,0,0,0
com checksum,0,0,0,0,0,0,0,0,0,0,0,0,0,0,0,0,0,0,0,0,0,0,0,0,0,0,0,0,0,0,0,0,0,0,0,0,0,0,0,0,0,0,0,0,0,0,0,0,0
com commit,0,0,0.7777777777777779,5.444444444444445,9.88888888888889,15.11111111111111,19.555555555555557,24.555555555555557,29.111111111111114,33.55555555555556,37.77777777777778,35.889075,31.685742857142856,27.702033333333333,22.93776,18.950200000000002,14.367266666666666,10.2258,6.1636,36.335438130054285,23.2679892400807,27.63920645595158,29.44769439421338,33.60682640144665,34.8753616636528,41.26426690079016,41.26426690079016,38.28024567918869,38.2261086820737,38.2261086820737,31.070032211485056,38.5510136257893,32.768285612025764,37.508947745168214,29.988872584108805,26.928205900060203,23.055037126229177,19.932049509927115,7.2,37.46397694524496,37.46397694524496,37.427067027180875,15.190340909090907,18.031249999999996,20.87215909090909,21.696022727272727,18.855113636363637,16.014204545454547,13.173295454545457
com create_compression_dictionary,0,0,0,0,0,0,0,0,0,0,0,0,0,0,0,0,0,0,0,0,0,0,0,0,0,0,0,0,0,0,0,0,0,0,0,0,0,0,0,0,0,0,0,0,0,0,0,0,0
com create_db,0,0,0,0,0,0,0,0,0,0,0,0,0,0,0,0,0,0,0,0,0,0,0,0,0,0,0,0,0,0,0,0,0,0,0,0,0,0,0,0,0,0,0,0,0,0,0,0,0
com create_event,0,0,0,0,0,0,0,0,0,0,0,0,0,0,0,0,0,0,0,0,0,0,0,0,0,0,0,0,0,0,0,0,0,0,0,0,0,0,0,0,0,0,0,0,0,0,0,0,0
com create_function,0,0,0,0,0,0,0,0,0,0,0,0,0,0,0,0,0,0,0,0,0,0,0,0,0,0,0,0,0,0,0,0,0,0,0,0,0,0,0,0,0,0,0,0,0,0,0,0,0
com create_index,0,0,0,0,0,0,0,0,0,0,0,0,0,0,0,0,0,0,0,0,0,0,0,0,0,0,0,0,0,0,0,0,0,0,0,0,0,0,0,0,0,0,0,0,0,0,0,0,0
com create_procedure,0,0,0,0,0,0,0,0,0,0,0,0,0,0,0,0,0,0,0,0,0,0,0,0,0,0,0,0,0,0,0,0,0,0,0,0,0,0,0,0,0,0,0,0,0,0,0,0,0
com create_server,0,0,0,0,0,0,0,0,0,0,0,0,0,0,0,0,0,0,0,0,0,0,0,0,0,0,0,0,0,0,0,0,0,0,0,0,0,0,0,0,0,0,0,0,0,0,0,0,0
com create_table,0,0,0,0,0,0,0,0,0,0,0,0,0,0,0,0,0,0,0,0,0,0,0,0,0,0,0,0,0,0,0,0,0,0,0,0,0,0,0,0,0,0,0,0,0,0,0,0,0
com create_trigger,0,0,0,0,0,0,0,0,0,0,0,0,0,0,0,0,0,0,0,0,0,0,0,0,0,0,0,0,0,0,0,0,0,0,0,0,0,0,0,0,0,0,0,0,0,0,0,0,0
com create_udf,0,0,0,0,0,0,0,0,0,0,0,0,0,0,0,0,0,0,0,0,0,0,0,0,0,0,0,0,0,0,0,0,0,0,0,0,0,0,0,0,0,0,0,0,0,0,0,0,0
com create_user,0,0,0,0,0,0,0,0,0,0,0,0,0,0,0,0,0,0,0,0,0,0,0,0,0,0,0,0,0,0,0,0,0,0,0,0,0,0,0,0,0,0,0,0,0,0,0,0,0
com create_view,0,0,0,0,0,0,0,0,0,0,0,0,0,0,0,0,0,0,0,0,0,0,0,0,0,0,0,0,0,0,0,0,0,0,0,0,0,0,0,0,0,0,0,0,0,0,0,0,0
com dealloc_sql,0,0,0,0,0,0,0,0,0,0,0,0,0,0,0,0,0,0,0,0,0,0,0,0,0,0,0,0,0,0,0,0,0,0,0,0,0,0,0,0,0,0,0,0,0,0,0,0,0
com delete,0,0,0,0.11111111111111112,4.111111111111112,10,11,14.777777777777777,17.77777777777778,18.88888888888889,18.88888888888889,18.32175,18.401685714285712,14.678766666666666,8.9952,8.204049999999999,4.467133333333334,1.311,0,25.922233300099702,9.307195696032279,11.055682582380632,8.393304199316857,9.578757283504117,9.940320474181231,11.53894393578327,11.53894393578327,9.99857163262391,11.242973141786383,11.242973141786383,11.261190714206375,14.733577046637865,12.632049033643522,14.459556191839656,11.560595919828204,9.90623118603251,8.481386714830423,6.558287258105051,0.2,17.91755419120411,17.91755419120411,20.20777002988473,18.04969919786096,21.42536764705882,24.801036096256684,25.779979946524065,22.4043114973262,19.028643048128345,15.652974598930484
com delete_multi,0,0,0,0,0,0,0,0,0,0,0,0,0,0,0,0,0,0,0,0,0,0,0,0,0,0,0,0,0,0,0,0,0,0,0,0,0,0,0,0,0,0,0,0,0,0,0,0,0
com do,0,0,0,0,0,0,0,0,0,0,0,0,0,0,0,0,0,0,0,0,0,0,0,0,0,0,0,0,0,0,0,0,0,0,0,0,0,0,0,0,0,0,0,0,0,0,0,0,0
com drop_compression_dictionary,0,0,0,0,0,0,0,0,0,0,0,0,0,0,0,0,0,0,0,0,0,0,0,0,0,0,0,0,0,0,0,0,0,0,0,0,0,0,0,0,0,0,0,0,0,0,0,0,0
com drop_db,0,0,0,0,0,0,0,0,0,0,0,0,0,0,0,0,0,0,0,0,0,0,0,0,0,0,0,0,0,0,0,0,0,0,0,0,0,0,0,0,0,0,0,0,0,0,0,0,0
com drop_event,0,0,0,0,0,0,0,0,0,0,0,0,0,0,0,0,0,0,0,0,0,0,0,0,0,0,0,0,0,0,0,0,0,0,0,0,0,0,0,0,0,0,0,0,0,0,0,0,0
com drop_function,0,0,0,0,0,0,0,0,0,0,0,0,0,0,0,0,0,0,0,0,0,0,0,0,0,0,0,0,0,0,0,0,0,0,0,0,0,0,0,0,0,0,0,0,0,0,0,0,0
com drop_index,0,0,0,0,0,0,0,0,0,0,0,0,0,0,0,0,0,0,0,0,0,0,0,0,0,0,0,0,0,0,0,0,0,0,0,0,0,0,0,0,0,0,0,0,0,0,0,0,0
com drop_procedure,0,0,0,0,0,0,0,0,0,0,0,0,0,0,0,0,0,0,0,0,0,0,0,0,0,0,0,0,0,0,0,0,0,0,0,0,0,0,0,0,0,0,0,0,0,0,0,0,0
com drop_server,0,0,0,0,0,0,0,0,0,0,0,0,0,0,0,0,0,0,0,0,0,0,0,0,0,0,0,0,0,0,0,0,0,0,0,0,0,0,0,0,0,0,0,0,0,0,0,0,0
com drop_table,0,0,0,0,0,0,0,0,0,0,0,0,0,0,0,0,0,0,0,0,0,0,0,0,0,0,0,0,0,0,0,0,0,0,0,0,0,0,0,0,0,0,0,0,0,0,0,0,0
com drop_trigger,0,0,0,0,0,0,0,0,0,0,0,0,0,0,0,0,0,0,0,0,0,0,0,0,0,0,0,0,0,0,0,0,0,0,0,0,0,0,0,0,0,0,0,0,0,0,0,0,0
com drop_user,0,0,0,0,0,0,0,0,0,0,0,0,0,0,0,0,0,0,0,0,0,0,0,0,0,0,0,0,0,0,0,0,0,0,0,0,0,0,0,0,0,0,0,0,0,0,0,0,0
com drop_view,0,0,0,0,0,0,0,0,0,0,0,0,0,0,0,0,0,0,0,0,0,0,0,0,0,0,0,0,0,0,0,0,0,0,0,0,0,0,0,0,0,0,0,0,0,0,0,0,0
com empty_query,0,0,0,0,0,0,0,0,0,0,0,0,0,0,0,0,0,0,0,0,0,0,0,0,0,0,0,0,0,0,0,0,0,0,0,0,0,0,0,0,0,0,0,0,0,0,0,0,0
com execute_sql,0,0,0,0,0,0,0,0,0,0,0,0,0,0,0,0,0,0,0,0,0,0,0,0,0,0,0,0,0,0,0,0,0,0,0,0,0,0,0,0,0,0,0,0,0,0,0,0,0
com explain_other,0,0,0,0,0,0,0,0,0,0,0,0,0,0,0,0,0,0,0,0,0,0,0,0,0,0,0,0,0,0,0,0,0,0,0,0,0,0,0,0,0,0,0,0,0,0,0,0,0
com flush,0,0,0,0,0,0,0,0,0,0,0,0,0,0,0,0,0,0,0,0,0,0,0,0,0,0,0,0,0,0,0,0,0,0,0,0,0,0,0,0,0,0,0,0,0,0,0,0,0
com get_diagnostics,0,0,0,0,0,0,0,0,0,0,0,0,0,0,0,0,0,0,0,0,0,0,0,0,0,0,0,0,0,0,0,0,0,0,0,0,0,0,0,0,0,0,0,0,0,0,0,0,0
com grant,0,0,0,0,0,0,0,0,0,0,0,0,0,0,0,0,0,0,0,0,0,0,0,0,0,0,0,0,0,0,0,0,0,0,0,0,0,0,0,0,0,0,0,0,0,0,0,0,0
com group_replication_start,0,0,0,0,0,0,0,0,0,0,0,0,0,0,0,0,0,0,0,0,0,0,0,0,0,0,0,0,0,0,0,0,0,0,0,0,0,0,0,0,0,0,0,0,0,0,0,0,0
com group_replication_stop,0,0,0,0,0,0,0,0,0,0,0,0,0,0,0,0,0,0,0,0,0,0,0,0,0,0,0,0,0,0,0,0,0,0,0,0,0,0,0,0,0,0,0,0,0,0,0,0,0
com ha_close,0,0,0,0,0,0,0,0,0,0,0,0,0,0,0,0,0,0,0,0,0,0,0,0,0,0,0,0,0,0,0,0,0,0,0,0,0,0,0,0,0,0,0,0,0,0,0,0,0
com ha_open,0,0,0,0,0,0,0,0,0,0,0,0,0,0,0,0,0,0,0,0,0,0,0,0,0,0,0,0,0,0,0,0,0,0,0,0,0,0,0,0,0,0,0,0,0,0,0,0,0
com ha_read,0,0,0,0,0,0,0,0,0,0,0,0,0,0,0,0,0,0,0,0,0,0,0,0,0,0,0,0,0,0,0,0,0,0,0,0,0,0,0,0,0,0,0,0,0,0,0,0,0
com help,0,0,0,0,0,0,0,0,0,0,0,0,0,0,0,0,0,0,0,0,0,0,0,0,0,0,0,0,0,0,0,0,0,0,0,0,0,0,0,0,0,0,0,0,0,0,0,0,0
com insert,0,0,3.555555555555556,25.555555555555557,50.111111111111114,75.77777777777779,97.44444444444444,128.33333333333334,155.77777777777777,179.11111111111111,212.55555555555557,202.724775,183.25465714285713,161.35606666666666,138.41364000000002,119.7098,91.51586666666667,66.9921,48.822199999999995,195.3029799490418,107.39071956960322,127.56556825823807,148.37654711673696,169.33294655414906,175.72464838255974,204.9416781638028,204.9416781638028,204.54220825596343,202.12367270455962,202.12367270455962,159.4204709541264,195.63531627340203,172.8464531138153,197.85254115962778,158.1855798138869,137.29199277543648,117.54485249849488,102.61790650917314,41.4,195.58952512216513,195.58952512216513,192.68535648214032,97.57560160427806,115.82426470588234,134.07292780748662,139.36504010695188,121.11637700534759,102.86771390374334,84.61905080213906
com insert_select,0,0,0,0,0,0,0,0,0,0,0,0,0,0,0,0,0,0,0,0,0,0,0,0,0,0,0,0,0,0,0,0,0,0,0,0,0,0,0,0,0,0,0,0,0,0,0,0,0
com install_plugin,0,0,0,0,0,0,0,0,0,0,0,0,0,0,0,0,0,0,0,0,0,0,0,0,0,0,0,0,0,0,0,0,0,0,0,0,0,0,0,0,0,0,0,0,0,0,0,0,0
com kill,0,0,0,0,0,0,0,0,0,0,0,0,0,0,0,0,0,0,0,0,0,0,0,0,0,0,0,0,0,0,0,0,0,0,0,0,0,0,0,0,0,0,0,0,0,0,0,0,0
com load,0,0,0,0,0,0,0,0,0,0,0,0,0,0,0,0,0,0,0,0,0,0,0,0,0,0,0,0,0,0,0,0,0,0,0,0,0,0,0,0,0,0,0,0,0,0,0,0,0
com lock_binlog_for_backup,0,0,0,0,0,0,0,0,0,0,0,0,0,0,0,0,0,0,0,0,0,0,0,0,0,0,0,0,0,0,0,0,0,0,0,0,0,0,0,0,0,0,0,0,0,0,0,0,0
com lock_tables,0,0,0,0,0,0,0,0,0,0,0,0,0,0,0,0,0,0,0,0,0,0,0,0,0,0,0,0,0,0,0,0,0,0,0,0,0,0,0,0,0,0,0,0,0,0,0,0,0
com lock_tables_for_backup,0,0,0,0,0,0,0,0,0,0,0,0,0,0,0,0,0,0,0,0,0,0,0,0,0,0,0,0,0,0,0,0,0,0,0,0,0,0,0,0,0,0,0,0,0,0,0,0,0
com optimize,0,0,0,0,0,0,0,0,0,0,0,0,0,0,0,0,0,0,0,0,0,0,0,0,0,0,0,0,0,0,0,0,0,0,0,0,0,0,0,0,0,0,0,0,0,0,0,0,0
com preload_keys,0,0,0,0,0,0,0,0,0,0,0,0,0,0,0,0,0,0,0,0,0,0,0,0,0,0,0,0,0,0,0,0,0,0,0,0,0,0,0,0,0,0,0,0,0,0,0,0,0
com prepare_sql,0,0,0,0,0,0,0,0,0,0,0,0,0,0,0,0,0,0,0,0,0,0,0,0,0,0,0,0,0,0,0,0,0,0,0,0,0,0,0,0,0,0,0,0,0,0,0,0,0
com purge,0,0,0,0,0,0,0,0,0,0,0,0,0,0,0,0,0,0,0,0,0,0,0,0,0,0,0,0,0,0,0,0,0,0,0,0,0,0,0,0,0,0,0,0,0,0,0,0,0
com purge_before_date,0,0,0,0,0,0,0,0,0,0,0,0,0,0,0,0,0,0,0,0,0,0,0,0,0,0,0,0,0,0,0,0,0,0,0,0,0,0,0,0,0,0,0,0,0,0,0,0,0
com release_savepoint,0,0,0,0,0,0,0,0,0,0,0,0,0,0,0,0,0,0,0,0,0,0,0,0,0,0,0,0,0,0,0,0,0,0,0,0,0,0,0,0,0,0,0,0,0,0,0,0,0
com rename_table,0,0,0,0,0,0,0,0,0,0,0,0,0,0,0,0,0,0,0,0,0,0,0,0,0,0,0,0,0,0,0,0,0,0,0,0,0,0,0,0,0,0,0,0,0,0,0,0,0
com rename_user,0,0,0,0,0,0,0,0,0,0,0,0,0,0,0,0,0,0,0,0,0,0,0,0,0,0,0,0,0,0,0,0,0,0,0,0,0,0,0,0,0,0,0,0,0,0,0,0,0
com repair,0,0,0,0,0,0,0,0,0,0,0,0,0,0,0,0,0,0,0,0,0,0,0,0,0,0,0,0,0,0,0,0,0,0,0,0,0,0,0,0,0,0,0,0,0,0,0,0,0
com replace,0,0,0,0,0,0,0,0,0,0,0,0,0,0,0,0,0,0,0,0,0,0,0,0,0,0,0,0,0,0,0,0,0,0,0,0,0,0,0,0,0,0,0,0,0,0,0,0,0
com replace_select,0,0,0,0,0,0,0,0,0,0,0,0,0,0,0,0,0,0,0,0,0,0,0,0,0,0,0,0,0,0,0,0,0,0,0,0,0,0,0,0,0,0,0,0,0,0,0,0,0
com reset,0,0,0,0,0,0,0,0,0,0,0,0,0,0,0,0,0,0,0,0,0,0,0,0,0,0,0,0,0,0,0,0,0,0,0,0,0,0,0,0,0,0,0,0,0,0,0,0,0
com resignal,0,0,0,0,0,0,0,0,0,0,0,0,0,0,0,0,0,0,0,0,0,0,0,0,0,0,0,0,0,0,0,0,0,0,0,0,0,0,0,0,0,0,0,0,0,0,0,0,0
com revoke,0,0,0,0,0,0,0,0,0,0,0,0,0,0,0,0,0,0,0,0,0,0,0,0,0,0,0,0,0,0,0,0,0,0,0,0,0,0,0,0,0,0,0,0,0,0,0,0,0
com revoke_all,0,0,0,0,0,0,0,0,0,0,0,0,0,0,0,0,0,0,0,0,0,0,0,0,0,0,0,0,0,0,0,0,0,0,0,0,0,0,0,0,0,0,0,0,0,0,0,0,0
com rollback,0,0,0,0.11111111111111112,0.33333333333333337,0.4444444444444445,0.6666666666666667,0.7777777777777779,1,1.4444444444444444,2,1.93995,1.8510571428571427,1.6555,1.5741600000000002,1.3866,1.3280666666666667,1.1799,0.8109999999999999,3.2125844688157748,1.6108607935440484,1.913483523873571,1.7071127185051236,1.9482218203737187,2.02176009644364,3.010159287595635,3.010159287595635,3.142408227396086,2.998126171143036,2.998126171143036,2.8492169276907697,3.323363243602526,2.2512562634216176,2.576950608446672,2.060304223335719,1.53476821192053,1.3140176600441502,1.1573448102538326,0,4.009522616213507,4.009522616213507,4.553863668706418,1.9658088235294116,2.3334558823529408,2.7011029411764707,2.807720588235294,2.440073529411765,2.0724264705882356,1.7047794117647062
com rollback_to_savepoint,0,0,0,0,0,0,0,0,0,0,0,0,0,0,0,0,0,0,0,0,0,0,0,0,0,0,0,0,0,0,0,0,0,0,0,0,0,0,0,0,0,0,0,0,0,0,0,0,0
com savepoint,0,0,0,0,0,0,0,0,0,0,0,0,0,0,0,0,0,0,0,0,0,0,0,0,0,0,0,0,0,0,0,0,0,0,0,0,0,0,0,0,0,0,0,0,0,0,0,0,0
com select,26.444444444444446,27.77777777777778,37.66666666666667,84.33333333333334,146.88888888888889,217.55555555555557,270.6666666666667,349.22222222222223,416,470.6666666666667,543.4444444444445,513.763425,469.6240857142857,411.7780333333333,344.51616,296.7324,219.97613333333334,157.97549999999998,110.94479999999999,547.1363686717625,270.6246133154001,321.4652320107599,364.4685654008439,415.945358649789,431.6457805907172,513.8592750533049,513.8592750533049,520.497071846879,519.8001249219238,519.8001249219238,422.091136287904,512.684169713083,446.87436828919107,511.52469577666426,408.97038833214026,350.764298615292,300.31276339554483,256.80195400854484,96,540.2831725347701,540.2831725347701,545.3251743275936,313.278442513369,371.8680147058823,430.4575868983958,447.4485628342247,388.8589906417112,330.2694184491979,271.6798462566845
com set_option,1,1,2.3333333333333335,7.111111111111112,11.666666666666668,16.666666666666668,21.666666666666668,27.111111111111114,32,36.55555555555556,41.55555555555556,38.906774999999996,34.516771428571424,30.350833333333334,25.748760000000004,21.14565,16.057533333333332,11.5368,7.4612,41.65281931981833,23.804942837928714,28.27703429724277,31.297066505927262,35.71740004018484,37.065601768133405,43.89815627743634,43.89815627743634,42.8510212826739,42.72329793878826,42.72329793878826,34.597634121959345,42.539049518112336,37.270798138869004,42.66284896206156,34.109481030780245,29.997742323901264,25.683072446317475,22.246739130434783,8.8,44.480641523618594,44.480641523618594,44.2578625302405,23.23228609625668,27.57720588235294,31.9221256684492,33.18215240641712,28.837232620320854,24.492312834224602,20.147393048128343
com show_binlog_events,0,0,0,0,0,0,0,0,0,0,0,0,0,0,0,0,0,0,0,0,0,0,0,0,0,0,0,0,0,0,0,0,0,0,0,0,0,0,0,0,0,0,0,0,0,0,0,0,0
com show_binlogs,0,0,0,0,0,0,0,0,0,0,0,0,0,0,0,0,0,0,0,0,0,0,0,0,0,0,0,0,0,0,0,0,0,0,0,0,0,0,0,0,0,0,0,0,0,0,0,0,0
com show_charsets,0,0,0,0,0,0,0,0,0,0,0,0,0,0,0,0,0,0,0,0,0,0,0,0,0,0,0,0,0,0,0,0,0,0,0,0,0,0,0,0,0,0,0,0,0,0,0,0,0
com show_client_statistics,0,0,0,0,0,0,0,0,0,0,0,0,0,0,0,0,0,0,0,0,0,0,0,0,0,0,0,0,0,0,0,0,0,0,0,0,0,0,0,0,0,0,0,0,0,0,0,0,0
com show_collations,0,0,0,0,0,0,0,0,0,0,0,0,0,0,0,0,0,0,0,0,0,0,0,0,0,0,0,0,0,0,0,0,0,0,0,0,0,0,0,0,0,0,0,0,0,0,0,0,0
com show_create_db,0,0,0,0,0,0,0,0,0,0,0,0,0,0,0,0,0,0,0,0,0,0,0,0,0,0,0,0,0,0,0,0,0,0,0,0,0,0,0,0,0,0,0,0,0,0,0,0,0
com show_create_event,0,0,0,0,0,0,0,0,0,0,0,0,0,0,0,0,0,0,0,0,0,0,0,0,0,0,0,0,0,0,0,0,0,0,0,0,0,0,0,0,0,0,0,0,0,0,0,0,0
com show_create_func,0,0,0,0,0,0,0,0,0,0,0,0,0,0,0,0,0,0,0,0,0,0,0,0,0,0,0,0,0,0,0,0,0,0,0,0,0,0,0,0,0,0,0,0,0,0,0,0,0
com show_create_proc,0,0,0,0,0,0,0,0,0,0,0,0,0,0,0,0,0,0,0,0,0,0,0,0,0,0,0,0,0,0,0,0,0,0,0,0,0,0,0,0,0,0,0,0,0,0,0,0,0
com show_create_table,0,0,0,0,0,0,0,0,0,0,0,0,0,0,0,0,0,0,0,0,0,0,0,0,0,0,0,0,0,0,0,0,0,0,0,0,0,0,0,0,0,0,0,0,0,0,0,0,0
com show_create_trigger,0,0,0,0,0,0,0,0,0,0,0,0,0,0,0,0,0,0,0,0,0,0,0,0,0,0,0,0,0,0,0,0,0,0,0,0,0,0,0,0,0,0,0,0,0,0,0,0,0
com show_create_user,0,0,0,0,0,0,0,0,0,0,0,0,0,0,0,0,0,0,0,0,0,0,0,0,0,0,0,0,0,0,0,0,0,0,0,0,0,0,0,0,0,0,0,0,0,0,0,0,0
com show_databases,0,0,0,0,0,0,0,0,0,0,0,0,0,0,0,0,0,0,0,0,0,0,0,0,0,0,0,0,0,0,0,0,0,0,0,0,0,0,0,0,0,0,0,0,0,0,0,0,0
com show_engine_logs,0,0,0,0,0,0,0,0,0,0,0,0,0,0,0,0,0,0,0,0,0,0,0,0,0,0,0,0,0,0,0,0,0,0,0,0,0,0,0,0,0,0,0,0,0,0,0,0,0
com show_engine_mutex,0,0,0,0,0,0,0,0,0,0,0,0,0,0,0,0,0,0,0,0,0,0,0,0,0,0,0,0,0,0,0,0,0,0,0,0,0,0,0,0,0,0,0,0,0,0,0,0,0
com show_engine_status,1,1,1,1,1,1,1,0.888888888888889,1.1111111111111112,0.888888888888889,1.1111111111111112,0.8622,0.7621999999999999,0.7725666666666666,0.5622,0.4622,0.4829333333333333,0.2622,0.32439999999999997,0.9970089730807578,0.3579690652320108,0.42521856086079357,0.5690375728350412,0.6494072734579063,0.6739200321478801,0.8779631255487269,0.8779631255487269,0.999857163262391,1.1242973141786383,1.1242973141786383,0.9497389758969232,1.1077877478675087,0.8754885468861847,1.0021474588403723,0.8012294201861131,0.6976219145093318,0.5972807545655228,0.38578160341794415,0,0.8770830722967047,0.8770830722967047,0.996157677529529,0.7148395721925133,0.8485294117647058,0.9822192513368984,1.0209893048128342,0.8872994652406417,0.7536096256684492,0.6199197860962568
com show_errors,0,0,0,0,0,0,0,0,0,0,0,0,0,0,0,0,0,0,0,0,0,0,0,0,0,0,0,0,0,0,0,0,0,0,0,0,0,0,0,0,0,0,0,0,0,0,0,0,0
com show_events,0,0,0,0,0,0,0,0,0,0,0,0,0,0,0,0,0,0,0,0,0,0,0,0,0,0,0,0,0,0,0,0,0,0,0,0,0,0,0,0,0,0,0,0,0,0,0,0,0
com show_fields,0,0,0,0,0,0,0,0,0,0,0,0,0,0,0,0,0,0,0,0,0,0,0,0,0,0,0,0,0,0,0,0,0,0,0,0,0,0,0,0,0,0,0,0,0,0,0,0,0
com show_function_code,0,0,0,0,0,0,0,0,0,0,0,0,0,0,0,0,0,0,0,0,0,0,0,0,0,0,0,0,0,0,0,0,0,0,0,0,0,0,0,0,0,0,0,0,0,0,0,0,0
com show_function_status,0,0,0,0,0,0,0,0,0,0,0,0,0,0,0,0,0,0,0,0,0,0,0,0,0,0,0,0,0,0,0,0,0,0,0,0,0,0,0,0,0,0,0,0,0,0,0,0,0
com show_grants,0,0,0,0,0,0,0,0,0,0,0,0,0,0,0,0,0,0,0,0,0,0,0,0,0,0,0,0,0,0,0,0,0,0,0,0,0,0,0,0,0,0,0,0,0,0,0,0,0
com show_index_statistics,0,0,0,0,0,0,0,0,0,0,0,0,0,0,0,0,0,0,0,0,0,0,0,0,0,0,0,0,0,0,0,0,0,0,0,0,0,0,0,0,0,0,0,0,0,0,0,0,0
com show_keys,0,0,0,0,0,0,0,0,0,0,0,0,0,0,0,0,0,0,0,0,0,0,0,0,0,0,0,0,0,0,0,0,0,0,0,0,0,0,0,0,0,0,0,0,0,0,0,0,0
com show_master_status,0,0,0,0,0,0,0,0,0,0,0,0,0,0,0,0,0,0,0,0,0,0,0,0,0,0,0,0,0,0,0,0,0,0,0,0,0,0,0,0,0,0,0,0,0,0,0,0,0
com show_open_tables,0,0,0,0,0,0,0,0,0,0,0,0,0,0,0,0,0,0,0,0,0,0,0,0,0,0,0,0,0,0,0,0,0,0,0,0,0,0,0,0,0,0,0,0,0,0,0,0,0
com show_plugins,0,0,0,0,0,0,0,0,0,0,0,0,0,0,0,0,0,0,0,0,0,0,0,0,0,0,0,0,0,0,0,0,0,0,0,0,0,0,0,0,0,0,0,0,0,0,0,0,0
com show_privileges,0,0,0,0,0,0,0,0,0,0,0,0,0,0,0,0,0,0,0,0,0,0,0,0,0,0,0,0,0,0,0,0,0,0,0,0,0,0,0,0,0,0,0,0,0,0,0,0,0
com show_procedure_code,0,0,0,0,0,0,0,0,0,0,0,0,0,0,0,0,0,0,0,0,0,0,0,0,0,0,0,0,0,0,0,0,0,0,0,0,0,0,0,0,0,0,0,0,0,0,0,0,0
com show_procedure_status,0,0,0,0,0,0,0,0,0,0,0,0,0,0,0,0,0,0,0,0,0,0,0,0,0,0,0,0,0,0,0,0,0,0,0,0,0,0,0,0,0,0,0,0,0,0,0,0,0
com show_processlist,0,0,0,0,0,0,0,0,0,0,0,0,0,0,0,0,0,0,0,0,0,0,0,0,0,0,0,0,0,0,0,0,0,0,0,0,0,0,0,0,0,0,0,0,0,0,0,0,0
com show_profile,0,0,0,0,0,0,0,0,0,0,0,0,0,0,0,0,0,0,0,0,0,0,0,0,0,0,0,0,0,0,0,0,0,0,0,0,0,0,0,0,0,0,0,0,0,0,0,0,0
com show_profiles,0,0,0,0,0,0,0,0,0,0,0,0,0,0,0,0,0,0,0,0,0,0,0,0,0,0,0,0,0,0,0,0,0,0,0,0,0,0,0,0,0,0,0,0,0,0,0,0,0
com show_relaylog_events,0,0,0,0,0,0,0,0,0,0,0,0,0,0,0,0,0,0,0,0,0,0,0,0,0,0,0,0,0,0,0,0,0,0,0,0,0,0,0,0,0,0,0,0,0,0,0,0,0
com show_slave_hosts,0,0,0,0,0,0,0,0,0,0,0,0,0,0,0,0,0,0,0,0,0,0,0,0,0,0,0,0,0,0,0,0,0,0,0,0,0,0,0,0,0,0,0,0,0,0,0,0,0
com show_slave_status,1,1,1,1,1,1,1,1,1,1,1,0.8622,0.7621999999999999,0.6622,0.5622,0.4622,0.36219999999999997,0.2622,0.16219999999999998,0.9970089730807578,0.3579690652320108,0.42521856086079357,0.5690375728350412,0.6494072734579063,0.6739200321478801,0.8779631255487269,0.8779631255487269,0.999857163262391,0.9993753903810119,0.9993753903810119,0.8140619793402198,0.9970089730807578,0.8754885468861847,1.0021474588403723,0.8012294201861131,0.6976219145093318,0.5972807545655228,0.5143754712239256,0.2,1.0023806540533768,1.0023806540533768,0.996157677529529,0.5361296791443849,0.6363970588235294,0.7366644385026738,0.7657419786096258,0.6654745989304812,0.5652072192513369,0.4649398395721926
com show_status,1,1,1,1,1,1,1,1,1,1,1,0.8622,0.7621999999999999,0.6622,0.5622,0.4622,0.36219999999999997,0.2622,0.16219999999999998,0.9970089730807578,0.3579690652320108,0.42521856086079357,0.5690375728350412,0.6494072734579063,0.6739200321478801,0.8779631255487269,0.8779631255487269,0.999857163262391,0.9993753903810119,0.9993753903810119,0.8140619793402198,0.9970089730807578,0.8754885468861847,1.0021474588403723,0.8012294201861131,0.6976219145093318,0.5972807545655228,0.5143754712239256,0.2,1.0023806540533768,1.0023806540533768,0.996157677529529,0.5361296791443849,0.6363970588235294,0.7366644385026738,0.7657419786096258,0.6654745989304812,0.5652072192513369,0.4649398395721926
com show_storage_engines,0,0,0,0,0,0,0,0,0,0,0,0,0,0,0,0,0,0,0,0,0,0,0,0,0,0,0,0,0,0,0,0,0,0,0,0,0,0,0,0,0,0,0,0,0,0,0,0,0
com show_table_statistics,0,0,0,0,0,0,0,0,0,0,0,0,0,0,0,0,0,0,0,0,0,0,0,0,0,0,0,0,0,0,0,0,0,0,0,0,0,0,0,0,0,0,0,0,0,0,0,0,0
com show_table_status,0,0,0,0,0,0,0,0,0,0,0,0,0,0,0,0,0,0,0,0,0,0,0,0,0,0,0,0,0,0,0,0,0,0,0,0,0,0,0,0,0,0,0,0,0,0,0,0,0
com show_tables,0,0,0,0,0,0,0,0,0,0,0,0,0,0,0,0,0,0,0,0,0,0,0,0,0,0,0,0,0,0,0,0,0,0,0,0,0,0,0,0,0,0,0,0,0,0,0,0,0
com show_thread_statistics,0,0,0,0,0,0,0,0,0,0,0,0,0,0,0,0,0,0,0,0,0,0,0,0,0,0,0,0,0,0,0,0,0,0,0,0,0,0,0,0,0,0,0,0,0,0,0,0,0
com show_triggers,0,0,0,0,0,0,0,0,0,0,0,0,0,0,0,0,0,0,0,0,0,0,0,0,0,0,0,0,0,0,0,0,0,0,0,0,0,0,0,0,0,0,0,0,0,0,0,0,0
com show_user_statistics,0,0,0,0,0,0,0,0,0,0,0,0,0,0,0,0,0,0,0,0,0,0,0,0,0,0,0,0,0,0,0,0,0,0,0,0,0,0,0,0,0,0,0,0,0,0,0,0,0
com show_variables,0.888888888888889,1,0.888888888888889,1,1,1,1.1111111111111112,0.888888888888889,1.1111111111111112,1,1.1111111111111112,0.969975,0.7621999999999999,0.7725666666666666,0.5622,0.4622,0.4829333333333333,0.2622,0.32439999999999997,0.9970089730807578,0.5369535978480162,0.6378278412911904,0.7112969660438014,0.8117590918223827,0.8424000401848503,1.003386429198545,1.003386429198545,0.8570204256534779,0.8744534665833854,0.8744534665833854,0.6783849827835166,0.9970089730807578,0.7504187544738725,0.8589835361488906,0.6867680744452398,0.6976219145093318,0.5972807545655228,0.5143754712239256,0,0.8770830722967047,0.8770830722967047,0.996157677529529,0.5361296791443849,0.6363970588235294,0.7366644385026738,0.7657419786096258,0.6654745989304812,0.5652072192513369,0.4649398395721926
com show_warnings,0,0,0,0,0,0,0,0,0,0,0,0,0,0,0,0,0,0,0,0,0,0,0,0,0,0,0,0,0,0,0,0,0,0,0,0,0,0,0,0,0,0,0,0,0,0,0,0,0
com shutdown,0,0,0,0,0,0,0,0,0,0,0,0,0,0,0,0,0,0,0,0,0,0,0,0,0,0,0,0,0,0,0,0,0,0,0,0,0,0,0,0,0,0,0,0,0,0,0,0,0
com signal,0,0,0,0,0,0,0,0,0,0,0,0,0,0,0,0,0,0,0,0,0,0,0,0,0,0,0,0,0,0,0,0,0,0,0,0,0,0,0,0,0,0,0,0,0,0,0,0,0
com slave_start,0,0,0,0,0,0,0,0,0,0,0,0,0,0,0,0,0,0,0,0,0,0,0,0,0,0,0,0,0,0,0,0,0,0,0,0,0,0,0,0,0,0,0,0,0,0,0,0,0
com slave_stop,0,0,0,0,0,0,0,0,0,0,0,0,0,0,0,0,0,0,0,0,0,0,0,0,0,0,0,0,0,0,0,0,0,0,0,0,0,0,0,0,0,0,0,0,0,0,0,0,0
com stmt_close,1,1,0.888888888888889,1,0.888888888888889,0.888888888888889,1,0.888888888888889,1.1111111111111112,0.888888888888889,1.1111111111111112,0.969975,0.7621999999999999,0.7725666666666666,0.67464,0.57775,0.4829333333333333,0.2622,0.32439999999999997,0.9970089730807578,0.3579690652320108,0.42521856086079357,0.4267781796262809,0.4870554550934297,0.50544002411091,0.7525398218989088,0.7525398218989088,0.999857163262391,0.9993753903810119,0.9993753903810119,0.9497389758969232,1.1077877478675087,0.8754885468861847,1.0021474588403723,0.8012294201861131,0.5580975316074654,0.4778246036524182,0.38578160341794415,0,0.8770830722967047,0.8770830722967047,0.996157677529529,0.7148395721925133,0.8485294117647058,0.9822192513368984,1.0209893048128342,0.8872994652406417,0.7536096256684492,0.6199197860962568
com stmt_execute,1,1,0.888888888888889,1,0.888888888888889,0.888888888888889,1,0.888888888888889,1.1111111111111112,0.888888888888889,1.1111111111111112,0.969975,0.7621999999999999,0.7725666666666666,0.67464,0.57775,0.4829333333333333,0.2622,0.32439999999999997,0.9970089730807578,0.3579690652320108,0.42521856086079357,0.4267781796262809,0.4870554550934297,0.50544002411091,0.7525398218989088,0.7525398218989088,0.999857163262391,0.9993753903810119,0.9993753903810119,0.9497389758969232,1.1077877478675087,0.8754885468861847,1.0021474588403723,0.8012294201861131,0.5580975316074654,0.4778246036524182,0.38578160341794415,0,0.8770830722967047,0.8770830722967047,0.996157677529529,0.7148395721925133,0.8485294117647058,0.9822192513368984,1.0209893048128342,0.8872994652406417,0.7536096256684492,0.6199197860962568
com stmt_fetch,0,0,0,0,0,0,0,0,0,0,0,0,0,0,0,0,0,0,0,0,0,0,0,0,0,0,0,0,0,0,0,0,0,0,0,0,0,0,0,0,0,0,0,0,0,0,0,0,0
com stmt_prepare,1,1,0.888888888888889,1,0.888888888888889,0.888888888888889,1,0.888888888888889,1.1111111111111112,0.888888888888889,1.1111111111111112,0.969975,0.7621999999999999,0.7725666666666666,0.67464,0.57775,0.4829333333333333,0.2622,0.32439999999999997,0.9970089730807578,0.3579690652320108,0.42521856086079357,0.4267781796262809,0.4870554550934297,0.50544002411091,0.7525398218989088,0.7525398218989088,0.999857163262391,0.9993753903810119,0.9993753903810119,0.9497389758969232,1.1077877478675087,0.8754885468861847,1.0021474588403723,0.8012294201861131,0.5580975316074654,0.4778246036524182,0.38578160341794415,0,0.8770830722967047,0.8770830722967047,0.996157677529529,0.7148395721925133,0.8485294117647058,0.9822192513368984,1.0209893048128342,0.8872994652406417,0.7536096256684492,0.6199197860962568
com stmt_reprepare,0,0,0,0,0,0,0,0,0,0,0,0,0,0,0,0,0,0,0,0,0,0,0,0,0,0,0,0,0,0,0,0,0,0,0,0,0,0,0,0,0,0,0,0,0,0,0,0,0
com stmt_reset,0,0,0,0,0,0,0,0,0,0,0,0,0,0,0,0,0,0,0,0,0,0,0,0,0,0,0,0,0,0,0,0,0,0,0,0,0,0,0,0,0,0,0,0,0,0,0,0,0
com stmt_send_long_data,0,0,0,0,0,0,0,0,0,0,0,0,0,0,0,0,0,0,0,0,0,0,0,0,0,0,0,0,0,0,0,0,0,0,0,0,0,0,0,0,0,0,0,0,0,0,0,0,0
com truncate,0,0,0,0,0,0,0,0,0,0,0,0,0,0,0,0,0,0,0,0,0,0,0,0,0,0,0,0,0,0,0,0,0,0,0,0,0,0,0,0,0,0,0,0,0,0,0,0,0
com uninstall_plugin,0,0,0,0,0,0,0,0,0,0,0,0,0,0,0,0,0,0,0,0,0,0,0,0,0,0,0,0,0,0,0,0,0,0,0,0,0,0,0,0,0,0,0,0,0,0,0,0,0
com unlock_binlog,0,0,0,0,0,0,0,0,0,0,0,0,0,0,0,0,0,0,0,0,0,0,0,0,0,0,0,0,0,0,0,0,0,0,0,0,0,0,0,0,0,0,0,0,0,0,0,0,0
com unlock_tables,0,0,0,0,0,0,0,0,0,0,0,0,0,0,0,0,0,0,0,0,0,0,0,0,0,0,0,0,0,0,0,0,0,0,0,0,0,0,0,0,0,0,0,0,0,0,0,0,0
com update,0,0,4,29.22222222222222,67.33333333333334,113.33333333333334,139.88888888888889,184.66666666666669,223.22222222222223,251.11111111111114,285.22222222222223,272.778525,250.87268571428567,216.42903333333334,173.94468,151.1394,109.26366666666668,73.1538,49.795399999999994,292.2344078874488,150.8839609952925,179.22962340282447,191.62340265220013,218.68789933694993,226.9425708257986,264.51774739746645,264.51774739746645,256.53478074560775,257.83885071830105,257.83885071830105,211.65611462845717,263.76426276725385,229.87827845382964,263.13528990694346,210.37995347172514,182.49789283564118,156.24864539434074,133.73762251822063,43.8,269.2645031950883,269.2645031950883,274.65490251885586,159.76664438502672,189.64632352941175,219.5260026737968,228.19110962566847,198.31143048128342,168.43175133689843,138.55207219251338
com update_multi,0,0,0,0,0,0,0,0,0,0,0,0,0,0,0,0,0,0,0,0,0,0,0,0,0,0,0,0,0,0,0,0,0,0,0,0,0,0,0,0,0,0,0,0,0,0,0,0,0
com xa_commit,0,0,0,0,0,0,0,0,0,0,0,0,0,0,0,0,0,0,0,0,0,0,0,0,0,0,0,0,0,0,0,0,0,0,0,0,0,0,0,0,0,0,0,0,0,0,0,0,0
com xa_end,0,0,0,0,0,0,0,0,0,0,0,0,0,0,0,0,0,0,0,0,0,0,0,0,0,0,0,0,0,0,0,0,0,0,0,0,0,0,0,0,0,0,0,0,0,0,0,0,0
com xa_prepare,0,0,0,0,0,0,0,0,0,0,0,0,0,0,0,0,0,0,0,0,0,0,0,0,0,0,0,0,0,0,0,0,0,0,0,0,0,0,0,0,0,0,0,0,0,0,0,0,0
com xa_recover,0,0,0,0,0,0,0,0,0,0,0,0,0,0,0,0,0,0,0,0,0,0,0,0,0,0,0,0,0,0,0,0,0,0,0,0,0,0,0,0,0,0,0,0,0,0,0,0,0
com xa_rollback,0,0,0,0,0,0,0,0,0,0,0,0,0,0,0,0,0,0,0,0,0,0,0,0,0,0,0,0,0,0,0,0,0,0,0,0,0,0,0,0,0,0,0,0,0,0,0,0,0
com xa_start,0,0,0,0,0,0,0,0,0,0,0,0,0,0,0,0,0,0,0,0,0,0,0,0,0,0,0,0,0,0,0,0,0,0,0,0,0,0,0,0,0,0,0,0,0,0,0,0,0
handler delete,0,0,0,0.11111111111111112,2.2222222222222223,6.666666666666667,7.666666666666667,11.444444444444445,13.333333333333334,14.444444444444446,14.444444444444446,14.010749999999998,14.04625714285714,12.140333333333333,7.8708,7.0485500000000005,3.2598,1.311,0,22.598870056497177,7.69633490248823,9.142199058507062,7.112969660438014,8.11759091822383,8.4240004018485,10.410134202934904,10.410134202934904,8.57020425653478,9.993753903810118,9.993753903810118,9.904420748639343,12.518001550902849,10.130653185397279,11.596277738010022,9.271369005010737,8.510987357013848,7.286825205699378,5.272348580045237,0.2,14.158626738503946,14.158626738503946,15.938522840472464,12.509692513368982,14.849264705882351,17.18883689839572,17.8673128342246,15.52774064171123,13.188168449197864,10.848596256684493
handler discover,0,0,0,0,0,0,0,0,0,0,0,0,0,0,0,0,0,0,0,0,0,0,0,0,0,0,0,0,0,0,0,0,0,0,0,0,0,0,0,0,0,0,0,0,0,0,0,0,0
handler external_lock,112.88888888888889,118.44444444444446,196.88888888888889,619.6666666666667,1178.3333333333335,1822.4444444444446,2275.5555555555557,2953.4444444444443,3540.3333333333335,4010.2222222222226,4615.333333333334,4382.9937,3999.6989428571424,3489.9043666666666,2888.13384,2488.0226,1843.2358,1300.1187,902.8052,4612.6066245707325,2368.502320107599,2813.4586079354403,3126.5769439421338,3568.168264014466,3702.8536166365275,4370.249592374263,4370.249592374263,4339.522925296385,4334.041224234853,4334.041224234853,3520.6823836498943,4322.033898305085,3766.2266589119536,4311.0952040085895,3446.774504294918,2977.8689042745336,2549.5526289383906,2189.953568735863,792.8,4465.856408971306,4465.856408971306,4508.04041554006,2547.152105614973,3023.522426470588,3499.8927473262033,3638.0401403743317,3161.669819518717,2685.299498663102,2208.9291778074867
handler mrr_init,0,0,0,0,0,0,0,0,0,0,0,0,0,0,0,0,0,0,0,0,0,0,0,0,0,0,0,0,0,0,0,0,0,0,0,0,0,0,0,0,0,0,0,0,0,0,0,0,0
handler read_first,1.8888888888888888,2.111111111111111,1.8888888888888888,2,1.777777777777778,1.8888888888888888,2,1.8888888888888888,2.111111111111111,1.8888888888888888,1.8888888888888888,1.832175,1.4155142857142855,1.4347666666666665,1.1244,0.9244,0.7243999999999999,0.3933,0.4866,1.9940179461615155,0.8949226630800269,1.0630464021519839,1.2803345388788425,1.461166365280289,1.5163200723327304,1.7559262510974538,1.7559262510974538,1.999714326524782,2.12367270455965,2.12367270455965,1.763800955237143,1.9940179461615155,2.0011166785969934,2.290622763063708,1.8313815318539728,1.53476821192053,1.3140176600441502,1.0287509424478511,0.6,1.8794637263500813,1.8794637263500813,1.707698875764907,1.4296791443850265,1.6970588235294115,1.9644385026737967,2.0419786096256685,1.7745989304812835,1.5072192513368985,1.2398395721925135
handler read_key,91.66666666666667,112.33333333333334,130.22222222222223,257,372.44444444444446,548.5555555555555,692.7777777777778,836.7777777777777,965.1111111111111,1082.3333333333335,1202,1127.649825,1003.8173999999999,891.5419333333333,718.60404,576.8255999999999,433.79486666666674,318.4419,206.31839999999997,1218.788080203833,793.7964021519839,942.9221587088098,1024.978928069118,1169.7448513160537,1213.898457906369,1490.0288473598393,1490.0288473598393,1390.0871304099414,1375.0156152404747,1375.0156152404747,1117.571420637565,1328.9021823418634,1075.7252845382961,1231.3528990694344,984.4820347172512,880.9569536423842,754.2461368653421,647.9844998743403,256,1388.7983961909536,1388.7983961909536,1395.189981499929,801.1564505347593,950.9893382352941,1100.8222259358288,1144.2737633689842,994.4408756684492,844.6079879679146,694.7751002673798
handler read_last,0,0,0,0,0,0,0,0,0,0,0,0,0,0,0,0,0,0,0,0,0,0,0,0,0,0,0,0,0,0,0,0,0,0,0,0,0,0,0,0,0,0,0,0,0,0,0,0,0
handler read_next,0,0,24.22222222222222,76.44444444444444,172.77777777777777,325.55555555555554,417.11111111111114,517,581.5555555555555,654.2222222222223,680.6666666666667,636.7347,592.1205142857142,504.4860333333333,359.35824,274.0846,177.8402,116.94120000000001,38.60359999999999,786.8616373102914,524.6036650975118,623.157800941493,591.3722975688165,674.8965089411291,700.3713934096844,885.1122538567666,885.1122538567666,755.8920154263676,757.2767020612117,757.2767020612117,656.1339553482172,792.5113548244157,589.4539316392269,674.7315676449535,539.4563224767359,494.8929861529199,423.71096728878183,357.1051708972103,91.8,870.3170028818444,870.3170028818444,923.1535505905792,604.0394385026736,717.0073529411764,829.975267379679,862.735962566845,749.7680481283422,636.8001336898396,523.8322192513369
handler read_prev,0,0,0,0,0,0,0,0,0,0,0,0,0,0,0,0,0,0,0,0,0,0,0,0,0,0,0,0,0,0,0,0,0,0,0,0,0,0,0,0,0,0,0,0,0,0,0,0,0
handler read_rnd,40.88888888888889,51.111111111111114,40.88888888888889,46,40.88888888888889,46,46,40.88888888888889,51.111111111111114,46,40.88888888888889,39.661199999999994,30.05245714285714,30.461199999999998,20.68896,15.9459,16.6612,6.0306,7.4612,45.86241276171486,24.69986550100874,29.340080699394754,32.71966043801486,37.340918223829604,38.7504018485031,40.38630377524144,40.38630377524144,45.99342951006999,45.97126795752654,45.97126795752654,37.446851049650114,40.76658912152432,46.02568360773085,52.68432355046529,42.121775232641376,32.09060806742926,27.474914710014048,23.661271676300576,18.4,46.10951008645533,46.10951008645533,39.27707414259286,32.882620320855615,39.03235294117646,45.182085561497324,46.96550802139038,40.81577540106952,34.66604278074867,28.51631016042781
handler read_rnd_next,3301.888888888889,3567,3231.888888888889,3467.4444444444443,3469,3449.5555555555557,3694.111111111111,3303,3721.3333333333335,3456.111111111111,3701,3269.4624,2687.081657142857,2507.4202999999998,2009.0779200000002,1666.57765,1466.5478,941.0358,941.8954,3515.785975407112,1520.4736045729655,1806.1158372562209,2163.6231113120352,2469.208805505324,2562.412442234277,3203.0603286090554,3203.0603286090554,3420.5113555206394,3407.620237351655,3407.620237351655,2790.061757192047,3567.7412207820985,2969.907290622763,3399.5705082319255,2717.9991159627775,2349.8696568332334,2011.8804936785068,1737.4317479266144,373.8,3262.2478386167145,3262.2478386167145,3439.1632275508755,2153.275501336898,2555.9827205882348,2958.689939839572,3075.47503342246,2672.767814171123,2270.060594919786,1867.3533756684494
handler update,0,0,4,30,100.22222222222223,194,227.8888888888889,306.77777777777777,373.55555555555554,413.33333333333337,448.55555555555554,431.207775,410.17248571428564,345.9995,257.60004000000004,229.48229999999998,154.05573333333334,88.49249999999999,51.4174,530.6303312285366,242.16607262945527,287.6603564223268,273.7070725336548,312.3648985332529,324.1555354631304,379.28007023705004,379.28007023705004,357.948864447936,370.01873828856964,370.01873828856964,324.40369876707757,409.6599091614047,355.32328024337863,406.72870436649964,325.18468324982103,279.8859121011439,239.62903873168776,199.32049509927114,48.6,459.7168274652299,459.7168274652299,487.5480290308809,354.5604278074866,420.87058823529406,487.1807486631016,506.41069518716586,440.1005347593583,373.7903743315509,307.4802139037434
handler write,1125.3333333333335,1194.7777777777778,1154.5555555555557,1356.111111111111,1529.4444444444446,1728.4444444444446,1941.8888888888891,2021.7777777777778,2341.1111111111113,2422.1111111111113,2684.888888888889,2451.2346000000002,2145.7018857142857,1937.155733333333,1571.5738800000001,1324.78075,1080.8048000000001,721.9676999999999,577.7564,2599.5347291458957,1271.5061197041023,1510.3763281775387,1739.5478601567206,1985.2380349608193,2060.17353827607,2484.133952088298,2484.133952088298,2462.7910298528777,2467.4578388507184,2467.4578388507184,1984.683105631456,2527.528525534508,2141.1948460987833,2450.9663564781677,1959.578239083751,1755.2167369054787,1502.7583784868552,1294.9402488062326,376.4,2495.551935847638,2495.551935847638,2566.529102035008,1408.4126671122992,1671.8150735294116,1935.217479946524,2011.6041778074868,1748.2017713903745,1484.799364973262,1221.39695855615
handler total commit,0,0,19.77777777777778,117.88888888888889,251.33333333333334,404.8888888888889,509.88888888888886,674.5555555555555,813,925.5555555555557,1068.4444444444446,1017.1804500000001,931.5172857142855,811.6364666666666,671.49168,580.8698499999999,427.9996666666667,301.3989,208.58919999999998,1066.0241497729035,550.7354068594485,654.1987558843309,725.6651647578863,828.1566254771949,859.416520996584,1010.1592875956352,1010.1592875956352,998.143122411084,998.0012492192379,998.0012492192379,809.3132844607352,994.5718400354493,868.3595687186828,993.9871152469577,794.7051234788834,688.1342564720048,589.1577363034316,505.50249434531287,183.6,1029.3196341310613,1029.3196341310613,1038.4232247047105,581.3432820855614,690.066544117647,798.7898061497326,830.3195521390375,721.5962901069519,612.8730280748664,504.1497660427808
handler total prepare,0,0,0,0,0,0,0,0,0,0,0,0,0,0,0,0,0,0,0,0,0,0,0,0,0,0,0,0,0,0,0,0,0,0,0,0,0,0,0,0,0,0,0,0,0,0,0,0,0
handler total rollback,0,0,0,0.22222222222222224,0.6666666666666667,0.888888888888889,1.3333333333333335,1.5555555555555558,2,2.888888888888889,4,3.8799,3.7021142857142855,3.311,3.1483200000000005,2.7732,2.6561333333333335,2.3598,1.6219999999999999,6.535947712418301,3.221721587088097,3.826967047747142,3.414225437010247,3.8964436407474374,4.04352019288728,6.02031857519127,6.02031857519127,6.284816454792172,5.996252342286072,5.996252342286072,5.6984338553815395,6.646726487205052,4.502512526843235,5.153901216893344,4.120608446671438,3.06953642384106,2.6280353200883004,2.3146896205076652,0,8.019045232427015,8.019045232427015,9.107727337412836,3.931617647058823,4.6669117647058815,5.402205882352941,5.615441176470588,4.88014705882353,4.144852941176471,3.4095588235294123
handler total savepoint,0,0,0,0,0,0,0,0,0,0,0,0,0,0,0,0,0,0,0,0,0,0,0,0,0,0,0,0,0,0,0,0,0,0,0,0,0,0,0,0,0,0,0,0,0,0,0,0,0
handler total savepoint_rollback,0,0,0,0,0,0,0,0,0,0,0,0,0,0,0,0,0,0,0,0,0,0,0,0,0,0,0,0,0,0,0,0,0,0,0,0,0,0,0,0,0,0,0,0,0,0,0,0,0
cpu System,99.63888888888606,99.5833333333394,99.47222222220566,99.16666666665859,98.66666666664767,98.36111111111072,98.05555555556364,97.63888888888282,97.277777777779,97.00000000000526,96.69444444443798,96.41666666667435,96.33333333332403,96.36111111111758,96.38888888889092,96.7327875000004,96.52893479951128,96.84890554433746,96.5011662779017,96.55555555557132,96.61111111110787,96.69444444443798,96.75000000000486,96.7222222222214,97.28750000000976,96.74963884875571,97.34583333332316,97.36769270609076,96.80662001553623,96.88888888888161,96.88888888890183,97.05555555556202,97.00000000000526,97.28246905478242,97.05490108914749,97.98750000000382,97.2833714285636,96.91563854618043,96.83333333334505,96.77777777777818,96.555555555541,96.90561651784641,96.6674072428228,96.61111111111799,97.05595133890277,96.72112926531996,96.88888888889173,96.97222222222182,97.08333333332526,97.25000000000566,97.52854151038494,97.19382084909213,97.24999999998545,97.4650937499959,97.13984227479042,97.0277777777786,97.08333333332526,97.0277777777786,97.05555555555192,97.0277777777786,97.08333333332526,97.08333333333535,97.7714285714319,96.74963884876583,96.75000000000486,96.63888888889132,96.90561651785673,86.67110963012531,80.2565811396185,73.16666666666707,72.60443229166876,66.99680208334125,66.88861458334127,66.53262210796957,67.15348733896572,71.36123410941137,76.7222222222194,81.40624999999773,89.94667851587809,95.57142857140987,95.57142857140987,97.41249999999127,95.6880389951338,95.77590040016653,95.8553665856671,95.8553665856671,96.03174603174467,95.77683929762048,97.16534924936747,96.95898498927549,96.39562382737589,96.24791550860982,96.52893854167961,96.80145467211531,96.60302077565625,96.38768478382896,97.01917187501239,97.28194523809903,96.36313159354539,96.59587757651423,96.11240697544858,96.28032008001273,96.28032008001273,95.86203065984891,95.74999999998303,96.3614439115885,95.7176794198809,95.9143968871664,96.36706603518903,96.16538846281811,96.4141927083229,97.41999999999825,97.45039679893125,97.7903200000076,98.63333333330957,95.97356436742096,95.78441169123613,95.75094423460766,95.56360909773103,98.0999999999949,98.0999999999949
cpu User,0.777777777774544,0.7499999999708964,1.7222222222294983,2.500000000024253,3.7777777777591837,4.6388888888638276,5.805555555566065,6.888888888897782,7.888888888899399,9.166666666674752,10.166666666676369,10.38888888888323,10.722222222203628,10.638888888934162,10.694444444460613,9.548146875018853,10.579806731103375,9.70877751199947,10.663112295911873,10.666666666656967,10.583333333347076,10.583333333367287,10.555555555503007,10.722222222203628,8.808333333323997,10.584509389925746,8.487499999988964,8.417598049710445,10.46873264468531,10.333333333316357,10.194444444419384,10.00000000003638,10.305555555573342,9.411238747147669,10.085574572119862,6.9124999999864185,9.225217857148623,10.281204846031494,10.333333333336569,10.41666666668688,10.805555555513518,9.538649999960342,10.275494334624643,10.527777777800415,9.285076546558807,10.142269645421194,9.91666666668607,9.83333333333576,9.777777777748675,9.333333333355162,8.453511424736906,9.335407868416821,9.194444444397556,8.252528124959834,9.469065866942943,9.583333333345461,9.72222222220201,9.66666666667556,9.722222222242433,9.74999999998545,9.805555555532111,9.777777777809307,7.628571428566438,9.80664518277464,9.833333333295338,9.777777777789096,8.914095535712633,9.802288126176927,9.774519604587567,9.694444444438785,8.950174999965768,8.86567708332917,8.894739583329157,7.89020565553382,10.134384717927396,10.319954292241885,10.388888888842809,10.562499999969077,10.497667185107163,10.500000000034301,10.500000000034301,5.962499999986904,10.248718910109858,10.254557581133428,10.14720594544469,10.14720594544469,10.154980627421573,10.141142476089628,6.9961592994372435,7.865702287312362,8.696272670400695,9.449694274601043,8.577251041660821,7.492088155446586,8.265982779251562,9.05857508056786,8.119208035715939,7.2288690475980095,9.13381454753665,9.181761399178265,9.496834388532305,9.564891222798423,9.564891222798423,9.886691846229715,10.13888888887272,8.547174207616118,9.908727181744505,9.866592551364876,8.753368450683155,9.614315883089926,8.778056250014192,6.720000000037543,6.6408269423512065,5.554890000037514,3.766666666706442,10.357658558247044,10.460904321754136,10.636525216603172,10.716070982232614,4.150000000045111,4.150000000045111
cpu Iowait,0,0,0.27777777777752516,0.6388888888889395,0.9166666666664646,1.1944444444458844,1.472222222222778,1.8333333333335609,1.888888888890329,2.0833333333352284,2.2222222222239907,2.055555555556212,1.8333333333354556,1.6666666666689405,1.499999999999899,1.2392875000007941,1.1107408641579075,1.0787530568896906,1.0829723425514977,1.055555555553964,1.0555555555564904,0.9722222222226011,0.9444444444435854,0.9722222222213379,0.7583333333319805,0.9167685298358146,0.7291666666666666,0.7231613444777826,0.8330556481196935,0.8333333333338386,0.8611111111096963,0.8611111111115911,0.805555555556086,0.7437453113291068,0.8057346076911286,0.5833333333321397,0.7357535714272587,0.8336112037344517,0.7777777777770705,0.7500000000012127,0.8055555555554545,0.738109821429191,0.7220617640511446,0.7222222222228286,0.6227795244639648,0.6946760031127802,0.6666666666647972,0.6944444444450761,0.6944444444425497,0.6388888888889395,0.5616951112792243,0.6390308957552944,0.6388888888889395,0.5914781250013833,0.6386759968893447,0.5833333333346976,0.5555555555544186,0.5277777777785609,0.5277777777779294,0.5555555555537871,0.5555555555556819,0.5277777777760345,0.3999999999989866,0.555617290808953,0.5833333333328028,0.5555555555569451,0.5393879464293718,0.5553704320770595,0.5553704320789538,0.5277777777772978,0.48766979166752766,0.5147812500014826,0.5164687500014875,0.469305912596641,0.8329631274968694,0.9284387944570901,0.9166666666670962,0.9687499999998295,1.1108642523879793,1.1785714285703568,1.1785714285703568,0.6750000000010915,1.0936132983388442,1.111605157848817,1.1790767471771018,1.1790767471771018,1.0623672040999423,1.055790175594248,0.7538964762288204,0.8479753395294578,0.9153971232024697,1.0561423012787914,0.9466531250004436,0.7780245392198362,0.849244806087225,0.944759364231031,0.8516651785706539,0.7518023809523546,0.9716823986652606,0.9993753903793928,0.9718982561365906,1.062765691421889,1.062765691421889,1.0553210397698747,1.0555555555564904,0.8581500208514895,1.0315078769704362,0.9727626459141442,0.8009618190153861,0.916972324107202,0.803220833333255,0.6299999999987449,0.622577525840707,0.5217299999995255,0.29999999999896926,0.8885926913249371,0.9367974019498164,0.9720062208408237,0.9372656835810942,0.3500000000019554,0.3500000000019554
cpu Total,96.55555555234767,96.22222222387792,94.77777777808822,93.08333333271244,90.88888888816453,89.13888888847498,87.11111111204244,84.94444444465141,83.22222222211875,81.25000000517402,79.80555555421031,79.44444444340965,79.30555555503817,79.47222222315355,79.55555555721124,71.85050937437045,80.38987004124998,72.92938429455327,80.41763856223321,80.44444444692797,80.36111111028328,80.33333333312636,80.41666666718406,80.27777777881258,65.2750000023904,80.50894543703664,65.82916666481955,65.2870061776223,80.63978673527139,80.83333333488555,81.08333333447162,81.66666666770146,81.36111110862758,74.43174231462707,81.54589909023893,57.37083333311601,73.99983035556157,81.36045348521944,81.3333333314707,81.2222222202561,83.08333333374726,76.1104781291245,81.06531881400561,80.72222222108394,73.37475124842847,81.08258308500973,81.72222222201526,82.00000000134524,82.25000000093132,80.27777777363858,74.48077175941457,82.74060902753972,83.02777777943346,74.77973437447537,82.750194379134,82.33333333240202,82.13888888712972,81.97222222418836,82.13888888971674,82.16666666428662,82.33333333240202,82.08333333281594,65.82857142867786,81.56461829443991,81.63888888795756,81.66666667028848,74.15164821460299,71.53171165363715,64.86726646766432,57.777777777260376,50.43079375021373,44.55717708088292,44.70323958087489,36.19521851129207,51.28276321562426,55.099271531573976,60.44444444382356,65.06250000093132,73.51144190366183,79.10714285847334,79.10714285847334,47.7750000008382,79.17760279918443,79.34081814087854,79.39116764234396,79.39116764234396,80.02124734221958,79.87886196932652,58.653145851270615,66.5514438878382,74.34741010070194,81.43413007174469,74.84296979123918,65.75748142677678,74.02583893172499,81.86062020921993,74.71942500084606,66.56342619187653,81.87118267691147,82.01124297244374,81.19515717045296,80.89522380851328,80.89522380851328,79.8711397461022,81.80555555348595,67.51924364027803,79.51987996836228,79.71095052724284,73.31661221884583,80.3601200398063,73.8676302056617,58.62000000011176,57.92935645226116,47.69226000011433,32.56666666828096,80.1677218733841,80.03372470902936,79.70451010679555,79.3864033967061,31.549999993294474,31.549999993294474
network receive eth0,695656,748679.1111111111,1003912,1440048,2020296.8888888888,2507499.5555555555,3139958.2222222225,3747887.111111111,4250488.888888889,4778871.111111111,5253288.888888889,5477922.666666667,5521767.111111111,5417808.888888889,5408176,4764248.3662,5103259.802288126,4624684.757715857,5038476.063534377,4981936.888888889,4979416,4981308.444444445,4981606.222222222,4978169.777777778,4081266,4992002.666962995,4064550,4031074.8928418355,4979722.314783961,4964837.333333334,4966760.888888889,4961407.111111111,4973267.555555556,4550302.468117029,4958031.56256946,3464938.3999999994,4498733.292114286,4972684.228076025,4976616.888888889,4973410.666666667,5115628.444444445,4652544.670714285,4979475.6720728725,4990379.555555556,4511784.466560675,4976800.266755586,4964976,4983631.111111111,4968463.111111111,4830768.888888889,4458534.481795449,4974741.05356746,4979400.888888889,4488278.4179,4986120.182161502,4990519.111111111,4976854.222222222,4987391.111111111,4983620.444444445,4982009.777777778,4971481.777777778,4962376.888888889,3963269.4857142856,4980758.75097233,4960008.888888889,4965528.888888889,4509319.569857143,4985088.526046873,4980767.299788959,4954057.777777778,4553531.423533333,4525671.217999999,4540506.782,4084704.4417480715,4995932.474455798,4980937.580345664,4971900.444444445,4973329,5004103.088202621,5003689.142857144,5003689.142857144,2979044.4000000004,4978260.717410323,4968102.2676745225,4976059.454051737,4976059.454051737,4970518.685164355,4967500.333407423,3581394.7395829856,4053408.207062187,4534097.429993746,4960940.077821012,4562486.188366666,4007288.8117159596,4488579.022083281,4973499.610981438,4521561.7458,4031305.9368380955,4979955.1360355355,4981267.707682698,4964761.968232811,4980117.029257314,4980117.029257314,4989224.616751833,5093509.333333334,4240809.892160133,4973444.361090273,4966548.526959422,4559080.166145639,4977778.370567967,4556630.479,3570576,3528508.5268422803,2911863.2716800002,1977152,4977547.928468289,4985806.645016238,4975871.139746723,4980225.943514121,1973508.8,1973508.8
network receive lo,1485402.6666666667,1485364.4444444445,1486179.5555555555,1487601.7777777778,1489064,1489234.6666666667,1490317.3333333335,1491755.5555555555,1494175.1111111112,1495701.3333333335,1497237.3333333335,1501276.4444444445,1506960.888888889,1507731.5555555555,1510521.7777777778,1363151.3564,1515376.6522270353,1378045.030263651,1524022.6591136288,1528669.3333333335,1525925.3333333335,1526078.2222222222,1528033.7777777778,1532176.888888889,1253938.9333333333,1541409.489943327,1258469.3333333335,1248104.7429632808,1559736.9765633678,1570710.2222222222,1575523.5555555555,1576929.7777777778,1579856,1456167.2739684922,1591899.5332296067,1112101.1999999997,1436301.4476571428,1588540.1800600202,1583959.1111111112,1579191.1111111112,1578728,1434566.6294142858,1561370.362141746,1555498.6666666667,1400839.0456492612,1542539.068578415,1363900.4444444445,1356656.888888889,1351658.6666666667,1350300.4444444445,1194393.8768942235,1349106.0235607913,1344980.4444444445,1191551.9481000002,1345052.9823392204,1516542.2222222222,1521851.5555555555,1522844.4444444445,1523881.7777777778,1520974.2222222222,1532181.3333333335,1543008.888888889,1239654.4,1559569.7299699965,1560538.6666666667,1560160.888888889,1422419.8399714285,1573987.3375541486,1592606.0202154838,1604557.3333333335,1472912.3994,1485385.0526666665,1490254.2806666666,1341623.5845758351,1662173.25633052,1684474.7893158118,1706004.4444444445,1710042,1730309.7089535657,1748621.714285714,1748621.714285714,1075170.0000000002,1783535.058117735,1778095.153401512,1777149.063884522,1777149.063884522,1780528.4339457569,1783595.4656590354,1300666.1077231024,1473504.641658327,1648602.756973108,1790443.5797665368,1649971.646,1426167.16028004,1577346.0861465908,1716424.5859731021,1548882.3532285714,1365221.3072761905,1633658.634092171,1611676.7020612117,1608443.4077529712,1599607.9019754939,1599607.9019754939,1631674.7389469005,1663610.6666666667,1407322.096914095,1740515.1287821955,1726799.332962757,1585685.624650911,1719290.4301433812,1577036.4404333332,1235051.52,1220500.507315772,1042895.3040000001,643258.6666666666,1630006.8865933577,1631655.258556083,1667499.6667407244,1674639.3401649585,709990.4,709990.4
network transmit eth0,674825.7777777778,717117.3333333334,974872.888888889,1412743.1111111112,1993895.1111111112,2482992.888888889,3117480,3729598.2222222225,4232872,4763397.333333334,5301830.222222222,5586923.555555556,5705568,5665182.222222222,5725108.444444445,5085928.6453,5602778.629345773,5137062.935970439,5703794.735088304,5658530.666666667,5627750.222222222,5629575.111111111,5667137.777777778,5681656.888888889,4626436.266666668,5717758.862095787,4654333.6,4616001.111530219,5793139.175830279,5839965.333333334,5850512.888888889,5830865.777777778,5850884.444444445,5352825.17044261,5812868.637474994,4032579.599999999,5264819.832628571,5826551.961765033,5841025.777777778,5827637.333333334,5969583.111111111,5427881.571985714,5793564.985558765,5801297.777777778,5177844.223926829,5670164.721573858,5617804.444444445,5605474.666666667,5552931.555555556,5414429.333333334,4936147.87911978,5496338.741942653,5519518.222222222,4981133.593,5570051.760524269,5574007.111111111,5533295.111111111,5561016,5512482.666666667,5534611.555555556,5567168,5545228.444444445,4421231.542857142,5585181.464607177,5624561.777777778,5648531.555555556,5153911.5582428565,5717428.412751305,5711235.81028546,5647979.555555556,5189810.838866666,5146510.217833333,5163380.948833333,4593848.794652956,5879434.917814305,5935792.029710041,5952648,5993004,6074710.5087758275,6192772.571428572,6192772.571428572,3597111.6000000006,5981775.278090238,5977241.440640285,5967402.02944119,5967402.02944119,6011843.519560056,5987262.947321627,4318683.781117598,4842100.5964260185,5387936.842851782,5848443.802112285,5358133.796699999,4590455.433776254,5140115.1080083605,5685781.482716462,5153408.2809,4577120.017180952,5889938.478622986,5915124.04747033,6036307.008774852,6076579.144786196,6076579.144786196,6121357.920462118,6293888,5160366.65703086,5995413.853463366,5941864.591439689,5339867.81655621,5807085.917528065,5341443.326766666,4137348.4799999995,4088603.460673558,3336210.21888,2241184,5962747.5286015775,6018843.867099675,6080013.330371028,6142672.33191702,2455985.6,2455985.6
network transmit lo,1485402.6666666667,1485364.4444444445,1486179.5555555555,1487601.7777777778,1489064,1489234.6666666667,1490317.3333333335,1491755.5555555555,1494175.1111111112,1495701.3333333335,1497237.3333333335,1501276.4444444445,1506960.888888889,1507731.5555555555,1510521.7777777778,1363151.3564,1515376.6522270353,1378045.030263651,1524022.6591136288,1528669.3333333335,1525925.3333333335,1526078.2222222222,1528033.7777777778,1532176.888888889,1253938.9333333333,1541409.489943327,1258469.3333333335,1248104.7429632808,1559736.9765633678,1570710.2222222222,1575523.5555555555,1576929.7777777778,1579856,1456167.2739684922,1591899.5332296067,1112101.1999999997,1436301.4476571428,1588540.1800600202,1583959.1111111112,1579191.1111111112,1578728,1434566.6294142858,1561370.362141746,1555498.6666666667,1400839.0456492612,1542539.068578415,1363900.4444444445,1356656.888888889,1351658.6666666667,1350300.4444444445,1194393.8768942235,1349106.0235607913,1344980.4444444445,1191551.9481000002,1345052.9823392204,1516542.2222222222,1521851.5555555555,1522844.4444444445,1523881.7777777778,1520974.2222222222,1532181.3333333335,1543008.888888889,1239654.4,1559569.7299699965,1560538.6666666667,1560160.888888889,1422419.8399714285,1573987.3375541486,1592606.0202154838,1604557.3333333335,1472912.3994,1485385.0526666665,1490254.2806666666,1341623.5845758351,1662173.25633052,1684474.7893158118,1706004.4444444445,1710042,1730309.7089535657,1748621.714285714,1748621.714285714,1075170.0000000002,1783535.058117735,1778095.153401512,1777149.063884522,1777149.063884522,1780528.4339457569,1783595.4656590354,1300666.1077231024,1473504.641658327,1648602.756973108,1790443.5797665368,1649971.646,1426167.16028004,1577346.0861465908,1716424.5859731021,1548882.3532285714,1365221.3072761905,1633658.634092171,1611676.7020612117,1608443.4077529712,1599607.9019754939,1599607.9019754939,1631674.7389469005,1663610.6666666667,1407322.096914095,1740515.1287821955,1726799.332962757,1585685.624650911,1719290.4301433812,1577036.4404333332,1235051.52,1220500.507315772,1042895.3040000001,643258.6666666666,1630006.8865933577,1631655.258556083,1667499.6667407244,1674639.3401649585,709990.4,709990.4
Reads completed vda,0,0,55.44444444444444,98.77777777777779,153.44444444444446,187.22222222222223,242.11111111111114,278.44444444444446,304.55555555555554,337.8888888888889,376.55555555555554,338.77777777777777,320,290.22222222222223,275.44444444444446,223.6350625,236.143507719649,214.72863479766517,218.81595023880928,203.77777777777777,203.88888888888889,195.77777777777777,189.33333333333334,192.11111111111111,147.11666666666667,172.57473052561392,136.96666666666667,135.8386269467067,154.6151282905698,151.55555555555557,152.55555555555557,146.22222222222223,140.88888888888889,127.46650412603151,139.58657479439876,96.36666666666665,128.92666428571428,145.15949761031453,149.11111111111111,143.88888888888889,152.55555555555557,139.1053125,141.41301932903798,138.44444444444446,113.3458734525447,124.15249527620317,118.44444444444446,110.66666666666667,114.44444444444446,101.44444444444444,87.17508127031758,99.02200488997555,97.88888888888889,91.5946125,97.52304787293124,94.77777777777779,93.77777777777779,88,87.22222222222223,92.88888888888889,91.22222222222223,90,71.88571428571427,90.12112456939659,89.33333333333334,91.88888888888889,83.46318749999999,81.97267577474176,86.97100966344551,79.88888888888889,71.71614583333333,129.95366666666663,130.37966666666665,123.42745501285347,172.03465126610396,211.826881874018,208.66666666666669,216.625,243.27927127305043,213.85714285714283,213.85714285714283,133.20000000000002,225.59680039994996,223.8772787905736,231.3848792339574,231.3848792339574,205.09936257967757,193.26517003778616,117.00473311092578,130.06187276626162,148.9808818011257,159.86659255141745,141.02262916666666,110.19132733247606,124.669137533718,141.04701567189062,132.9733232142857,118.32212857142858,169.12826207662408,166.52092442223608,167.3886482283683,182.17054263565893,182.17054263565893,179.51566318595866,180.11111111111111,134.42061926605504,153.6634158539635,148.74930516953864,135.59139364761785,147.16016449927753,129.89228333333332,99.35999999999999,98.18936978992998,80.4078,54,144.95168277240919,149.38795903072696,149.63341479671183,150.9622594351412,61.6,61.6
Writes completed vda,1.2222222222222223,1,6.333333333333334,66.88888888888889,105.77777777777779,166.44444444444446,210.22222222222223,275,297.77777777777777,320,342,356.33333333333337,310.44444444444446,294,254.55555555555557,213.6081,187.27090969676775,168.0583709680298,195.49039209152505,197.11111111111111,201.11111111111114,215.22222222222223,215.8888888888889,216.77777777777777,183.98333333333335,229.80331147905318,185.15000000000003,183.62512858979855,219.4823947573031,223.22222222222223,232,227.66666666666669,229.66666666666669,204.24390472618154,230.38452989553235,171.61666666666665,212.9157642857143,231.188173835723,230,217.22222222222223,240.44444444444443,220.978725,221.8395912019551,213.8888888888889,197.02479501241538,216.1831721685006,215.11111111111114,219.55555555555557,218.77777777777777,204.44444444444446,202.210240060015,235.7190486774839,230.66666666666669,208.53828749999997,227.81295123847605,228.66666666666669,222.8888888888889,215.44444444444443,205.33333333333334,198.77777777777777,185.44444444444446,187.44444444444446,146.5142857142857,195.68840982331366,206.33333333333334,203.33333333333334,190.773,204.37631900477618,203.37665222703544,206.22222222222223,191.28130416666664,181.88937499999997,182.485625,152.17244215938302,192.2478898267437,201.68547350378515,200.88888888888889,207,204.7322817151744,205.85714285714283,205.85714285714283,121.35000000000002,203.09961254843142,202.20097821253893,203.37287408889526,203.37287408889526,208.5989251343582,211.1580351189153,158.13732485404503,177.19760543245175,202.8748874296435,216.1200667037243,200.80520833333333,175.5453886269467,196.00570124510975,214.8493942425253,193.27121785714286,170.60130952380953,217.7679067184897,212.74203622735791,217.4830612018216,216.4291072768192,216.4291072768192,223.3948011552988,224.55555555555557,182.75162844036697,206.30157539384845,208.00444691495278,180.10198616147724,198.0660220073358,180.95417916666665,130.68,129.14036678892964,107.66051999999999,74.4,190.60313228923692,186.7349487884087,208.8424794490113,208.94776305923514,102.8,102.8
Read time vda,NaN,NaN,0.0003446893787548321,0.00039820022497115827,0.0003924692252000583,0.00040059347181181626,0.0003896282698494626,0.00038986432561809745,0.00038854432688884656,0.0003860572180200818,0.00047152552375277,0.000487700885536566,0.0004885416666664039,0.0004992343032145672,0.0004997983057690186,0.0005365239294722057,0.0005258701787404571,0.0005446853516651695,0.000546192893401488,0.0004067611777570671,0.000410899182561752,0.0004040862656070002,0.00040962441314786274,0.0004129554655870109,0.0004226804123735805,0.00042949130714828115,0.00043611584327295124,0.0004361158432729512,0.00044037356321663455,0.000439149560118753,0.0004413692643843897,0.0004475683890577065,0.00044794952681332924,0.0004425493716357378,0.00044745222929783374,0.0004443099273588017,0.0004556628621599937,0.0004839203675327628,0.0004918032786857053,0.0004980694980726444,0.0005273124544806838,0.0005395918367347414,0.0005467399842861546,0.0005521669341909477,0.0005624375624394813,0.0005496866606995497,0.0005253283302041948,0.0005200803212888224,0.0005572815533985667,0.0005158817086503066,0.0005115979381407294,0.0005892255892272224,0.0005925085130501772,0.000608856088555158,0.0006093394077405655,0.0006529894490043359,0.0006800947867304784,0.0006830808080775743,0.0006904458598742427,0.0007033492823006891,0.0006467722289834368,0.0006728395061706837,0.000721780604130214,0.0006954377311941882,0.0006766169154249851,0.0006831922611790234,0.000666666666663895,0.0006680216802099402,0.0008122605363966832,0.0008191933240611151,0.0008271999999997207,0.0009278169014117301,0.00092781690141173,0.0009439163498119883,0.0008379599741785041,0.000852326365477311,0.0007987220447284345,0.0007449509521046964,0.0006876712328772705,0.0005738142952550037,0.0005738142952550037,0.0005349099099082712,0.0005329639889194096,0.0005188679245274349,0.0004996911673879593,0.0004996911673879593,0.0004838513101777501,0.0004784358826924404,0.00041546391752415293,0.0004136690647474162,0.0004270353302643109,0.00042698191933337765,0.0004320585842169874,0.0004665271966564338,0.0004895549500427169,0.0004901497241946626,0.0004987190435547064,0.0005141739980501435,0.0005640183847695446,0.0005723930982738264,0.0005573988055716706,0.0005477007549727021,0.0005477007549727021,0.0005272277227761314,0.0005200493522521633,0.0004627170582240437,0.00045240032546530254,0.0004476831091141279,0.00046666666666656854,0.0004637462235660098,0.00045671378091857365,0.00044685990337601866,0.0004468599033760185,0.00045190839693865577,0.00047654320987481854,0.00046743295019201697,0.0004740802675608159,0.0004558277654056399,0.00045778145695354595,0.0004415584415539059,0.0004415584415539059
Write time vda,0.0005454545449042184,0.0004444444429181103,0.0006666666666748361,0.0018588039867210194,0.0015262605042107298,0.0017116154873251259,0.0015496828752646398,0.0019107070707038722,0.0018145522387996282,0.0017364583333296147,0.0016721897335923348,0.001635484876830478,0.0015193271295616834,0.0015306122448935596,0.001342208642506564,0.0014277426160310537,0.0006998813760338167,0.0007067567567581727,0.0006982954545574928,0.0006899661781378417,0.0006856353591049593,0.0006830149716076191,0.000699433865155296,0.0006909277293685994,0.0006829422954915795,0.0006866537717663471,0.0006918714555753857,0.0006918714555753859,0.000679655870442045,0.0006779492284832341,0.0006829501915601765,0.0006534895070801453,0.000653604257389557,0.0007411764705904526,0.0007250361794486123,0.0007593473827317269,0.00073896863369743,0.0007283653846081088,0.0007198067632805251,0.0007212276214851624,0.0007370609981521091,0.0007487153134608826,0.0006519779669484437,0.0006561038961071618,0.000648275862067226,0.0006447300771287233,0.0006497933884305939,0.0006553643724613875,0.0006536312849218771,0.0006364130434793996,0.0006472222222105807,0.0006520509193784203,0.0006493256262033416,0.0006537007023343895,0.0006518771331055751,0.0006506316812474333,0.0006505483549462208,0.0006415678184662474,0.0006396103896107677,0.0006344326439403652,0.00063271420010923,0.0006384113811441737,0.0006427457098231263,0.0006360022714340394,0.000703284868072918,0.0007087431693941996,0.0007249999999961195,0.000717934782606671,0.000724740578913283,0.0007246767241385583,0.0007306538692222441,0.0009528301886697271,0.0009528301886697271,0.0009236700076907126,0.0008532640092510134,0.0009058073654458541,0.0008473451327469686,0.0008568840579852149,0.0008345089527946097,0.0006557945870971444,0.0006557945870971444,0.0006538936958967147,0.0006658461538430017,0.0006646509070772168,0.0006718200983671708,0.0006718200983671708,0.0006626722588374878,0.0006600000000080878,0.0006384439359264183,0.0006442244224390168,0.0006362098138730814,0.0006270576131598614,0.0006240000000023948,0.0006172028890363287,0.0006175621028409562,0.0007470253492072918,0.0007614571092844275,0.0007864406779684695,0.0007700152983219343,0.0007974163241382563,0.0008120531154221182,0.0008411322934752097,0.0008411322934752097,0.0008175037294879328,0.0007041068777737134,0.000701728024026505,0.000663030303019861,0.0006483164083318141,0.000606734434571981,0.0006127946127969646,0.0006036778693660249,0.0005831037649037735,0.0005831037649037736,0.0005484606613452306,0.0005752688171976249,0.0006410256410290331,0.0006561872909697439,0.000679255319149927,0.0006818181818265371,0.0007023346303588011,0.0007023346303588011
IO time vda,0.0018888888888694863,0.0017777777777357388,0.04055555555573341,0.08766666666674104,0.13633333333321693,0.17566666666647912,0.22733333333316197,0.27077777777756434,0.30522222222215434,0.34422222222201526,0.3807777777781464,0.3671111111111208,0.3500000000001617,0.33277777777806883,0.32300000000032014,0.27500916250028523,0.28668221703898145,0.25765165116655325,0.2712429190268908,0.2597777777777487,0.2578888888888792,0.25299999999980277,0.24866666666639503,0.24722222222206053,0.19751666666658518,0.23202578064226445,0.1822333333335337,0.18073248321208613,0.21737198711524108,0.21577777777767754,0.21555555555541006,0.2082222222221996,0.20055555555558788,0.18284692423084464,0.20071126917098187,0.13813333333346234,0.17759959285708685,0.19606535511828543,0.19900000000011966,0.19666666666671517,0.20488888888899562,0.18827478214279433,0.19562319484583882,0.19077777777783922,0.16962249593592985,0.18495053906865283,0.17933333333348855,0.17288888888894388,0.16700000000006793,0.15411111111097853,0.13626723399596957,0.1547010446765754,0.1518888888887078,0.13530766250010492,0.14495168277244153,0.14266666666662786,0.1403333333332234,0.1378888888890894,0.1367777777777519,0.13666666666661817,0.13033333333320724,0.12844444444433772,0.1012571428569832,0.13312590287813314,0.13566666666681865,0.1335555555556817,0.12173134285715607,0.13262245918062238,0.13251138509378002,0.1326666666666117,0.12300753333334669,0.13887654166666,0.13933179166666,0.1251873521849841,0.17725455353151157,0.19225824882127265,0.1993333333331167,0.20987500000001091,0.22917129526793162,0.22985714285719688,0.22985714285719688,0.14325000000026195,0.239345081864876,0.23899510893746725,0.24324710590269188,0.24324710590269188,0.2302212223472757,0.22660591242505773,0.15825794829001016,0.176963681200742,0.19909887429661843,0.21823235130625215,0.19828079999990314,0.1718569759963596,0.18977790600040514,0.21307102367429617,0.19531521428543336,0.17198925238106683,0.21643531371466115,0.21511555277925468,0.21537265355975635,0.21905476369097365,0.21905476369097365,0.22295045545409775,0.22222222222222224,0.18357545246031973,0.21492873218316583,0.21578654808214498,0.19440487578681334,0.21496054240314616,0.19633012083325652,0.15252000000007684,0.15072305435152641,0.12730212000003216,0.08733333333317811,0.20159946684423974,0.19897576817396412,0.20239946678517176,0.19832541864528044,0.08539999999993597,0.08539999999993597
mem_Used%,34.2192792006022,34.331077774727135,34.83115730520352,34.8867273259625,34.92390909008017,34.955113404380555,34.99614505143139,35.0369740730647,35.070863174147426,35.10323258459864,35.138793345376044,35.18281371733551,35.21650019300071,35.240663274041765,35.246083503960826,35.263407977160064,35.27652797294546,35.26837229988967,35.27678125471737,35.28326526807849,35.35068887576327,35.35762879631383,35.3860976674775,35.14765820739319,35.131194892218474,35.132157362951766,35.12015180696282,35.13595658953055,35.14644245488798,35.13438624254464,35.152318591996504,35.179571710654955,35.1847386588021,35.17810267637783,35.179571710654955,35.1551046914876,35.15368631356486,35.14512538967401,35.14274454101797,35.14750623833004,35.14152878851276,35.14578392228099,35.148114114582654,35.15870129264885,35.229113625242256,35.22070467041456,35.22100860854086,35.23098791035446,35.23073462858255,35.224047989803886,35.227999185445825,35.219894168744425,35.23544566954023,35.23514173141393,35.36218786820837,35.36451806051003,35.360161614033025,56.64236512492364,68.77527118879318,86.94687060239524,95.00416901796578,94.98831357904368,94.99459496698725,94.94338139270528,95.00639789755867,95.0041183616114,94.95442447796094,94.97179960751455,94.96561953227975,94.96374524716755,94.96617675217797,94.95994602058877,94.97225551470402,94.96389721623069,94.96050324048699,95.00604330307797,94.9875537337279,95.06070150945804,94.89115469133563,94.91425398893463,95.03795680633974,95.01293256727416,94.97797968274938,94.98507157236311,95.02828144265246,94.99191018020493
descriptor_used /dev/vda1,0.9953850627048888,0.9953850627048888,0.9953850372734029,0.9953850372734029,0.9953850372734029,0.9953850372734029,0.9953850372734029,0.9953850372734029,0.9953850372734029,0.9953850372734029,0.9953850372734029,0.9953850372734029,0.9953850372734029,0.9953850372734029,0.9953850372734029,0.9953850372734029,0.9953850372734029,0.9953850372734029,0.9953850372734029,0.9953850372734029,0.9953850372734029,0.9953850372734029,0.9953850372734029,0.9953850372734029,0.9953850372734029,0.9953850372734029,0.9953850372734029,0.9953850372734029,0.9953850372734029,0.9953850372734029,0.9953850372734029,0.9953850372734029,0.9953850372734029,0.9953850372734029,0.9953850372734029,0.9953850372734029,0.9953850372734029,0.9953850372734029,0.9953850372734029,0.9953850372734029,0.9953850372734029,0.9953850372734029,0.9953850372734029,0.9953850372734029,0.9953850372734029,0.9953850372734029,0.9953850372734029,0.9953850372734029,0.9953850372734029,0.9953850372734029,0.9953850372734029,0.9953850372734029,0.9953850372734029,0.9953850372734029,0.99538502455766,0.99538502455766,0.99538502455766,0.99538502455766,0.99538502455766,0.99538502455766,0.99538502455766,0.99538502455766,0.99538502455766,0.99538502455766,0.99538502455766,0.99538502455766,0.99538502455766,0.99538502455766,0.99538502455766,0.99538502455766,0.99538502455766,0.99538502455766,0.99538502455766,0.99538502455766,0.99538502455766,0.99538502455766,0.99538502455766,0.99538502455766,0.99538502455766,0.99538502455766,0.99538502455766,0.99538502455766,0.99538502455766,0.99538502455766,0.99538502455766,0.99538502455766
thread_connect,1,6,7,6,2,5,8,9,6,9,19,20,14,16,10,15,16,14,21,29,62,72,93
threads_running,1,1,2,2,1,2,2,2,1,1,8,6,1,4,2,6,7,5,1,13,36,61,55
lock_wait,180115,180117,180140,180176,180213,180232,180266,180306,180334,180374,180599,181254,181305,181359,181414,181457,181479,181548,181571,181774,182029,182745,183099
bytes_received,15559557405,15559590650,15559730116,15559894734,15560086191,15560229591,15560431831,15560610782,15560752255,15560945020,15562308890,15566089823,15566528487,15566826169,15567259083,15567558540,15567701184,15568143268,15568284673,15569322529,15569779229,15572926884,15575001303
questions,52101433,52101664,52102684,52103999,52105520,52106598,52108210,52109594,52110720,52112157,52122912,52152749,52156186,52158460,52161808,52164079,52165205,52168601,52169628,52177858,52181505,52206352,52222730
queries,55673498,55673732,55674757,55676073,55677597,55678678,55680293,55681682,55682809,55684251,55695033,55724945,55728388,55730666,55734023,55736302,55737431,55740836,55741864,55750115,55753773,55778682,55795101
abort,10518,10518,10518,10518,10518,10518,10518,10518,10518,10518,10518,10518,10518,10518,10518,10518,10518,10518,10518,10518,10518,10518,10518
mysql_global_status_threads_cached,10,5,4,10,10,6,3,4,7,4,7,5,9,2,9,7,9,4,2,4,2,8,0
select_full_range_join,0,0,0,0,0,0,0,0,0,0,0,0,0,0,0,0,0,0,0,0,0,0,0
select_full_join,51,51,51,51,51,51,51,51,51,51,51,51,51,51,51,51,51,51,51,51,51,51,51
Thread Cache Size,11,11,11,11,11,11,11,11,11,11,11,11,11,11,11,11,11,11,11,11,11,11,11
Threads Cached,10,5,4,10,10,6,3,4,7,4,7,5,9,2,9,7,9,4,2,4,2,8,0
Created Tmp Tables,157176644,157176772,157176912,157177039,157177176,157177315,157177443,157177579,157177706,157177846,157179045,157182375,157182651,157182919,157183325,157183594,157183729,157184130,157184265,157185200,157185606,157188417,157190284
Free Memory,1031832,1031832,1031832,1031832,1031832,1031832,1031832,1031832,1031832,1031832,1031832,1031832,1031832,1031832,1031832,1031832,1031832,1031832,1031832,1031832,1031832,1031832,1031832
open_files,55,55,55,57,57,57,57,57,57,57,59,70,70,70,70,70,70,70,70,71,71,75,75
innodb_num_open_files,30,30,30,30,30,30,30,30,30,30,30,30,30,30,30,30,30,30,30,30,30,30,30
Query Cache Size,1048576,1048576,1048576,1048576,1048576,1048576,1048576,1048576,1048576,1048576,1048576,1048576,1048576,1048576,1048576,1048576,1048576,1048576,1048576,1048576,1048576,1048576,1048576
table_open_cache,2000,2000,2000,2000,2000,2000,2000,2000,2000,2000,2000,2000,2000,2000,2000,2000,2000,2000,2000,2000,2000,2000,2000
process state after create,0,0,0,0,0,0,0,0,0,0,0,0,0,0,0,0,0,0,0,0,0,0,0
process state altering table,0,0,0,0,0,0,0,0,0,0,0,0,0,0,0,0,0,0,0,0,0,0,0
process state analyzing,0,0,0,0,0,0,0,0,0,0,0,0,0,0,0,0,0,0,0,0,0,0,0
process state checking permissions,0,0,0,0,0,0,0,0,0,0,0,0,0,0,0,0,0,0,0,0,0,0,0
process state checking table,0,0,0,0,0,0,0,0,0,0,0,0,0,0,0,0,0,0,0,0,0,0,0
process state cleaning up,0,0,0,0,0,0,0,0,0,0,0,0,0,0,0,0,0,0,0,0,0,0,0
process state closing tables,0,0,0,0,0,0,0,0,0,0,0,0,0,0,0,0,0,0,0,0,0,0,0
process state converting heap to myisam,0,0,0,0,0,0,0,0,0,0,0,0,0,0,0,0,0,0,0,0,0,0,0
process state copying to tmp table,0,0,0,0,0,0,0,0,0,0,0,0,0,0,0,0,0,0,0,0,0,0,0
process state creating sort index,0,0,0,0,0,0,0,0,0,0,0,0,0,0,0,0,0,0,0,0,0,0,0
process state creating table,0,0,0,0,0,0,0,0,0,0,0,0,0,0,0,0,0,0,0,0,0,0,0
process state creating tmp table,0,0,0,0,0,0,0,0,0,0,0,0,0,0,0,0,0,0,0,0,0,0,0
process state deleting,0,0,0,0,0,0,0,0,0,0,0,0,0,0,0,0,0,0,0,0,0,0,0
process state end,0,0,0,0,0,0,0,0,0,0,0,0,0,0,0,0,0,0,0,0,0,0,0
process state executing,0,0,0,0,0,0,0,0,1,0,0,0,0,0,0,0,0,0,0,0,0,0,0
process state execution of init_command,0,0,0,0,0,0,0,0,0,0,0,0,0,0,0,0,0,0,0,0,0,0,0
process state flushing tables,0,0,0,0,0,0,0,0,0,0,0,0,0,0,0,0,0,0,0,0,0,0,0
process state freeing items,0,0,0,0,0,0,0,1,0,0,0,0,0,0,0,0,0,0,0,0,0,0,0
process state fulltext initialization,0,0,0,0,0,0,0,0,0,0,0,0,0,0,0,0,0,0,0,0,0,0,0
process state idle,0,3,6,4,1,4,6,7,5,7,12,13,12,12,8,7,8,10,21,16,25,10,38
process state init,0,0,0,0,0,0,0,0,0,0,0,0,0,0,0,0,0,0,0,0,0,0,0
process state killed,0,0,0,0,0,0,0,0,0,0,0,0,0,0,0,0,0,0,0,0,0,0,0
process state logging slow query,0,0,0,0,0,0,0,0,0,0,0,0,0,0,0,0,0,0,0,0,0,0,0
process state login,0,0,0,0,0,0,0,0,0,0,0,0,0,0,0,0,0,0,0,0,0,0,0
process state manage keys,0,0,0,0,0,0,0,0,0,0,0,0,0,0,0,0,0,0,0,0,0,0,0
process state opening tables,0,1,0,0,0,0,0,0,0,0,0,0,0,0,0,0,0,0,0,0,0,0,0
process state optimizing,0,0,0,0,0,0,0,0,0,0,0,0,0,0,0,0,0,0,0,0,0,0,0
process state other,0,0,0,0,1,2,0,0,0,1,1,1,0,0,0,0,0,0,0,0,0,2,1
process state preparing,0,0,0,0,0,0,0,0,0,0,0,0,0,0,0,0,0,0,0,0,0,0,0
process state reading from net,0,0,0,0,0,0,0,0,0,0,0,0,0,0,0,0,0,0,0,0,0,0,0
process state removing duplicates,0,0,0,0,0,0,0,0,0,0,0,0,0,0,0,0,0,0,0,0,0,0,0
process state removing tmp table,0,0,0,0,0,0,0,0,0,0,0,0,0,0,0,0,0,0,0,0,0,0,0
process state reopen tables,0,0,0,0,0,0,0,0,0,0,0,0,0,0,0,0,0,0,0,0,0,0,0
process state repair by sorting,0,0,0,0,0,0,0,0,0,0,0,0,0,0,0,0,0,0,0,0,0,0,0
process state repair done,0,0,0,0,0,0,0,0,0,0,0,0,0,0,0,0,0,0,0,0,0,0,0
process state repair with keycache,0,0,0,0,0,0,0,0,0,0,0,0,0,0,0,0,0,0,0,0,0,0,0
process state replication master,0,0,0,0,0,0,0,0,0,0,0,0,0,0,0,0,0,0,0,0,0,0,0
process state rolling back,0,0,0,0,0,0,0,0,0,0,0,0,0,0,0,0,0,0,0,0,0,0,0
process state searching rows for update,0,0,0,0,0,0,0,0,0,0,0,0,0,0,0,0,0,0,0,0,0,0,0
process state sending data,0,0,0,0,0,0,0,0,0,0,0,0,0,0,0,0,0,0,0,0,0,0,0
process state sorting for group,0,0,0,0,0,0,0,0,0,0,0,0,0,0,0,0,0,0,0,0,0,0,0
process state sorting for order,0,0,0,0,0,0,0,0,0,0,0,0,0,0,0,0,0,0,0,0,0,0,0
process state sorting index,0,0,0,0,0,0,0,0,0,0,0,0,0,0,0,0,0,0,0,0,0,0,0
process state sorting result,0,0,0,0,0,0,0,0,0,0,0,0,0,0,0,0,0,0,0,0,0,0,0
process state statistics,0,0,0,0,0,0,0,0,0,0,0,0,0,0,0,0,0,0,0,0,0,0,0
process state updating,0,0,1,1,0,0,1,1,0,0,6,4,0,3,1,5,6,5,0,11,36,59,53
process state waiting for lock,0,1,0,0,0,0,0,0,0,0,0,1,0,0,0,1,0,0,0,0,2,0,0
process state waiting for table flush,0,0,0,0,0,0,0,0,0,0,0,0,0,0,0,0,0,0,0,0,0,0,0
process state waiting for tables,0,0,0,0,0,0,0,0,0,0,0,0,0,0,0,0,0,0,0,0,0,0,0
process state waiting on cond,0,0,0,0,0,0,0,0,0,0,0,0,0,0,0,0,0,0,0,0,0,0,0
process state writing to net,0,0,0,0,0,0,0,0,0,0,0,0,0,0,0,0,0,0,0,0,0,0,0
qcache_queries_in_cache,0,0,0,0,0,0,0,0,0,0,0,0,0,0,0,0,0,0,0,0,0,0,0
disk_io_now vda,0,0,0,0,0,0,0,0,0,0,0,0,0,0,0,0,0,0,0,0,0,0,0,0,0,0,0,0,0,0,0,0,0,0,0,0,0,0,0,0,0,0,0,0,0,0,0,0,0,0,0,0,0,0,0,0,0,0,0,0,0,0,0,0,0,0,0,0,0,0,0,0,0,0,0,0,0,0,0,0,0,0,0,0,0
mem_buffer,0,0,0,0,0,0,0,0,0,0,0,0,0,0,0,0,0,0,0,0,0,0,0,0,0,0,0,0,0,0,0,0,0,0,0,0,0,0,0,0,0,0,0,0,0,0,0,0,0,0,0,0,0,0,0,0,0,0,0,0,0,0,0,0,0,0,0,0,0,0,0,0,0,0,0,0,0,0,0,0,0,0,0,0,0
mem_cached,1552297984,1564598272,1576497152,1588318208,1596477440,1608630272,1616269312,1623060480,1630420992,1648328704,1652301824,1659322368,1665142784,1669885952,1682100224,1693773824,1700573184,1705062400,1709916160,1715789824,1721274368,1731538944,1746259968,1750200320,1754583040,1758715904,1763192832,1767186432,1771675648,1781547008,1786933248,1791512576,1797775360,1809379328,1816694784,1820581888,1822515200,1825759232,1829335040,1832808448,1838039040,1841344512,1842765824,1850028032,1854111744,1861738496,1865699328,1868746752,1871966208,1874804736,1879261184,1882165248,1886769152,1894744064,1897701376,1901613056,3617353728,4602982400,5641347072,5573332992,5548085248,5558808576,5562929152,5541330944,5548781568,5560627200,5565964288,5570707456,5576052736,5576155136,5581742080,5566779392,5571076096,5581242368,5575540736,5554204672,5560438784,5544816640,5551083520,5563162624,5566705664,5567885312,5573136384,5594746880,5542469632
Read bytes vda,1149813478400,1149826225664,1149837661696,1149848856064,1149856802304,1149868324352,1149875697152,1149881513472,1149888099840,1149900903936,1149903869440,1149910488576,1149915350528,1149919327744,1149930079744,1149939992064,1149946054144,1149949806080,1149953148416,1149957670400,1149962290688,1149970826752,1149983241728,1149986547200,1149990299136,1149993854464,1149997798912,1150001097216,1150004812288,1150013544960,1150018509312,1150022818304,1150028323328,1150039038464,1150045444608,1150048885248,1150050212352,1150052850176,1150055848448,1150058699264,1150063434240,1150066186752,1150067284480,1150073461248,1150077065728,1150083324416,1150086896128,1150089337344,1150092007936,1150094498304,1150098266624,1150100838912,1150104754688,1150111865856,1150114290688,1150117682176,1150119025664,1150124366848,1150125218816,1150145289216,1150167784448,1150177000448,1150197906432,1150218620416,1150224920064,1150238187008,1150240484864,1150244187648,1150248398336,1150254386688,1150259056128,1150268677632,1150272380416,1150277841408,1150297461248,1150305579520,1150310949376,1150318567936,1150323638784,1150331408896,1150334030336,1150337667584,1150342038016,1150374875648,1150383309312
