Avg Threads Running,2,2,2.1,2.6,2.8000000000000003,3.1,3.8999999999999995,4.5,4.9,5.6,6.1,6.5,7.800000000000001,7.888888888888889,8.375,8.857142857142858,8.666666666666666,8.8,9.5,9.666666666666666,11,16,51,51,51,51,51,51,51,51,51,51,45,45,45,45,45,45,45,45,45,45,62,63,62.33333333333333,68,74.2,81.33333333333334,89.28571428571429,97.25,105.33333333333333,114,128.9,145.09999999999997,163.9,182.89999999999998,202.60000000000002,221,237.5,246.88888888888889,256.5,265.7142857142857,274.8333333333333,284.6,293.5,299.6666666666667,301.5,302,129,129,103,103,103,103,103,103,103,103,77,77
Peak Threads Connected,2,2,3,7,7,7,10,10,10,10,10,10,16,16,16,16,16,16,16,16,16,16,51,51,51,51,51,51,51,51,51,51,45,45,45,45,45,45,45,45,45,45,62,64,64,85,99,117,137,153,170,192,211,226,249,275,296,301,302,302,302,302,302,302,302,302,302,302,129,129,129,129,129,129,129,129,129,129,77,77
Peak Threads Running,1,1,1,2,2,2,2,2,2,2,2,2,4,4,4,4,4,4,4,4,4,4,14,14,14,14,14,14,14,14,14,14,21,21,21,21,21,21,21,21,21,21,26,54,54,78,94,112,133,148,167,188,206,224,246,270,291,299,299,299,299,299,299,299,299,299,299,1,30,30,30,30,30,30,30,30,30,30,1,1
Questions,37.88888888888889,39.66666666666667,37.44444444444444,133.44444444444446,240,365.77777777777777,465.55555555555554,628.2222222222223,760.7777777777778,924.2222222222223,1051.4444444444446,1214.4444444444446,1239.7777777777778,1095.6406499999998,980.515857142857,890.659,738.1686000000001,616.8059000000001,461.92573333333337,345.05519999999996,184.2592,191.69082474226806,231.1219035532995,253.41478114478113,286.59718513853903,332.95291750503014,356.9396231155779,408.072900184464,461.20840181932255,474.69342251950945,422.88888888888886,411.6666666666667,411.2222222222223,418.33333333333337,414,398.55555555555554,432.2222222222223,362.662875,331.0125714285714,297.43816666666663,250.74120000000002,215.3852,169.5096,126.38039999999998,131.382,394.42194570135746,496.93577174459523,407.8,407.8,407.8,525.9471845148316,423.4333584715938,320.9195324283559
Threads Created,0,0,0,0,0,0,0,0.22222222222222224,0.4444444444444445,0.4444444444444445,0.4444444444444445,0.4444444444444445,0.7777777777777779,0.754425,0.7621999999999999,0.7725666666666666,0.5622,0.34665,0.36219999999999997,0.3933,0.4866,2.645670103092784,2.543527918781726,5.7029292929292925,7.000025188916877,8.93661971830986,11.07361809045226,12.692408280385326,14.423756273525722,16.16499442586399,17,18.333333333333336,18.11111111111111,19.555555555555557,20,18.333333333333336,16.77777777777778,14.441849999999999,12.195199999999998,10.2641,8.65788,6.35525,3.501266666666667,0.9177,0.32439999999999997,0,0,0,0,0,0,0,0
Created Tmp Disk Tables,9,9.222222222222223,9,8.88888888888889,8.88888888888889,9,9,9.222222222222223,9,9,8.88888888888889,9.11111111111111,9,7.7598,6.8598,5.9597999999999995,4.947360000000001,4.27535,3.3805333333333336,2.3598,1.2975999999999999,2.164639175257732,2.8826649746192894,3.948181818181818,4.711555415617129,5.48963782696177,6.521130653266331,7.3041217462594785,8.443174404015057,8.918617614269788,8.777777777777779,9,9,8.88888888888889,9.222222222222223,9.11111111111111,9.222222222222223,7.7598,6.968685714285714,6.180533333333333,5.17224,4.1598,3.501266666666667,2.3598,1.4598,3.675339366515837,4.630593262946204,3.8,3.8,3.8,4.900930115635998,3.945676219205631,2.990422322775264
Created Tmp Files,0,0,0,0,0,0,0,0,0,0,0,0,0,0,0,0,0,0,0,0,0,0,0,0,0,0,0,0,0,0,0,0,0,0,0,0,0,0,0,0,0,0,0,0,0,0,0,0,0,0,0,0,0
Select Full Join,0,0,0,0,0,0,0,0,0,0,0,0,0,0,0,0,0,0,0,0,0,0,0,0,0,0,0,0,0,0,0,0,0,0,0,0,0,0,0,0,0,0,0,0,0,0,0,0,0,0,0,0,0
Select Full Range Join,0,0,0,0,0,0,0,0,0,0,0,0,0,0,0,0,0,0,0,0,0,0,0,0,0,0,0,0,0,0,0,0,0,0,0,0,0,0,0,0,0,0,0,0,0,0,0,0,0,0,0,0,0
Select Range,0,0,0,0.22222222222222224,2.555555555555556,3,4.777777777777778,9.666666666666668,12.11111111111111,14.11111111111111,15.88888888888889,20.333333333333336,24.22222222222222,21.231675,21.014942857142856,19.5349,14.954520000000002,12.82605,11.2282,10.0947,6.001399999999999,4.810309278350516,6.613172588832486,8.188821548821547,9.692342569269522,13.915593561368208,14.026582914572865,17.003037507686,20.873403387703895,22.185061315496096,21.666666666666668,21.555555555555557,21,21.88888888888889,19.77777777777778,20.333333333333336,17.22222222222222,12.825225,10.670799999999998,9.050066666666666,7.196160000000001,6.0085999999999995,3.3805333333333336,1.311,0,7.350678733031674,9.261186525892407,7.6,7.6,7.6,9.801860231271997,7.891352438411262,5.980844645550528
Select Range Check,0,0,0,0,0,0,0,0,0,0,0,0,0,0,0,0,0,0,0,0,0,0,0,0,0,0,0,0,0,0,0,0,0,0,0,0,0,0,0,0,0,0,0,0,0,0,0,0,0,0,0,0,0
Select Scan,28.77777777777778,30.22222222222222,28.444444444444446,27.666666666666668,29.111111111111114,29.77777777777778,29.888888888888893,30,29.666666666666668,28.888888888888893,28,30.333333333333336,29.22222222222222,24.5727,21.777142857142856,18.76233333333333,15.516720000000001,13.28825,10.986733333333333,8.1282,2.9196,7.696494845360826,9.326269035532995,11.552087542087541,15.076977329974813,16.979577464788733,20.916834170854273,23.229501947120312,27.44031681304894,28.42809364548495,27.888888888888893,28.666666666666668,29.444444444444446,29.333333333333336,30.666666666666668,29.111111111111114,30.22222222222222,25.003800000000002,22.974885714285712,20.1971,17.20332,14.097100000000001,10.866,7.472700000000001,5.514799999999999,11.799773755656108,14.866641528406234,12.2,12.2,12.2,15.73456510809452,12.667697335344396,9.600829562594267
Sort Rows,49,54.44444444444444,49,43.55555555555556,43.55555555555556,54.44444444444444,49,54.44444444444444,49,49,43.55555555555556,54.44444444444444,49,42.2478,32.0124,32.447799999999994,22.038240000000002,22.6478,17.7478,12.847800000000001,0,12.02577319587629,16.95685279187817,21.934343434343432,26.923173803526453,25.533199195171026,30.76005025125628,35.921910227505634,46.90652446675033,50.16722408026756,44.44444444444444,44.44444444444444,50,44.44444444444444,55.55555555555556,55.55555555555556,55.55555555555556,43.11,38.11,38.62833333333333,33.732,23.11,24.14666666666667,13.11,8.11,29.015837104072396,36.557315233785815,30,30,30,38.691553544494724,31.1500754147813,23.608597285067873
Sort Range,0,0,0,0,0,0,0,0,0,0,0,0,0,0,0,0,0,0,0,0,0,0,0,0,0,0,0,0,0,0,0,0,0,0,0,0,0,0,0,0,0,0,0,0,0,0,0,0,0,0,0,0,0
Sort Merge Passes,0,0,0,0,0,0,0,0,0,0,0,0,0,0,0,0,0,0,0,0,0,0,0,0,0,0,0,0,0,0,0,0,0,0,0,0,0,0,0,0,0,0,0,0,0,0,0,0,0,0,0,0,0
opened_tables,0,0,0,0,0,0,0,0.11111111111111112,0.11111111111111112,0.11111111111111112,0.11111111111111112,0.11111111111111112,0.11111111111111112,0.107775,0.10888571428571428,0.11036666666666665,0,0,0,0,0,0,0,0,0,0,0,0,0,0,0,0,0,0,0,0,1.5555555555555558,1.50885,1.5243999999999998,1.5451333333333332,1.5741600000000002,1.6177,1.6902666666666668,1.8354,2.2708,0,0,0,0,0,0,0,0
table_open_cache_hits,277.11111111111114,280.33333333333337,276,462.44444444444446,668,910.7777777777777,1103.7777777777778,1420.111111111111,1677.6666666666667,1998.1111111111113,2244.777777777778,2562.4444444444443,2615.3333333333335,2308.75605,2065.779771428571,1871.8186666666666,1555.1576400000001,1299.0131,975.1631333333332,728.9159999999999,395.93019999999996,402.14185567010315,491.748730964467,553.7690572390572,635.5215176322419,744.8034205231388,808.128040201005,924.9891883582701,1046.250028230866,1085.284280936455,989.8888888888889,970.4444444444446,969.1111111111111,984,972.4444444444446,950.7777777777777,1059.5555555555557,898.7357249999999,819.4738857142856,737.2493333333333,632.69988,549.0935999999999,444.78159999999997,350.6925,346.45919999999995,827.7251131221719,1042.8583459024635,855.8,855.8,855.8,1103.741050779286,888.6078179989945,673.4745852187028
table_open_cache_misses,0,0,0,0,0,0,0,0.11111111111111112,0.11111111111111112,0.11111111111111112,0.11111111111111112,0.11111111111111112,0.11111111111111112,0.107775,0.10888571428571428,0.11036666666666665,0,0,0,0,0,0,0,0,0,0,0,0,0,0,0,0,0,0,0,0,1.5555555555555558,1.50885,1.5243999999999998,1.5451333333333332,1.5741600000000002,1.6177,1.6902666666666668,1.8354,2.2708,0,0,0,0,0,0,0,0
table_open_cache_overflows,0,0,0,0,0,0,0,0,0,0,0,0,0,0,0,0,0,0,0,0,0,0,0,0,0,0,0,0,0,0,0,0,0,0,0,0,0.11111111111111112,0.107775,0.10888571428571428,0.11036666666666665,0.11244000000000001,0.11555,0.12073333333333333,0.1311,0.16219999999999998,0,0,0,0,0,0,0,0
Sort Scan,1,1.1111111111111112,1,0.888888888888889,0.888888888888889,1.1111111111111112,1,1.1111111111111112,1,1,0.888888888888889,1.1111111111111112,1,0.8622,0.6533142857142856,0.6622,0.44976000000000005,0.4622,0.36219999999999997,0.2622,0,0.24051546391752582,0.33913705583756343,0.4386868686868686,0.538463476070529,0.5106639839034205,0.6152010050251256,0.7184382045501128,0.9381304893350064,1.0033444816053512,0.888888888888889,0.888888888888889,1,0.888888888888889,1.1111111111111112,1.1111111111111112,1.1111111111111112,0.8622,0.7621999999999999,0.7725666666666666,0.67464,0.4622,0.4829333333333333,0.2622,0.16219999999999998,0.5803167420814479,0.7311463046757163,0.6,0.6,0.6,0.7738310708898946,0.6230015082956261,0.47217194570135745
Slow Queries,2.555555555555556,2.7777777777777777,2.3333333333333335,3.666666666666667,5.222222222222222,7.111111111111112,8.444444444444445,9.777777777777779,10.88888888888889,12.11111111111111,13.88888888888889,16.11111111111111,16.11111111111111,13.7952,11.868542857142856,10.5952,9.10764,7.97295,6.640333333333333,4.7196,2.433,1.9241237113402065,3.391370558375635,4.533097643097642,5.788482367758187,6.7662977867203224,8.489773869346735,10.417353965976634,12.664761606022587,12.820512820512821,13.444444444444446,13.333333333333334,13.555555555555557,13.333333333333334,13.777777777777777,13.11111111111111,11.777777777777779,9.160875,8.493085714285714,7.063466666666666,5.95932,4.622,3.622,2.0976,0.9732,8.70475113122172,10.967194570135746,9,9,9,11.607466063348417,9.345022624434389,7.082579185520362
Aborted Connects (attempts),0,0,0,0,0,0,0,0,0,0,0,0,0,0,0,0,0,0,0,0,0,0,0,0,0,0,0,0,0,0,0,0,0,0,0,3.444444444444444,7,6.789825,6.8598,6.953099999999999,7.083720000000001,7.279649999999999,7.606199999999999,8.2593,5.1903999999999995,0,0,0,0,0,0,0,0
Aborted Clients (timeout),0,0,0,0,0,0,0,0,0,0,0,0,0,0,0,0,0,0,0,0,0,0,0,0,0,0,0,0,0,0,0,0,0,0,0,3.444444444444444,7,6.789825,6.8598,6.953099999999999,7.083720000000001,7.279649999999999,7.606199999999999,8.2593,5.1903999999999995,0,0,0,0,0,0,0,0
Table Locks Immediate,56.11111111111111,59.22222222222223,55.11111111111111,155.55555555555557,267.6666666666667,399.2222222222223,502.2222222222223,667,802.8888888888889,964.6666666666667,1095.5555555555557,1262.888888888889,1286.2222222222222,1133.900775,1011.8749428571427,917.3677333333333,760.9939200000001,634.9472499999999,480.39793333333336,357.3786,191.396,205.40020618556704,252.65710659898477,281.9294276094276,321.8665428211587,373.5507042253521,405.5405025125628,463.6321213363394,524.6494761606024,541.2486064659977,490.55555555555554,478.88888888888886,478.88888888888886,487.44444444444446,484.33333333333337,467.7777777777778,496.7777777777778,416.98147499999993,379.7933714285714,339.26713333333333,285.93492000000003,243.23274999999998,188.94766666666666,138.7038,135.76139999999998,414.1527149321267,521.7947461035695,428.2,428.2,428.2,552.2574409250881,444.61540975364505,336.97337858220214
Table Locks Waited,0,0,0,1.3333333333333335,2.4444444444444446,4.222222222222222,6.222222222222223,10.555555555555555,12.666666666666668,20,21.77777777777778,25.77777777777778,27,25.111575,23.6282,21.962966666666667,17.9904,16.29255,9.055,7.734899999999999,3.7306,2.8861855670103096,3.052233502538071,3.363265993265993,3.6346284634760706,3.957645875251509,4.429447236180905,4.9093277310924375,5.980581869510666,5.68561872909699,4.555555555555555,4.444444444444445,4.333333333333334,4.111111111111112,4.444444444444445,4,7,5.7120750000000005,5.770942857142857,5.628699999999999,5.17224,4.8530999999999995,4.8293333333333335,4.3263,5.1903999999999995,8.51131221719457,10.72347913524384,8.8,8.8,8.8,11.349522373051785,9.137355455002515,6.925188536953243
bytes_received_rate,12377.666666666668,12875.111111111113,12287.222222222223,23886.111111111113,37482.333333333336,53427.88888888889,65513.222222222226,85302.44444444445,101609.88888888889,122131.11111111112,137654.55555555556,158049,160263.22222222222,141262.4169,126081.16405714284,114350.90333333332,95027.54160000001,79443.6293,59093.53366666667,43792.1196,22837.2734,26355.925051546394,31241.475152284263,34095.76703703703,38755.50484256927,44009.40513078471,48099.490577889446,54412.11481861037,61425.50098494355,63046.3768115942,55960.11111111111,54968.55555555556,55399.88888888889,55976.333333333336,56468,54313.222222222226,54848.55555555556,45723.004875,41652.16117142857,36954.62283333333,30257.491560000002,24992.425049999998,18879.433533333337,12470.4942,11080.368599999998,50110.54411764706,63134.727124182995,51810.2,51810.2,51810.2,66820.57091503267,53796.387908496734,40772.20490196078
bytes_sent_rate,152290.44444444444,167191.33333333334,146090.8888888889,170527,199648.55555555556,239019.8888888889,256580.55555555556,291064.44444444444,313961.55555555556,345257.3333333334,364400.22222222225,414115,402872.8888888889,352357.537275,305295.9434285714,275994.03369999997,226769.89152,193801.6155,148836.06913333334,106624.6788,47530.6014,70303.63216494847,97245.5159390863,116451.18404040404,145031.50265113352,160694.08279678068,194765.5018592965,220354.217292478,256821.31283092854,262545.2619843924,259880.44444444444,256571.33333333334,261761.22222222225,263132.55555555556,274677.8888888889,255613.44444444444,276629.8888888889,230625.24367499998,215040.0304285714,187481.84326666666,162736.21104000002,136087.04815,106774.14533333333,78546.99179999999,72419.5426,147064.2556561086,185287.58396178982,152052.4,152052.4,152052.4,196104.78587229765,157881.45756661642,119658.12926093515
qcache_hits,0,0,0,0,0,0,0,0,0,0,0,0,0,0,0,0,0,0,0,0,0,0,0,0,0,0,0,0,0,0,0,0,0,0,0,0,0,0,0,0,0,0,0,0,0,0,0,0,0,0,0,0,0
qcache_inserts,0,0,0,0,0,0,0,0,0,0,0,0,0,0,0,0,0,0,0,0,0,0,0,0,0,0,0,0,0,0,0,0,0,0,0,0,0,0,0,0,0,0,0,0,0,0,0,0,0,0,0,0,0
qcache_not_cached,26.888888888888893,28.333333333333336,26.666666666666668,69.22222222222223,114.88888888888889,169.88888888888889,213.77777777777777,284.8888888888889,342.55555555555554,416.33333333333337,471.55555555555554,544.6666666666667,556.1111111111111,492.85507500000006,441.64045714285714,401.1828333333333,333.49704,279.97765,208.86866666666668,156.92669999999998,84.1818,59.407319587628876,67.99697969543146,76.4777441077441,88.84647355163727,106.60110663983903,115.16562814070353,133.15054724328758,153.97066656210794,159.19732441471572,145,145.33333333333334,145.33333333333334,148.22222222222223,146.11111111111111,141.33333333333334,243.44444444444443,214.47224999999997,204.16071428571428,193.25203333333332,179.22936,170.0896,158.03993333333332,151.1583,177.60899999999998,157.84615384615387,198.87179487179486,163.2,163.2,163.2,210.48205128205132,169.45641025641027,128.43076923076924
qcache_lowmem_prunes,0,0,0,0,0,0,0,0,0,0,0,0,0,0,0,0,0,0,0,0,0,0,0,0,0,0,0,0,0,0,0,0,0,0,0,0,0,0,0,0,0,0,0,0,0,0,0,0,0,0,0,0,0
com admin_commands,1,1,1,1,1,1,1,1,1,1,1,1,1,0.8622,0.7621999999999999,0.6622,0.5622,0.4622,0.36219999999999997,0.2622,0.16219999999999998,0.24051546391752582,0.33913705583756343,0.4386868686868686,0.538463476070529,0.6383299798792756,0.7382412060301509,0.8381779053084648,0.9381304893350064,1.0033444816053512,1,1,1,1,1,1,1,0.8622,0.7621999999999999,0.6622,0.5622,0.4622,0.36219999999999997,0.2622,0.16219999999999998,0.38687782805429866,0.4874308697838109,0.4,0.4,0.4,0.515887380593263,0.41533433886375065,0.3147812971342383
com alter_db,0,0,0,0,0,0,0,0,0,0,0,0,0,0,0,0,0,0,0,0,0,0,0,0,0,0,0,0,0,0,0,0,0,0,0,0,0,0,0,0,0,0,0,0,0,0,0,0,0,0,0,0,0
com alter_db_upgrade,0,0,0,0,0,0,0,0,0,0,0,0,0,0,0,0,0,0,0,0,0,0,0,0,0,0,0,0,0,0,0,0,0,0,0,0,0,0,0,0,0,0,0,0,0,0,0,0,0,0,0,0,0
com alter_event,0,0,0,0,0,0,0,0,0,0,0,0,0,0,0,0,0,0,0,0,0,0,0,0,0,0,0,0,0,0,0,0,0,0,0,0,0,0,0,0,0,0,0,0,0,0,0,0,0,0,0,0,0
com alter_function,0,0,0,0,0,0,0,0,0,0,0,0,0,0,0,0,0,0,0,0,0,0,0,0,0,0,0,0,0,0,0,0,0,0,0,0,0,0,0,0,0,0,0,0,0,0,0,0,0,0,0,0,0
com alter_instance,0,0,0,0,0,0,0,0,0,0,0,0,0,0,0,0,0,0,0,0,0,0,0,0,0,0,0,0,0,0,0,0,0,0,0,0,0,0,0,0,0,0,0,0,0,0,0,0,0,0,0,0,0
com alter_procedure,0,0,0,0,0,0,0,0,0,0,0,0,0,0,0,0,0,0,0,0,0,0,0,0,0,0,0,0,0,0,0,0,0,0,0,0,0,0,0,0,0,0,0,0,0,0,0,0,0,0,0,0,0
com alter_server,0,0,0,0,0,0,0,0,0,0,0,0,0,0,0,0,0,0,0,0,0,0,0,0,0,0,0,0,0,0,0,0,0,0,0,0,0,0,0,0,0,0,0,0,0,0,0,0,0,0,0,0,0
com alter_table,0,0,0,0,0,0,0,0,0,0,0,0,0,0,0,0,0,0,0,0,0,0,0,0,0,0,0,0,0,0,0,0,0,0,0,0,0,0,0,0,0,0,0,0,0,0,0,0,0,0,0,0,0
com alter_tablespace,0,0,0,0,0,0,0,0,0,0,0,0,0,0,0,0,0,0,0,0,0,0,0,0,0,0,0,0,0,0,0,0,0,0,0,0,0,0,0,0,0,0,0,0,0,0,0,0,0,0,0,0,0
com alter_user,0,0,0,0,0,0,0,0,0,0,0,0,0,0,0,0,0,0,0,0,0,0,0,0,0,0,0,0,0,0,0,0,0,0,0,0,0,0,0,0,0,0,0,0,0,0,0,0,0,0,0,0,0
com analyze,0,0,0,0,0,0,0,0,0,0,0,0,0,0,0,0,0,0,0,0,0,0,0,0,0,0,0,0,0,0,0,0,0,0,0,0,0,0,0,0,0,0,0,0,0,0,0,0,0,0,0,0,0
com assign_to_keycache,0,0,0,0,0,0,0,0,0,0,0,0,0,0,0,0,0,0,0,0,0,0,0,0,0,0,0,0,0,0,0,0,0,0,0,0,0,0,0,0,0,0,0,0,0,0,0,0,0,0,0,0,0
com begin,0,0,0,0,0,0,0,0,0,0,0,0,0,0,0,0,0,0,0,0,0,0,0,0,0,0,0,0,0,0,0,0,0,0,0,0,0,0,0,0,0,0,0,0,0,0,0,0,0,0,0,0,0
com binlog,0,0,0,0,0,0,0,0,0,0,0,0,0,0,0,0,0,0,0,0,0,0,0,0,0,0,0,0,0,0,0,0,0,0,0,0,0,0,0,0,0,0,0,0,0,0,0,0,0,0,0,0,0
com call_procedure,0,0,0,0,0,0,0,0,0,0,0,0,0,0,0,0,0,0,0,0,0,0,0,0,0,0,0,0,0,0,0,0,0,0,0,0,0,0,0,0,0,0,0,0,0,0,0,0,0,0,0,0,0
com change_db,0,0,0,0,0,0,0,0,0,0,0,0,0,0,0,0,0,0,0,0,0,0,0,0,0,0,0,0,0,0,0,0,0,0,0,0,0,0,0,0,0,0,0,0,0,0,0,0,0,0,0,0,0
com change_master,0,0,0,0,0,0,0,0,0,0,0,0,0,0,0,0,0,0,0,0,0,0,0,0,0,0,0,0,0,0,0,0,0,0,0,0,0,0,0,0,0,0,0,0,0,0,0,0,0,0,0,0,0
com change_repl_filter,0,0,0,0,0,0,0,0,0,0,0,0,0,0,0,0,0,0,0,0,0,0,0,0,0,0,0,0,0,0,0,0,0,0,0,0,0,0,0,0,0,0,0,0,0,0,0,0,0,0,0,0,0
com check,0,0,0,0,0,0,0,0,0,0,0,0,0,0,0,0,0,0,0,0,0,0,0,0,0,0,0,0,0,0,0,0,0,0,0,0,0,0,0,0,0,0,0,0,0,0,0,0,0,0,0,0,0
com checksum,0,0,0,0,0,0,0,0,0,0,0,0,0,0,0,0,0,0,0,0,0,0,0,0,0,0,0,0,0,0,0,0,0,0,0,0,0,0,0,0,0,0,0,0,0,0,0,0,0,0,0,0,0
com commit,0,0,0,3.666666666666667,8.222222222222223,13.333333333333334,17.11111111111111,21.77777777777778,26.444444444444446,30.77777777777778,35.44444444444444,40.22222222222222,39.77777777777778,34.164675,29.50802857142857,26.156899999999997,21.925800000000002,17.67915,13.7636,9.4392,4.703799999999999,10.582680412371136,16.448147208121828,17.547474747474745,19.653916876574307,21.44788732394366,23.500678391959802,26.462473867595815,28.964778858218324,29.096989966555185,26.444444444444446,24.22222222222222,24.22222222222222,24,24.333333333333336,22.444444444444446,19.22222222222222,15.842925,14.481799999999998,12.361066666666666,8.882760000000001,6.4708,3.8634666666666666,0.9177,0.16219999999999998,21.084841628959275,26.56498240321769,21.8,21.8,21.8,28.11586224233283,22.63572146807441,17.155580693815985
com create_compression_dictionary,0,0,0,0,0,0,0,0,0,0,0,0,0,0,0,0,0,0,0,0,0,0,0,0,0,0,0,0,0,0,0,0,0,0,0,0,0,0,0,0,0,0,0,0,0,0,0,0,0,0,0,0,0
com create_db,0,0,0,0,0,0,0,0,0,0,0,0,0,0,0,0,0,0,0,0,0,0,0,0,0,0,0,0,0,0,0,0,0,0,0,0,0,0,0,0,0,0,0,0,0,0,0,0,0,0,0,0,0
com create_event,0,0,0,0,0,0,0,0,0,0,0,0,0,0,0,0,0,0,0,0,0,0,0,0,0,0,0,0,0,0,0,0,0,0,0,0,0,0,0,0,0,0,0,0,0,0,0,0,0,0,0,0,0
com create_function,0,0,0,0,0,0,0,0,0,0,0,0,0,0,0,0,0,0,0,0,0,0,0,0,0,0,0,0,0,0,0,0,0,0,0,0,0,0,0,0,0,0,0,0,0,0,0,0,0,0,0,0,0
com create_index,0,0,0,0,0,0,0,0,0,0,0,0,0,0,0,0,0,0,0,0,0,0,0,0,0,0,0,0,0,0,0,0,0,0,0,0,0,0,0,0,0,0,0,0,0,0,0,0,0,0,0,0,0
com create_procedure,0,0,0,0,0,0,0,0,0,0,0,0,0,0,0,0,0,0,0,0,0,0,0,0,0,0,0,0,0,0,0,0,0,0,0,0,0,0,0,0,0,0,0,0,0,0,0,0,0,0,0,0,0
com create_server,0,0,0,0,0,0,0,0,0,0,0,0,0,0,0,0,0,0,0,0,0,0,0,0,0,0,0,0,0,0,0,0,0,0,0,0,0,0,0,0,0,0,0,0,0,0,0,0,0,0,0,0,0
com create_table,0,0,0,0,0,0,0,0,0,0,0,0,0,0,0,0,0,0,0,0,0,0,0,0,0,0,0,0,0,0,0,0,0,0,0,0,0,0,0,0,0,0,0,0,0,0,0,0,0,0,0,0,0
com create_trigger,0,0,0,0,0,0,0,0,0,0,0,0,0,0,0,0,0,0,0,0,0,0,0,0,0,0,0,0,0,0,0,0,0,0,0,0,0,0,0,0,0,0,0,0,0,0,0,0,0,0,0,0,0
com create_udf,0,0,0,0,0,0,0,0,0,0,0,0,0,0,0,0,0,0,0,0,0,0,0,0,0,0,0,0,0,0,0,0,0,0,0,0,0,0,0,0,0,0,0,0,0,0,0,0,0,0,0,0,0
com create_user,0,0,0,0,0,0,0,0,0,0,0,0,0,0,0,0,0,0,0,0,0,0,0,0,0,0,0,0,0,0,0,0,0,0,0,0,0,0,0,0,0,0,0,0,0,0,0,0,0,0,0,0,0
com create_view,0,0,0,0,0,0,0,0,0,0,0,0,0,0,0,0,0,0,0,0,0,0,0,0,0,0,0,0,0,0,0,0,0,0,0,0,0,0,0,0,0,0,0,0,0,0,0,0,0,0,0,0,0
com dealloc_sql,0,0,0,0,0,0,0,0,0,0,0,0,0,0,0,0,0,0,0,0,0,0,0,0,0,0,0,0,0,0,0,0,0,0,0,0,0,0,0,0,0,0,0,0,0,0,0,0,0,0,0,0,0
com delete,0,0,0,0,2.2222222222222223,2.3333333333333335,4.111111111111112,8.88888888888889,11.11111111111111,12.777777777777779,14.444444444444446,18.555555555555557,22,19.18395,19.272771428571424,17.769033333333333,13.26792,11.3239,10.020866666666667,8.9148,5.0282,5.050824742268042,6.274035532994924,7.3114478114478105,8.3461838790932,12.255935613682093,11.934899497487438,14.488503791760607,18.05901191969887,19.39799331103679,18.444444444444446,18.22222222222222,17.88888888888889,19.11111111111111,17.22222222222222,18.22222222222222,15.555555555555557,11.531925,9.473057142857142,8.167133333333332,6.7463999999999995,5.7775,3.2598,1.311,0,5.80316742081448,7.311463046757164,6,6,6,7.738310708898945,6.2300150829562595,4.721719457013575
com delete_multi,0,0,0,0,0,0,0,0,0,0,0,0,0,0,0,0,0,0,0,0,0,0,0,0,0,0,0,0,0,0,0,0,0,0,0,0,0,0,0,0,0,0,0,0,0,0,0,0,0,0,0,0,0
com do,0,0,0,0,0,0,0,0,0,0,0,0,0,0,0,0,0,0,0,0,0,0,0,0,0,0,0,0,0,0,0,0,0,0,0,0,0,0,0,0,0,0,0,0,0,0,0,0,0,0,0,0,0
com drop_compression_dictionary,0,0,0,0,0,0,0,0,0,0,0,0,0,0,0,0,0,0,0,0,0,0,0,0,0,0,0,0,0,0,0,0,0,0,0,0,0,0,0,0,0,0,0,0,0,0,0,0,0,0,0,0,0
com drop_db,0,0,0,0,0,0,0,0,0,0,0,0,0,0,0,0,0,0,0,0,0,0,0,0,0,0,0,0,0,0,0,0,0,0,0,0,0,0,0,0,0,0,0,0,0,0,0,0,0,0,0,0,0
com drop_event,0,0,0,0,0,0,0,0,0,0,0,0,0,0,0,0,0,0,0,0,0,0,0,0,0,0,0,0,0,0,0,0,0,0,0,0,0,0,0,0,0,0,0,0,0,0,0,0,0,0,0,0,0
com drop_function,0,0,0,0,0,0,0,0,0,0,0,0,0,0,0,0,0,0,0,0,0,0,0,0,0,0,0,0,0,0,0,0,0,0,0,0,0,0,0,0,0,0,0,0,0,0,0,0,0,0,0,0,0
com drop_index,0,0,0,0,0,0,0,0,0,0,0,0,0,0,0,0,0,0,0,0,0,0,0,0,0,0,0,0,0,0,0,0,0,0,0,0,0,0,0,0,0,0,0,0,0,0,0,0,0,0,0,0,0
com drop_procedure,0,0,0,0,0,0,0,0,0,0,0,0,0,0,0,0,0,0,0,0,0,0,0,0,0,0,0,0,0,0,0,0,0,0,0,0,0,0,0,0,0,0,0,0,0,0,0,0,0,0,0,0,0
com drop_server,0,0,0,0,0,0,0,0,0,0,0,0,0,0,0,0,0,0,0,0,0,0,0,0,0,0,0,0,0,0,0,0,0,0,0,0,0,0,0,0,0,0,0,0,0,0,0,0,0,0,0,0,0
com drop_table,0,0,0,0,0,0,0,0,0,0,0,0,0,0,0,0,0,0,0,0,0,0,0,0,0,0,0,0,0,0,0,0,0,0,0,0,0,0,0,0,0,0,0,0,0,0,0,0,0,0,0,0,0
com drop_trigger,0,0,0,0,0,0,0,0,0,0,0,0,0,0,0,0,0,0,0,0,0,0,0,0,0,0,0,0,0,0,0,0,0,0,0,0,0,0,0,0,0,0,0,0,0,0,0,0,0,0,0,0,0
com drop_user,0,0,0,0,0,0,0,0,0,0,0,0,0,0,0,0,0,0,0,0,0,0,0,0,0,0,0,0,0,0,0,0,0,0,0,0,0,0,0,0,0,0,0,0,0,0,0,0,0,0,0,0,0
com drop_view,0,0,0,0,0,0,0,0,0,0,0,0,0,0,0,0,0,0,0,0,0,0,0,0,0,0,0,0,0,0,0,0,0,0,0,0,0,0,0,0,0,0,0,0,0,0,0,0,0,0,0,0,0
com empty_query,0,0,0,0,0,0,0,0,0,0,0,0,0,0,0,0,0,0,0,0,0,0,0,0,0,0,0,0,0,0,0,0,0,0,0,0,0,0,0,0,0,0,0,0,0,0,0,0,0,0,0,0,0
com execute_sql,0,0,0,0,0,0,0,0,0,0,0,0,0,0,0,0,0,0,0,0,0,0,0,0,0,0,0,0,0,0,0,0,0,0,0,0,0,0,0,0,0,0,0,0,0,0,0,0,0,0,0,0,0
com explain_other,0,0,0,0,0,0,0,0,0,0,0,0,0,0,0,0,0,0,0,0,0,0,0,0,0,0,0,0,0,0,0,0,0,0,0,0,0,0,0,0,0,0,0,0,0,0,0,0,0,0,0,0,0
com flush,0,0,0,0,0,0,0,0,0,0,0,0,0,0,0,0,0,0,0,0,0,0,0,0,0,0,0,0,0,0,0,0,0,0,0,0,0,0,0,0,0,0,0,0,0,0,0,0,0,0,0,0,0
com get_diagnostics,0,0,0,0,0,0,0,0,0,0,0,0,0,0,0,0,0,0,0,0,0,0,0,0,0,0,0,0,0,0,0,0,0,0,0,0,0,0,0,0,0,0,0,0,0,0,0,0,0,0,0,0,0
com grant,0,0,0,0,0,0,0,0,0,0,0,0,0,0,0,0,0,0,0,0,0,0,0,0,0,0,0,0,0,0,0,0,0,0,0,0,0,0,0,0,0,0,0,0,0,0,0,0,0,0,0,0,0
com group_replication_start,0,0,0,0,0,0,0,0,0,0,0,0,0,0,0,0,0,0,0,0,0,0,0,0,0,0,0,0,0,0,0,0,0,0,0,0,0,0,0,0,0,0,0,0,0,0,0,0,0,0,0,0,0
com group_replication_stop,0,0,0,0,0,0,0,0,0,0,0,0,0,0,0,0,0,0,0,0,0,0,0,0,0,0,0,0,0,0,0,0,0,0,0,0,0,0,0,0,0,0,0,0,0,0,0,0,0,0,0,0,0
com ha_close,0,0,0,0,0,0,0,0,0,0,0,0,0,0,0,0,0,0,0,0,0,0,0,0,0,0,0,0,0,0,0,0,0,0,0,0,0,0,0,0,0,0,0,0,0,0,0,0,0,0,0,0,0
com ha_open,0,0,0,0,0,0,0,0,0,0,0,0,0,0,0,0,0,0,0,0,0,0,0,0,0,0,0,0,0,0,0,0,0,0,0,0,0,0,0,0,0,0,0,0,0,0,0,0,0,0,0,0,0
com ha_read,0,0,0,0,0,0,0,0,0,0,0,0,0,0,0,0,0,0,0,0,0,0,0,0,0,0,0,0,0,0,0,0,0,0,0,0,0,0,0,0,0,0,0,0,0,0,0,0,0,0,0,0,0
com help,0,0,0,0,0,0,0,0,0,0,0,0,0,0,0,0,0,0,0,0,0,0,0,0,0,0,0,0,0,0,0,0,0,0,0,0,0,0,0,0,0,0,0,0,0,0,0,0,0,0,0,0,0
com insert,0,0,0,19.11111111111111,37.22222222222222,62.333333333333336,79.88888888888889,107.11111111111111,132.77777777777777,167.77777777777777,192,221.11111111111114,222.44444444444443,198.198225,175.6326571428571,160.5835,136.0524,113.12345,80.16693333333333,58.470600000000005,29.8448,28.62134020618557,28.31794416243655,26.75989898989899,27.596253148614615,28.086519114688127,29.037487437185927,31.371801598688258,32.60003450439147,31.995540691192865,20.333333333333336,17.88888888888889,18.22222222222222,17.88888888888889,18.555555555555557,17.22222222222222,14.333333333333334,12.178574999999999,11.324114285714284,9.822633333333332,7.083720000000001,5.0842,3.0183333333333335,0.5244,0,65.57579185520362,82.61953242835595,67.8,67.8,67.8,87.44291101055808,70.39917043740573,53.355429864253395
com insert_select,0,0,0,0,0,0,0,0,0,0,0,0,0,0,0,0,0,0,0,0,0,0,0,0,0,0,0,0,0,0,0,0,0,0,0,0,0,0,0,0,0,0,0,0,0,0,0,0,0,0,0,0,0
com install_plugin,0,0,0,0,0,0,0,0,0,0,0,0,0,0,0,0,0,0,0,0,0,0,0,0,0,0,0,0,0,0,0,0,0,0,0,0,0,0,0,0,0,0,0,0,0,0,0,0,0,0,0,0,0
com kill,0,0,0,0,0,0,0,0,0,0,0,0,0,0,0,0,0,0,0,0,0,0,0,0,0,0,0,0,0,0,0,0,0,0,0,0,0,0,0,0,0,0,0,0,0,0,0,0,0,0,0,0,0
com load,0,0,0,0,0,0,0,0,0,0,0,0,0,0,0,0,0,0,0,0,0,0,0,0,0,0,0,0,0,0,0,0,0,0,0,0,0,0,0,0,0,0,0,0,0,0,0,0,0,0,0,0,0
com lock_binlog_for_backup,0,0,0,0,0,0,0,0,0,0,0,0,0,0,0,0,0,0,0,0,0,0,0,0,0,0,0,0,0,0,0,0,0,0,0,0,0,0,0,0,0,0,0,0,0,0,0,0,0,0,0,0,0
com lock_tables,0,0,0,0,0,0,0,0,0,0,0,0,0,0,0,0,0,0,0,0,0,0.7215463917525774,0.5087055837563452,0.4386868686868686,0.4038476070528968,0.3829979879275654,0.36912060301507543,0.3592191022750564,0.3517989335006274,0.33444816053511706,0,0,0,0,0,0,0,0,0,0,0,0,0,0,0,0,0,0,0,0,0,0,0
com lock_tables_for_backup,0,0,0,0,0,0,0,0,0,0,0,0,0,0,0,0,0,0,0,0,0,0,0,0,0,0,0,0,0,0,0,0,0,0,0,0,0,0,0,0,0,0,0,0,0,0,0,0,0,0,0,0,0
com optimize,0,0,0,0,0,0,0,0,0,0,0,0,0,0,0,0,0,0,0,0,0,0,0,0,0,0,0,0,0,0,0,0,0,0,0,0,0,0,0,0,0,0,0,0,0,0,0,0,0,0,0,0,0
com preload_keys,0,0,0,0,0,0,0,0,0,0,0,0,0,0,0,0,0,0,0,0,0,0,0,0,0,0,0,0,0,0,0,0,0,0,0,0,0,0,0,0,0,0,0,0,0,0,0,0,0,0,0,0,0
com prepare_sql,0,0,0,0,0,0,0,0,0,0,0,0,0,0,0,0,0,0,0,0,0,0,0,0,0,0,0,0,0,0,0,0,0,0,0,0,0,0,0,0,0,0,0,0,0,0,0,0,0,0,0,0,0
com purge,0,0,0,0,0,0,0,0,0,0,0,0,0,0,0,0,0,0,0,0,0,0,0,0,0,0,0,0,0,0,0,0,0,0,0,0,0,0,0,0,0,0,0,0,0,0,0,0,0,0,0,0,0
com purge_before_date,0,0,0,0,0,0,0,0,0,0,0,0,0,0,0,0,0,0,0,0,0,0,0,0,0,0,0,0,0,0,0,0,0,0,0,0,0,0,0,0,0,0,0,0,0,0,0,0,0,0,0,0,0
com release_savepoint,0,0,0,0,0,0,0,0,0,0,0,0,0,0,0,0,0,0,0,0,0,0,0,0,0,0,0,0,0,0,0,0,0,0,0,0,0,0,0,0,0,0,0,0,0,0,0,0,0,0,0,0,0
com rename_table,0,0,0,0,0,0,0,0,0,0,0,0,0,0,0,0,0,0,0,0,0,0,0,0,0,0,0,0,0,0,0,0,0,0,0,0,0,0,0,0,0,0,0,0,0,0,0,0,0,0,0,0,0
com rename_user,0,0,0,0,0,0,0,0,0,0,0,0,0,0,0,0,0,0,0,0,0,0,0,0,0,0,0,0,0,0,0,0,0,0,0,0,0,0,0,0,0,0,0,0,0,0,0,0,0,0,0,0,0
com repair,0,0,0,0,0,0,0,0,0,0,0,0,0,0,0,0,0,0,0,0,0,0,0,0,0,0,0,0,0,0,0,0,0,0,0,0,0,0,0,0,0,0,0,0,0,0,0,0,0,0,0,0,0
com replace,0,0,0,0,0,0,0,0,0,0,0,0,0,0,0,0,0,0,0,0,0,0,0,0,0,0,0,0,0,0,0,0,0,0,0,0,0,0,0,0,0,0,0,0,0,0,0,0,0,0,0,0,0
com replace_select,0,0,0,0,0,0,0,0,0,0,0,0,0,0,0,0,0,0,0,0,0,0,0,0,0,0,0,0,0,0,0,0,0,0,0,0,0,0,0,0,0,0,0,0,0,0,0,0,0,0,0,0,0
com reset,0,0,0,0,0,0,0,0,0,0,0,0,0,0,0,0,0,0,0,0,0,0,0,0,0,0,0,0,0,0,0,0,0,0,0,0,0,0,0,0,0,0,0,0,0,0,0,0,0,0,0,0,0
com resignal,0,0,0,0,0,0,0,0,0,0,0,0,0,0,0,0,0,0,0,0,0,0,0,0,0,0,0,0,0,0,0,0,0,0,0,0,0,0,0,0,0,0,0,0,0,0,0,0,0,0,0,0,0
com revoke,0,0,0,0,0,0,0,0,0,0,0,0,0,0,0,0,0,0,0,0,0,0,0,0,0,0,0,0,0,0,0,0,0,0,0,0,0,0,0,0,0,0,0,0,0,0,0,0,0,0,0,0,0
com revoke_all,0,0,0,0,0,0,0,0,0,0,0,0,0,0,0,0,0,0,0,0,0,0,0,0,0,0,0,0,0,0,0,0,0,0,0,0,0,0,0,0,0,0,0,0,0,0,0,0,0,0,0,0,0
com rollback,0,0,0,0.22222222222222224,0.22222222222222224,0.33333333333333337,0.33333333333333337,0.6666666666666667,0.6666666666666667,0.6666666666666667,0.7777777777777779,0.888888888888889,0.7777777777777779,0.754425,0.6533142857142856,0.6622,0.33732,0.34665,0.36219999999999997,0.2622,0.16219999999999998,0.24051546391752582,0.16956852791878171,0.1462289562289562,0.13461586901763226,0.12766599597585512,0.12304020100502513,0.11973970075835212,0.1172663111668758,0.11148272017837235,0,0,0,0,0,0,0,0,0,0,0,0,0,0,0,2.3212669683257916,2.924585218702865,2.4,2.4,2.4,3.0953242835595782,2.4920060331825042,1.8886877828054298
com rollback_to_savepoint,0,0,0,0,0,0,0,0,0,0,0,0,0,0,0,0,0,0,0,0,0,0,0,0,0,0,0,0,0,0,0,0,0,0,0,0,0,0,0,0,0,0,0,0,0,0,0,0,0,0,0,0,0
com savepoint,0,0,0,0,0,0,0,0,0,0,0,0,0,0,0,0,0,0,0,0,0,0,0,0,0,0,0,0,0,0,0,0,0,0,0,0,0,0,0,0,0,0,0,0,0,0,0,0,0,0,0,0,0
com select,26.888888888888893,28.333333333333336,26.666666666666668,69.22222222222223,114.88888888888889,169.88888888888889,213.77777777777777,284.8888888888889,342.55555555555554,416.33333333333337,471.44444444444446,544.6666666666667,556,492.7473,441.53157142857134,401.0724666666666,333.3846,279.8621,208.74793333333332,156.92669999999998,84.0196,66.1417525773196,75.79713197969542,87.1524579124579,100.96190176322418,120.38903420523138,131.03781407035177,150.5128038532486,173.20234159347555,179.8216276477146,164.55555555555557,164.88888888888889,164.33333333333334,168.11111111111111,166.33333333333334,160.11111111111111,227.22222222222223,196.68937499999998,183.90797142857141,170.62686666666667,154.15524,141.77984999999998,125.44193333333332,113.00819999999999,129.1112,157.84615384615387,198.87179487179486,163.2,163.2,163.2,210.48205128205132,169.45641025641027,128.43076923076924
com set_option,1,1,1,5.444444444444445,9.666666666666668,14.88888888888889,19.11111111111111,24,28.444444444444446,33.111111111111114,37.77777777777778,42.44444444444444,42.333333333333336,36.85905,32.0124,28.1435,23.6124,19.527949999999997,15.212399999999999,10.8813,6.4879999999999995,11.544742268041238,16.78728426395939,21.64188552188552,25.442399244332496,29.235513078470824,33.58997487437186,38.31670424267268,42.80220357590967,44.81605351170568,43.88888888888889,43.66666666666667,43.44444444444444,44.44444444444444,45.22222222222222,41.77777777777778,36.77777777777778,30.823649999999997,27.112542857142852,22.956266666666664,17.87796,12.9416,7.485466666666667,1.9665,0.32439999999999997,13.734162895927602,17.30379587732529,14.2,14.2,14.2,18.314002011060836,14.744369029663147,11.17473604826546
com show_binlog_events,0,0,0,0,0,0,0,0,0,0,0,0,0,0,0,0,0,0,0,0,0,0,0,0,0,0,0,0,0,0,0,0,0,0,0,0,0,0,0,0,0,0,0,0,0,0,0,0,0,0,0,0,0
com show_binlogs,0,0,0,0,0,0,0,0,0,0,0,0,0,0,0,0,0,0,0,0,0,0,0,0,0,0,0,0,0,0,0,0,0,0,0,0,0,0,0,0,0,0,0,0,0,0,0,0,0,0,0,0,0
com show_charsets,0,0,0,0,0,0,0,0,0,0,0,0,0,0,0,0,0,0,0,0,0,0,0,0,0,0,0,0,0,0,0,0,0,0,0,0,0,0,0,0,0,0,0,0,0,0,0,0,0,0,0,0,0
com show_client_statistics,0,0,0,0,0,0,0,0,0,0,0,0,0,0,0,0,0,0,0,0,0,0,0,0,0,0,0,0,0,0,0,0,0,0,0,0,0,0,0,0,0,0,0,0,0,0,0,0,0,0,0,0,0
com show_collations,0,0,0,0,0,0,0,0,0,0,0,0,0,0,0,0,0,0,0,0,0,0,0,0,0,0,0,0,0,0,0,0,0,0,0,0,0,0,0,0,0,0,0,0,0,0,0,0,0,0,0,0,0
com show_create_db,0,0,0,0,0,0,0,0,0,0,0,0,0,0,0,0,0,0,0,0,0,0,0,0,0,0,0,0,0,0,0,0,0,0,0,0,0,0,0,0,0,0,0,0,0,0,0,0,0,0,0,0,0
com show_create_event,0,0,0,0,0,0,0,0,0,0,0,0,0,0,0,0,0,0,0,0,0,0,0,0,0,0,0,0,0,0,0,0,0,0,0,0,0,0,0,0,0,0,0,0,0,0,0,0,0,0,0,0,0
com show_create_func,0,0,0,0,0,0,0,0,0,0,0,0,0,0,0,0,0,0,0,0,0,0,0,0,0,0,0,0,0,0,0,0,0,0,0,0,0,0,0,0,0,0,0,0,0,0,0,0,0,0,0,0,0
com show_create_proc,0,0,0,0,0,0,0,0,0,0,0,0,0,0,0,0,0,0,0,0,0,0,0,0,0,0,0,0,0,0,0,0,0,0,0,0,0,0,0,0,0,0,0,0,0,0,0,0,0,0,0,0,0
com show_create_table,0,0,0,0,0,0,0,0,0,0,0,0,0,0,0,0,0,0,0,0,0,0,0,0,0,0,0,0,0,0,0,0,0,0,0,0,0,0,0,0,0,0,0,0,0,0,0,0,0,0,0,0,0
com show_create_trigger,0,0,0,0,0,0,0,0,0,0,0,0,0,0,0,0,0,0,0,0,0,0,0,0,0,0,0,0,0,0,0,0,0,0,0,0,0,0,0,0,0,0,0,0,0,0,0,0,0,0,0,0,0
com show_create_user,0,0,0,0,0,0,0,0,0,0,0,0,0,0,0,0,0,0,0,0,0,0,0,0,0,0,0,0,0,0,0,0,0,0,0,0,0,0,0,0,0,0,0,0,0,0,0,0,0,0,0,0,0
com show_databases,0,0,0,0,0,0,0,0,0,0,0,0,0,0,0,0,0,0,0,0,0,0,0,0,0,0,0,0,0,0,0,0,0,0,0,0,0,0,0,0,0,0,0,0,0,0,0,0,0,0,0,0,0
com show_engine_logs,0,0,0,0,0,0,0,0,0,0,0,0,0,0,0,0,0,0,0,0,0,0,0,0,0,0,0,0,0,0,0,0,0,0,0,0,0,0,0,0,0,0,0,0,0,0,0,0,0,0,0,0,0
com show_engine_mutex,0,0,0,0,0,0,0,0,0,0,0,0,0,0,0,0,0,0,0,0,0,0,0,0,0,0,0,0,0,0,0,0,0,0,0,0,0,0,0,0,0,0,0,0,0,0,0,0,0,0,0,0,0
com show_engine_status,1,1.1111111111111112,0.888888888888889,0.888888888888889,0.888888888888889,1.1111111111111112,1,1.1111111111111112,1,1,1,1.1111111111111112,1,0.8622,0.6533142857142856,0.6622,0.44976000000000005,0.4622,0.36219999999999997,0.1311,0,0.24051546391752582,0.16956852791878171,0.2924579124579124,0.538463476070529,0.5106639839034205,0.7382412060301509,0.7184382045501128,0.8208641781681306,0.8918617614269788,1,1,1.1111111111111112,1,1.1111111111111112,0.888888888888889,1.1111111111111112,0.969975,0.8710857142857142,0.6622,0.67464,0.4622,0.36219999999999997,0.2622,0.32439999999999997,0.38687782805429866,0.4874308697838109,0.4,0.4,0.4,0.515887380593263,0.41533433886375065,0.3147812971342383
com show_errors,0,0,0,0,0,0,0,0,0,0,0,0,0,0,0,0,0,0,0,0,0,0,0,0,0,0,0,0,0,0,0,0,0,0,0,0,0,0,0,0,0,0,0,0,0,0,0,0,0,0,0,0,0
com show_events,0,0,0,0,0,0,0,0,0,0,0,0,0,0,0,0,0,0,0,0,0,0,0,0,0,0,0,0,0,0,0,0,0,0,0,0,0,0,0,0,0,0,0,0,0,0,0,0,0,0,0,0,0
com show_fields,0,0,0,0,0,0,0,0,0,0,0,0,0,0,0,0,0,0,0,0,0,0,0,0,0,0,0,0,0,0,0,0,0,0,0,0,0,0,0,0,0,0,0,0,0,0,0,0,0,0,0,0,0
com show_function_code,0,0,0,0,0,0,0,0,0,0,0,0,0,0,0,0,0,0,0,0,0,0,0,0,0,0,0,0,0,0,0,0,0,0,0,0,0,0,0,0,0,0,0,0,0,0,0,0,0,0,0,0,0
com show_function_status,0,0,0,0,0,0,0,0,0,0,0,0,0,0,0,0,0,0,0,0,0,0,0,0,0,0,0,0,0,0,0,0,0,0,0,0,0,0,0,0,0,0,0,0,0,0,0,0,0,0,0,0,0
com show_grants,0,0,0,0,0,0,0,0,0,0,0,0,0,0,0,0,0,0,0,0,0,0,0,0,0,0,0,0,0,0,0,0,0,0,0,0,0,0,0,0,0,0,0,0,0,0,0,0,0,0,0,0,0
com show_index_statistics,0,0,0,0,0,0,0,0,0,0,0,0,0,0,0,0,0,0,0,0,0,0,0,0,0,0,0,0,0,0,0,0,0,0,0,0,0,0,0,0,0,0,0,0,0,0,0,0,0,0,0,0,0
com show_keys,0,0,0,0,0,0,0,0,0,0,0,0,0,0,0,0,0,0,0,0,0,0,0,0,0,0,0,0,0,0,0,0,0,0,0,0,0,0,0,0,0,0,0,0,0,0,0,0,0,0,0,0,0
com show_master_status,0,0,0,0,0,0,0,0,0,0,0,0,0,0,0,0,0,0,0,0,0,0,0,0,0,0,0,0,0,0,0,0,0,0,0,0,0,0,0,0,0,0,0,0,0,0,0,0,0,0,0,0,0
com show_open_tables,0,0,0,0,0,0,0,0,0,0,0,0,0,0,0,0,0,0,0,0,0,0,0,0,0,0,0,0,0,0,0,0,0,0,0,0,0,0,0,0,0,0,0,0,0,0,0,0,0,0,0,0,0
com show_plugins,0,0,0,0,0,0,0,0,0,0,0,0,0,0,0,0,0,0,0,0,0,0,0,0,0,0,0,0,0,0,0,0,0,0,0,0,0,0,0,0,0,0,0,0,0,0,0,0,0,0,0,0,0
com show_privileges,0,0,0,0,0,0,0,0,0,0,0,0,0,0,0,0,0,0,0,0,0,0,0,0,0,0,0,0,0,0,0,0,0,0,0,0,0,0,0,0,0,0,0,0,0,0,0,0,0,0,0,0,0
com show_procedure_code,0,0,0,0,0,0,0,0,0,0,0,0,0,0,0,0,0,0,0,0,0,0,0,0,0,0,0,0,0,0,0,0,0,0,0,0,0,0,0,0,0,0,0,0,0,0,0,0,0,0,0,0,0
com show_procedure_status,0,0,0,0,0,0,0,0,0,0,0,0,0,0,0,0,0,0,0,0,0,0,0,0,0,0,0,0,0,0,0,0,0,0,0,0,0,0,0,0,0,0,0,0,0,0,0,0,0,0,0,0,0
com show_processlist,0,0,0,0,0,0,0,0,0,0,0,0,0,0,0,0,0,0,0,0,0,0,0,0,0,0,0,0,0,0,0,0,0,0,0,0,0,0,0,0,0,0,0,0,0,0,0,0,0,0,0,0,0
com show_profile,0,0,0,0,0,0,0,0,0,0,0,0,0,0,0,0,0,0,0,0,0,0,0,0,0,0,0,0,0,0,0,0,0,0,0,0,0,0,0,0,0,0,0,0,0,0,0,0,0,0,0,0,0
com show_profiles,0,0,0,0,0,0,0,0,0,0,0,0,0,0,0,0,0,0,0,0,0,0,0,0,0,0,0,0,0,0,0,0,0,0,0,0,0,0,0,0,0,0,0,0,0,0,0,0,0,0,0,0,0
com show_relaylog_events,0,0,0,0,0,0,0,0,0,0,0,0,0,0,0,0,0,0,0,0,0,0,0,0,0,0,0,0,0,0,0,0,0,0,0,0,0,0,0,0,0,0,0,0,0,0,0,0,0,0,0,0,0
com show_slave_hosts,0,0,0,0,0,0,0,0,0,0,0,0,0,0,0,0,0,0,0,0,0,0,0,0,0,0,0,0,0,0,0,0,0,0,0,0,0,0,0,0,0,0,0,0,0,0,0,0,0,0,0,0,0
com show_slave_status,1,1,1,1,1,1,1,1,1,1,1,1.1111111111111112,1,0.8622,0.7621999999999999,0.6622,0.5622,0.4622,0.36219999999999997,0.2622,0,0.48103092783505164,0.33913705583756343,0.4386868686868686,0.538463476070529,0.6383299798792756,0.7382412060301509,0.8381779053084648,0.9381304893350064,1.0033444816053512,0.888888888888889,1,1,1,1,1,1,0.8622,0.7621999999999999,0.6622,0.5622,0.4622,0.36219999999999997,0.2622,0.16219999999999998,0.38687782805429866,0.4874308697838109,0.4,0.4,0.4,0.515887380593263,0.41533433886375065,0.3147812971342383
com show_status,1,1,1,1,1,1,1,1,1,1,1,1,1,0.8622,0.7621999999999999,0.6622,0.5622,0.4622,0.36219999999999997,0.2622,0.16219999999999998,0.24051546391752582,0.33913705583756343,0.4386868686868686,0.538463476070529,0.6383299798792756,0.7382412060301509,0.8381779053084648,0.9381304893350064,1.0033444816053512,1,1,1,1,1,1,1,0.8622,0.7621999999999999,0.6622,0.5622,0.4622,0.36219999999999997,0.2622,0.16219999999999998,0.38687782805429866,0.4874308697838109,0.4,0.4,0.4,0.515887380593263,0.41533433886375065,0.3147812971342383
com show_storage_engines,0,0,0,0,0,0,0,0,0,0,0,0,0,0,0,0,0,0,0,0,0,0,0,0,0,0,0,0,0,0,0,0,0,0,0,0,0,0,0,0,0,0,0,0,0,0,0,0,0,0,0,0,0
com show_table_statistics,0,0,0,0,0,0,0,0,0,0,0,0,0,0,0,0,0,0,0,0,0,0,0,0,0,0,0,0,0,0,0,0,0,0,0,0,0,0,0,0,0,0,0,0,0,0,0,0,0,0,0,0,0
com show_table_status,0,0,0,0,0,0,0,0,0,0,0,0,0,0,0,0,0,0,0,0,0,0,0,0,0,0,0,0,0,0,0,0,0,0,0,0,0,0,0,0,0,0,0,0,0,0,0,0,0,0,0,0,0
com show_tables,0,0,0,0,0,0,0,0,0,0,0,0,0,0,0,0,0,0,0,0,0,0,0,0,0,0,0,0,0,0,0,0,0,0,0,0,0,0,0,0,0,0,0,0,0,0,0,0,0,0,0,0,0
com show_thread_statistics,0,0,0,0,0,0,0,0,0,0,0,0,0,0,0,0,0,0,0,0,0,0,0,0,0,0,0,0,0,0,0,0,0,0,0,0,0,0,0,0,0,0,0,0,0,0,0,0,0,0,0,0,0
com show_triggers,0,0,0,0,0,0,0,0,0,0,0,0,0,0,0,0,0,0,0,0,0,0,0,0,0,0,0,0,0,0,0,0,0,0,0,0,0,0,0,0,0,0,0,0,0,0,0,0,0,0,0,0,0
com show_user_statistics,0,0,0,0,0,0,0,0,0,0,0,0,0,0,0,0,0,0,0,0,0,0,0,0,0,0,0,0,0,0,0,0,0,0,0,0,0,0,0,0,0,0,0,0,0,0,0,0,0,0,0,0,0
com show_variables,0.888888888888889,1,0.888888888888889,0.888888888888889,0.888888888888889,1.1111111111111112,1.1111111111111112,1.1111111111111112,1,1,1,1.1111111111111112,1.1111111111111112,0.969975,0.7621999999999999,0.6622,0.5622,0.57775,0.4829333333333333,0.3933,0.16219999999999998,0,0.16956852791878171,0.4386868686868686,0.538463476070529,0.5106639839034205,0.6152010050251256,0.8381779053084648,0.9381304893350064,0.8918617614269788,1,1,1,1,1,1.1111111111111112,1,0.8622,0.8710857142857142,0.7725666666666666,0.67464,0.4622,0.36219999999999997,0.3933,0.16219999999999998,0.38687782805429866,0.4874308697838109,0.4,0.4,0.4,0.515887380593263,0.41533433886375065,0.3147812971342383
com show_warnings,0,0,0,0,0,0,0,0,0,0,0,0,0,0,0,0,0,0,0,0,0,0,0,0,0,0,0,0,0,0,0,0,0,0,0,0,0,0,0,0,0,0,0,0,0,0,0,0,0,0,0,0,0
com shutdown,0,0,0,0,0,0,0,0,0,0,0,0,0,0,0,0,0,0,0,0,0,0,0,0,0,0,0,0,0,0,0,0,0,0,0,0,0,0,0,0,0,0,0,0,0,0,0,0,0,0,0,0,0
com signal,0,0,0,0,0,0,0,0,0,0,0,0,0,0,0,0,0,0,0,0,0,0,0,0,0,0,0,0,0,0,0,0,0,0,0,0,0,0,0,0,0,0,0,0,0,0,0,0,0,0,0,0,0
com slave_start,0,0,0,0,0,0,0,0,0,0,0,0,0,0,0,0,0,0,0,0,0,0,0,0,0,0,0,0,0,0,0,0,0,0,0,0,0,0,0,0,0,0,0,0,0,0,0,0,0,0,0,0,0
com slave_stop,0,0,0,0,0,0,0,0,0,0,0,0,0,0,0,0,0,0,0,0,0,0,0,0,0,0,0,0,0,0,0,0,0,0,0,0,0,0,0,0,0,0,0,0,0,0,0,0,0,0,0,0,0
com stmt_close,1,1.1111111111111112,0.888888888888889,1,1.1111111111111112,1.1111111111111112,1,1.1111111111111112,1.1111111111111112,1,0.888888888888889,1.1111111111111112,0.888888888888889,0.754425,0.6533142857142856,0.6622,0.44976000000000005,0.34665,0.36219999999999997,0.2622,0,0.24051546391752582,0.16956852791878171,0.2924579124579124,0.4038476070528968,0.5106639839034205,0.7382412060301509,0.7184382045501128,0.8208641781681306,0.8918617614269788,1,1,1,1.1111111111111112,1.1111111111111112,1,1,0.8622,0.7621999999999999,0.5518333333333333,0.5622,0.4622,0.24146666666666666,0.1311,0,0.38687782805429866,0.4874308697838109,0.4,0.4,0.4,0.515887380593263,0.41533433886375065,0.3147812971342383
com stmt_execute,1,1.1111111111111112,0.888888888888889,1,1.1111111111111112,1.1111111111111112,1,1.1111111111111112,1.1111111111111112,1,0.888888888888889,1.1111111111111112,0.888888888888889,0.754425,0.6533142857142856,0.6622,0.44976000000000005,0.34665,0.36219999999999997,0.2622,0,0.24051546391752582,0.16956852791878171,0.2924579124579124,0.4038476070528968,0.5106639839034205,0.7382412060301509,0.7184382045501128,0.8208641781681306,0.8918617614269788,1,1,1,1.1111111111111112,1.1111111111111112,1,1,0.8622,0.7621999999999999,0.5518333333333333,0.5622,0.4622,0.24146666666666666,0.1311,0,0.38687782805429866,0.4874308697838109,0.4,0.4,0.4,0.515887380593263,0.41533433886375065,0.3147812971342383
com stmt_fetch,0,0,0,0,0,0,0,0,0,0,0,0,0,0,0,0,0,0,0,0,0,0,0,0,0,0,0,0,0,0,0,0,0,0,0,0,0,0,0,0,0,0,0,0,0,0,0,0,0,0,0,0,0
com stmt_prepare,1,1.1111111111111112,0.888888888888889,1,1.1111111111111112,1.1111111111111112,1,1.1111111111111112,1.1111111111111112,1,0.888888888888889,1.1111111111111112,0.888888888888889,0.754425,0.6533142857142856,0.6622,0.44976000000000005,0.34665,0.36219999999999997,0.2622,0,0.24051546391752582,0.16956852791878171,0.2924579124579124,0.4038476070528968,0.5106639839034205,0.7382412060301509,0.7184382045501128,0.8208641781681306,0.8918617614269788,1,1,1,1.1111111111111112,1.1111111111111112,1,1,0.8622,0.7621999999999999,0.5518333333333333,0.5622,0.4622,0.24146666666666666,0.1311,0,0.38687782805429866,0.4874308697838109,0.4,0.4,0.4,0.515887380593263,0.41533433886375065,0.3147812971342383
com stmt_reprepare,0,0,0,0,0,0,0,0,0,0,0,0,0,0,0,0,0,0,0,0,0,0,0,0,0,0,0,0,0,0,0,0,0,0,0,0,0,0,0,0,0,0,0,0,0,0,0,0,0,0,0,0,0
com stmt_reset,0,0,0,0,0,0,0,0,0,0,0,0,0,0,0,0,0,0,0,0,0,0,0,0,0,0,0,0,0,0,0,0,0,0,0,0,0,0,0,0,0,0,0,0,0,0,0,0,0,0,0,0,0
com stmt_send_long_data,0,0,0,0,0,0,0,0,0,0,0,0,0,0,0,0,0,0,0,0,0,0,0,0,0,0,0,0,0,0,0,0,0,0,0,0,0,0,0,0,0,0,0,0,0,0,0,0,0,0,0,0,0
com truncate,0,0,0,0,0,0,0,0,0,0,0,0,0,0,0,0,0,0,0,0,0,0,0,0,0,0,0,0,0,0,0,0,0,0,0,0,0,0,0,0,0,0,0,0,0,0,0,0,0,0,0,0,0
com uninstall_plugin,0,0,0,0,0,0,0,0,0,0,0,0,0,0,0,0,0,0,0,0,0,0,0,0,0,0,0,0,0,0,0,0,0,0,0,0,0,0,0,0,0,0,0,0,0,0,0,0,0,0,0,0,0
com unlock_binlog,0,0,0,0,0,0,0,0,0,0,0,0,0,0,0,0,0,0,0,0,0,0,0,0,0,0,0,0,0,0,0,0,0,0,0,0,0,0,0,0,0,0,0,0,0,0,0,0,0,0,0,0,0
com unlock_tables,0,0,0,0,0,0,0,0,0,0,0,0,0,0,0,0,0,0,0,0,0,0,0,0,0,0,0,0,0,0,0,0,0,0,0,0,0,0,0,0,0,0,0,0,0,0,0,0,0,0,0,0,0
com update,0,0,0,22,49.44444444444444,78.55555555555556,103.66666666666667,147.88888888888889,181.44444444444446,221.44444444444443,253.33333333333334,294.8888888888889,306.11111111111114,270.2997,244.55731428571426,222.94066666666663,182.37768,152.526,115.904,88.2303,48.4978,54.837525773195885,66.81,70.62858585858586,78.8848992443325,93.57917505030181,96.4635175879397,111.59740110678418,126.76488237139274,130.2118171683389,113.22222222222221,108.66666666666667,108.44444444444446,111,107.33333333333334,106.33333333333334,89.88888888888889,71.13149999999999,62.39151428571428,54.52113333333333,41.49036,32.5851,18.8344,5.5062,0,100.3947963800905,126.48831070889894,103.8,103.8,103.8,133.87277526395172,107.7792609351433,81.68574660633485
com update_multi,0,0,0,0,0,0,0,0,0,0,0,0,0,0,0,0,0,0,0,0,0,0,0,0,0,0,0,0,0,0,0,0,0,0,0,0,0,0,0,0,0,0,0,0,0,0,0,0,0,0,0,0,0
com xa_commit,0,0,0,0,0,0,0,0,0,0,0,0,0,0,0,0,0,0,0,0,0,0,0,0,0,0,0,0,0,0,0,0,0,0,0,0,0,0,0,0,0,0,0,0,0,0,0,0,0,0,0,0,0
com xa_end,0,0,0,0,0,0,0,0,0,0,0,0,0,0,0,0,0,0,0,0,0,0,0,0,0,0,0,0,0,0,0,0,0,0,0,0,0,0,0,0,0,0,0,0,0,0,0,0,0,0,0,0,0
com xa_prepare,0,0,0,0,0,0,0,0,0,0,0,0,0,0,0,0,0,0,0,0,0,0,0,0,0,0,0,0,0,0,0,0,0,0,0,0,0,0,0,0,0,0,0,0,0,0,0,0,0,0,0,0,0
com xa_recover,0,0,0,0,0,0,0,0,0,0,0,0,0,0,0,0,0,0,0,0,0,0,0,0,0,0,0,0,0,0,0,0,0,0,0,0,0,0,0,0,0,0,0,0,0,0,0,0,0,0,0,0,0
com xa_rollback,0,0,0,0,0,0,0,0,0,0,0,0,0,0,0,0,0,0,0,0,0,0,0,0,0,0,0,0,0,0,0,0,0,0,0,0,0,0,0,0,0,0,0,0,0,0,0,0,0,0,0,0,0
com xa_start,0,0,0,0,0,0,0,0,0,0,0,0,0,0,0,0,0,0,0,0,0,0,0,0,0,0,0,0,0,0,0,0,0,0,0,0,0,0,0,0,0,0,0,0,0,0,0,0,0,0,0,0,0
handler delete,0,0,0,0,2.2222222222222223,2.3333333333333335,4,7.777777777777779,8.88888888888889,10.555555555555555,12.222222222222223,15.222222222222223,18,15.30405,15.352885714285714,13.906199999999998,10.34448,9.475100000000001,8.089133333333333,6.8172,4.055,5.050824742268042,6.274035532994924,7.3114478114478105,8.3461838790932,12.255935613682093,11.934899497487438,14.488503791760607,16.886348808030114,17.16833890746934,16.22222222222222,16,15.666666666666668,16.88888888888889,15,16,13.333333333333334,10.454175,9.473057142857142,8.167133333333332,6.7463999999999995,5.7775,3.2598,1.311,0,5.80316742081448,7.311463046757164,6,6,6,7.738310708898945,6.2300150829562595,4.721719457013575
handler discover,0,0,0,0,0,0,0,0,0,0,0,0,0,0,0,0,0,0,0,0,0,0,0,0,0,0,0,0,0,0,0,0,0,0,0,0,0,0,0,0,0,0,0,0,0,0,0,0,0,0,0,0,0
handler external_lock,112.22222222222221,118.44444444444446,110.22222222222221,482.7777777777778,893.7777777777777,1379.3333333333335,1765.4444444444446,2398.222222222222,2913.3333333333335,3554.4444444444443,4048,4682.888888888889,4789.111111111111,4236.743025,3794.9937999999993,3451.1656666666663,2861.93532,2393.84935,1790.1131333333335,1341.8084999999999,720.3302,698.2163917525775,837.6685279187817,917.1480134680135,1036.272959697733,1210.5289738430583,1292.6603517587941,1482.3774953883992,1680.660771643664,1729.7658862876256,1540.111111111111,1498.888888888889,1496.2222222222222,1525.7777777777778,1502.6666666666667,1459.5555555555557,1680.3333333333335,1419.5045249999998,1305.213057142857,1185.2276333333334,1020.16812,897.24575,733.2135333333333,589.5567,626.2542,1490.0599547511313,1877.3399949723475,1540.6,1540.6,1540.6,1986.9402463549523,1599.6602061337358,1212.3801659125188
handler mrr_init,0,0,0,0,0,0,0,0,0,0,0,0,0,0,0,0,0,0,0,0,0,0,0,0,0,0,0,0,0,0,0,0,0,0,0,0,0,0,0,0,0,0,0,0,0,0,0,0,0,0,0,0,0
handler read_first,2,2.2222222222222223,2,1.8888888888888888,1.8888888888888888,2,2,2.2222222222222223,2,2,1.8888888888888888,2.111111111111111,2,1.7244,1.5243999999999998,1.3244,1.01196,1.03995,0.8451333333333334,0.5244,0.16219999999999998,0.48103092783505164,0.5087055837563452,0.8773737373737373,0.9423110831234258,1.021327967806841,1.3534422110552764,1.4368764091002255,1.8762609786700128,1.8952062430323298,1.777777777777778,2,2,1.8888888888888888,2.2222222222222223,2.111111111111111,2.2222222222222223,1.7244,1.633285714285714,1.5451333333333332,1.2368400000000002,0.9244,0.9658666666666667,0.5244,0.32439999999999997,0.9671945701357465,1.2185771744595273,1,1,1,1.2897184514831574,1.0383358471593767,0.7869532428355958
handler read_key,109,120.22222222222221,109.11111111111111,209.44444444444443,302.44444444444446,453.88888888888886,514.7777777777778,693.2222222222223,820.3333333333334,982.3333333333334,1107.3333333333335,1312.3333333333335,1325.3333333333335,1183.5850500000001,1046.2828285714284,988.0024,813.95316,691.6822999999999,533.5206000000001,404.31239999999997,199.18159999999997,198.18474226804125,315.05832487309647,393.50212121212115,464.9632115869018,571.8159959758551,706.3737939698492,739.8716109858577,914.911759723965,925.1950947603121,897.7777777777777,936.5555555555557,961,929.6666666666667,952.6666666666667,868.1111111111111,983.4444444444446,778.9977,732.9097428571428,676.1062,533.30292,426.3795,387.43326666666667,259.18469999999996,239.40719999999996,548.7861990950225,691.4206887883358,567.4,567.4,567.4,731.7862493715436,589.1517596782303,446.51726998491705
handler read_last,0,0,0,0,0,0,0,0,0,0,0,0,0,0,0,0,0,0,0,0,0,0,0,0,0,0,0,0,0,0,0,0,0,0,0,0,0,0,0,0,0,0,0,0,0,0,0,0,0,0,0,0,0
handler read_next,0,0,0,48.333333333333336,119.11111111111111,175.33333333333334,219.33333333333334,359.77777777777777,458,550.2222222222223,643.8888888888889,794.4444444444445,865.3333333333334,770.699025,723.5455714285714,689.6813,560.5134,473.87055,394.9187333333333,318.3108,174.04059999999998,161.62639175257735,297.08406091370557,364.4025589225589,433.5977141057935,570.4116700201207,659.1263567839196,710.6551240008198,878.7937358845672,907.0234113712374,895.7777777777777,882.2222222222223,871.4444444444446,862.1111111111111,794.3333333333334,717,652.7777777777778,465.15689999999995,400.0461142857142,339.48786666666666,238.14792000000003,170.43625,100.20866666666667,25.3023,0,336.77714932126696,424.30857214680736,348.2,348.2,348.2,449.07996480643544,361.548541980895,274.0171191553544
handler read_prev,0,0,0,0,0,0,0,0,0,0,0,0,0,0,0,0,0,0,0,0,0,0,0,0,0,0,0,0,0,0,0,0,0,0,0,0,0,0,0,0,0,0,0,0,0,0,0,0,0,0,0,0,0
handler read_rnd,49,54.44444444444444,49,43.55555555555556,43.55555555555556,54.44444444444444,49,54.44444444444444,49,49,43.55555555555556,54.44444444444444,49,42.2478,32.0124,32.447799999999994,22.038240000000002,22.6478,17.7478,12.847800000000001,0,12.02577319587629,16.95685279187817,21.934343434343432,26.923173803526453,25.533199195171026,30.76005025125628,35.921910227505634,46.90652446675033,50.16722408026756,44.44444444444444,44.44444444444444,50,44.44444444444444,55.55555555555556,55.55555555555556,55.55555555555556,43.11,38.11,38.62833333333333,33.732,23.11,24.14666666666667,13.11,8.11,29.015837104072396,36.557315233785815,30,30,30,38.691553544494724,31.1500754147813,23.608597285067873
handler read_rnd_next,3166.3333333333335,3460.2222222222226,3121.4444444444443,3131.666666666667,3211.888888888889,3548.3333333333335,3521.4444444444443,3525.2222222222226,3392.888888888889,3354.7777777777783,3227.5555555555557,3577.111111111111,3428.4444444444443,2948.8317749999997,2444.593171428571,2170.250133333333,1783.8606,1639.6544999999999,1346.5388666666668,1030.3148999999999,380.359,558.476907216495,923.6397715736041,1373.236127946128,1739.5062594458439,1898.7763581488932,2377.751884422111,2750.0617073170733,3221.1883014429113,3269.8996655518395,3398.888888888889,3451.3333333333335,3538.4444444444443,3569.7777777777783,3692.111111111111,3666.111111111111,3692,3095.94465,2925.1058285714284,2569.6670999999997,2213.49384,1728.3969000000002,1345.5729999999999,1060.9923,628.525,1372.0622171945702,1728.6735796882854,1418.6,1418.6,1418.6,1829.5945952740071,1472.9832327802917,1116.371870286576
handler update,0,0,0,22.22222222222222,70.77777777777779,101,140.77777777777777,226.22222222222223,281.33333333333337,337.22222222222223,385.33333333333337,464.11111111111114,506,443.70967499999995,418.66557142857135,384.84856666666667,305.61192,256.7521,207.54059999999998,168.59459999999999,93.58939999999998,114.7258762886598,136.1635279187817,168.6019865319865,184.69297229219143,242.05472837022134,271.3036432160804,305.8151957368313,389.79321831869515,402.34113712374585,390.22222222222223,431.33333333333337,438.88888888888886,448.6666666666667,482.6666666666667,495.33333333333337,489.88888888888886,392.193225,365.2026857142857,328.23046666666664,256.13832,214.923,187.49886666666666,94.78529999999999,48.66,197.11425339366514,248.3460281548517,203.8,203.8,203.8,262.8446204122675,211.61284565108093,160.3810708898944
handler write,1126.888888888889,1195.4444444444446,1125.7777777777778,1244.5555555555557,1380.2222222222222,1663.3333333333335,1789.8888888888891,1985.7777777777778,2085,2285.4444444444443,2442.888888888889,2709.3333333333335,2738,2398.42485,2080.1526857142853,1851.6215666666662,1553.58348,1356.2103499999998,1053.2776,799.4478,409.39279999999997,374.00154639175264,572.8024873096447,808.7923569023568,963.0419269521411,1055.797786720322,1207.8856532663317,1452.682049600328,1630.2362578419074,1654.7380156075808,1649.3333333333335,1637.6666666666667,1637.8888888888891,1647.8888888888891,1645.2222222222222,1689.1111111111113,1654.6666666666667,1414.2235500000002,1326.3368857142855,1172.6458333333333,1001.5030800000001,780.1936,608.3752666666667,517.4517,325.21099999999996,928.3133484162896,1169.5903720462543,959.8,959.8,959.8,1237.8717697335346,996.5947461035697,755.3177224736048
handler total commit,0,0,0,87.77777777777779,184.44444444444446,298.6666666666667,390.44444444444446,542,665.8888888888889,821.5555555555557,940,1090.3333333333335,1118.4444444444446,991.0989,889.3785142857141,810.3120666666666,672.16632,561.91965,417.97880000000004,314.1156,169.1746,151.28422680412373,180.9296192893401,191.55993265993266,212.69307304785895,249.2040241448692,259.368743718593,298.6308136913302,337.7269761606023,346.0423634336678,300.33333333333337,288,286.8888888888889,293.22222222222223,285.11111111111114,279,354.33333333333337,302.093325,280.8162571428571,259.47203333333334,227.57856,206.95005,176.7536,152.73149999999998,172.5808,343.9343891402715,433.3260432378079,355.6,355.6,355.6,458.62388134741076,369.23222724987437,279.84057315233787
handler total prepare,0,0,0,0,0,0,0,0,0,0,0,0,0,0,0,0,0,0,0,0,0,0,0,0,0,0,0,0,0,0,0,0,0,0,0,0,0,0,0,0,0,0,0,0,0,0,0,0,0,0,0,0,0
handler total rollback,0,0,0,0.4444444444444445,0.4444444444444445,0.6666666666666667,0.6666666666666667,1.3333333333333335,1.3333333333333335,1.3333333333333335,1.5555555555555558,1.777777777777778,1.5555555555555558,1.50885,1.3066285714285713,1.3244,0.67464,0.6933,0.7243999999999999,0.5244,0.32439999999999997,0.48103092783505164,0.33913705583756343,0.2924579124579124,0.2692317380352645,0.25533199195171025,0.24608040201005027,0.23947940151670424,0.2345326223337516,0.2229654403567447,0,0,0,0,0,0,0,0,0,0,0,0,0,0,0,3.675339366515837,4.630593262946204,3.8,3.8,3.8,4.900930115635998,3.945676219205631,2.990422322775264
handler total savepoint,0,0,0,0,0,0,0,0,0,0,0,0,0,0,0,0,0,0,0,0,0,0,0,0,0,0,0,0,0,0,0,0,0,0,0,0,0,0,0,0,0,0,0,0,0,0,0,0,0,0,0,0,0
handler total savepoint_rollback,0,0,0,0,0,0,0,0,0,0,0,0,0,0,0,0,0,0,0,0,0,0,0,0,0,0,0,0,0,0,0,0,0,0,0,0,0,0,0,0,0,0,0,0,0,0,0,0,0,0,0,0,0
cpu System,99.74999999999959,99.72222222222122,99.58333333333435,99.36111111111232,99.08333333333607,98.69444444444375,98.5000000000001,98.1666666666696,97.9166666666692,97.52777777777939,97.277777777779,97.16666666666546,97.13888888889213,97.11111111110868,97.2500000000006,97.4369281250004,97.16761079639998,97.11111111110868,97.44500446428417,97.68676190476138,97.05653670998446,97.06360114956448,97.02876818837993,96.96988629263946,97.40971666666499,97.71388333333185,97.0846290537559,97.08381936344396,97.1558944868113,97.2768700678016,97.39173931685163,97.39173931685163,98.12924999999602,97.84969982846994,97.40495247623835,97.40495247623835,97.86474449816957,98.12316397132686,98.25475833333564,97.39248464066776,97.43621810905545,97.35993775011418,97.44444444444424,97.44444444444171,98.44330398238813,98.43999999999869,98.43999999999869,97.6551416666649,97.41580526841948,97.36111111111414,97.6477104166675,97.38946900688848,97.41666666666838,97.36111111111163,98.05000000000109,97.56935416666823,97.30465710792416,97.25000000000314,97.47559166666635,97.312009436319,96.99933318515247,97.18872708333197,97.05620973116721,97.28245097119806,97.1657219072987,97.33333333333323,97.58333333333363,98.15996958681038,98.13826831166178,98.36111111111072,98.70810124406346,98.61080240053597,98.77777777777636,98.80555555555728,98.86111111111151,98.77777777777636,98.74999999999798,98.72222222222213,98.80555555555979,98.98603750000349,99.084228571432,99.1525958333361,99.30850500000405,99.40470625000411,96.53047629621153,96.28450106157239,95.86128157556456,95.64082629941824,98.14784936138567,98.04048501235097,97.76841627732693,97.57299478049765,97.36819821510728,97.35870240627456,98.56000000000131,98.56000000000131,98.55582065652654,98.80941249999967,97.39062846991258,97.44444444444424,97.33333333333071,97.22222222222221,98.5036805207797,98.49999999999852,98.49999999999852,98.49999999999852,98.49999999999852,96.83298144238158,96.80555555555404,96.7499999999998,96.74999999999727,96.8343885371559,98.16625375375264,98.12499999999886,98.12499999999886,96.74959369920967,96.74959369920967,96.66740724283544,96.7195701074754,96.59374999999955,96.59374999999955
cpu User,0.7222222222278812,0.6944444444444445,1.1944444444402003,1.9444444444363602,2.6388888888858575,3.5833333333408115,4.250000000006872,5.1388888888747415,5.94444444444788,7.027777777774544,8.138888888889698,8.388888888885049,8.500000000003638,8.749999999993936,8.83333333332909,8.224362499995081,9.385760302134447,9.555555555551917,8.601818303573287,7.546939285710709,9.802288126187031,9.965013120081561,10.052204820617574,10.058727977006576,8.551483333326363,7.547316666660516,9.773434029316464,9.581736377259846,9.469933741714078,9.503167722574394,9.361154780623126,9.361154780623126,7.327104166673472,8.153221483709103,9.754877438727547,9.754877438727547,8.231065563525434,7.234900175062096,6.346333333333333,8.89412773253244,8.910705352677475,9.059582036466312,9.027777777777777,8.888888888885857,5.50830898539167,5.520000000000437,5.520000000000437,8.34998333333354,9.197510281213539,9.249999999999797,8.376445833328324,8.970228838044884,8.916666666669295,9.138888888891314,6.630000000002839,8.721729166669787,9.53095476270454,9.611111111103634,8.835429166666458,9.522349550050835,10.391198044009172,9.810768750005426,10.192179515658337,9.12524358092764,9.447593642319156,9.05555555555111,8.33333333332828,6.397644205858382,6.8911859508763555,6.1944444444381785,5.027171245938936,5.41787063792156,4.861111111111112,4.8611111111161645,4.666666666672528,5.027777777781416,5.055555555564853,4.916666666662827,5.027777777776364,4.393837499998565,4.00649999999896,3.6233833333273804,3.0966949999965,2.6944874999904256,9.908959698021945,10.522043212191834,11.417154274306219,12.216792536649368,6.1395363761487936,6.447436410960878,7.4788211246386185,8.24596954096337,9.154093164849456,9.187122065137197,5.400000000008731,5.400000000008731,5.41567253803918,4.417706250005243,9.327115256497285,9.222222222221415,9.361111111108281,9.388888888891719,4.987731597397229,5.000000000001137,5.000000000001137,5.000000000001137,5.000000000001137,10.55672852539474,10.638888888888689,10.638888888888689,10.749999999990223,10.801954903914247,6.509799174177286,6.6562500000031815,6.6562500000031815,10.970121265158827,10.970121265158827,10.914241279716427,11.059735066236168,11.156250000016144,11.156250000016144
cpu Iowait,0.05555555555550503,0.05555555555550503,0.05555555555550503,0.13888888888876258,0.25000000000040423,0.30555555555590924,0.36111111111141425,0.4722222222224244,0.5000000000001769,0.5555555555557609,0.6111111111113449,0.6666666666668498,0.6111111111113449,0.5555555555552082,0.4999999999997032,0.4506499999997502,0.3887593024545416,0.36111111111094063,0.31227723214265374,0.26023928571404903,0.3887593024550151,0.4060977133578319,0.3887593024550151,0.4060977133578319,0.3903166666671185,0.3444833333337321,0.4442470013330473,0.3749375104147082,0.3750468808598553,0.38901856174252836,0.393025582392198,0.393025582392198,0.3117916666663831,0.3583833619207718,0.43771885942931676,0.43771885942931676,0.37883565355083915,0.3329870373454791,0.28558499999974024,0.39291327332521553,0.40645322661364786,0.41685193419338534,0.4166666666671561,0.4166666666671561,0.2694281568941467,0.27000000000001023,0.27000000000001023,0.428937499999935,0.4723796821161473,0.44444444444435605,0.4016104166664644,0.47211730726470175,0.4444444444441192,0.4722222222218717,0.32999999999969987,0.42893749999960995,0.4723796821165421,0.5000000000002558,0.48766979166695695,0.42893466441728934,0.4445432318296018,0.43029687500034236,0.4443457009556495,0.37187513025757335,0.4168056018676208,0.4166666666662877,0.3611111111107827,0.33969792243488994,0.3612315216179887,0.3611111111107827,0.30893231120251974,0.3334074238716683,0.33333333333303017,0.3055555555552777,0.3055555555552777,0.3055555555552777,0.27777777777752516,0.27777777777815676,0.25000000000040423,0.22532500000043545,0.20032500000046854,0.17532500000050494,0.15032500000054688,0.0939937500006269,0.36083046519412004,0.37467216185883184,0.39246467817870834,0.47201243891576594,0.2400936013021581,0.25284064356752123,0.2714088311361646,0.35089232089208483,0.40049157596201745,0.40193659034960555,0.23999999999978172,0.23999999999978172,0.24069655724557776,0.21931874999980053,0.44414834554771904,0.44444444444475073,0.41666666666699825,0.3888888888892457,0.18703993490218346,0.18749999999982947,0.18749999999982947,0.18749999999982947,0.18749999999982947,0.4167129681071884,0.4166666666662877,0.4166666666662877,0.4374999999996021,0.47206486726603736,0.30562437437427015,0.31249999999989336,0.31249999999989336,0.4688086010749745,0.4688086010749745,0.472117307265491,0.46863284179010306,0.4062500000006075,0.4062500000006075
cpu Total,96.63888888769887,96.69444444395292,95.94444444390118,94.72222222183417,93.55555555602122,91.69444444511707,90.36111111118872,88.7500000005174,87.30555555537447,85.6388888884491,83.91666666591644,83.38888888958739,83.05555555529686,82.88888888847497,83.11111111155091,74.72340312573448,82.83349994337678,82.5833333332816,75.14525758986737,67.08390476244335,82.19482394653856,82.18792952660215,81.83383316729115,81.81307009853842,69.54733333448996,61.380666667687464,82.26899155964314,82.48625229244874,82.63532941600238,82.61087029004494,82.92839788384279,82.92839788384279,61.89064583289776,69.07839300926246,82.6975987992541,82.6975987992541,68.22485724507568,59.967938271964336,52.42071333413124,83.72624660645852,83.66683341600951,83.50933748345534,83.63888888917346,83.94444444436682,50.02382779656648,50.12999999988823,50.12999999988823,76.63683333346648,83.6389907743145,83.8055555566421,77.10920000034731,84.14796711854744,83.94444444436684,83.80555555599535,60.240000000223525,76.09351249962715,82.69423141049603,82.5000000005174,75.47407187449238,74.20569694399883,81.10135585734872,74.12580833357379,81.50966451925441,74.80411273992785,82.55529621039118,83.49999999950846,84.66666666661493,78.49852824268115,87.05679671086844,88.1388888881904,79.8168753123689,89.15870193334904,90.13888889005305,90.27777777777779,90.61111111142156,90.00000000038806,89.88888888917346,89.91666666568361,89.94444444478076,81.39865624973768,72.20285357137529,62.94167499942851,53.906544999803984,44.835018750175074,81.60319751214067,80.52329211878488,79.1351505634894,77.71545979562053,43.62843726591688,51.32665064420583,58.74493367326402,66.81574610419925,74.89192470476368,75.16214239524217,50.15999999921769,50.15999999921769,50.30558046358692,42.17186249915379,83.13901843267341,83.19444444431511,82.94444444472903,82.83333333416118,40.77470580821952,40.874999999505235,40.874999999505235,40.874999999505235,40.874999999505235,80.78675408399405,80.63888888961324,80.41666666589057,80.18749999973807,80.36210152155981,49.35833646117682,50.46874999970895,50.46874999970895,80.41630203769651,80.41630203769651,80.56542990449152,80.63609097815767,80.06250000034925,80.06250000034925
network receive eth0,718214.2222222222,718052.4444444445,810822.2222222222,1266228.4444444445,1658719.1111111112,2234960,2687722.666666667,3254949.3333333335,3820878.2222222225,4432678.222222222,5033888.888888889,5398151.111111111,5469690.666666667,5502296,5409894.222222222,4951202.3213,5359575.252693547,5268710.222222222,4683565.268957143,4067692.246780953,5034004.665111629,4987068.849181557,4990426.302343663,4986530.051230788,4233728.2645333335,3736578.3978666663,4984459.351399379,4990510.914847525,4999363.920490062,4990527.509169723,4991876.518507932,4991876.518507932,3722911.2302666665,4159671.581189251,4975125.562781391,4975125.562781391,4096831.8008002667,3601012.394331443,3151510.9465066665,4989855.693670524,4990143.071535768,4988327.25655847,4985961.777777778,4982412.444444445,2980478.9343205923,2986804.8,2986804.8,4567368.593066666,4990265.199510949,4972952,4564905.9485,4992109.309042434,4987371.555555556,4990841.777777778,3585269.7600000007,4556181.903066667,4984024.897187951,4988766.222222222,4597011.832666666,4571608.072340958,4990555.234496554,4593135.259433333,4992306.598533658,4566807.8457755,4855314.438146049,4716821.333333334,4405244.444444445,3658755.878547312,3868155.1628320552,3607480,2860773.4154538633,3095321.6270282287,2774207.111111111,2663512.888888889,2525695.111111111,2583455.111111111,2574640.888888889,2551711.111111111,2383140.4444444445,2080276.1092,1840529.3221714287,1640595.9732000001,1354218.03552,1093370.391,4361605.86210725,4579781.691020357,4907483.373769089,5368005.330964016,2750450.832556975,3071334.183697176,3589267.6794426837,4064624.359673959,4543435.498552901,4559828.676483589,2960852.1599999997,2960852.1599999997,2969445.5059407526,2463728.0814,5038295.358649789,4978583.111111111,4977108.444444445,4966648,2465791.8526289435,2471857,2471857,2471857,2471857,4971149.683298144,4968299.555555556,4959176.888888889,4971439,4972929.02365878,3022911.6159759755,3090917.9999999995,3090917.9999999995,4945573.196649582,4945573.196649582,4979841.812930459,4989774.55636091,4978258,4978258
network receive lo,1392087.1111111112,1392048,1392156.4444444445,1392928,1393177.7777777778,1393981.3333333335,1395991.1111111112,1398405.3333333335,1399382.2222222222,1401078.2222222222,1402358.2222222222,1403677.3333333335,1406587.5555555555,1410703.1111111112,1416103.1111111112,1276982.5699,1428521.1596134622,1437084.4444444445,1308869.025042857,1170826.956,1457598.5782516939,1461613.894789454,1463209.1525047205,1465150.5685367987,1246977.4416,1100549.8416,1461796.5348733899,1459323.4460923178,1468979.6224528067,1476768.7006780037,1483395.741031871,1483395.741031871,1109488.4462666665,1234956.5717552886,1478915.4577288642,1478915.4577288642,1216742.974491497,1069486.5556852282,926097.5765333332,1515678.2397485354,1533388.6943471734,1546650.9559804357,1566227.5555555555,1400929.7777777778,949468.6567620572,951483.8400000001,951483.8400000001,1420319.8116,1542642.2140713572,1519360.888888889,1379423.0022,1475285.4921128636,1633769.7777777778,1458360.888888889,1036450.5600000002,1318303.6042666666,1443312.2151828387,1439707.5555555555,1320670.3816333334,1322158.275265592,1446203.156256946,1329850.0483,1463541.435236614,1353430.497144763,1482508.3916861177,1475584.888888889,1472176.888888889,1327206.1239822074,1458822.274091364,1452284.4444444445,1288121.4686546638,1429575.4612136032,1413496.888888889,1401538.6666666667,1400855.1111111112,1400072,1399906.6666666667,1399672.888888889,1399261.3333333335,1260849.2999,1121183.538857143,981185.0897333333,840901.2136,701344.7676,1573212.834462085,1594528.7873111027,1622024.8323105467,1651256.330519769,895126.0193338342,1022338.8922892049,1146417.3925913568,1276054.0784441582,1411246.2652153966,1416338.185445598,892222.0799999998,892222.0799999998,894811.5956445156,727991.8704,1499452.8092382855,1523447.1111111112,1547691.5555555555,1563867.5555555555,799806.7027541313,801774,801774,801774,801774,1583523.502611401,1585201.7777777778,1571943.1111111112,1572306,1552441.6305675884,934139.6777777777,955154.9999999998,955154.9999999998,1502544.818102263,1502544.818102263,1484192.8460342144,1481620.594851287,1488847,1488847
network transmit eth0,687707.5555555556,687604.4444444445,782638.2222222222,1238795.5555555555,1642969.7777777778,2209783.111111111,2665005.3333333335,3235146.666666667,3800639.111111111,4413064.888888889,5016733.333333334,5380625.777777778,5492080.888888889,5598809.777777778,5609911.111111111,5153719.0235,5751086.526713317,5765458.666666667,5192820.165814286,4586095.380990476,5904488.725980229,5923096.838685492,5979277.129845606,5995652.630263651,5133956.895466667,4531096.762133333,6207169.258107508,6266440.926512247,6260200.5250656335,6259390.463487829,6327915.392310991,6327915.392310991,4649417.378666666,5173343.15151515,6183664.8324162075,6183664.8324162075,5093500.740880294,4477059.393764587,3900933.710933333,6312915.559365624,6267733.866933466,6234257.003112495,6236949.333333334,6181150.222222222,3542948.1712707626,3550467.84,3550467.84,5373318.135066667,5884051.128153829,5852585.777777778,5359398.754766666,5803113.085980893,5825787.555555556,5820196.444444445,4199111.040000001,5441294.777466666,5951916.416583305,5955698.666666667,5500240.544499999,5574456.8602174735,6179741.275839075,5711602.369499999,6287572.53943568,5749216.059939144,6031288.651772814,5771808,5348872,4347829.94369317,4541920.195620762,4063154.666666667,3008508.2168417103,3238721.493665259,2771330.666666667,2630331.5555555555,2502982.2222222225,2549708.4444444445,2541627.5555555555,2518784.888888889,2352099.5555555555,2051150.5997000001,1813771.3968000002,1615582.9398666667,1331627.43504,1072479.2148,5615394.248917508,5992771.325090546,6525384.3299557585,7161783.207463351,3617960.87427999,3981096.285119167,4547014.197747372,5033988.2568168165,5593748.68600859,5613931.500871596,3485904.96,3485904.96,3496022.178158527,2821635.2268,6300148.345547413,6320159.111111111,6409464,6415477.333333334,3055530.2636955436,3063046,3063046,3063046,3063046,6218346.927436381,6211159.111111111,6174486.222222222,6208722,6277612.351438409,3793815.6039039036,3879164.999999999,3879164.999999999,6185968.246030754,6185968.246030754,6233422.794934458,6285420.6448387895,6303749,6303749
network transmit lo,1392087.1111111112,1392048,1392156.4444444445,1392928,1393177.7777777778,1393981.3333333335,1395991.1111111112,1398405.3333333335,1399382.2222222222,1401078.2222222222,1402358.2222222222,1403677.3333333335,1406587.5555555555,1410703.1111111112,1416103.1111111112,1276982.5699,1428521.1596134622,1437084.4444444445,1308869.025042857,1170826.956,1457598.5782516939,1461613.894789454,1463209.1525047205,1465150.5685367987,1246977.4416,1100549.8416,1461796.5348733899,1459323.4460923178,1468979.6224528067,1476768.7006780037,1483395.741031871,1483395.741031871,1109488.4462666665,1234956.5717552886,1478915.4577288642,1478915.4577288642,1216742.974491497,1069486.5556852282,926097.5765333332,1515678.2397485354,1533388.6943471734,1546650.9559804357,1566227.5555555555,1400929.7777777778,949468.6567620572,951483.8400000001,951483.8400000001,1420319.8116,1542642.2140713572,1519360.888888889,1379423.0022,1475285.4921128636,1633769.7777777778,1458360.888888889,1036450.5600000002,1318303.6042666666,1443312.2151828387,1439707.5555555555,1320670.3816333334,1322158.275265592,1446203.156256946,1329850.0483,1463541.435236614,1353430.497144763,1482508.3916861177,1475584.888888889,1472176.888888889,1327206.1239822074,1458822.274091364,1452284.4444444445,1288121.4686546638,1429575.4612136032,1413496.888888889,1401538.6666666667,1400855.1111111112,1400072,1399906.6666666667,1399672.888888889,1399261.3333333335,1260849.2999,1121183.538857143,981185.0897333333,840901.2136,701344.7676,1573212.834462085,1594528.7873111027,1622024.8323105467,1651256.330519769,895126.0193338342,1022338.8922892049,1146417.3925913568,1276054.0784441582,1411246.2652153966,1416338.185445598,892222.0799999998,892222.0799999998,894811.5956445156,727991.8704,1499452.8092382855,1523447.1111111112,1547691.5555555555,1563867.5555555555,799806.7027541313,801774,801774,801774,801774,1583523.502611401,1585201.7777777778,1571943.1111111112,1572306,1552441.6305675884,934139.6777777777,955154.9999999998,955154.9999999998,1502544.818102263,1502544.818102263,1484192.8460342144,1481620.594851287,1488847,1488847
Reads completed vda,3.7777777777777777,3.666666666666667,3.666666666666667,3.666666666666667,4.777777777777778,1.8888888888888888,1.8888888888888888,1.777777777777778,1.4444444444444444,2.4444444444444446,3.3333333333333335,3.3333333333333335,3.3333333333333335,2.4444444444444446,2.555555555555556,2.5912375,2.6657780739753414,2.666666666666667,1.7033303571428573,0.8096333333333334,2.443629901144063,2.748969136573785,3.332222592469177,3.4986879920029983,3.8322000000000003,3.3821999999999997,4.331408262994225,3.999333444425929,3.0003750468808605,2.66755585195065,1.8579391167643275,1.8579391167643275,1.4965999999999997,1.5529945683247568,1.6258129064532265,1.6258129064532265,1.7908594531510502,1.57412054018006,1.6500466666666664,1.7145306472353194,2.126063031515758,1.8897287683414852,2.2222222222222223,2.3333333333333335,1.3172043225935561,1.3199999999999998,1.3199999999999998,1.4869833333333333,2.4452595309547625,2,2.065425,2.11064207953788,2.4444444444444446,2.7777777777777777,2.7600000000000007,2.7451999999999996,2.778704012448594,1.8888888888888888,1.8359333333333332,1.3725909261342335,1.44476550344521,1.0327125,0.6665185514330149,0.686538702013255,1.333777925975325,1.3333333333333335,1.5555555555555558,1.4720243305525285,1.444926086473269,1.5555555555555558,1.7974243560890222,1.8893087352745055,1.777777777777778,1.5555555555555558,1.4444444444444444,1.2222222222222223,1.4444444444444444,1.5555555555555558,1.4444444444444444,1.126625,1.0302428571428572,1.0519500000000002,0.6013,0.626625,1.7763961363384033,1.7484700886724116,1.855287569573284,1.5548645046645937,0.6859817180065114,0.6321016089191535,0.6031307358585016,0.7017846417846417,1.0298354810459152,1.0335512323282872,0.8400000000000001,0.8400000000000001,0.8424379503602882,0.5013,0.9993337774816788,1.2222222222222223,1.3333333333333335,1.3333333333333335,1.2469328993490236,1.25,1.25,1.25,1.25,1.5557284142682517,1.4444444444444444,1.3333333333333335,1.125,0.9996667777407531,0.6112487487487487,0.6249999999999999,0.6249999999999999,1.0001250156269534,1.0001250156269534,0.9997778271495223,0.9997500624843788,3.5,3.5
Writes completed vda,9.333333333333334,9.666666666666668,11.444444444444445,36,72.77777777777779,104.88888888888889,128.88888888888889,172.55555555555557,188.22222222222223,218.33333333333334,239.33333333333334,269.55555555555554,264.6666666666667,244.66666666666669,237.11111111111114,215.74868750000002,208.04176385649225,206,179.4174642857143,160.19173809523812,197.3786515605909,199.55016868674247,212.81794957236474,211.42071723103837,189.9068,167.6068,214.9044868947135,208.63189468421928,204.15051881485186,208.18050461264866,200.08575103615837,200.08575103615837,156.51941666666664,173.69646941109204,205.4777388694347,205.4777388694347,173.85112537512504,152.81077859286427,129.7190533333333,190.17002428918417,192.22111055527762,192.5300133392619,196.88888888888889,207.33333333333334,130.16373624174506,130.44,130.44,192.9646833333333,213.18217183505612,212.44444444444443,197.01859583333334,221.2841590757609,212,220.8888888888889,166.56,205.54685,222.51861731688342,217.77777777777777,201.95266666666663,183.24088863892015,199.4887752833963,183.13434999999998,183.18151521884025,162.48082614313702,183.17216850061132,180.33333333333334,167.33333333333334,142.67312742278355,153.16216516616652,145.77777777777777,122.56187328082021,136.47477217159368,121.22222222222221,108.22222222222221,104.11111111111111,102.11111111111111,99.44444444444444,97.55555555555556,85.33333333333334,77.96245,63.531642857142856,59.84426666666667,48.22426,32.33385,144.33218607749527,151.61733483202198,158.84115884115886,199.24478009773435,118.67483721512647,125.66179985312772,142.21822751543468,165.153319033319,183.53956795529422,184.20179740606363,108.72,108.72,109.03554043234587,92.615175,179.99111703308907,178.11111111111111,174.66666666666669,179.88888888888889,100.7521782674011,101,101,101,101,190.57673074786084,194.33333333333334,202.22222222222223,197.625,197.71187381983782,135.9417217217217,138.99999999999997,138.99999999999997,206.65083135391927,206.65083135391927,203.84359031326372,195.20119970007494,193.125,193.125
Read time vda,0.0014705882352727179,0.0015151515151294666,0.0015151515151294666,0.0015151515151294666,0.001302325581406855,0.0007058823528709849,0.0007058823528709849,0.0006875000001400622,0.0006153846155099857,0.0005909090910294749,0.0004999999999805975,0.0004999999999805975,0.0004999999999805975,0.000454545454472695,0.00043478260862605606,0.000434782608626056,0.0004166666665999703,0.0004583333332751256,0.00039999999983895875,0.0005714285715449867,0.0005000000001018634,0.0005000000001018634,0.0005333333333207216,0.0005357142856934972,0.0005555555555339971,0.0005555555555339973,0.00048717948718545714,0.000499999999950281,0.000499999999950281,0.000499999999950281,0.0003846153846937411,0.0003846153846937411,0.000583333333452174,0.0005384615385712376,0.0005384615385712375,0.0005384615385712375,0.0005384615385712376,0.0005384615385712375,0.0005384615385712376,0.00033333333340124227,0.0004117647057522417,0.0004117647057522417,0.0004499999999097781,0.0004761904761142519,0.0005454545452349438,0.0005454545452349439,0.0005454545452349439,0.000538461538291393,0.00090909090894539,0.001000000000001617,0.001000000000001617,0.0009473684210541635,0.0008636363636469468,0.0008000000000174623,0.000826086956531862,0.0008333333333515233,0.0008000000000174622,0.0004705882353899891,0.0004375000000891305,0.0004166666667515528,0.0004615384616324893,0.0004444444445349897,0.0005000000001018634,0.0003333333334012423,0.0019166666667539782,0.001916666666753978,0.0017142857143751045,0.0018461538462501129,0.0018461538462501126,0.001642857142931981,0.0015625000000909495,0.0014705882353797173,0.0015625000000909495,0.0004285714283988844,0.0004615384613526448,0.0003636363633797207,0.0003846153844138966,0.0004285714283988844,0.0004615384613526448,0.0003999999997176928,0.0004444444441307698,0.00044444444413076976,0.00040000000008149077,0.0004000000000814907,0.0005000000001018634,0.0005000000001018634,0.0004615384616324893,0.0005000000001018634,0.00040000000008149066,0.0004000000000814907,0.00040000000008149077,0.0005000000001018634,0.0004444444445349897,0.0004444444445349897,0.00042857142865874,0.00042857142865874,0.00042857142865874006,0.0005000000001018634,0.0006666666668024845,0.0006363636361625553,0.000583333333149009,0.0006666666664993196,0.0004999999997380655,0.0004999999997380655,0.0004999999997380655,0.0004999999997380655,0.0004999999997380655,0.0006428571427282544,0.0006153846155099857,0.0006666666668024845,0.0006666666668024845,0.001333333333604969,0.0016000000003259629,0.0016000000003259629,0.0016000000003259629,0.0011250000002291927,0.0011250000002291927,0.001111111110933254,0.0011249999997744455,0.000678571428579744,0.000678571428579744
Write time vda,0.0009761904762161153,0.0009655172413251169,0.0008834951456344587,0.0009783950617368387,0.001012213740458726,0.0010243644067841006,0.0010301724137928526,0.001083065035415775,0.0010348288075585886,0.0010015267175576372,0.0009860724233999231,0.0009682605111302469,0.0009454240134342602,0.0009118982742968347,0.0008795688847237148,0.0008600522193234892,0.0007554725040047376,0.0007621359223303482,0.0007575949367089345,0.0007494584837548488,0.0007608328643775759,0.0007645585472747212,0.0007599164926922297,0.0007576832151295764,0.0007668161434962787,0.0007668161434962788,0.0007509043927617896,0.0007228434504783035,0.0007127985303149463,0.000716497597439504,0.0007171428571434392,0.0007171428571434392,0.0007179282868568104,0.0007132049518596285,0.0007206329884364613,0.0007206329884364613,0.0007329635499173015,0.0007329635499173015,0.0007309197651621829,0.0008339594290011886,0.0008126219908888472,0.0008088914549642153,0.0008036117381484586,0.0007867095391215202,0.0006761729530824122,0.0006761729530824122,0.0006761729530824122,0.0006751630112599741,0.0006783107403542628,0.0006725941422594448,0.0006604542807211389,0.0006656626506028772,0.0006645702306098885,0.0006755533199162378,0.0006765129682986216,0.0006889259877600618,0.0006863136863154018,0.0006795918367320805,0.0006863636363629089,0.000692259675403708,0.000690807799441762,0.0006936090225540933,0.0006731352334751863,0.0006647887323914558,0.0006553398058218872,0.0006531115218716399,0.0006480743691914917,0.0006325396825443946,0.0007177068214814201,0.0007202743902436807,0.0007442713107290147,0.0007491856677569462,0.0007415215398726912,0.0007659137576993688,0.0007790821771645692,0.0007812840043533804,0.000770949720664863,0.0006480637813247645,0.0006406249999978778,0.0006546242774480676,0.0006216216216106094,0.0006308593749935199,0.0006234413965087282,0.0005813953488146481,0.000630769230769007,0.0006383855024723684,0.0006325247079945234,0.0006421404682284631,0.0006566473988431231,0.0006348088531199419,0.0006064461408004949,0.0006281869688402583,0.0006365336658358106,0.0006365336658358106,0.000621412803534129,0.000621412803534129,0.0006214128035341291,0.0006129905277420011,0.0006890808143111475,0.0007941359950054721,0.0007868956743008838,0.0007751698579353803,0.0008056930693044812,0.0008056930693044813,0.0008056930693044813,0.0008056930693044813,0.0008056930693044813,0.0007685131195331205,0.0006969696969723261,0.0006939560439555003,0.000702719797599256,0.0007123595505638579,0.0006843525179843552,0.0006843525179843552,0.0006843525179843552,0.0006690865093767496,0.0006690865093767496,0.0006882833787460547,0.0006933418693973877,0.0007061488673141419,0.0007061488673141419
IO time vda,0.005555555555474712,0.005666666666608459,0.007111111111145066,0.017333333333327674,0.030555555555515135,0.04166666666666667,0.050111111111113535,0.06377777777773494,0.07133333333341499,0.08133333333343115,0.09011111111117821,0.09733333333335598,0.0948888888889188,0.08900000000004285,0.0861111111110707,0.07841309999999016,0.07997334221928853,0.0795555555554933,0.07063143214278775,0.06222610476185343,0.08175052760189674,0.08259402723979235,0.08763745418191268,0.08834187179811755,0.07905686666663672,0.06977353333330691,0.09007107952028032,0.08865189135146688,0.08613576697079586,0.08658441702784724,0.08289266828639806,0.08289266828639806,0.06784586666665032,0.07657457833042935,0.08979489744870525,0.08979489744870525,0.07728247332452468,0.06792935561861263,0.05978246000005818,0.08215459351333307,0.08404202101045156,0.08425967096485225,0.08555555555550301,0.09066666666664484,0.06083089053429793,0.060959999999977296,0.060959999999977296,0.08578749999999999,0.095920862509757,0.09466666666665131,0.08789530833328991,0.09520106642978009,0.09066666666664484,0.0907777777777786,0.06899999999997818,0.08327106666667415,0.09169723241078338,0.0892222222222093,0.08227276250006345,0.07675070928626682,0.08346299177587177,0.07676496249998496,0.08287047322818202,0.07654906527446295,0.08658441702784724,0.08555555555560407,0.08055555555549493,0.07054393522576649,0.0758030454595742,0.07288888888888323,0.06212347930731375,0.0657923983106961,0.061222222222265074,0.0558888888889568,0.05277777777771715,0.05233333333338427,0.05288888888885089,0.0514444444445164,0.0467777777778085,0.03976986250000737,0.03594402857146355,0.032610449999946424,0.02609641999995712,0.019676025000019148,0.0762740091040189,0.07868115399027216,0.08334522620234518,0.1018436250555721,0.05995480215375513,0.06611782829296092,0.07997513557478378,0.08819093665092557,0.09485929042075322,0.09520155239998493,0.05807999999993626,0.05807999999993626,0.05824856685341886,0.049127399999978116,0.0852764823451065,0.08100000000002991,0.08144444444446385,0.08533333333333656,0.050625475713564,0.050749999999993634,0.050749999999993634,0.050749999999993634,0.050749999999993634,0.09256584064891975,0.09122222222221252,0.09444444444438381,0.09249999999997272,0.090303232255926,0.06026912662667465,0.0616250000000491,0.0616250000000491,0.09588698587321234,0.09588698587321234,0.09331259720063825,0.08947763059239555,0.08687499999996362,0.08687499999996362
mem_Used%,34.16239211462925,34.164165087032686,34.45847850600228,34.53552682101996,34.569213296685156,34.74448428285293,34.61976833836013,34.616931582514646,34.64205713428898,34.6722483215017,34.710949776250885,34.744281657435394,34.785414617195,34.82756070404227,34.85633351333225,34.88677798231687,34.89604809516911,34.90901612189135,34.92000855079262,34.95688637678399,34.885156978976596,34.88404253918016,34.870669261622844,34.87603883518753,34.88753782763263,34.93003850896061,34.92578337519237,34.93490151898144,34.92588468790113,34.911954190445606,34.90592608427394,35.02628558228973,35.020612070598744,35.02192913581273,35.011645895872824,35.016762187665584,35.01488790255338,35.0394562344295,35.05794580377957,34.91625998056822,34.81135067063947,34.82487591725993,34.83814788210849,34.84240301587671,34.8399715108663,34.84959621819921,34.88191497229604,34.9169691695296,34.955113404380555,34.978364671042705,34.98885053640014,35.01189917764474,35.034745193471814,35.05987074524616,35.080234599708426,35.331084866616756,35.31112626298955,35.33508671861307,35.338632663419936,35.38584438570559,35.372825702628965,35.37601705295514,35.34015235405145,35.28944534331331,35.276376003882305,35.2850888968363,35.34825737075285,35.35291775535615,35.34390092427584,35.33756887997788,35.33447884236046,35.292332755513186,35.288432216225644,35.26644735842309,35.26411716612144,35.26295206997061,35.25651871296387,35.267055234675695,35.28731777642919
descriptor_used /dev/vda1,0.9953928065923294,0.9953928065923294,0.9953927811608436,0.9953927811608436,0.9953927811608436,0.9953927811608436,0.9953927811608436,0.9953927811608436,0.9953927811608436,0.9953927811608436,0.9953927811608436,0.9953927811608436,0.9953927811608436,0.9953927811608436,0.9953927811608436,0.9953927811608436,0.9953927811608436,0.9953927811608436,0.9953927811608436,0.9953927811608436,0.9953927811608436,0.9953927811608436,0.9953927811608436,0.9953927811608436,0.9953927811608436,0.9953927811608436,0.9953927811608436,0.9953927811608436,0.9953927811608436,0.9953927811608436,0.9953927811608436,0.9953927811608436,0.9953927811608436,0.9953927811608436,0.9953927811608436,0.9953927811608436,0.9953927811608436,0.9953927811608436,0.9953927811608436,0.9953927811608436,0.9953927811608436,0.9953927811608436,0.9953927811608436,0.9953927811608436,0.9953927811608436,0.9953927811608436,0.9953927811608436,0.9953927811608436,0.9953927811608436,0.9953927811608436,0.9953927811608436,0.9953927811608436,0.9953927811608436,0.9953927811608436,0.9953927811608436,0.9953927811608436,0.9953927811608436,0.9953927811608436,0.9953927811608436,0.9953927811608436,0.9953927811608436,0.9953927811608436,0.9953927811608436,0.9953927811608436,0.9953927811608436,0.9953927811608436,0.9953927811608436,0.9953927811608436,0.9953927811608436,0.9953927811608436,0.9953927811608436,0.9953927811608436,0.9953927811608436,0.9953927811608436,0.9953927811608436,0.9953927811608436,0.9953927811608436,0.9953927811608436,0.9953927811608436
thread_connect,2,3,7,4,5,10,8,6,9,7,6,16,51,45,62,64,61,85,99,117,137,153,170,192,211,226,249,275,296,301,302,129,77
threads_running,1,1,2,1,1,2,2,1,1,1,1,4,14,21,26,54,51,78,94,112,133,148,167,188,206,224,246,270,291,299,1,30,1
lock_wait,8796,8796,8808,8818,8834,8852,8891,8910,8976,8992,9028,9051,9387,9758,10168,10180,10186,10191,10195,10199,10204,10209,10219,10219,10221,10226,10230,10232,10239,10240,10272,10600,10644
bytes_received,63474083,63483772,63604641,63736294,63889088,64010910,64201870,64359484,64557555,64712974,64906213,65047010,67245560,69700477,72470044,72579625,72654285,72703211,72757941,72814767,72860969,72924464,72993856,73035570,73083266,73149002,73201810,73261728,73322979,73349788,73418101,74842131,75101182
questions,444990,445019,445927,446919,448080,449015,450520,451747,453259,454453,455949,457085,474619,494056,515727,516524,517090,517460,517856,518335,518628,519135,519660,519985,520330,520795,521161,521621,522061,522215,523025,535791,537830
queries,448650,448680,449592,450588,451752,452688,454198,455428,456941,458138,459639,460776,478354,497843,519573,520373,520939,521313,521712,522194,522492,523000,523528,523856,524206,524672,525041,525506,525949,526106,526916,539713,541758
abort,967,967,967,967,967,967,967,967,967,967,967,967,967,967,967,967,967,967,967,967,967,967,967,967,967,967,967,967,967,998,1030,1062,1062
mysql_global_status_threads_cached,10,9,5,8,7,2,6,7,4,6,7,0,3,6,1,5,1,1,0,0,0,0,0,0,0,1,0,0,1,1,2,10,10
select_full_range_join,0,0,0,0,0,0,0,0,0,0,0,0,0,0,0,0,0,0,0,0,0,0,0,0,0,0,0,0,0,0,0,0,0
select_full_join,0,0,0,0,0,0,0,0,0,0,0,0,0,0,0,0,0,0,0,0,0,0,0,0,0,0,0,0,0,0,0,0,0
Thread Cache Size,11,11,11,11,11,11,11,11,11,11,11,11,11,11,11,11,11,11,11,11,11,11,11,11,11,11,11,11,11,11,11,11,11
Threads Cached,10,9,5,8,7,2,6,7,4,6,7,0,3,6,1,5,1,1,0,0,0,0,0,0,0,1,0,0,1,1,2,10,10
Created Tmp Tables,161137,161268,161399,161536,161666,161803,161937,162067,162198,162334,162477,162606,164612,166876,169428,169563,169692,169826,169959,170091,170231,170361,170503,170631,170762,170900,171035,171167,171305,171434,171568,172895,173166
Free Memory,1031832,1031832,1031832,1031832,1031832,1031832,1031832,1031832,1031832,1031832,1031832,1031832,1031832,1031832,1031832,1031832,1031832,1031832,1031832,1031832,1031832,1031832,1031832,1031832,1031832,1031832,1031832,1031832,1031832,1031832,1031832,1031832,1031832
open_files,61,61,61,61,61,61,62,62,62,62,62,62,72,76,77,77,77,77,77,77,77,77,77,77,77,77,77,77,77,77,77,78,78
innodb_num_open_files,28,28,28,28,28,28,28,28,28,28,28,28,28,28,28,28,28,28,28,28,28,28,28,28,28,28,28,28,28,28,28,28,28
Query Cache Size,1048576,1048576,1048576,1048576,1048576,1048576,1048576,1048576,1048576,1048576,1048576,1048576,1048576,1048576,1048576,1048576,1048576,1048576,1048576,1048576,1048576,1048576,1048576,1048576,1048576,1048576,1048576,1048576,1048576,1048576,1048576,1048576,1048576
table_open_cache,2000,2000,2000,2000,2000,2000,2000,2000,2000,2000,2000,2000,2000,2000,2000,2000,2000,2000,2000,2000,2000,2000,2000,2000,2000,2000,2000,2000,2000,2000,2000,2000,2000
process state after create,0,0,0,0,0,0,0,0,0,0,0,0,0,0,0,0,0,0,0,0,0,0,0,0,0,0,0,0,0,0,0,0,0
process state altering table,0,0,0,0,0,0,0,0,0,0,0,0,0,0,0,0,0,0,0,0,0,0,0,0,0,0,0,0,0,0,0,0,0
process state analyzing,0,0,0,0,0,0,0,0,0,0,0,0,0,0,0,0,0,0,0,0,0,0,0,0,0,0,0,0,0,0,0,0,0
process state checking permissions,0,0,0,0,0,0,0,0,0,0,0,0,0,0,0,0,0,0,0,0,0,0,0,0,0,0,0,0,0,0,0,0,0
process state checking table,0,0,0,0,0,0,0,0,0,0,0,0,0,0,0,0,0,0,0,0,0,0,0,0,0,0,0,0,0,0,0,0,0
process state cleaning up,0,0,0,0,0,0,0,0,0,0,0,0,0,0,0,0,0,0,0,0,0,0,0,0,0,0,0,0,0,0,0,0,0
process state closing tables,0,0,0,0,0,0,0,0,0,0,0,0,0,0,0,0,0,0,0,0,0,0,0,0,0,0,0,0,0,0,0,0,0
process state converting heap to myisam,0,0,0,0,0,0,0,0,0,0,0,0,0,0,0,0,0,0,0,0,0,0,0,0,0,0,0,0,0,0,0,0,0
process state copying to tmp table,0,0,0,0,0,0,0,0,0,0,0,0,0,0,0,0,0,0,0,0,0,0,0,0,0,0,0,0,0,0,0,0,0
process state creating sort index,0,0,0,0,0,0,0,0,0,0,0,0,0,0,0,0,0,0,0,0,0,0,0,0,0,0,0,0,0,0,0,0,0
process state creating table,0,0,0,0,0,0,0,0,0,0,0,0,0,0,0,0,0,0,0,0,0,0,0,0,0,0,0,0,0,0,0,0,0
process state creating tmp table,0,0,0,0,0,0,0,0,0,0,0,0,0,0,0,0,0,0,0,0,0,0,0,0,0,0,0,0,0,0,0,0,0
process state deleting,0,0,0,0,0,0,0,0,0,0,0,0,0,0,0,0,0,0,0,0,0,0,0,0,0,0,0,0,0,0,0,0,0
process state end,0,0,0,0,0,0,0,0,0,0,0,0,0,0,0,0,0,0,0,0,0,0,0,0,0,0,0,0,0,0,0,0,0
process state executing,0,0,0,0,0,0,0,0,1,0,0,0,1,0,0,0,0,0,0,0,0,0,0,0,0,0,0,0,0,0,0,0,0
process state execution of init_command,0,0,0,0,0,0,0,0,0,0,0,0,0,0,0,0,0,0,0,0,0,0,0,0,0,0,0,0,0,0,0,0,0
process state flushing tables,0,0,0,0,0,0,0,0,0,0,0,0,0,0,0,0,0,0,0,0,0,0,0,0,0,0,0,0,0,0,0,0,0
process state freeing items,0,0,0,0,0,0,0,0,0,0,0,0,0,0,0,0,0,0,0,0,0,0,0,0,0,0,0,0,0,0,0,0,0
process state fulltext initialization,0,0,0,0,0,0,0,0,0,0,0,0,0,0,0,0,0,0,0,0,0,0,0,0,0,0,0,0,0,0,0,0,0
process state idle,1,1,5,3,3,6,8,4,5,6,5,13,36,25,36,10,9,8,5,5,3,5,3,3,4,2,3,4,5,2,300,99,76
process state init,0,0,0,0,0,0,0,0,0,0,0,0,0,0,0,0,0,0,0,0,0,0,0,0,0,0,0,0,0,0,0,0,0
process state killed,0,0,0,0,0,0,0,0,0,0,0,0,0,0,0,0,0,0,0,0,0,0,0,0,0,0,0,0,0,0,0,0,0
process state logging slow query,0,0,0,0,0,0,0,0,0,0,0,0,0,0,0,0,0,0,0,0,0,0,0,0,0,0,0,0,0,0,0,0,0
process state login,0,0,0,0,0,0,0,0,0,0,0,0,0,0,0,0,0,0,0,0,0,0,0,0,0,0,0,0,0,0,0,0,0
process state manage keys,0,0,0,0,0,0,0,0,0,0,0,0,0,0,0,0,0,0,0,0,0,0,0,0,0,0,0,0,0,0,0,0,0
process state opening tables,0,0,0,0,0,0,0,0,0,0,0,0,0,0,0,0,0,0,0,0,0,0,0,0,0,0,0,0,0,0,0,0,0
process state optimizing,0,0,0,0,0,0,0,0,0,0,0,0,0,0,0,0,0,0,0,0,0,0,0,0,0,0,0,0,0,0,0,0,0
process state other,0,1,0,0,1,0,0,0,0,0,0,0,1,1,0,0,0,0,1,1,0,0,0,0,0,0,0,1,0,0,3,0,1
process state preparing,0,0,0,0,0,0,0,0,0,0,0,0,0,0,0,0,0,0,0,0,0,0,0,0,0,0,0,0,0,0,0,0,0
process state reading from net,0,0,0,0,0,0,0,0,0,0,0,0,0,0,0,0,0,0,0,0,0,0,0,0,0,0,0,0,0,0,0,0,0
process state removing duplicates,0,0,0,0,0,0,0,0,0,0,0,0,0,0,0,0,0,0,0,0,0,0,0,0,0,0,0,0,0,0,0,0,0
process state removing tmp table,0,0,0,0,0,0,0,0,0,0,0,0,0,0,0,0,0,0,0,0,0,0,0,0,0,0,0,0,0,0,0,0,0
process state reopen tables,0,0,0,0,0,0,0,0,0,0,0,0,0,0,0,0,0,0,0,0,0,0,0,0,0,0,0,0,0,0,0,0,0
process state repair by sorting,0,0,0,0,0,0,0,0,0,0,0,0,0,0,0,0,0,0,0,0,0,0,0,0,0,0,0,0,0,0,0,0,0
process state repair done,0,0,0,0,0,0,0,0,0,0,0,0,0,0,0,0,0,0,0,0,0,0,0,0,0,0,0,0,0,0,0,0,0
process state repair with keycache,0,0,0,0,0,0,0,0,0,0,0,0,0,0,0,0,0,0,0,0,0,0,0,0,0,0,0,0,0,0,0,0,0
process state replication master,0,0,0,0,0,0,0,0,0,0,0,0,0,0,0,0,0,0,0,0,0,0,0,0,0,0,0,0,0,0,0,0,0
process state rolling back,0,0,0,0,0,0,0,0,0,0,0,0,0,0,0,0,0,0,0,0,0,0,0,0,0,0,0,0,0,0,0,0,0
process state searching rows for update,0,0,0,0,0,0,0,0,0,0,0,0,0,0,0,0,0,0,0,0,0,0,0,0,0,0,0,0,0,0,0,0,0
process state sending data,0,0,0,0,0,0,1,0,0,0,0,0,0,0,0,0,0,0,0,0,0,0,0,0,0,0,0,0,0,0,0,0,0
process state sorting for group,0,0,0,0,0,0,0,0,0,0,0,0,0,0,0,0,0,0,0,0,0,0,0,0,0,0,0,0,0,0,0,0,0
process state sorting for order,0,0,0,0,0,0,0,0,0,0,0,0,0,0,0,0,0,0,0,0,0,0,0,0,0,0,0,0,0,0,0,0,0
process state sorting index,0,0,0,0,0,0,0,0,0,0,0,0,0,0,0,0,0,0,0,0,0,0,0,0,0,0,0,0,0,0,0,0,0
process state sorting result,0,0,0,0,0,0,0,0,0,0,0,0,0,0,0,0,0,0,0,0,0,0,0,0,0,0,0,0,0,0,0,0,0
process state statistics,0,0,0,0,0,1,0,0,0,0,0,0,0,0,0,0,0,0,0,0,0,0,0,0,0,0,0,0,0,0,0,0,0
process state updating,0,0,1,0,0,1,1,0,0,0,0,1,12,20,23,21,0,0,0,0,0,0,0,0,0,0,0,0,0,0,0,29,0
process state waiting for lock,0,0,0,0,0,0,0,1,0,0,0,0,0,0,3,32,51,77,93,111,132,147,166,188,205,223,245,269,290,298,0,0,0
process state waiting for table flush,0,0,0,0,0,0,0,0,0,0,0,0,0,0,0,0,0,0,0,0,0,0,0,0,0,0,0,0,0,0,0,0,0
process state waiting for tables,0,0,0,0,0,0,0,0,0,0,0,0,0,0,0,0,0,0,0,0,0,0,0,0,0,0,0,0,0,0,0,0,0
process state waiting on cond,0,0,0,0,0,0,0,0,0,0,0,0,0,0,0,0,0,0,0,0,0,0,0,0,0,0,0,0,0,0,0,0,0
process state writing to net,0,0,0,0,0,0,0,0,0,0,0,0,0,0,0,0,0,0,0,0,0,0,0,0,0,0,0,0,0,0,0,0,0
qcache_queries_in_cache,0,0,0,0,0,0,0,0,0,0,0,0,0,0,0,0,0,0,0,0,0,0,0,0,0,0,0,0,0,0,0,0,0
disk_io_now vda,0,0,0,0,0,0,0,0,0,0,0,0,0,0,0,0,0,0,0,0,0,0,0,0,0,0,0,0,0,0,0,0,0,0,0,0,0,0,0,0,0,0,0,0,0,0,0,0,0,0,0,0,0,0,0,0,0,0,0,0,0,0,0,0,0,0,0,0,0,0,0,0,0,0,0,0,0,0
mem_buffer,0,0,0,0,0,0,0,0,0,0,0,0,0,0,0,0,0,0,0,0,0,0,0,0,0,0,0,0,0,0,0,0,0,0,0,0,0,0,0,0,0,0,0,0,0,0,0,0,0,0,0,0,0,0,0,0,0,0,0,0,0,0,0,0,0,0,0,0,0,0,0,0,0,0,0,0,0,0
mem_cached,4927086592,4927201280,4927569920,4928344064,4928708608,4929150976,4929523712,4930093056,4930740224,4935647232,4936015872,4936478720,4936884224,4937334784,4938051584,4938362880,4940103680,4941160448,4942983168,4943749120,4944138240,4946272256,4946698240,4947075072,4949069824,4950077440,4950360064,4950851584,4951265280,4951588864,4952895488,4955291648,4955807744,4956778496,4957282304,4957827072,4958552064,4959039488,4959387648,4960088064,4960534528,4961259520,4961525760,4966178816,4966408192,4966739968,4966916096,4967141376,4967313408,4967641088,4967858176,4968083456,4968361984,4968591360,4968775680,4969013248,4969259008,4969385984,4971921408,4973223936,4973608960,4973985792,4974338048,4974641152,4974960640,4977139712,4977410048,4977672192,4978520064,4978774016,4980793344,4981051392,4981301248,4983218176,4983427072,4984221696,4984729600,4986138624
Read bytes vda,758850947584,758850947584,758850947584,758851340800,758851357184,758851357184,758851357184,758851373568,758851553792,758851680768,758851680768,758851680768,758851729920,758851762688,758851779072,758851795456,758852319744,758852581888,758852860416,758852860416,758852860416,758853720576,758853736960,758853736960,758853933568,758854425088,758854425088,758854507008,758854523392,758854539776,758854621696,758856686080,758856702464,758856817152,758856882688,758856948224,758856964608,758856980992,758856997376,758857013760,758857030144,758857046528,758857062912,758861277696,758861326848,758861408768,758861408768,758861408768,758861441536,758861490688,758861507072,758861507072,758861572608,758861572608,758861588992,758861654528,758861670912,758861703680,758862227968,758862260736,758862309888,758862309888,758862309888,758862326272,758862375424,758863014400,758863047168,758863096320,758863686144,758863735296,758864521728,758864538112,758864554496,758865947136,758865947136,758865996288,758866029056,758866962944
