Avg Threads Running,1,1,1.7000000000000002,2.7,3.4000000000000004,3.8,4.6,5.2,5.9,6.5,7,7.666666666666667,7.625,7.142857142857143,7,7.4,7,7,6.5,6,108,108,108,108,108,108,108,108,71.5,59.333333333333336,44,57.75,74.8,92.5,111.85714285714286,129.5,143.22222222222223,154.20000000000002,176,197.79999999999998,216.9,231.5,241.8,247,248.1,246.8,246,246.00000000000003,246.00000000000003,246,245.22222222222223,245.25,245.14285714285714,247.16666666666666,248.8,251,253,253,253,22,22,22,22,22,22,22,22,22,22
Peak Threads Connected,1,1,8,11,11,11,11,11,11,11,11,11,11,9,9,9,8,8,7,6,108,108,108,108,108,108,108,108,108,108,62,99,143,181,228,253,253,253,253,253,253,253,253,253,253,253,253,253,253,253,253,253,253,253,253,253,253,253,253,22,22,22,22,22,22,22,22,22,22
Peak Threads Running,1,1,3,3,3,3,3,3,3,3,3,3,2,2,2,2,2,2,1,1,67,67,67,67,67,67,67,67,67,67,44,86,131,169,214,241,243,244,244,244,244,244,244,244,244,244,244,250,251,251,251,251,251,251,251,251,251,251,251,6,6,6,6,6,6,6,6,6,6
Questions,39,36.88888888888889,63.22222222222223,196.11111111111111,338.33333333333337,469.33333333333337,582.7777777777778,705.6666666666667,831.3333333333334,954.3333333333334,1109.2222222222222,1047.034125,922.6975428571428,790.5564333333333,666.7692,563.6528999999999,451.7841333333334,337.3203,229.83739999999997,1166.5621472469584,1153.8375600491565,294.9049797775531,341.989926124916,397.9276080945198,441.24320208919244,489.62166833946685,552.0531691438398,557.6660378540989,533.5263978614391,422.33333333333337,348.22222222222223,296.6666666666667,261.6666666666667,261.33333333333337,256.6666666666667,243.66666666666669,278,341.8888888888889,361.44444444444446,359.11111111111114,350.55555555555554,307.482075,256.5347428571428,206.9375,153.03084,104.80384999999998,35.97853333333334,11.0124,9.407599999999999
Threads Created,0,0,0,0.33333333333333337,0.33333333333333337,0.33333333333333337,0.33333333333333337,0.4444444444444445,0.4444444444444445,0.4444444444444445,0.4444444444444445,0.4311,0.10888571428571428,0.11036666666666665,0.11244000000000001,0.11555,0,0,0,0.25084660729963626,0.8937548877220423,5.589812942366026,10.230467875531676,15.341138763197586,19.400916030534354,24.481083416973345,26.81845801089137,26.265179242918027,24.949877478280243,24.22222222222222,21.22222222222222,17.11111111111111,12.666666666666668,10.555555555555555,6.666666666666667,6.666666666666667,8.777777777777779,11,11.88888888888889,11.88888888888889,11.88888888888889,11.100825,9.146399999999998,7.9464,5.28468,3.2354,0.9658666666666667,0,0
Created Tmp Disk Tables,9,8.777777777777779,9,8.88888888888889,9,8.777777777777779,8.777777777777779,9.222222222222223,9.222222222222223,9,9.222222222222223,7.8675749999999995,7.077571428571427,6.070166666666666,5.28468,4.3909,3.2598,2.3598,1.4598,9.281324470086542,9.272706960116187,3.0489888776541965,3.799888068054622,4.844570135746606,5.74369224588188,6.397067023530723,7.422966056586004,8.44237904236651,8.799287146357765,8.777777777777779,8.777777777777779,9.11111111111111,9,9,9,8.88888888888889,8.777777777777779,9.11111111111111,9.11111111111111,9,9,7.7598,6.8598,6.180533333333333,5.28468,4.3909,3.3805333333333336,2.4909,1.7841999999999998
Created Tmp Files,0,0,0,0,0,0,0,0,0,0,0,0,0,0,0,0,0,0,0,0,0,0,0,0,0,0.12302051968328313,0.11972525897719362,0.11725526447731263,0.11138338159946537,0.11111111111111112,0.11111111111111112,0.11111111111111112,0.11111111111111112,0.11111111111111112,0,0,0,0,0,0,0,0,0,0,0,0,0,0,0
Select Full Join,0,0,0,0,0,0,0,0,0,0,0,0,0,0,0,0,0,0,0,0,0,0,0,0,0,0,0,0,0,0,0,0,0,0,0,0,0,0,0,0,0,0,0,0,0,0,0,0,0
Select Full Range Join,0,0,0,0,0,0,0,0,0,0,0,0,0,0,0,0,0,0,0,0,0,0,0,0,0,0,0,0,0,0,0,0,0,0,0,0,0,0,0,0,0,0,0,0,0,0,0,0,0
Select Range,0,0,0.11111111111111112,2.4444444444444446,4.333333333333334,6.333333333333334,9.88888888888889,11.11111111111111,12.333333333333334,15.222222222222223,18.333333333333336,17.6751,15.57065714285714,13.906199999999998,12.14352,8.7818,7.847666666666667,7.0794,4.5416,17.057569296375267,15.528991174170482,2.202047522750253,4.82293485560779,5.786569884364002,6.764793089594216,9.349559495929519,14.486756336240427,15.59495017548258,14.813989752728896,14.444444444444446,13.333333333333334,11.11111111111111,11.11111111111111,12.444444444444446,11.88888888888889,6.888888888888888,7.666666666666667,10.11111111111111,11.11111111111111,11.11111111111111,11.11111111111111,9.69975,7.404228571428571,5.518333333333333,5.622000000000001,3.5820499999999997,1.0866,0,0
Select Range Check,0,0,0,0,0,0,0,0,0,0,0,0,0,0,0,0,0,0,0,0,0,0,0,0,0,0,0,0,0,0,0,0,0,0,0,0,0,0,0,0,0,0,0,0,0,0,0,0,0
Select Scan,30.111111111111114,28.111111111111114,29.444444444444446,27.77777777777778,29.666666666666668,27.333333333333336,28.444444444444446,29.22222222222222,30.111111111111114,28.444444444444446,30.555555555555554,25.865999999999996,23.737085714285712,19.755633333333332,17.87796,14.21265,11.590399999999999,7.9971000000000005,5.514799999999999,28.84735983945817,29.94078873868841,10.840849342770476,11.984262368479964,15.74485294117647,19.145640819606268,20.421406267425002,23.46615075952995,26.968710829781905,28.17999554466474,27.111111111111114,28.111111111111114,29.111111111111114,28.444444444444446,29,29,29.555555555555554,28.77777777777778,30.333333333333336,30.22222222222222,28.333333333333336,30.111111111111114,26.08155,22.212685714285712,20.748933333333333,17.20332,14.559299999999999,10.745266666666668,7.9971000000000005,6.9746
Sort Rows,78,69.33333333333334,69.33333333333334,69.33333333333334,69.33333333333334,69.33333333333334,69.33333333333334,86.66666666666667,86.66666666666667,78,86.66666666666667,75.65805,67.94468571428571,60.2602,52.62192,45.064499999999995,28.251600000000003,20.4516,12.651599999999998,88.04715916217233,87.14110155289912,26.424570273003035,22.79932840832773,41.98627450980392,49.7786661309763,47.97800267648042,65.36999140154771,73.16728503384307,69.5032301180664,69.33333333333334,69.33333333333334,86.66666666666667,78,78,78,69.33333333333334,69.33333333333334,86.88888888888889,78.22222222222223,78.33333333333334,78.55555555555556,67.790475,59.99602857142857,60.81203333333333,53.18412000000001,45.642250000000004,28.613800000000005,31.0707,25.627599999999994
Sort Range,0,0,0,0,0,0,0,0,0,0,0,0,0,0,0,0,0,0,0,0,0,0,0,0,0,0,0,0,0,0,0,0,0,0,0,0,0,0,0,0,0,0,0,0,0,0,0,0,0
Sort Merge Passes,0,0,0,0,0,0,0,0,0,0,0,0,0,0,0,0,0,0,0,0,0,0,0,0,0,0,0,0,0,0,0,0,0,0,0,0,0,0,0,0,0,0,0,0,0,0,0,0,0
opened_tables,0,0,0,0,0,0,0,0,0,0,0,0,0,0,0,0,0,0,0,0,0,0,0,0,0,0,0.11972525897719362,0.11725526447731263,0.11138338159946537,0.11111111111111112,0.11111111111111112,0.11111111111111112,0.11111111111111112,0.11111111111111112,0.11111111111111112,0.11111111111111112,0.22222222222222224,0.22222222222222224,0.22222222222222224,0.22222222222222224,0.22222222222222224,0.21555,0.21777142857142856,0.2207333333333333,0.11244000000000001,0,0,0,0
table_open_cache_hits,288,284.77777777777777,336.22222222222223,596.1111111111111,872.5555555555557,1127.5555555555557,1347.5555555555557,1584.3333333333335,1827.5555555555554,2067.777777777778,2367.777777777778,2216.93175,1952.4297428571426,1673.9312333333332,1412.4712800000002,1190.3961,954.3970000000002,711.4797,480.5986,2455.788285463439,2431.2367333258853,640.2876643073812,755.8854264607119,890.1897624434389,997.7431619124147,1114.934969889595,1263.2212074683698,1295.4361619453498,1261.7509467587438,1048.2222222222222,904.1111111111111,802.2222222222223,728,721.5555555555555,705.6666666666667,670.8888888888889,733.7777777777778,855.2222222222223,893.1111111111111,890.2222222222223,872.7777777777777,763.047,646.3455999999999,533.4021,411.30552000000006,299.85225,147.53613333333334,77.7423,51.57959999999999
table_open_cache_misses,0,0,0,0,0,0,0,0,0,0,0,0,0,0,0,0,0,0,0,0,0,0,0,0,0,0,0.11972525897719362,0.11725526447731263,0.11138338159946537,0.11111111111111112,0.11111111111111112,0.11111111111111112,0.11111111111111112,0.11111111111111112,0.11111111111111112,0.11111111111111112,0.22222222222222224,0.22222222222222224,0.22222222222222224,0.22222222222222224,0.22222222222222224,0.21555,0.21777142857142856,0.2207333333333333,0.11244000000000001,0,0,0,0
table_open_cache_overflows,0,0,0,0,0,0,0,0,0,0,0,0,0,0,0,0,0,0,0,0,0,0,0,0,0,0,0.11972525897719362,0.11725526447731263,0.11138338159946537,0.11111111111111112,0.11111111111111112,0.11111111111111112,0.11111111111111112,0.11111111111111112,0.11111111111111112,0.11111111111111112,0.22222222222222224,0.22222222222222224,0.22222222222222224,0.22222222222222224,0.22222222222222224,0.21555,0.21777142857142856,0.2207333333333333,0.11244000000000001,0,0,0,0
Sort Scan,1,0.888888888888889,0.888888888888889,0.888888888888889,0.888888888888889,0.888888888888889,0.888888888888889,1.1111111111111112,1.1111111111111112,1,1.1111111111111112,0.969975,0.8710857142857142,0.7725666666666666,0.67464,0.57775,0.36219999999999997,0.2622,0.16219999999999998,1.1288097328483633,1.1171936096525528,0.33877654196157736,0.2922990821580479,0.5382855706385118,0.638188027320209,0.6151025984164157,0.8380768128403553,0.938042115818501,0.891067052795723,0.888888888888889,0.888888888888889,1.1111111111111112,1,1,1,0.888888888888889,0.888888888888889,1.1111111111111112,1,1,1,0.8622,0.7621999999999999,0.7725666666666666,0.67464,0.57775,0.36219999999999997,0.3933,0.32439999999999997
Slow Queries,5.555555555555555,5.222222222222222,5.444444444444445,8.222222222222223,10.555555555555555,11.88888888888889,13.88888888888889,15.333333333333334,17,18.555555555555557,20.666666666666668,19.18395,15.897314285714284,13.354366666666667,11.356440000000001,9.012899999999998,7.726933333333333,5.6373,3.5683999999999996,20.443998494920358,19.88604625181544,4.912259858442871,4.676785314528766,5.786569884364002,6.764793089594216,7.012169621947139,11.2541743438562,12.077292241163201,11.918021831142795,11,10.444444444444445,11.333333333333334,11.444444444444445,11.666666666666668,12.11111111111111,9.333333333333334,9.11111111111111,10.333333333333334,10.666666666666668,10.11111111111111,10.222222222222223,8.622,7.404228571428571,6.622,5.39712,4.737550000000001,3.139066666666667,2.0976,1.9464
Aborted Connects (attempts),0,0,0,0,0,0,0,0,0,0,0,0,0,0,0,0,0,0,0,0,0,0,0,0,0,0,0,0,0,0,0,0,0,0,0,0,0,0,0,0,0,0,0,0,0,0,0,0,0
Aborted Clients (timeout),0,0,0,0,0,0,0,0,0,0,0,0,0,0,0,0,0,0,0,0,0,0,0,0,0,0,0,0,0,0,0,0,0,0,0,0,0,0,0,0,0,0,0,0,0,0,0,0,0
Table Locks Immediate,61,57.777777777777786,86,222.22222222222223,370.55555555555554,502.88888888888886,621.5555555555555,749.1111111111111,877.6666666666667,1003.7777777777777,1163.5555555555557,1095.8562,965.7073999999999,826.0944999999999,698.4772800000001,588.26505,471.2222,352.0035,239.0828,1220.3687445127302,1208.1331694782707,314.8927957532861,366.543049026192,429.82102815485166,479.7897589393331,533.4169733467157,604.3731073168734,612.3069911005266,587.2131877923814,472.11111111111114,394.22222222222223,341,302.77777777777777,301.6666666666667,294.55555555555554,278.6666666666667,314.77777777777777,383.77777777777777,402.77777777777777,399.55555555555554,390.6666666666667,342.07785,285.1716857142857,232.43219999999997,172.82028,119.94089999999998,44.309133333333335,17.6985,14.597999999999999
Table Locks Waited,0,0,0.5555555555555556,3.3333333333333335,5.111111111111112,8.777777777777779,10.777777777777779,12.88888888888889,16.22222222222222,18.88888888888889,22,20.800575000000002,18.292799999999996,16.77573333333333,13.380360000000001,11.67055,9.900133333333333,6.8172,4.5416,25.084660729963623,25.360294939112947,6.775530839231547,5.992131184239982,7.401426596279537,7.275343511450382,7.750292740046838,8.380768128403552,8.325123777889196,7.908220093562041,4.888888888888889,3.444444444444444,3.444444444444444,2.666666666666667,3.1111111111111116,3.555555555555556,3.8888888888888893,5.222222222222222,6.222222222222223,7.555555555555555,7.555555555555555,7.444444444444445,6.466499999999999,5.879828571428571,4.856133333333333,3.8229600000000006,2.4265499999999998,1.4487999999999999,0,0
bytes_received_rate,12865.666666666668,11910.666666666668,15543.555555555557,31145,49083.11111111111,65395,79397.11111111111,95086.88888888889,111025.77777777778,125715.55555555555,145120.8888888889,136322.44199999998,120758.28591428569,103388.84453333332,87008.20836,73620.6026,58653.460666666666,43390.0359,29417.2408,150321.33450395084,148657.5801586415,36081.05682507584,40170.51671143944,45923.56431623931,50791.47053033347,56001.0319086651,62945.674632518516,64491.21624937329,62321.118289151265,48863.77777777778,41589.88888888889,36879.77777777778,33216.222222222226,32794,31419.77777777778,29180.888888888887,32064,37971.11111111111,39827.333333333336,39098.444444444445,38832.333333333336,34063.797600000005,28657.304485714285,24090.063433333333,18877.43916,13598.50175,6641.419933333334,3398.8985999999995,2767.9429999999998
bytes_sent_rate,184183.11111111112,176123.44444444444,194923,211076.7777777778,252034.22222222225,262997.8888888889,296930.6666666667,332192.3333333334,362670.8888888889,386240.44444444444,429065.8888888889,379853.526375,344899.6376571428,292148.7337999999,253699.94616,205940.25855,170082.84186666665,118059.8763,80861.0794,428988.0847861532,435307.3399620154,144062.86119817998,152909.5419520931,205997.716170186,248470.08435516275,275096.14872588374,323173.19430454896,358259.038212898,371122.29895299627,352328.22222222225,350513.7777777778,381701.22222222225,372638,378198.44444444444,362814.22222222225,379024.8888888889,378805.22222222225,419749.1111111111,416373.44444444444,390059.3333333334,401595.8888888889,346110.467175,298941.1553714286,286337.37696666666,223239.95016,188497.17719999998,119073.25,91966.5189,94121.57819999999
qcache_hits,0,0,0,0,0,0,0,0,0,0,0,0,0,0,0,0,0,0,0,0,0,0,0,0,0,0,0,0,0,0,0,0,0,0,0,0,0,0,0,0,0,0,0,0,0,0,0,0,0
qcache_inserts,0,0,0,0,0,0,0,0,0,0,0,0,0,0,0,0,0,0,0,0,0,0,0,0,0,0,0,0,0,0,0,0,0,0,0,0,0,0,0,0,0,0,0,0,0,0,0,0,0
qcache_not_cached,27.888888888888893,26.111111111111114,40.333333333333336,101.44444444444444,166,220.44444444444443,272.22222222222223,325.8888888888889,383.22222222222223,435.11111111111114,504.33333333333337,473.24002499999995,414.52791428571425,353.61479999999995,300.88944000000004,252.70785,203.31493333333333,149.71620000000001,103.3214,516.9948576445503,516.5903251033403,154.48210313447927,191.45589881352137,236.0382227249874,269.4429851345922,299.1859038697446,334.15319780534736,336.05358799197796,321.67520605925597,268.11111111111114,226.22222222222223,192.33333333333334,161.22222222222223,152.77777777777777,146.66666666666669,146.88888888888889,166,205.44444444444443,216.66666666666669,215.22222222222223,209.33333333333334,185.373,156.68654285714283,129.46009999999998,91.30128,65.28575,22.697866666666666,7.866,6.4879999999999995
qcache_lowmem_prunes,0,0,0,0,0,0,0,0,0,0,0,0,0,0,0,0,0,0,0,0,0,0,0,0,0,0,0,0,0,0,0,0,0,0,0,0,0,0,0,0,0,0,0,0,0,0,0,0,0
com admin_commands,1,1,1,1,1,1,1,1,1,1,1,0.8622,0.7621999999999999,0.6622,0.5622,0.4622,0.36219999999999997,0.2622,0.16219999999999998,1.003386429198545,1.0054742486872974,0.33877654196157736,0.4384486232370718,0.5382855706385118,0.638188027320209,0.7381231180996988,0.8380768128403553,0.938042115818501,1.0024504343951883,1,1,1,1,1,1,1,1,1,1,1,1,0.8622,0.7621999999999999,0.6622,0.5622,0.4622,0.36219999999999997,0.2622,0.16219999999999998
com alter_db,0,0,0,0,0,0,0,0,0,0,0,0,0,0,0,0,0,0,0,0,0,0,0,0,0,0,0,0,0,0,0,0,0,0,0,0,0,0,0,0,0,0,0,0,0,0,0,0,0
com alter_db_upgrade,0,0,0,0,0,0,0,0,0,0,0,0,0,0,0,0,0,0,0,0,0,0,0,0,0,0,0,0,0,0,0,0,0,0,0,0,0,0,0,0,0,0,0,0,0,0,0,0,0
com alter_event,0,0,0,0,0,0,0,0,0,0,0,0,0,0,0,0,0,0,0,0,0,0,0,0,0,0,0,0,0,0,0,0,0,0,0,0,0,0,0,0,0,0,0,0,0,0,0,0,0
com alter_function,0,0,0,0,0,0,0,0,0,0,0,0,0,0,0,0,0,0,0,0,0,0,0,0,0,0,0,0,0,0,0,0,0,0,0,0,0,0,0,0,0,0,0,0,0,0,0,0,0
com alter_instance,0,0,0,0,0,0,0,0,0,0,0,0,0,0,0,0,0,0,0,0,0,0,0,0,0,0,0,0,0,0,0,0,0,0,0,0,0,0,0,0,0,0,0,0,0,0,0,0,0
com alter_procedure,0,0,0,0,0,0,0,0,0,0,0,0,0,0,0,0,0,0,0,0,0,0,0,0,0,0,0,0,0,0,0,0,0,0,0,0,0,0,0,0,0,0,0,0,0,0,0,0,0
com alter_server,0,0,0,0,0,0,0,0,0,0,0,0,0,0,0,0,0,0,0,0,0,0,0,0,0,0,0,0,0,0,0,0,0,0,0,0,0,0,0,0,0,0,0,0,0,0,0,0,0
com alter_table,0,0,0,0,0,0,0,0,0,0,0,0,0,0,0,0,0,0,0,0,0,0,0,0,0,0,0,0,0,0,0,0,0,0,0,0,0,0,0,0,0,0,0,0,0,0,0,0,0
com alter_tablespace,0,0,0,0,0,0,0,0,0,0,0,0,0,0,0,0,0,0,0,0,0,0,0,0,0,0,0,0,0,0,0,0,0,0,0,0,0,0,0,0,0,0,0,0,0,0,0,0,0
com alter_user,0,0,0,0,0,0,0,0,0,0,0,0,0,0,0,0,0,0,0,0,0,0,0,0,0,0,0,0,0,0,0,0,0,0,0,0,0,0,0,0,0,0,0,0,0,0,0,0,0
com analyze,0,0,0,0,0,0,0,0,0,0,0,0,0,0,0,0,0,0,0,0,0,0,0,0,0,0,0,0,0,0,0,0,0,0,0,0,0,0,0,0,0,0,0,0,0,0,0,0,0
com assign_to_keycache,0,0,0,0,0,0,0,0,0,0,0,0,0,0,0,0,0,0,0,0,0,0,0,0,0,0,0,0,0,0,0,0,0,0,0,0,0,0,0,0,0,0,0,0,0,0,0,0,0
com begin,0,0,0,0,0,0,0,0,0,0,0,0,0,0,0,0,0,0,0,0,0,0,0,0,0,0,0,0,0,0,0,0,0,0,0,0,0,0,0,0,0,0,0,0,0,0,0,0,0
com binlog,0,0,0,0,0,0,0,0,0,0,0,0,0,0,0,0,0,0,0,0,0,0,0,0,0,0,0,0,0,0,0,0,0,0,0,0,0,0,0,0,0,0,0,0,0,0,0,0,0
com call_procedure,0,0,0,0,0,0,0,0,0,0,0,0,0,0,0,0,0,0,0,0,0,0,0,0,0,0,0,0,0,0,0,0,0,0,0,0,0,0,0,0,0,0,0,0,0,0,0,0,0
com change_db,0,0,0,0,0,0,0,0,0,0,0,0,0,0,0,0,0,0,0,0,0,0,0,0,0,0,0,0,0,0,0,0,0,0,0,0,0,0,0,0,0,0,0,0,0,0,0,0,0
com change_master,0,0,0,0,0,0,0,0,0,0,0,0,0,0,0,0,0,0,0,0,0,0,0,0,0,0,0,0,0,0,0,0,0,0,0,0,0,0,0,0,0,0,0,0,0,0,0,0,0
com change_repl_filter,0,0,0,0,0,0,0,0,0,0,0,0,0,0,0,0,0,0,0,0,0,0,0,0,0,0,0,0,0,0,0,0,0,0,0,0,0,0,0,0,0,0,0,0,0,0,0,0,0
com check,0,0,0,0,0,0,0,0,0,0,0,0,0,0,0,0,0,0,0,0,0,0,0,0,0,0,0,0,0,0,0,0,0,0,0,0,0,0,0,0,0,0,0,0,0,0,0,0,0
com checksum,0,0,0,0,0,0,0,0,0,0,0,0,0,0,0,0,0,0,0,0,0,0,0,0,0,0,0,0,0,0,0,0,0,0,0,0,0,0,0,0,0,0,0,0,0,0,0,0,0
com commit,0,0,0.6666666666666667,4.555555555555555,8.777777777777779,13.88888888888889,17.77777777777778,22.77777777777778,26.77777777777778,31.22222222222222,36.333333333333336,34.595774999999996,31.14131428571428,27.37093333333333,22.712880000000002,19.29685,14.729466666666667,11.2746,7.4612,47.410008779631255,47.03385096637247,9.993907987866532,9.061271546899484,8.747140522875815,8.679357171554843,8.857477417196385,9.458295459198295,9.497676422662323,9.022053909556695,4.222222222222222,2.4444444444444446,2.3333333333333335,2.3333333333333335,2.111111111111111,2,1.2222222222222223,1.3333333333333335,1.6666666666666667,1.8888888888888888,1.8888888888888888,1.6666666666666667,1.2933,1.197742857142857,0.8829333333333332,0.8995200000000001,0.57775,0.24146666666666666,0,0
com create_compression_dictionary,0,0,0,0,0,0,0,0,0,0,0,0,0,0,0,0,0,0,0,0,0,0,0,0,0,0,0,0,0,0,0,0,0,0,0,0,0,0,0,0,0,0,0,0,0,0,0,0,0
com create_db,0,0,0,0,0,0,0,0,0,0,0,0,0,0,0,0,0,0,0,0,0,0,0,0,0,0,0,0,0,0,0,0,0,0,0,0,0,0,0,0,0,0,0,0,0,0,0,0,0
com create_event,0,0,0,0,0,0,0,0,0,0,0,0,0,0,0,0,0,0,0,0,0,0,0,0,0,0,0,0,0,0,0,0,0,0,0,0,0,0,0,0,0,0,0,0,0,0,0,0,0
com create_function,0,0,0,0,0,0,0,0,0,0,0,0,0,0,0,0,0,0,0,0,0,0,0,0,0,0,0,0,0,0,0,0,0,0,0,0,0,0,0,0,0,0,0,0,0,0,0,0,0
com create_index,0,0,0,0,0,0,0,0,0,0,0,0,0,0,0,0,0,0,0,0,0,0,0,0,0,0,0,0,0,0,0,0,0,0,0,0,0,0,0,0,0,0,0,0,0,0,0,0,0
com create_procedure,0,0,0,0,0,0,0,0,0,0,0,0,0,0,0,0,0,0,0,0,0,0,0,0,0,0,0,0,0,0,0,0,0,0,0,0,0,0,0,0,0,0,0,0,0,0,0,0,0
com create_server,0,0,0,0,0,0,0,0,0,0,0,0,0,0,0,0,0,0,0,0,0,0,0,0,0,0,0,0,0,0,0,0,0,0,0,0,0,0,0,0,0,0,0,0,0,0,0,0,0
com create_table,0,0,0,0,0,0,0,0,0,0,0,0,0,0,0,0,0,0,0,0,0,0,0,0,0,0,0,0,0,0,0,0,0,0,0,0,0,0,0,0,0,0,0,0,0,0,0,0,0
com create_trigger,0,0,0,0,0,0,0,0,0,0,0,0,0,0,0,0,0,0,0,0,0,0,0,0,0,0,0,0,0,0,0,0,0,0,0,0,0,0,0,0,0,0,0,0,0,0,0,0,0
com create_udf,0,0,0,0,0,0,0,0,0,0,0,0,0,0,0,0,0,0,0,0,0,0,0,0,0,0,0,0,0,0,0,0,0,0,0,0,0,0,0,0,0,0,0,0,0,0,0,0,0
com create_user,0,0,0,0,0,0,0,0,0,0,0,0,0,0,0,0,0,0,0,0,0,0,0,0,0,0,0,0,0,0,0,0,0,0,0,0,0,0,0,0,0,0,0,0,0,0,0,0,0
com create_view,0,0,0,0,0,0,0,0,0,0,0,0,0,0,0,0,0,0,0,0,0,0,0,0,0,0,0,0,0,0,0,0,0,0,0,0,0,0,0,0,0,0,0,0,0,0,0,0,0
com dealloc_sql,0,0,0,0,0,0,0,0,0,0,0,0,0,0,0,0,0,0,0,0,0,0,0,0,0,0,0,0,0,0,0,0,0,0,0,0,0,0,0,0,0,0,0,0,0,0,0,0,0
com delete,0,0,0,2.111111111111111,4,5.666666666666667,8.88888888888889,10,10.88888888888889,13.555555555555557,16.666666666666668,16.166249999999998,14.264028571428572,12.581799999999998,11.13156,8.0885,7.244,6.8172,4.5416,15.050796437978175,13.406323315830633,1.6938827098078868,4.238336691291694,5.382855706385118,6.38188027320209,8.980497936879669,14.127580559308848,15.24318438205064,14.479839607930497,14.444444444444446,13.333333333333334,11.222222222222223,11.11111111111111,12.333333333333334,11.88888888888889,6.888888888888888,7.666666666666667,10.11111111111111,11.11111111111111,11.11111111111111,11.11111111111111,9.69975,7.513114285714285,5.518333333333333,5.622000000000001,3.5820499999999997,1.0866,0,0
com delete_multi,0,0,0,0,0,0,0,0,0,0,0,0,0,0,0,0,0,0,0,0,0,0,0,0,0,0,0,0,0,0,0,0,0,0,0,0,0,0,0,0,0,0,0,0,0,0,0,0,0
com do,0,0,0,0,0,0,0,0,0,0,0,0,0,0,0,0,0,0,0,0,0,0,0,0,0,0,0,0,0,0,0,0,0,0,0,0,0,0,0,0,0,0,0,0,0,0,0,0,0
com drop_compression_dictionary,0,0,0,0,0,0,0,0,0,0,0,0,0,0,0,0,0,0,0,0,0,0,0,0,0,0,0,0,0,0,0,0,0,0,0,0,0,0,0,0,0,0,0,0,0,0,0,0,0
com drop_db,0,0,0,0,0,0,0,0,0,0,0,0,0,0,0,0,0,0,0,0,0,0,0,0,0,0,0,0,0,0,0,0,0,0,0,0,0,0,0,0,0,0,0,0,0,0,0,0,0
com drop_event,0,0,0,0,0,0,0,0,0,0,0,0,0,0,0,0,0,0,0,0,0,0,0,0,0,0,0,0,0,0,0,0,0,0,0,0,0,0,0,0,0,0,0,0,0,0,0,0,0
com drop_function,0,0,0,0,0,0,0,0,0,0,0,0,0,0,0,0,0,0,0,0,0,0,0,0,0,0,0,0,0,0,0,0,0,0,0,0,0,0,0,0,0,0,0,0,0,0,0,0,0
com drop_index,0,0,0,0,0,0,0,0,0,0,0,0,0,0,0,0,0,0,0,0,0,0,0,0,0,0,0,0,0,0,0,0,0,0,0,0,0,0,0,0,0,0,0,0,0,0,0,0,0
com drop_procedure,0,0,0,0,0,0,0,0,0,0,0,0,0,0,0,0,0,0,0,0,0,0,0,0,0,0,0,0,0,0,0,0,0,0,0,0,0,0,0,0,0,0,0,0,0,0,0,0,0
com drop_server,0,0,0,0,0,0,0,0,0,0,0,0,0,0,0,0,0,0,0,0,0,0,0,0,0,0,0,0,0,0,0,0,0,0,0,0,0,0,0,0,0,0,0,0,0,0,0,0,0
com drop_table,0,0,0,0,0,0,0,0,0,0,0,0,0,0,0,0,0,0,0,0,0,0,0,0,0,0,0,0,0,0,0,0,0,0,0,0,0,0,0,0,0,0,0,0,0,0,0,0,0
com drop_trigger,0,0,0,0,0,0,0,0,0,0,0,0,0,0,0,0,0,0,0,0,0,0,0,0,0,0,0,0,0,0,0,0,0,0,0,0,0,0,0,0,0,0,0,0,0,0,0,0,0
com drop_user,0,0,0,0,0,0,0,0,0,0,0,0,0,0,0,0,0,0,0,0,0,0,0,0,0,0,0,0,0,0,0,0,0,0,0,0,0,0,0,0,0,0,0,0,0,0,0,0,0
com drop_view,0,0,0,0,0,0,0,0,0,0,0,0,0,0,0,0,0,0,0,0,0,0,0,0,0,0,0,0,0,0,0,0,0,0,0,0,0,0,0,0,0,0,0,0,0,0,0,0,0
com empty_query,0,0,0,0,0,0,0,0,0,0,0,0,0,0,0,0,0,0,0,0,0,0,0,0,0,0,0,0,0,0,0,0,0,0,0,0,0,0,0,0,0,0,0,0,0,0,0,0,0
com execute_sql,0,0,0,0,0,0,0,0,0,0,0,0,0,0,0,0,0,0,0,0,0,0,0,0,0,0,0,0,0,0,0,0,0,0,0,0,0,0,0,0,0,0,0,0,0,0,0,0,0
com explain_other,0,0,0,0,0,0,0,0,0,0,0,0,0,0,0,0,0,0,0,0,0,0,0,0,0,0,0,0,0,0,0,0,0,0,0,0,0,0,0,0,0,0,0,0,0,0,0,0,0
com flush,0,0,0,0,0,0,0,0,0,0,0,0,0,0,0,0,0,0,0,0,0,0,0,0,0,0,0,0,0,0,0,0,0,0,0,0,0,0,0,0,0,0,0,0,0,0,0,0,0
com get_diagnostics,0,0,0,0,0,0,0,0,0,0,0,0,0,0,0,0,0,0,0,0,0,0,0,0,0,0,0,0,0,0,0,0,0,0,0,0,0,0,0,0,0,0,0,0,0,0,0,0,0
com grant,0,0,0,0,0,0,0,0,0,0,0,0,0,0,0,0,0,0,0,0,0,0,0,0,0,0,0,0,0,0,0,0,0,0,0,0,0,0,0,0,0,0,0,0,0,0,0,0,0
com group_replication_start,0,0,0,0,0,0,0,0,0,0,0,0,0,0,0,0,0,0,0,0,0,0,0,0,0,0,0,0,0,0,0,0,0,0,0,0,0,0,0,0,0,0,0,0,0,0,0,0,0
com group_replication_stop,0,0,0,0,0,0,0,0,0,0,0,0,0,0,0,0,0,0,0,0,0,0,0,0,0,0,0,0,0,0,0,0,0,0,0,0,0,0,0,0,0,0,0,0,0,0,0,0,0
com ha_close,0,0,0,0,0,0,0,0,0,0,0,0,0,0,0,0,0,0,0,0,0,0,0,0,0,0,0,0,0,0,0,0,0,0,0,0,0,0,0,0,0,0,0,0,0,0,0,0,0
com ha_open,0,0,0,0,0,0,0,0,0,0,0,0,0,0,0,0,0,0,0,0,0,0,0,0,0,0,0,0,0,0,0,0,0,0,0,0,0,0,0,0,0,0,0,0,0,0,0,0,0
com ha_read,0,0,0,0,0,0,0,0,0,0,0,0,0,0,0,0,0,0,0,0,0,0,0,0,0,0,0,0,0,0,0,0,0,0,0,0,0,0,0,0,0,0,0,0,0,0,0,0,0
com help,0,0,0,0,0,0,0,0,0,0,0,0,0,0,0,0,0,0,0,0,0,0,0,0,0,0,0,0,0,0,0,0,0,0,0,0,0,0,0,0,0,0,0,0,0,0,0,0,0
com insert,0,0,4.444444444444445,28.333333333333336,56.55555555555556,82.33333333333334,98.77777777777779,122.11111111111111,147.22222222222223,169.22222222222223,196.66666666666669,186.45075,164.96185714285713,139.17236666666665,115.70076000000002,101.79955,81.01206666666667,58.3395,40.063399999999994,196.53831681926502,195.06200424533571,41.669514661274015,38.58347884486232,37.410847159376566,35.99380474085979,34.69178655068585,34.241424067477375,33.535005640511415,31.855647137447097,11.88888888888889,4.444444444444445,2.4444444444444446,1,0.7777777777777779,0.7777777777777779,0.5555555555555556,0.5555555555555556,0.7777777777777779,0.7777777777777779,0.7777777777777779,0.7777777777777779,0.64665,0.4355428571428571,0.4414666666666666,0.22488000000000002,0.2311,0,0,0
com insert_select,0,0,0,0,0,0,0,0,0,0,0,0,0,0,0,0,0,0,0,0,0,0,0,0,0,0,0,0,0,0,0,0,0,0,0,0,0,0,0,0,0,0,0,0,0,0,0,0,0
com install_plugin,0,0,0,0,0,0,0,0,0,0,0,0,0,0,0,0,0,0,0,0,0,0,0,0,0,0,0,0,0,0,0,0,0,0,0,0,0,0,0,0,0,0,0,0,0,0,0,0,0
com kill,0,0,0,0,0,0,0,0,0,0,0,0,0,0,0,0,0,0,0,0,0,0,0,0,0,0,0,0,0,0,0,0,0,0,0,0,0,0,0,0,0,0,0,0,0,0,0,0,0
com load,0,0,0,0,0,0,0,0,0,0,0,0,0,0,0,0,0,0,0,0,0,0,0,0,0,0,0,0,0,0,0,0,0,0,0,0,0,0,0,0,0,0,0,0,0,0,0,0,0
com lock_binlog_for_backup,0,0,0,0,0,0,0,0,0,0,0,0,0,0,0,0,0,0,0,0,0,0,0,0,0,0,0,0,0,0,0,0,0,0,0,0,0,0,0,0,0,0,0,0,0,0,0,0,0
com lock_tables,0,0,0,0,0,0,0,0,0,0,0,0,0,0,0,0,0,0,0,0,0.44687744386102113,0.6775530839231547,0.5845981643160958,0.5382855706385118,0.5105504218561672,0.49208207873313253,0.4789010359087745,0.4690210579092505,0.4455335263978615,0,0,0,0,0,0,0,0,0,0,0,0,0,0,0,0,0,0,0,0
com lock_tables_for_backup,0,0,0,0,0,0,0,0,0,0,0,0,0,0,0,0,0,0,0,0,0,0,0,0,0,0,0,0,0,0,0,0,0,0,0,0,0,0,0,0,0,0,0,0,0,0,0,0,0
com optimize,0,0,0,0,0,0,0,0,0,0,0,0,0,0,0,0,0,0,0,0,0,0,0,0,0,0,0,0,0,0,0,0,0,0,0,0,0,0,0,0,0,0,0,0,0,0,0,0,0
com preload_keys,0,0,0,0,0,0,0,0,0,0,0,0,0,0,0,0,0,0,0,0,0,0,0,0,0,0,0,0,0,0,0,0,0,0,0,0,0,0,0,0,0,0,0,0,0,0,0,0,0
com prepare_sql,0,0,0,0,0,0,0,0,0,0,0,0,0,0,0,0,0,0,0,0,0,0,0,0,0,0,0,0,0,0,0,0,0,0,0,0,0,0,0,0,0,0,0,0,0,0,0,0,0
com purge,0,0,0,0,0,0,0,0,0,0,0,0,0,0,0,0,0,0,0,0,0,0,0,0,0,0,0,0,0,0,0,0,0,0,0,0,0,0,0,0,0,0,0,0,0,0,0,0,0
com purge_before_date,0,0,0,0,0,0,0,0,0,0,0,0,0,0,0,0,0,0,0,0,0,0,0,0,0,0,0,0,0,0,0,0,0,0,0,0,0,0,0,0,0,0,0,0,0,0,0,0,0
com release_savepoint,0,0,0,0,0,0,0,0,0,0,0,0,0,0,0,0,0,0,0,0,0,0,0,0,0,0,0,0,0,0,0,0,0,0,0,0,0,0,0,0,0,0,0,0,0,0,0,0,0
com rename_table,0,0,0,0,0,0,0,0,0,0,0,0,0,0,0,0,0,0,0,0,0,0,0,0,0,0,0,0,0,0,0,0,0,0,0,0,0,0,0,0,0,0,0,0,0,0,0,0,0
com rename_user,0,0,0,0,0,0,0,0,0,0,0,0,0,0,0,0,0,0,0,0,0,0,0,0,0,0,0,0,0,0,0,0,0,0,0,0,0,0,0,0,0,0,0,0,0,0,0,0,0
com repair,0,0,0,0,0,0,0,0,0,0,0,0,0,0,0,0,0,0,0,0,0,0,0,0,0,0,0,0,0,0,0,0,0,0,0,0,0,0,0,0,0,0,0,0,0,0,0,0,0
com replace,0,0,0,0,0,0,0,0,0,0,0,0,0,0,0,0,0,0,0,0,0,0,0,0,0,0,0,0,0,0,0,0,0,0,0,0,0,0,0,0,0,0,0,0,0,0,0,0,0
com replace_select,0,0,0,0,0,0,0,0,0,0,0,0,0,0,0,0,0,0,0,0,0,0,0,0,0,0,0,0,0,0,0,0,0,0,0,0,0,0,0,0,0,0,0,0,0,0,0,0,0
com reset,0,0,0,0,0,0,0,0,0,0,0,0,0,0,0,0,0,0,0,0,0,0,0,0,0,0,0,0,0,0,0,0,0,0,0,0,0,0,0,0,0,0,0,0,0,0,0,0,0
com resignal,0,0,0,0,0,0,0,0,0,0,0,0,0,0,0,0,0,0,0,0,0,0,0,0,0,0,0,0,0,0,0,0,0,0,0,0,0,0,0,0,0,0,0,0,0,0,0,0,0
com revoke,0,0,0,0,0,0,0,0,0,0,0,0,0,0,0,0,0,0,0,0,0,0,0,0,0,0,0,0,0,0,0,0,0,0,0,0,0,0,0,0,0,0,0,0,0,0,0,0,0
com revoke_all,0,0,0,0,0,0,0,0,0,0,0,0,0,0,0,0,0,0,0,0,0,0,0,0,0,0,0,0,0,0,0,0,0,0,0,0,0,0,0,0,0,0,0,0,0,0,0,0,0
com rollback,0,0,0.11111111111111112,0.33333333333333337,0.888888888888889,1,1.2222222222222223,1.4444444444444444,1.8888888888888888,2,2.111111111111111,1.93995,1.7421714285714285,1.2140333333333333,1.1244,0.9244,0.7243999999999999,0.2622,0.16219999999999998,4.8915088423429065,4.580493799575466,0.8469413549039434,0.7307477053951197,0.6728569632981397,0.638188027320209,0.6151025984164157,0.5986262948859681,0.5862763223865631,0.5569169079973268,0.33333333333333337,0,0.6666666666666667,3.1111111111111116,6.444444444444445,10.444444444444445,13.777777777777777,16.88888888888889,19.77777777777778,19.88888888888889,19.88888888888889,19.22222222222222,16.274025,13.175171428571428,9.381166666666665,6.184200000000001,3.11985,0.12073333333333333,0,0
com rollback_to_savepoint,0,0,0,0,0,0,0,0,0,0,0,0,0,0,0,0,0,0,0,0,0,0,0,0,0,0,0,0,0,0,0,0,0,0,0,0,0,0,0,0,0,0,0,0,0,0,0,0,0
com savepoint,0,0,0,0,0,0,0,0,0,0,0,0,0,0,0,0,0,0,0,0,0,0,0,0,0,0,0,0,0,0,0,0,0,0,0,0,0,0,0,0,0,0,0,0,0,0,0,0,0
com select,27.888888888888893,26.111111111111114,40.333333333333336,101.33333333333334,165.88888888888889,220.44444444444443,272.22222222222223,325.8888888888889,383.22222222222223,435.11111111111114,504.33333333333337,473.24002499999995,414.63679999999994,353.72516666666667,300.88944000000004,252.70785,203.31493333333333,149.71620000000001,103.3214,516.9948576445503,517.0372025472013,158.03925682507582,196.27883366912914,241.69022121669178,275.1866773804741,305.33692985390877,340.4986365311387,342.26811700927556,327.57852528402765,273.55555555555554,229.77777777777777,194.66666666666669,162.77777777777777,154.22222222222223,147.55555555555557,147.88888888888889,167.22222222222223,206.8888888888889,218.11111111111114,216.66666666666669,210.66666666666669,186.45075,157.55762857142855,130.34303333333332,91.75104,65.51685,22.697866666666666,7.866,6.4879999999999995
com set_option,1,1,2.2222222222222223,6.888888888888888,11.444444444444445,16.333333333333336,20.88888888888889,25.77777777777778,30.333333333333336,34.88888888888889,39.88888888888889,37.397925,33.101257142857136,28.916066666666666,24.399480000000004,20.22125,15.695333333333334,11.5368,7.4612,44.149002884735985,44.4643056641716,15.583720930232559,19.58403850458921,24.491993464052285,28.46318601848132,33.70762239321958,36.99510502395283,36.583642516921536,34.862998440632666,29.77777777777778,24.77777777777778,21.11111111111111,17.77777777777778,16.77777777777778,14.11111111111111,14.444444444444446,17.77777777777778,21.88888888888889,23.11111111111111,23.11111111111111,22.22222222222222,19.61505,16.332857142857144,13.575099999999997,9.557400000000001,6.0085999999999995,1.6902666666666668,0.2622,0.16219999999999998
com show_binlog_events,0,0,0,0,0,0,0,0,0,0,0,0,0,0,0,0,0,0,0,0,0,0,0,0,0,0,0,0,0,0,0,0,0,0,0,0,0,0,0,0,0,0,0,0,0,0,0,0,0
com show_binlogs,0,0,0,0,0,0,0,0,0,0,0,0,0,0,0,0,0,0,0,0,0,0,0,0,0,0,0,0,0,0,0,0,0,0,0,0,0,0,0,0,0,0,0,0,0,0,0,0,0
com show_charsets,0,0,0,0,0,0,0,0,0,0,0,0,0,0,0,0,0,0,0,0,0,0,0,0,0,0,0,0,0,0,0,0,0,0,0,0,0,0,0,0,0,0,0,0,0,0,0,0,0
com show_client_statistics,0,0,0,0,0,0,0,0,0,0,0,0,0,0,0,0,0,0,0,0,0,0,0,0,0,0,0,0,0,0,0,0,0,0,0,0,0,0,0,0,0,0,0,0,0,0,0,0,0
com show_collations,0,0,0,0,0,0,0,0,0,0,0,0,0,0,0,0,0,0,0,0,0,0,0,0,0,0,0,0,0,0,0,0,0,0,0,0,0,0,0,0,0,0,0,0,0,0,0,0,0
com show_create_db,0,0,0,0,0,0,0,0,0,0,0,0,0,0,0,0,0,0,0,0,0,0,0,0,0,0,0,0,0,0,0,0,0,0,0,0,0,0,0,0,0,0,0,0,0,0,0,0,0
com show_create_event,0,0,0,0,0,0,0,0,0,0,0,0,0,0,0,0,0,0,0,0,0,0,0,0,0,0,0,0,0,0,0,0,0,0,0,0,0,0,0,0,0,0,0,0,0,0,0,0,0
com show_create_func,0,0,0,0,0,0,0,0,0,0,0,0,0,0,0,0,0,0,0,0,0,0,0,0,0,0,0,0,0,0,0,0,0,0,0,0,0,0,0,0,0,0,0,0,0,0,0,0,0
com show_create_proc,0,0,0,0,0,0,0,0,0,0,0,0,0,0,0,0,0,0,0,0,0,0,0,0,0,0,0,0,0,0,0,0,0,0,0,0,0,0,0,0,0,0,0,0,0,0,0,0,0
com show_create_table,0,0,0,0,0,0,0,0,0,0,0,0,0,0,0,0,0,0,0,0,0,0,0,0,0,0,0,0,0,0,0,0,0,0,0,0,0,0,0,0,0,0,0,0,0,0,0,0,0
com show_create_trigger,0,0,0,0,0,0,0,0,0,0,0,0,0,0,0,0,0,0,0,0,0,0,0,0,0,0,0,0,0,0,0,0,0,0,0,0,0,0,0,0,0,0,0,0,0,0,0,0,0
com show_create_user,0,0,0,0,0,0,0,0,0,0,0,0,0,0,0,0,0,0,0,0,0,0,0,0,0,0,0,0,0,0,0,0,0,0,0,0,0,0,0,0,0,0,0,0,0,0,0,0,0
com show_databases,0,0,0,0,0,0,0,0,0,0,0,0,0,0,0,0,0,0,0,0,0,0,0,0,0,0,0,0,0,0,0,0,0,0,0,0,0,0,0,0,0,0,0,0,0,0,0,0,0
com show_engine_logs,0,0,0,0,0,0,0,0,0,0,0,0,0,0,0,0,0,0,0,0,0,0,0,0,0,0,0,0,0,0,0,0,0,0,0,0,0,0,0,0,0,0,0,0,0,0,0,0,0
com show_engine_mutex,0,0,0,0,0,0,0,0,0,0,0,0,0,0,0,0,0,0,0,0,0,0,0,0,0,0,0,0,0,0,0,0,0,0,0,0,0,0,0,0,0,0,0,0,0,0,0,0,0
com show_engine_status,1,0.888888888888889,1,1,1.1111111111111112,0.888888888888889,1,1.1111111111111112,1,1,1.1111111111111112,0.969975,0.7621999999999999,0.6622,0.67464,0.4622,0.36219999999999997,0.2622,0.16219999999999998,0.8779631255487269,1.0054742486872974,0.508164812942366,0.4384486232370718,0.5382855706385118,0.638188027320209,0.7381231180996988,0.8380768128403553,0.938042115818501,1.0024504343951883,0.888888888888889,0.888888888888889,1.1111111111111112,1.1111111111111112,1.1111111111111112,1,1.1111111111111112,1,1.1111111111111112,1.1111111111111112,1,1,0.8622,0.7621999999999999,0.7725666666666666,0.5622,0.57775,0.36219999999999997,0.2622,0.32439999999999997
com show_errors,0,0,0,0,0,0,0,0,0,0,0,0,0,0,0,0,0,0,0,0,0,0,0,0,0,0,0,0,0,0,0,0,0,0,0,0,0,0,0,0,0,0,0,0,0,0,0,0,0
com show_events,0,0,0,0,0,0,0,0,0,0,0,0,0,0,0,0,0,0,0,0,0,0,0,0,0,0,0,0,0,0,0,0,0,0,0,0,0,0,0,0,0,0,0,0,0,0,0,0,0
com show_fields,0,0,0,0,0,0,0,0,0,0,0,0,0,0,0,0,0,0,0,0,0,0,0,0,0,0,0,0,0,0,0,0,0,0,0,0,0,0,0,0,0,0,0,0,0,0,0,0,0
com show_function_code,0,0,0,0,0,0,0,0,0,0,0,0,0,0,0,0,0,0,0,0,0,0,0,0,0,0,0,0,0,0,0,0,0,0,0,0,0,0,0,0,0,0,0,0,0,0,0,0,0
com show_function_status,0,0,0,0,0,0,0,0,0,0,0,0,0,0,0,0,0,0,0,0,0,0,0,0,0,0,0,0,0,0,0,0,0,0,0,0,0,0,0,0,0,0,0,0,0,0,0,0,0
com show_grants,0,0,0,0,0,0,0,0,0,0,0,0,0,0,0,0,0,0,0,0,0,0,0,0,0,0,0,0,0,0,0,0,0,0,0,0,0,0,0,0,0,0,0,0,0,0,0,0,0
com show_index_statistics,0,0,0,0,0,0,0,0,0,0,0,0,0,0,0,0,0,0,0,0,0,0,0,0,0,0,0,0,0,0,0,0,0,0,0,0,0,0,0,0,0,0,0,0,0,0,0,0,0
com show_keys,0,0,0,0,0,0,0,0,0,0,0,0,0,0,0,0,0,0,0,0,0,0,0,0,0,0,0,0,0,0,0,0,0,0,0,0,0,0,0,0,0,0,0,0,0,0,0,0,0
com show_master_status,0,0,0,0,0,0,0,0,0,0,0,0,0,0,0,0,0,0,0,0,0,0,0,0,0,0,0,0,0,0,0,0,0,0,0,0,0,0,0,0,0,0,0,0,0,0,0,0,0
com show_open_tables,0,0,0,0,0,0,0,0,0,0,0,0,0,0,0,0,0,0,0,0,0,0,0,0,0,0,0,0,0,0,0,0,0,0,0,0,0,0,0,0,0,0,0,0,0,0,0,0,0
com show_plugins,0,0,0,0,0,0,0,0,0,0,0,0,0,0,0,0,0,0,0,0,0,0,0,0,0,0,0,0,0,0,0,0,0,0,0,0,0,0,0,0,0,0,0,0,0,0,0,0,0
com show_privileges,0,0,0,0,0,0,0,0,0,0,0,0,0,0,0,0,0,0,0,0,0,0,0,0,0,0,0,0,0,0,0,0,0,0,0,0,0,0,0,0,0,0,0,0,0,0,0,0,0
com show_procedure_code,0,0,0,0,0,0,0,0,0,0,0,0,0,0,0,0,0,0,0,0,0,0,0,0,0,0,0,0,0,0,0,0,0,0,0,0,0,0,0,0,0,0,0,0,0,0,0,0,0
com show_procedure_status,0,0,0,0,0,0,0,0,0,0,0,0,0,0,0,0,0,0,0,0,0,0,0,0,0,0,0,0,0,0,0,0,0,0,0,0,0,0,0,0,0,0,0,0,0,0,0,0,0
com show_processlist,0,0,0,0,0,0,0,0,0,0,0,0,0,0,0,0,0,0,0,0,0,0,0,0,0,0,0,0,0,0,0,0,0,0,0,0,0,0,0,0,0,0,0,0,0,0,0,0,0
com show_profile,0,0,0,0,0,0,0,0,0,0,0,0,0,0,0,0,0,0,0,0,0,0,0,0,0,0,0,0,0,0,0,0,0,0,0,0,0,0,0,0,0,0,0,0,0,0,0,0,0
com show_profiles,0,0,0,0,0,0,0,0,0,0,0,0,0,0,0,0,0,0,0,0,0,0,0,0,0,0,0,0,0,0,0,0,0,0,0,0,0,0,0,0,0,0,0,0,0,0,0,0,0
com show_relaylog_events,0,0,0,0,0,0,0,0,0,0,0,0,0,0,0,0,0,0,0,0,0,0,0,0,0,0,0,0,0,0,0,0,0,0,0,0,0,0,0,0,0,0,0,0,0,0,0,0,0
com show_slave_hosts,0,0,0,0,0,0,0,0,0,0,0,0,0,0,0,0,0,0,0,0,0,0,0,0,0,0,0,0,0,0,0,0,0,0,0,0,0,0,0,0,0,0,0,0,0,0,0,0,0
com show_slave_status,1,1,1,1,1,1,1,1,1.1111111111111112,1,1,0.8622,0.7621999999999999,0.6622,0.5622,0.4622,0.36219999999999997,0.1311,0.16219999999999998,1.003386429198545,1.0054742486872974,0.33877654196157736,0.4384486232370718,0.5382855706385118,0.638188027320209,0.7381231180996988,0.8380768128403553,0.938042115818501,1.0024504343951883,1,1,1,1,1,1,1,1,1,1,1,1.1111111111111112,0.969975,0.8710857142857142,0.7725666666666666,0.67464,0.57775,0.4829333333333333,0.3933,0.32439999999999997
com show_status,1,1,1,1,1,1,1,1,1,1,1,0.8622,0.7621999999999999,0.6622,0.5622,0.4622,0.36219999999999997,0.2622,0.16219999999999998,1.003386429198545,1.0054742486872974,0.33877654196157736,0.4384486232370718,0.5382855706385118,0.638188027320209,0.7381231180996988,0.8380768128403553,0.938042115818501,1.0024504343951883,1,1,1,1,1,1,1,1,1,1,1,1,0.8622,0.7621999999999999,0.6622,0.5622,0.4622,0.36219999999999997,0.2622,0.16219999999999998
com show_storage_engines,0,0,0,0,0,0,0,0,0,0,0,0,0,0,0,0,0,0,0,0,0,0,0,0,0,0,0,0,0,0,0,0,0,0,0,0,0,0,0,0,0,0,0,0,0,0,0,0,0
com show_table_statistics,0,0,0,0,0,0,0,0,0,0,0,0,0,0,0,0,0,0,0,0,0,0,0,0,0,0,0,0,0,0,0,0,0,0,0,0,0,0,0,0,0,0,0,0,0,0,0,0,0
com show_table_status,0,0,0,0,0,0,0,0,0,0,0,0,0,0,0,0,0,0,0,0,0,0,0,0,0,0,0,0,0,0,0,0,0,0,0,0,0,0,0,0,0,0,0,0,0,0,0,0,0
com show_tables,0,0,0,0,0,0,0,0,0,0,0,0,0,0,0,0,0,0,0,0,0,0,0,0,0,0,0,0,0,0,0,0,0,0,0,0,0,0,0,0,0,0,0,0,0,0,0,0,0
com show_thread_statistics,0,0,0,0,0,0,0,0,0,0,0,0,0,0,0,0,0,0,0,0,0,0,0,0,0,0,0,0,0,0,0,0,0,0,0,0,0,0,0,0,0,0,0,0,0,0,0,0,0
com show_triggers,0,0,0,0,0,0,0,0,0,0,0,0,0,0,0,0,0,0,0,0,0,0,0,0,0,0,0,0,0,0,0,0,0,0,0,0,0,0,0,0,0,0,0,0,0,0,0,0,0
com show_user_statistics,0,0,0,0,0,0,0,0,0,0,0,0,0,0,0,0,0,0,0,0,0,0,0,0,0,0,0,0,0,0,0,0,0,0,0,0,0,0,0,0,0,0,0,0,0,0,0,0,0
com show_variables,1.1111111111111112,1,0.888888888888889,0.888888888888889,1.1111111111111112,0.888888888888889,0.888888888888889,1,1,1,1.1111111111111112,0.969975,0.8710857142857142,0.6622,0.67464,0.57775,0.4829333333333333,0.3933,0.16219999999999998,0.8779631255487269,1.0054742486872974,0.508164812942366,0.4384486232370718,0.6728569632981397,0.7658256327842508,0.7381231180996988,0.8380768128403553,0.938042115818501,1.0024504343951883,0.888888888888889,0.888888888888889,1,0.888888888888889,1,1,1.1111111111111112,1,1.1111111111111112,1.1111111111111112,1,1.1111111111111112,0.969975,0.7621999999999999,0.7725666666666666,0.5622,0.57775,0.36219999999999997,0.2622,0.32439999999999997
com show_warnings,0,0,0,0,0,0,0,0,0,0,0,0,0,0,0,0,0,0,0,0,0,0,0,0,0,0,0,0,0,0,0,0,0,0,0,0,0,0,0,0,0,0,0,0,0,0,0,0,0
com shutdown,0,0,0,0,0,0,0,0,0,0,0,0,0,0,0,0,0,0,0,0,0,0,0,0,0,0,0,0,0,0,0,0,0,0,0,0,0,0,0,0,0,0,0,0,0,0,0,0,0
com signal,0,0,0,0,0,0,0,0,0,0,0,0,0,0,0,0,0,0,0,0,0,0,0,0,0,0,0,0,0,0,0,0,0,0,0,0,0,0,0,0,0,0,0,0,0,0,0,0,0
com slave_start,0,0,0,0,0,0,0,0,0,0,0,0,0,0,0,0,0,0,0,0,0,0,0,0,0,0,0,0,0,0,0,0,0,0,0,0,0,0,0,0,0,0,0,0,0,0,0,0,0
com slave_stop,0,0,0,0,0,0,0,0,0,0,0,0,0,0,0,0,0,0,0,0,0,0,0,0,0,0,0,0,0,0,0,0,0,0,0,0,0,0,0,0,0,0,0,0,0,0,0,0,0
com stmt_close,1,1,1.1111111111111112,1,1.1111111111111112,0.888888888888889,1,1,1,1.1111111111111112,1.1111111111111112,0.8622,0.8710857142857142,0.6622,0.67464,0.4622,0.4829333333333333,0.2622,0.16219999999999998,0.8779631255487269,1.0054742486872974,0.508164812942366,0.4384486232370718,0.6728569632981397,0.7658256327842508,0.7381231180996988,0.8380768128403553,0.938042115818501,1.0024504343951883,0.888888888888889,0.888888888888889,1,1,1,1,1,1.1111111111111112,1.1111111111111112,1,1,1.1111111111111112,0.8622,0.7621999999999999,0.7725666666666666,0.67464,0.4622,0.36219999999999997,0.3933,0.32439999999999997
com stmt_execute,1,1,1.1111111111111112,1,1.1111111111111112,0.888888888888889,1,1,1,1.1111111111111112,1.1111111111111112,0.8622,0.8710857142857142,0.6622,0.67464,0.4622,0.4829333333333333,0.2622,0.16219999999999998,0.8779631255487269,1.0054742486872974,0.508164812942366,0.4384486232370718,0.6728569632981397,0.7658256327842508,0.7381231180996988,0.8380768128403553,0.938042115818501,1.0024504343951883,0.888888888888889,0.888888888888889,1,1,1,1,1,1.1111111111111112,1.1111111111111112,1,1,1.1111111111111112,0.8622,0.7621999999999999,0.7725666666666666,0.67464,0.4622,0.36219999999999997,0.3933,0.32439999999999997
com stmt_fetch,0,0,0,0,0,0,0,0,0,0,0,0,0,0,0,0,0,0,0,0,0,0,0,0,0,0,0,0,0,0,0,0,0,0,0,0,0,0,0,0,0,0,0,0,0,0,0,0,0
com stmt_prepare,1,1,1.1111111111111112,1,1.1111111111111112,0.888888888888889,1,1,1,1.1111111111111112,1.1111111111111112,0.8622,0.8710857142857142,0.6622,0.67464,0.4622,0.4829333333333333,0.2622,0.16219999999999998,0.8779631255487269,1.0054742486872974,0.508164812942366,0.4384486232370718,0.6728569632981397,0.7658256327842508,0.7381231180996988,0.8380768128403553,0.938042115818501,1.0024504343951883,0.888888888888889,0.888888888888889,1,1,1,1,1,1.1111111111111112,1.1111111111111112,1,1,1.1111111111111112,0.8622,0.7621999999999999,0.7725666666666666,0.67464,0.4622,0.36219999999999997,0.3933,0.32439999999999997
com stmt_reprepare,0,0,0,0,0,0,0,0,0,0,0,0,0,0,0,0,0,0,0,0,0,0,0,0,0,0,0,0,0,0,0,0,0,0,0,0,0,0,0,0,0,0,0,0,0,0,0,0,0
com stmt_reset,0,0,0,0,0,0,0,0,0,0,0,0,0,0,0,0,0,0,0,0,0,0,0,0,0,0,0,0,0,0,0,0,0,0,0,0,0,0,0,0,0,0,0,0,0,0,0,0,0
com stmt_send_long_data,0,0,0,0,0,0,0,0,0,0,0,0,0,0,0,0,0,0,0,0,0,0,0,0,0,0,0,0,0,0,0,0,0,0,0,0,0,0,0,0,0,0,0,0,0,0,0,0,0
com truncate,0,0,0,0,0,0,0,0,0,0,0,0,0,0,0,0,0,0,0,0,0,0,0,0,0,0,0,0,0,0,0,0,0,0,0,0,0,0,0,0,0,0,0,0,0,0,0,0,0
com uninstall_plugin,0,0,0,0,0,0,0,0,0,0,0,0,0,0,0,0,0,0,0,0,0,0,0,0,0,0,0,0,0,0,0,0,0,0,0,0,0,0,0,0,0,0,0,0,0,0,0,0,0
com unlock_binlog,0,0,0,0,0,0,0,0,0,0,0,0,0,0,0,0,0,0,0,0,0,0,0,0,0,0,0,0,0,0,0,0,0,0,0,0,0,0,0,0,0,0,0,0,0,0,0,0,0
com unlock_tables,0,0,0,0,0,0,0,0,0,0,0,0,0,0,0,0,0,0,0,0,0,0,0,0,0,0,0,0,0,0,0,0,0,0,0,0,0,0,0,0,0,0,0,0,0,0,0,0,0
com update,0,0,5.222222222222222,37.66666666666667,70.66666666666667,105.33333333333334,134.11111111111111,163.44444444444446,192,225,264.22222222222223,251.22352500000002,222.0179714285714,192.2587333333333,160.7892,135.30905,109.50513333333333,85.215,57.25659999999999,279.19227392449517,270.02569545302197,52.00219919110212,58.89826505484665,64.45969708396179,69.69013258336682,80.33239935318389,97.4563608074356,100.25325112810229,95.34417464914236,73.88888888888889,61,51.22222222222223,48,50.111111111111114,47.55555555555556,33.55555555555556,38.22222222222222,48.88888888888889,54.11111111111111,54.22222222222223,53.333333333333336,46.666575,37.783342857142856,29.02643333333333,25.63632,16.754749999999998,5.7951999999999995,0.1311,0
com update_multi,0,0,0,0,0,0,0,0,0,0,0,0,0,0,0,0,0,0,0,0,0,0,0,0,0,0,0,0,0,0,0,0,0,0,0,0,0,0,0,0,0,0,0,0,0,0,0,0,0
com xa_commit,0,0,0,0,0,0,0,0,0,0,0,0,0,0,0,0,0,0,0,0,0,0,0,0,0,0,0,0,0,0,0,0,0,0,0,0,0,0,0,0,0,0,0,0,0,0,0,0,0
com xa_end,0,0,0,0,0,0,0,0,0,0,0,0,0,0,0,0,0,0,0,0,0,0,0,0,0,0,0,0,0,0,0,0,0,0,0,0,0,0,0,0,0,0,0,0,0,0,0,0,0
com xa_prepare,0,0,0,0,0,0,0,0,0,0,0,0,0,0,0,0,0,0,0,0,0,0,0,0,0,0,0,0,0,0,0,0,0,0,0,0,0,0,0,0,0,0,0,0,0,0,0,0,0
com xa_recover,0,0,0,0,0,0,0,0,0,0,0,0,0,0,0,0,0,0,0,0,0,0,0,0,0,0,0,0,0,0,0,0,0,0,0,0,0,0,0,0,0,0,0,0,0,0,0,0,0
com xa_rollback,0,0,0,0,0,0,0,0,0,0,0,0,0,0,0,0,0,0,0,0,0,0,0,0,0,0,0,0,0,0,0,0,0,0,0,0,0,0,0,0,0,0,0,0,0,0,0,0,0
com xa_start,0,0,0,0,0,0,0,0,0,0,0,0,0,0,0,0,0,0,0,0,0,0,0,0,0,0,0,0,0,0,0,0,0,0,0,0,0,0,0,0,0,0,0,0,0,0,0,0,0
handler delete,0,0,0,2.111111111111111,3.8888888888888893,4.555555555555555,7.777777777777779,8.88888888888889,9.777777777777779,11.333333333333334,14.444444444444446,14.010749999999998,12.086314285714284,10.484833333333333,10.00716,6.933,6.036666666666667,5.5062,4.5416,11.288097328483632,10.054742486872975,1.6938827098078868,4.238336691291694,5.382855706385118,6.38188027320209,8.980497936879669,13.528954264422879,14.070631737277514,13.366005791935844,13.333333333333334,12.222222222222223,10.11111111111111,10,11.222222222222223,9.666666666666668,5.222222222222222,6.444444444444445,7.888888888888888,8.88888888888889,8.88888888888889,8.88888888888889,7.54425,5.335399999999999,4.414666666666666,4.4976,2.5421,1.0866,0,0
handler discover,0,0,0,0,0,0,0,0,0,0,0,0,0,0,0,0,0,0,0,0,0,0,0,0,0,0,0,0,0,0,0,0,0,0,0,0,0,0,0,0,0,0,0,0,0,0,0,0,0
handler external_lock,122,115.55555555555557,218,738.1111111111111,1290.7777777777778,1801.2222222222222,2240.888888888889,2714.666666666667,3201,3681.3333333333335,4281.333333333334,4042.6402499999995,3558.7117999999996,3047.334033333333,2569.5913200000005,2171.1845000000003,1744.1137333333331,1304.0517,887.5583999999999,4463.313683682428,4412.579600044688,1123.0442366026289,1304.8231027535257,1523.079022121669,1688.7731578947369,1873.4794942567191,2122.2499406297343,2141.5501504136378,2046.0013366005794,1620,1334.3333333333335,1133.888888888889,990.5555555555557,982.2222222222223,956.3333333333334,888.6666666666667,1014.3333333333334,1256.5555555555557,1331,1325.111111111111,1290.2222222222222,1132.9307999999999,944.4746857142857,762.5233,564.56124,387.3236,128.82246666666668,36.052499999999995,29.195999999999998
handler mrr_init,0,0,0,0,0,0,0,0,0,0,0,0,0,0,0,0,0,0,0,0,0,0,0,0,0,0,0,0,0,0,0,0,0,0,0,0,0,0,0,0,0,0,0,0,0,0,0,0,0
handler read_first,2,1.777777777777778,2,1.8888888888888888,2,1.777777777777778,1.777777777777778,2.2222222222222223,2.2222222222222223,2,2.2222222222222223,1.832175,1.7421714285714285,1.4347666666666665,1.34928,1.1555,0.7243999999999999,0.5244,0.32439999999999997,2.2576194656967266,2.2343872193051055,0.6775530839231547,0.7307477053951197,1.0765711412770236,1.276376054640418,1.2302051968328314,1.556428366703517,1.876084231637002,1.782134105591446,1.777777777777778,1.777777777777778,2.111111111111111,2,2,2,1.8888888888888888,1.777777777777778,2.111111111111111,2.111111111111111,2,2,1.7244,1.5243999999999998,1.5451333333333332,1.34928,1.1555,0.8451333333333334,0.6555,0.6487999999999999
handler read_key,166,148.44444444444446,189.77777777777777,310,431,593,740.8888888888889,883.6666666666667,1036.6666666666667,1132.111111111111,1280.5555555555557,1184.2316999999998,1060.5468571428569,936.4611666666666,771.3384,619.69465,491.3846666666667,331.2897,217.99679999999998,1447.635770726201,1452.1282538263881,371.63786653185036,408.78026639803,506.1230077928607,575.5179630373644,609.3206339913014,726.1336956966793,800.9707116445226,762.0850969035421,644.8888888888889,609.3333333333334,642.6666666666667,5613.444444444444,74533.22222222222,115581.66666666667,159719.11111111112,202120.22222222222,248744.8888888889,291462.44444444444,336025.1111111111,382674.22222222225,366259.003425,302412.75859999994,265703.4457,225904.55328000002,187969.3448,145737.56886666667,107793.9597,68244.83899999999
handler read_last,0,0,0,0,0,0,0,0,0,0,0,0,0,0,0,0,0,0,0,0,0,0,0,0,0,0,0,0,0,0,0,0,0,0,0,0,0,0,0,0,0,0,0,0,0,0,0,0,0
handler read_next,0,0,30.555555555555554,96,153.77777777777777,270.33333333333337,407,462,551.1111111111111,634.6666666666667,721.7777777777778,670.468275,613.2443428571428,564.1944,456.84372,327.35315,282.27453333333335,201.3696,127.16479999999999,752.414398595259,745.0564182772874,161.08824570273003,207.824647414372,227.02193941679235,251.5737203696264,26721.041039366566,71410.25044220612,212744.31695443724,293390.5101358878,384637.55555555556,478545.6666666667,573809.8888888889,666922.6666666667,666940.4444444445,643075.2222222222,600942.4444444445,465664.8888888889,374639.8888888889,282623.44444444444,188684.11111111112,93367.55555555556,218.5677,172.47497142857142,125.1558,122.10984,76.9563,24.14666666666667,0,0
handler read_prev,0,0,0,0,0,0,0,0,0,0,0,0,0,0,0,0,0,0,0,0,0,0,0,0,0,0,0,0,0,0,0,0,0,0,0,0,0,0,0,0,0,0,0,0,0,0,0,0,0
handler read_rnd,78,69.33333333333334,69.33333333333334,69.33333333333334,69.33333333333334,69.33333333333334,69.33333333333334,86.66666666666667,86.66666666666667,78,86.66666666666667,75.65805,67.94468571428571,60.2602,52.62192,45.064499999999995,28.251600000000003,20.4516,12.651599999999998,88.04715916217233,87.14110155289912,26.424570273003035,22.79932840832773,41.98627450980392,49.7786661309763,47.97800267648042,65.36999140154771,73.16728503384307,69.5032301180664,69.33333333333334,69.33333333333334,86.66666666666667,5088.666666666667,74007,115064.55555555555,159232.11111111112,201637.77777777778,248166.7777777778,290848.22222222225,335438.55555555556,382095.7777777778,365754.7242,301977.65128571424,265302.37323333335,225572.96772000002,187703.3487,145564.9202,107693.6682,68135.51619999998
handler read_rnd_next,3687.111111111111,3491.5555555555557,3477.3333333333335,3357.888888888889,3701.3333333333335,3270,3374.2222222222226,3574.888888888889,3641.7777777777783,3578.7777777777783,3840.666666666667,3273.98895,2993.5949428571425,2421.1135666666664,2289.72816,1845.2179499999997,1555.649,1099.0113,674.1031999999999,3459.425561269284,3682.3818567757794,1514.5005308392315,1490.4330199238861,2121.787148064354,2561.814379268783,2591.4272471283593,2999.9558141915404,3474.8597627851595,3618.7346847850304,3435.3333333333335,3540.666666666667,3836.666666666667,3654.111111111111,3795,3806,3938.4444444444443,3770.4444444444443,4081.7777777777783,4011.2222222222226,3722.666666666667,3988.111111111111,3445.2434249999997,2874.0384285714285,2792.4973999999997,2262.0679200000004,1970.3586,1375.8770666666667,1078.0353,1023.482
handler update,0,0,5.333333333333334,54.777777777777786,102.11111111111111,151.44444444444446,209,249,286.22222222222223,342.11111111111114,407.8888888888889,390.46882500000004,346.0387999999999,303.72906666666665,259.51152,206.8345,172.64866666666666,143.5545,96.02239999999999,501.06609808102337,471.790861356273,79.44309908998989,117.65038056861427,146.4136752136752,180.22429891522702,211.10321177651386,299.7920484788928,370.99565680621714,352.41701938070844,353.77777777777777,354.55555555555554,372.55555555555554,380.33333333333337,397.55555555555554,391.6666666666667,329.55555555555554,304.11111111111114,356.33333333333337,396.8888888888889,369.33333333333337,369.33333333333337,320.199525,271.34319999999997,247.3317,226.22928000000002,182.68455,134.13473333333334,65.28779999999999,80.7756
handler write,1265.888888888889,1194.888888888889,1168.4444444444446,1326.888888888889,1638,1668.4444444444446,1806.6666666666667,2023.8888888888891,2183.5555555555557,2332.5555555555557,2589.4444444444443,2349.0639,2083.6370285714283,1738.0542666666665,1535.4806400000002,1296.2399,1046.2750666666666,792.3684,468.9201999999999,2515.615201304402,2575.6898670539604,847.1107431749242,909.196295052608,1163.7734037204623,1324.2401566894337,1415.8431610349057,1601.2056135609873,1724.7076851967915,1769.4364000891069,1565.7777777777778,1478.4444444444446,1489,1385.2222222222222,1449.2222222222222,1441.888888888889,1492.2222222222222,1462,1599.6666666666667,1619.4444444444446,1550.5555555555557,1607.8888888888891,1398.7039499999998,1162.355,1060.2925666666665,819.57516,719.4143,459.994,318.3108,296.98819999999995
handler total commit,0,0,22.77777777777778,147.55555555555557,277.33333333333337,401.11111111111114,503.55555555555554,615.5555555555555,730,845.6666666666667,987.6666666666667,935.9181000000001,823.2848857142857,705.5740999999999,593.5707600000001,503.45135,404.33593333333334,304.0209,207.29159999999996,1030.2270161796062,1016.6461847838231,247.81504044489384,284.9916051040967,327.0084841628959,358.02348332663723,394.28076558492245,446.455490725955,448.3841313612435,426.1528179995545,326.6666666666667,262.55555555555554,216.44444444444443,183.88888888888889,179.11111111111111,171.55555555555557,150.33333333333334,172.55555555555557,220.8888888888889,237.11111111111114,237.33333333333334,229.33333333333334,202.293675,168.22842857142854,133.87476666666666,98.94720000000001,67.59675,17.868533333333335,0.2622,0
handler total prepare,0,0,0,0,0,0,0,0,0,0,0,0,0,0,0,0,0,0,0,0,0,0,0,0,0,0,0,0,0,0,0,0,0,0,0,0,0,0,0,0,0,0,0,0,0,0,0,0,0
handler total rollback,0,0,0.22222222222222224,0.6666666666666667,1.777777777777778,2,2.4444444444444446,2.888888888888889,3.7777777777777777,4,4.222222222222222,3.8799,3.484342857142857,2.4280666666666666,2.2488,1.8488,1.4487999999999999,0.5244,0.32439999999999997,9.783017684685813,9.160987599150932,1.6938827098078868,1.4614954107902394,1.3457139265962794,1.276376054640418,1.2302051968328314,1.1972525897719362,1.1725526447731263,1.1138338159946537,0.6666666666666667,0,1.3333333333333335,6.222222222222223,12.88888888888889,20.88888888888889,27.555555555555554,34.22222222222222,40.22222222222222,40.44444444444444,40.44444444444444,39.111111111111114,33.1947,27.00365714285714,19.424533333333333,13.043040000000001,6.4708,0.24146666666666666,0,0
handler total savepoint,0,0,0,0,0,0,0,0,0,0,0,0,0,0,0,0,0,0,0,0,0,0,0,0,0,0,0,0,0,0,0,0,0,0,0,0,0,0,0,0,0,0,0,0,0,0,0,0,0
handler total savepoint_rollback,0,0,0,0,0,0,0,0,0,0,0,0,0,0,0,0,0,0,0,0,0,0,0,0,0,0,0,0,0,0,0,0,0,0,0,0,0,0,0,0,0,0,0,0,0,0,0,0,0
cpu System,99.4166666666691,99.27777777777212,98.99999999999838,98.50000000000769,98.08333333333698,97.72222222223313,97.55555555556283,97.36111111110908,97.08333333334545,96.66666666667474,96.38888888889092,96.33333333333414,96.472222222221,96.63888888889132,96.69444444443798,96.9299468749996,96.61186403021227,96.90566019209442,97.33982433589856,96.7258601553922,96.78526841448554,97.33404689729133,96.94580186583136,96.90779610194402,96.87604131956014,97.49536612795735,98.06728456912805,98.34283567133392,98.61838677353978,97.00085689802862,97.00085689802862,97.00085689802862,99.45222222221932,99.1779020100595,98.93636566333525,98.62823934835234,98.38324649298336,98.02011964385001,97.77485591659814,97.47223482477689,97.46209715268675,97.73918928571179,98.01298333332186,98.25622999998382,97.05686361618716,96.97222222222182,96.86111111110827,96.83333333335517,96.88888888889173,98.23371997598035,98.04937180342958,97.86055041656456,97.66893368559812,97.41551800801285,97.30555555555233,97.41666666667597,97.41666666665574,97.36111111110908,97.22222222222221,97.13888888889213,96.94444444444848,96.91666666666505,96.91666666665495,97.11111111111879,97.22222222220202,97.30675255441702,97.47222222222263,97.74999999999636,97.89029535864412,97.19444444442868,97.40876249998442,96.7507220617689,96.58333333332443,96.41666666667435,96.2483325922774,96.0555555555503,96.02556249999587,96.12224168333668,96.36272767659464,96.57240788345199,96.52854921128639,96.59545227387397,97.21408302399632,96.7510829723373,96.75121829314871,96.64932986598193,97.39795334067492,96.80626527438953,96.92944872893251,96.97154923316252,97.04117352892513,97.04117352892513,97.05588267969861,97.72255588922391,97.41808475141963,97.4083416750099,97.02678670668081,96.93673418353588,96.93673418353588,97.46210077879829,96.9634181194679,96.99966662962066,97.09483943519952,97.49197921131547,97.03013630109926,96.91563854617033,97.0277777777887,97.19665228806285,97.18807514377676,97.14041666667707,97.1304166666771
cpu User,0.9999999999611952,1.0555555555684908,2.0833333333333335,3.2499999999547278,4.527777777790713,5.277777777761609,6.1111111110626055,6.750000000142285,7.805555555549088,8.972222222332169,10.055555555623465,10.083333333265426,9.999999999935326,9.666666666695772,9.777777777829519,8.98483437508853,10.303265940798564,9.339796300947901,8.182931662260994,10.07214206422433,10.049937578031098,8.35731365899572,9.995557530002836,10.1511744127027,10.0799733422726,8.081618627167057,6.910921843816918,5.925617902582685,4.9403139613484495,9.890031419660906,9.890031419660906,9.890031419660906,1.8923232324913526,2.7652386934325346,3.7559587514090125,4.614104010057727,5.748456913953132,6.7548859209997465,7.645366850582976,8.622487875488956,8.657068601396418,7.6982035713519466,6.808454166714292,5.832610000007,9.801199466981176,9.61111111100763,9.666666666776615,9.750000000106715,9.638888888892122,5.35871397111421,5.88099844329148,6.589504716808447,7.021284079458032,8.059137394300455,9.36111111117902,10.277777777648428,10.916666666566421,11.583333333368905,12.555555555526452,13.694444444505887,15.500000000045272,18.72222222219635,21.38888888892123,22.972222222193118,24.888888888947097,26.988005331048054,28.888888888791875,30.805555555545855,32.644903397679904,35.36111111114021,32.05248125001312,36.49189069099636,36.861111111001165,37.11111111107231,37.405513561641165,36.5555555556461,33.66916339290011,30.530112119962837,27.5433140826655,24.278777492103533,21.467451677353296,19.33408295861892,13.95954097659527,11.996001332827618,10.464825690384297,10.35207041411775,8.03915908184349,10.053321484101708,9.604398743224538,9.724383196346697,9.834972495478972,9.834972495478972,9.887790245521808,7.456289622909075,8.453119786399593,8.48501835163129,9.919973324380019,10.065016253976182,10.065016253976182,8.360138610996964,10.002857959375387,10.084453828216068,10.15244283402819,8.688500589380336,10.47267725407942,10.642436367723402,10.47222222219312,9.725900225122865,9.755657664482909,10.037137500026633,10.072237500026725
cpu Iowait,0,0.11111111111101006,0.16666666666462032,0.44444444444404024,0.6666666666654287,0.9999999999984589,1.1388888888872215,1.1666666666656056,1.1944444444439897,1.2777777777753525,1.1944444444427267,1.1944444444452529,0.944444444444217,0.7499999999986863,0.4722222222217927,0.3379874999996926,0.3332592757162044,0.3122728246500506,0.23131962296597167,0.3607103218642669,0.34332084893780457,0.29954529243773775,0.36095068858504914,0.34357821089637086,0.4165278240601624,0.3339511829402353,0.2342685370779302,0.2008684034768566,0.167468269875783,0.46415309911249303,0.46415309911249303,0.46415309911249303,0.04979797979906678,0.07473618090615394,0.09971571906269872,0.18705827067723044,0.23951903807525368,0.2911588759040201,0.3138023707340645,0.39320791614418527,0.39478488735819883,0.3720321428555031,0.35064999999768787,0.3307149999996992,0.41648156374843465,0.41666666666818253,0.3888888888879036,0.4166666666656561,0.3888888888897984,0.2394955964783253,0.2329108294429622,0.22820795556753584,0.2527662268625632,0.3056914184085353,0.6111111111092921,2.0833333333345965,3.250000000000202,4.666666666666844,5.805555555555328,7.1666666666652015,8.638888888886717,8.694444444446011,8.694444444443485,8.361111111111716,6.916666666666692,5.6919147045762495,4.250000000000556,3.111111111109545,1.776593382189929,0.5000000000008085,0.42248437499897534,0.5554321261955683,0.5833333333321712,0.6388888888883079,0.6947532236530622,0.8055555555548228,0.7948875000012136,0.7813393623111571,0.749666814750844,0.7140816909464184,0.6387469451233565,0.655922038982754,0.5092536407775982,0.6109074752886171,0.5310508559299641,0.500100020003546,0.38836517303425366,0.5554321261936739,0.6069694373038873,0.5834629917760512,0.5834305717614298,0.5834305717614298,0.611043217420994,0.46796796796754236,0.5305305305300481,0.5325325325320482,0.5557408024898453,0.5938984746174037,0.5938984746174037,0.447864568445684,0.5358673906801282,0.5833981553481687,0.5622891415706889,0.5075756358053322,0.5939727397761657,0.5835278426143058,0.5555555555575767,0.4862950112530213,0.48778288322101393,0.45753333333551793,0.45913333333552564
cpu Total,95.19444444578969,94.36111111297376,92.77777777881259,90.61111111142155,88.30555555565904,86.72222222149786,85.47222222356746,84.38888889116546,82.83333333157417,81.11111110904152,80.0555555537964,80.05555555638341,80.61111111245636,81.27777777974391,81.58333333623078,73.23062499999999,81.09309042486743,73.78155193407974,66.07066730826303,81.13207547490245,81.05493133792307,68.05669044423401,81.35273211595518,80.99075461884888,80.76474508357516,64.75313437075638,57.68862724687273,49.46384434882986,41.23906145078698,82.04798629455283,82.04798629455283,82.04798629455283,16.034949498288707,24.625571604003195,32.839710147651644,41.09046679105082,49.251102202178124,57.41653032756573,65.78438789991417,74.11969219504077,74.4169512688898,66.3075749997868,57.85725000489853,49.63731499932799,82.43558418594453,82.333333334989,82.16666666687362,82.02777777850214,82.13888888454272,49.605525424016555,58.402390478639454,67.17871691934126,76.13880455685526,84.7321031575798,82.88888888847498,80.72222222108394,79.11111110976587,77.02777778160656,74.99999999482598,72.6388888899237,69.22222222201526,65.91666666532143,63.02777777891606,62.38888888878541,62.11111111204244,61.19502443627437,60.916666665838825,60.44444444382358,60.12658228406522,57.666666666045785,51.7965843766788,55.904243498547324,55.02777777663951,54.361111109351945,53.690529119707044,54.388888886508845,48.26102678571428,41.845063620467094,63.47179031634628,67.05227078070827,69.90113308391696,72.30759620597156,63.08753926763034,79.83449961382685,81.15706610160889,81.11622324334482,62.992831065200505,81.64852254899245,82.1550985391501,82.15714603069209,82.26371061936788,82.26371061936788,82.07421397570752,61.17901234381948,69.3580246892499,69.61975308430367,81.97176836982139,81.58289572567764,81.58289572567764,68.70242480205617,82.20205773330882,81.7590843444641,81.81307010290236,67.92556302408028,81.15543328445489,80.91586084022573,81.24999999741298,73.68799699594632,73.91345336002722,73.72005833141583,73.97785833140912
network receive eth0,820701.3333333334,820718.2222222222,1117745.7777777778,1701180.4444444445,2301874.666666667,2766760,3217930.666666667,3668635.555555556,4151271.111111111,4734169.777777778,5294313.777777778,5490603.555555556,5378447.111111111,5244348.444444445,5241637.333333334,4772251.0089,5255739.61341924,4753604.527639518,4147788.4582690657,5002574.916759157,4980010.986267166,4180778.089472183,4975536.206130609,4984572.713643179,4973940.686437855,3987856.9453515494,3479950.4176352704,2983806.9306613225,2487663.4436873747,4958175.378463296,4958175.378463296,4958175.378463296,963327.178989899,1467254.185326633,1965618.5905016724,2458402.597694236,2944663.3414028054,3453492.727167501,3947590.9184876354,4447487.110325407,4465323.8802878605,3978058.8867428573,3479791.6908,2982875.16352,4969932.474455798,4971047.111111111,4958944.888888889,4968114.666666667,4936202.666666667,2773937.6285668537,3070986.116433178,3389549.943232868,3644233.8213106557,3889980.4357492225,3731877.3333333335,3268289.777777778,2793386.666666667,2355085.3333333335,2038787.5555555555,1810320,1680369.777777778,1723716.4444444445,1748944.8888888888,1684187.5555555555,1981133.3333333335,2207773.4340293207,2227954.666666667,2227447.111111111,2213463.912946924,3035386.666666667,2725868.2862,3489373.0282159513,3717845.3333333335,3886420.444444445,4128447.309915518,4575198.222222222,4589204.400942856,4558036.1204842245,4969138.160817415,4961957.1550985435,4953067.318373695,4955497.251374314,4156763.5511136493,4966648.450516494,4966073.722354117,4966695.739147829,3857011.7436287263,4969211.286380803,4982712.367894887,4972247.166036896,4960102.68378063,4960102.68378063,4964595.933785135,3707720.942275609,4203405.560226894,4219267.468001335,4957159.053017673,4959713.928482121,4959713.928482121,4144680.599914261,4959086.596170334,4963653.7393043665,4965460.952142946,4154304.743106158,4964201.575590847,4965095.92086251,4965308.444444445,4542660.88552138,4556559.645811452,4544007.8561333325,4559898.310533333
network receive lo,1588903.1111111112,1588896,1590069.3333333335,1592279.1111111112,1593871.1111111112,1594496,1596574.2222222222,1597891.5555555555,1601252.4444444445,1603117.3333333335,1604368.888888889,1606557.3333333335,1611021.3333333335,1619373.3333333335,1622984.888888889,1464535.8895,1636832.7038435903,1489341.973192416,1331255.5335047129,1655921.8645948945,1660515.3558052434,1395985.5441654779,1684804.0870724123,1692078.9605197404,1700647.7840719759,1363494.3608797067,1217602.287775551,1044006.2957915831,870410.3038076151,1819090.545558412,1819090.545558412,1819090.545558412,429177.3155555556,659635.8820100502,890593.7937123745,1125101.1265162907,1340659.9118236473,1549135.7224485253,1748162.654109953,1940601.9495244056,1948384.7872715895,1730691.6970285713,1503175.7706666668,1271759.1208,1939095.5131052868,1894284.4444444445,1840104.8888888888,1800885.3333333335,1765055.1111111112,1009409.7543314652,1207828.0476762287,1428129.9500939313,1667438.3594047024,1717888.8394842152,2032644.4444444445,2148542.2222222225,2259685.3333333335,2374640.888888889,2476169.777777778,2556720.888888889,2609365.3333333335,2639016,2853486.2222222225,2626070.2222222225,2615327.111111111,2605635.7174589075,2606069.3333333335,2606196.4444444445,2604081.723295581,2529252.4444444445,2272373.7834,2352595.42323928,2263081.777777778,2176520.888888889,2087808.80391285,1991756.4444444445,1732722.117342857,1457938.9676865884,1804419.3691692583,1813342.4735789776,1785141.9684514557,1789826.086956522,1502499.0659623074,1745265.355992447,1738041.2345370487,1666042.0084016803,1293806.572674535,1649151.7440568763,1638508.997429306,1640312.069348744,1634240.373395566,1634240.373395566,1654574.380624375,1259668.938271605,1428073.87654321,1433462.8345679014,1670607.5358452818,1680216.0540135032,1680216.0540135032,1198833.3669334096,1434397.2563589597,1664629.4032670294,1657067.599650131,1384404.5448778397,1661735.1506815057,1658585.7508058243,1656948.4444444445,1706588.3798949737,1711809.8708677166,1517170.4675999999,1522476.0324
network transmit eth0,784055.1111111111,785037.3333333334,1084367.1111111112,1669756.4444444445,2270955.5555555555,2736443.5555555555,3189070.2222222225,3648798.2222222225,4135040,4717785.777777778,5278978.666666667,5566906.666666667,5572430.222222222,5566372.444444445,5670033.777777778,5207235.5136,5863802.710508776,5382268.998721748,4791414.9530419875,6150788.901220866,6168706.117353308,5194840.989415121,6313908.485117726,6372641.679160421,6556234.58847051,5256461.081306231,4585947.174348697,3932119.519038076,3278291.8637274546,6729597.257926306,6729597.257926306,6729597.257926306,1212549.734141414,1847448.497487437,2496020.0615384616,3065090.931679198,3667717.66509018,4266089.664418476,4857836.884725117,5456495.4723529415,5478378.898235294,4862941.345028572,4232257.603733333,3583210.1972799995,5978796.090626389,5943148.444444445,5938477.333333334,5918886.222222222,5815100.444444445,3140105.3199679744,3426168.609828775,3737506.828571429,3986587.588769385,4230092.485549133,3973652.444444445,3396376.888888889,2837298.666666667,2357258.666666667,2027260.4444444445,1798587.5555555555,1670580.4444444445,1716122.6666666667,1741955.5555555555,1684408,1983436.4444444445,2213161.261661484,2233571.5555555555,2232030.2222222225,2218526.3157894737,3101646.2222222225,2791053.0061,3750952.232837147,4085799.111111111,4385491.555555556,4759566.918630502,5382009.777777778,5415742.050085714,5401200.146315889,6144097.734340293,6216678.663239075,6221732.948233726,6260441.779110446,5266646.033695032,6178086.415639231,6132997.126077721,6062094.01880376,4707670.662652531,6036199.066874027,5978150.242787775,6041201.155812401,6089877.6462743785,6089877.6462743785,6102481.05766026,4606608.790123457,5222465.580246914,5242172.997530865,6138827.609203068,6086695.67391848,6086695.67391848,5002252.153300943,5985166.047442126,5989960.662295809,5983278.2706485065,4956432.850135733,5961926.722520946,5929549.849949984,5923559.111111111,5420792.049662415,5437377.546836709,5403048.6510666665,5421943.182266666
network transmit lo,1588903.1111111112,1588896,1590069.3333333335,1592279.1111111112,1593871.1111111112,1594496,1596574.2222222222,1597891.5555555555,1601252.4444444445,1603117.3333333335,1604368.888888889,1606557.3333333335,1611021.3333333335,1619373.3333333335,1622984.888888889,1464535.8895,1636832.7038435903,1489341.973192416,1331255.5335047129,1655921.8645948945,1660515.3558052434,1395985.5441654779,1684804.0870724123,1692078.9605197404,1700647.7840719759,1363494.3608797067,1217602.287775551,1044006.2957915831,870410.3038076151,1819090.545558412,1819090.545558412,1819090.545558412,429177.3155555556,659635.8820100502,890593.7937123745,1125101.1265162907,1340659.9118236473,1549135.7224485253,1748162.654109953,1940601.9495244056,1948384.7872715895,1730691.6970285713,1503175.7706666668,1271759.1208,1939095.5131052868,1894284.4444444445,1840104.8888888888,1800885.3333333335,1765055.1111111112,1009409.7543314652,1207828.0476762287,1428129.9500939313,1667438.3594047024,1717888.8394842152,2032644.4444444445,2148542.2222222225,2259685.3333333335,2374640.888888889,2476169.777777778,2556720.888888889,2609365.3333333335,2639016,2853486.2222222225,2626070.2222222225,2615327.111111111,2605635.7174589075,2606069.3333333335,2606196.4444444445,2604081.723295581,2529252.4444444445,2272373.7834,2352595.42323928,2263081.777777778,2176520.888888889,2087808.80391285,1991756.4444444445,1732722.117342857,1457938.9676865884,1804419.3691692583,1813342.4735789776,1785141.9684514557,1789826.086956522,1502499.0659623074,1745265.355992447,1738041.2345370487,1666042.0084016803,1293806.572674535,1649151.7440568763,1638508.997429306,1640312.069348744,1634240.373395566,1634240.373395566,1654574.380624375,1259668.938271605,1428073.87654321,1433462.8345679014,1670607.5358452818,1680216.0540135032,1680216.0540135032,1198833.3669334096,1434397.2563589597,1664629.4032670294,1657067.599650131,1384404.5448778397,1661735.1506815057,1658585.7508058243,1656948.4444444445,1706588.3798949737,1711809.8708677166,1517170.4675999999,1522476.0324
Reads completed vda,3.2222222222222223,18.77777777777778,26.77777777777778,41.22222222222222,53.44444444444444,63.333333333333336,73.77777777777779,81.11111111111111,91.55555555555556,96.44444444444444,85.66666666666667,88,77,73.55555555555556,66.88888888888889,57.23255,57.98711397467228,48.601006891134354,41.05923307626392,49.38956714761376,43.94506866416979,38.46161554921541,42.09240337627721,43.72813593203399,44.98500499833389,36.0667277574142,32.094789579158316,27.518971275885104,22.94315297261189,37.84632962010854,37.84632962010854,37.84632962010854,5.178989898989899,7.025201005025126,10.769297658862877,12.8446679197995,17.00585170340681,23.642100723427937,25.56062947067239,26.401102941176468,26.506985294117648,23.924528571428574,21.974066666666666,18.520039999999998,25.76632607729898,25.11111111111111,20.555555555555557,19.88888888888889,20.22222222222222,12.094527622097678,13.159461863464532,13.69247733398677,13.593205977988996,22.89906625166741,42.22222222222222,77.33333333333334,105.55555555555557,133.11111111111111,159.55555555555557,186.55555555555557,206.11111111111114,207.11111111111114,198,175.55555555555557,139.33333333333334,110.61750333185253,81.55555555555556,53.22222222222223,30.42416166999778,45.55555555555556,45.065,51.98844701177516,54.88888888888889,57.44444444444444,58.915073365940415,64.66666666666667,65.86210714285714,61.349609188828516,33.651710350955135,33.13339045986861,32.992668295934244,33.233383308345836,27.91908195316962,32.54470731978229,30.113707359740097,29.80596119223845,23.146564312862573,29.771161964007995,28.99171665238503,26.894865525672365,26.337722953825637,26.337722953825637,29.44117320297745,22.712045378712045,25.74841508174842,25.845578912245582,27.89818828498388,28.132033008252062,28.132033008252062,19.8254715633038,23.721063160903118,24.66940771196799,23.241284518305633,18.392152450350046,22.508440665249474,20.562409692119594,21.333333333333336,18.53642160540135,18.593135783945986,15.784899999999999,15.840099999999998
Writes completed vda,6.333333333333334,6.444444444444445,9.333333333333334,90.66666666666667,165.55555555555557,235.77777777777777,290.8888888888889,310.6666666666667,333.8888888888889,345.44444444444446,363.33333333333337,378.22222222222223,310.22222222222223,249.66666666666669,203.66666666666669,150.5171,161.40857587202842,141.147316742243,126.64749357326477,153.16315205327413,152.18476903870163,131.56029243937232,155.59751221679255,147.6761619190405,146.78440519826725,117.68439686771076,101.43827655310619,86.97601870407482,72.51376085504342,216.9380177092259,216.9380177092259,216.9380177092259,23.903030303030302,45.2901256281407,62.22260869565217,88.54091478696742,111.01707414829659,136.14589037284364,163.06312282853054,179.19046464330413,179.90911295369213,168.84535714285715,151.01326666666665,135.53302,208.90715237672148,218.8888888888889,214.77777777777777,209.33333333333334,208.22222222222223,117.35284227381905,115.05794974427397,118.43992893898556,119.41799962481241,124.05513561582927,201.77777777777777,185.44444444444446,165.77777777777777,152.66666666666669,147,153.22222222222223,155.55555555555557,179.22222222222223,190.88888888888889,84.44444444444444,81.44444444444444,84.74011550422036,84.44444444444444,85.55555555555556,81.72329558072396,156.55555555555557,131.9277875,192.84603421461895,217.22222222222223,242.8888888888889,265.0066696309471,282.8888888888889,282.1850625,284.1760199218378,239.782318969347,205.08426163953155,191.17973783603645,181.65917041479264,142.83066818960594,162.27924025324893,157.9407722104211,163.23264652930587,126.76239247849571,168.96245278826925,176.5209940017138,176.2613914203156,175.86264377396233,175.86264377396233,190.8676813687368,149.62495829162498,169.6282949616283,170.2684017350684,195.39846615538514,195.79894973743436,195.79894973743436,163.50042512146325,195.6273220920263,201.46682964773862,203.29876296388855,174.00887091013,207.82793547580346,205.06835611870625,207.22222222222223,188.110352588147,188.6858964741185,182.89894999999999,183.53855
Read time vda,0.0004137931035325766,0.0005562130177356357,0.0005643153526912988,0.0005363881401631371,0.0005135135135198063,0.0005017543859650144,0.0004924698795143028,0.00048767123287639337,0.00048543689320564953,0.00048502304146868613,0.0004617380025937317,0.0004494949494946555,0.00044300144300245096,0.00046072507552914055,0.0004617940199309442,0.000466535433072814,0.0004712643678145309,0.0004719626168165819,0.00047605633803292396,0.0005033707865213013,0.0005170454545474389,0.000523364485974599,0.0004934036939263302,0.0005000000000083153,0.000507407407416462,0.0005074074074164619,0.00047445255476152046,0.00047445255476152046,0.00047445255476152046,0.00048301886791310644,0.00048301886791310644,0.00048301886791310644,0.00046153846163248923,0.0004468085106519209,0.00043209876547521556,0.00043689320386654137,0.0004295774647993902,0.00045320197042815263,0.00044642857142207504,0.000446808510651921,0.00044680851065192096,0.0004449760765586445,0.0004468085106519209,0.0004545454545435647,0.00044396551725342227,0.00046017699114760943,0.0004432432432548848,0.00045251396647101664,0.0004505494505213062,0.0005148514851093256,0.0005044247787672432,0.0004999999999805973,0.0005041322314174662,0.002150485436889813,0.0035105263157962138,0.017181034482756777,0.03176210526316457,0.040509181969948946,0.04599860724234243,0.049564026206075494,0.05196657681940757,0.05171727467811052,0.05388383838383874,0.060198734177211465,0.06737320574163032,0.06653413654618111,0.0652670299727557,0.06340292275574658,0.048262773722608406,0.0005634146341457736,0.0005674999999973806,0.0005555555555599086,0.0005526315789494893,0.0005435203094688619,0.0005396226415095439,0.0005343642611709852,0.0005344827586166753,0.0005415094339696224,0.0004587458745968719,0.00044827586206620573,0.00044781144779243714,0.0004473684210480362,0.0004549356223165973,0.0004539249146813305,0.0004481327800837121,0.0004429530201268057,0.00044295302012680577,0.00044402985074170763,0.0004433497537132192,0.00043801652892465776,0.0004367088607333371,0.0004367088607333371,0.00044905660376897224,0.00045604395603692,0.00045604395603691993,0.00045604395603692,0.00044621513944617354,0.00045333333336101435,0.00045333333336101435,0.0004518072288981302,0.00045180722889813014,0.00044594594595486067,0.0004408602150653424,0.00044805194802511217,0.0004444444444137237,0.00044324324321555535,0.00044791666664423246,0.00045679012346002383,0.0004567901234600239,0.0004710144927177706,0.00047101449271777073
Write time vda,0.0006842105261360605,0.0006551724138011321,0.0005952380954459797,0.0022965686274641055,0.0026201342281747934,0.0027393967954734426,0.002404507257453325,0.002295779685262665,0.0021903494176355666,0.0021514956577719647,0.0020758409785934144,0.0020261457109274988,0.0018370343839492346,0.001418780596361259,0.0007703218766950747,0.0006953592814181298,0.0006772195457651345,0.0006604987932391591,0.0006219178082030182,0.0006304347826053213,0.0006144380639717854,0.0006311475409829704,0.0006481084939299136,0.0006556683587337419,0.0006730987514444774,0.0006730987514444774,0.0007043879908132077,0.0007043879908132076,0.0007043879908132076,0.0006714944042064008,0.0006714944042064008,0.0006714944042064008,0.0005916666666356226,0.0006699669966320493,0.0006538461538083438,0.0006478873239321843,0.0006558791801276664,0.0006381522668816366,0.000633310006997086,0.0006319749216311159,0.0006319749216311158,0.0006352542372917661,0.0006230650154969962,0.0006228926353321427,0.0006246677299246988,0.0006152284263957026,0.0006161407139269125,0.0006220806794009476,0.0006254002134425748,0.0006377551020408164,0.0006366396761289139,0.0006368015414469037,0.0006378174976617455,0.0006971326165056059,0.0009983480176342229,0.0010629119232928614,0.0015469168900737187,0.0025080058224135914,0.0046379440665144395,0.005114575779539762,0.0059971428571277225,0.00528084314941782,0.004954016298020142,0.009631578947339316,0.009904502046397428,0.008678899082572775,0.007103947368427486,0.0034597402597647525,0.0023967391304683156,0.0005166784953887821,0.0005029888983587651,0.0004942396313239324,0.0004976982097177172,0.0004949679780397427,0.0004966442953055293,0.0004956794972458338,0.0004937625754464388,0.0004912423625158794,0.0005044001852743018,0.0005062674094801561,0.0004979662986741201,0.0004903713892833066,0.0004916107382636279,0.0005051334702341596,0.000507911392422194,0.0005147058823686344,0.0005147058823686344,0.0005279421433362495,0.0005444983818849343,0.0005441361916664586,0.0005431279620614733,0.0005431279620614733,0.0006431897555188437,0.0007022518765430251,0.000702251876543025,0.0007022518765430252,0.0006496018202460463,0.0006717752235154187,0.0006717752235154187,0.0005814463111775716,0.0005814463111775716,0.0005923883066702967,0.0005863552550693942,0.0006094715168196887,0.000606498194946829,0.0006027100270968637,0.0006112600536111882,0.0006198296836984385,0.0006198296836984385,0.0006135084427765899,0.0006135084427765898
IO time vda,0.0038888888892769403,0.012777777777955635,0.02255555555570431,0.052000000000084076,0.07899999999992563,0.10244444444429571,0.12033333333319104,0.13444444444434744,0.14833333333323634,0.16144444444418898,0.16522222222233218,0.1688888888889374,0.15322222222231277,0.1374444444445544,0.1273333333334045,0.11074723750001966,0.11664074650069678,0.10492366908262356,0.09090861182519952,0.11098779134295227,0.10961298377036344,0.09010322396581202,0.10450910706340451,0.10244877561215755,0.10346551149603218,0.08295347384194379,0.06817214428797716,0.05845270541030719,0.04873326653263722,0.10911168237687122,0.10911168237687122,0.10911168237687122,0.015935353534976715,0.02451346733678347,0.035099933110263416,0.05038102756875172,0.06143663326641456,0.07488606288258547,0.09037508277145206,0.09953777534402328,0.09993697434277109,0.09226397142862806,0.08438976666642514,0.07480171999992649,0.11583740559767708,0.11933333333339155,0.11711111111112082,0.11266666666657936,0.11000000000017787,0.05532348278617322,0.05519986657752529,0.05636736502477272,0.0568443159080913,0.0628056914182626,0.07966666666672811,0.08366666666673458,0.08655555555540358,0.09433333333314901,0.10766666666677338,0.1285555555558757,0.1420000000002296,0.14900000000003882,0.14844444444437008,0.11955555555565904,0.10633333333316841,0.09517992003553653,0.08222222222240008,0.06844444444424072,0.04930046635570789,0.08099999999992887,0.07368127499984589,0.10464341257528724,0.11711111111112082,0.12955555555567522,0.14117385504673594,0.15244444444437655,0.15250484464294306,0.15221648317590405,0.14382496668128097,0.13610397029387328,0.1358586980668893,0.13480759620163726,0.11263492290104238,0.12917916250144015,0.1297013619893122,0.12642528505729667,0.09817871574337017,0.12108420351034718,0.11710939731501128,0.11446988219631848,0.11135189198224442,0.11135189198224442,0.11820908787895641,0.09009943276629556,0.10214481147836715,0.10253026359715345,0.12115149494277486,0.12253063265810996,0.12253063265810996,0.09936621891994854,0.11889111174652096,0.12223580397846234,0.12295389229043838,0.09936539505669384,0.11791921970730294,0.11570523507847914,0.11311111111111435,0.10103493998476647,0.10134406726658621,0.09379433333330003,0.09412233333329992
mem_Used%,34.22393958520551,34.135240308679556,34.50346134869504,34.5250916120169,34.572050052530635,34.612017916139415,34.644235357527485,34.67123519441402,34.79017631450707,34.96109085419784,34.99143401047371,35.046548124043234,35.12851010543614,35.15064693230183,35.179875648781255,35.205811702225745,35.253631300764,35.17734283106208,35.35099281388957,35.444960351271426,35.469984590337,35.46588142563192,35.496528520034076,35.48452296404513,35.47601269650866,35.4936917641886,35.48508018394335,35.4727706898281,35.3836155061127,35.374598675032395,35.35220856639477,35.34734555637393,35.33660640924459,35.35615976203671,35.3677094108362,35.38817457800724,35.417909858030505,35.48416836956445,35.50757160528973,35.50448156767233,35.510813611970306,35.51582859105429,35.532595844355306,35.515170058447296,35.53102549736942,35.54713421806345,35.557873365192805,35.54931244130195,35.56010224478568,35.58092200643741,35.56547181835037,35.59981682662254,35.597638603384056,35.43574089477358,35.42606553108628,35.43219494996672,35.43189101184042,35.43634877102618,35.45012729941857,35.4500259867098,35.42758522171779,35.41031140487294,35.41117256289746,35.425001747644224,35.43477842404029,35.43670336550687,35.42191171002682,35.4194802050164,35.416643449170905,35.44779710711692,35.43320807705439,35.370191572201,35.4057523329784,35.407322679964295,35.412742909883356,35.40838646340636
descriptor_used /dev/vda1,0.9953874659803014,0.9953874659803014,0.9953874278330727,0.9953874278330727,0.9953874278330727,0.9953874278330727,0.9953874278330727,0.9953874278330727,0.9953874278330727,0.9953874278330727,0.9953874278330727,0.9953874278330727,0.9953874278330727,0.9953874278330727,0.9953874278330727,0.9953874278330727,0.9953874278330727,0.9953874278330727,0.9953874278330727,0.9953874278330727,0.9953874278330727,0.9953874278330727,0.9953874278330727,0.9953874278330727,0.9953874278330727,0.9953874278330727,0.9953874278330727,0.9953874278330727,0.9953874278330727,0.9953874278330727,0.9953874278330727,0.9953874278330727,0.9953874278330727,0.9953874278330727,0.9953874278330727,0.9953874278330727,0.9953874278330727,0.9953874151173296,0.9953874151173296,0.9953874151173296,0.9953874151173296,0.9953874151173296,0.9953874151173296,0.9953874151173296,0.9953874151173296,0.9953874151173296,0.9953874151173296,0.9953874151173296,0.9953874151173296,0.9953874151173296,0.9953874151173296,0.9953874151173296,0.9953874151173296,0.9953874151173296,0.9953874151173296,0.9953874151173296,0.9953874151173296,0.9953874151173296,0.9953874278330727,0.9953874278330727,0.9953874278330727,0.9953874278330727,0.9953874278330727,0.9953874278330727,0.9953874278330727,0.9953874278330727,0.9953874278330727,0.9953874278330727,0.9953874278330727,0.9953874278330727,0.9953874278330727,0.9953874278330727,0.9953874278330727,0.9953874278330727,0.9953874278330727,0.9953874278330727
thread_connect,1,8,11,8,5,9,7,8,7,6,108,35,35,62,99,143,181,228,253,253,253,253,253,253,245,246,233,239,240,245,253,253,253,22
threads_running,1,3,2,2,1,2,1,2,1,1,67,11,12,44,86,131,169,214,241,243,244,244,244,244,236,232,221,229,229,236,250,251,251,6
lock_wait,193182,193187,193212,193228,193261,193279,193298,193328,193352,193380,194253,194453,194480,194493,194494,194508,194510,194516,194523,194524,194524,194524,194524,194525,194532,194538,194548,194558,194571,194580,194592,194592,194592,195031
bytes_received,1985917346,1985958554,1986114397,1986286658,1986449615,1986586302,1986737624,1986892465,1987042070,1987223434,1992992546,1994191058,1994323180,1994404066,1994465917,1994532316,1994588993,1994646275,1994716809,1994741065,1994750577,1994762954,1994778375,1994797835,1994831262,1994884139,1994929053,1994979437,1995029641,1995092317,1995121400,1995130261,1995147326,1997180583
questions,11207580,11207848,11209089,11210400,11211633,11212685,11213821,11214990,11216146,11217563,11263943,11273244,11274271,11274985,11275584,11276201,11276701,11277224,11277855,11278000,11278034,11278072,11278119,11278254,11278556,11279053,11279534,11280048,11280502,11281111,11281325,11281351,11281409,11297344
queries,11454119,11454392,11455633,11456950,11458183,11459241,11460378,11461552,11462711,11464131,11510628,11519951,11520983,11521700,11522300,11522922,11523425,11523949,11524583,11524731,11524768,11524809,11524859,11524997,11525304,11525804,11526286,11526803,11527262,11527874,11528089,11528118,11528181,11544153
abort,559,559,559,559,559,559,559,559,559,559,559,559,559,559,559,559,559,559,559,559,559,559,559,559,559,559,559,559,559,559,559,559,559,559
mysql_global_status_threads_cached,10,3,3,5,7,3,6,5,6,7,6,6,0,0,0,0,0,0,0,0,0,0,0,0,1,0,0,0,0,0,0,0,0,9
select_full_range_join,0,0,0,0,0,0,0,0,0,0,0,0,0,0,0,0,0,0,0,0,0,0,0,0,0,0,0,0,0,0,0,0,0,0
select_full_join,114,114,114,114,114,114,114,114,114,114,114,114,114,114,114,114,114,114,114,114,114,114,114,114,114,114,114,114,114,114,114,114,114,114
Thread Cache Size,11,11,11,11,11,11,11,11,11,11,11,11,11,11,11,11,11,11,11,11,11,11,11,11,11,11,11,11,11,11,11,11,11,11
Threads Cached,10,3,3,5,7,3,6,5,6,7,6,6,0,0,0,0,0,0,0,0,0,0,0,0,1,0,0,0,0,0,0,0,0,9
Created Tmp Tables,10860001,10860138,10860267,10860405,10860536,10860673,10860808,10860945,10861078,10861212,10866426,10867500,10867639,10867769,10867896,10868030,10868163,10868289,10868422,10868557,10868685,10868817,10868950,10869084,10869216,10869352,10869477,10869612,10869742,10869878,10870012,10870137,10870279,10872045
Free Memory,1031832,1031832,1031832,1031832,1031832,1031832,1031832,1031832,1031832,1031832,1031832,1031832,1031832,1031832,1031832,1031832,1031832,1031832,1031832,1031832,1031832,1031832,1031832,1031832,1031832,1031832,1031832,1031832,1031832,1031832,1031832,1031832,1031832,1031832
open_files,90,90,90,90,90,90,90,90,90,90,90,90,90,90,90,90,90,91,91,91,91,91,91,91,91,91,91,91,91,91,91,91,91,91
innodb_num_open_files,29,29,29,29,29,29,29,29,29,29,29,29,29,29,29,29,29,29,29,29,29,29,29,29,29,29,29,29,29,29,29,29,29,29
Query Cache Size,1048576,1048576,1048576,1048576,1048576,1048576,1048576,1048576,1048576,1048576,1048576,1048576,1048576,1048576,1048576,1048576,1048576,1048576,1048576,1048576,1048576,1048576,1048576,1048576,1048576,1048576,1048576,1048576,1048576,1048576,1048576,1048576,1048576,1048576
table_open_cache,2000,2000,2000,2000,2000,2000,2000,2000,2000,2000,2000,2000,2000,2000,2000,2000,2000,2000,2000,2000,2000,2000,2000,2000,2000,2000,2000,2000,2000,2000,2000,2000,2000,2000
process state after create,0,0,0,0,0,0,0,0,0,0,0,0,0,0,0,0,0,0,0,0,0,0,0,0,0,0,0,0,0,0,0,0,0,0
process state altering table,0,0,0,0,0,0,0,0,0,0,0,0,0,0,0,0,0,0,0,0,0,0,0,0,0,0,0,0,0,0,0,0,0,0
process state analyzing,0,0,0,0,0,0,0,0,0,0,0,0,0,0,0,0,0,0,0,0,0,0,0,0,0,0,0,0,0,0,0,0,0,0
process state checking permissions,0,0,0,0,0,0,0,0,0,0,0,0,0,0,0,0,0,0,0,0,0,0,0,0,0,0,0,0,0,0,0,0,0,0
process state checking table,0,0,0,0,0,0,0,0,0,0,0,0,0,0,0,0,0,0,0,0,0,0,0,0,0,0,0,0,0,0,0,0,0,0
process state cleaning up,0,0,0,0,0,0,0,0,0,0,0,0,0,0,0,0,0,0,0,0,0,0,0,0,0,0,0,0,0,0,0,0,0,0
process state closing tables,0,0,0,0,0,0,0,0,0,0,0,0,0,0,0,0,0,0,0,0,0,0,0,0,0,0,0,0,0,0,0,0,0,0
process state converting heap to myisam,0,0,0,0,0,0,0,0,0,0,0,0,0,0,0,0,0,0,0,0,0,0,0,0,0,0,0,0,0,0,0,0,0,0
process state copying to tmp table,0,0,0,0,0,0,0,0,0,0,0,0,0,0,0,0,0,0,0,0,0,0,0,0,0,0,0,0,0,0,0,0,0,0
process state creating sort index,0,0,0,0,0,0,0,0,0,0,0,0,0,0,0,0,0,0,0,0,0,0,0,0,0,0,0,0,0,0,0,0,0,0
process state creating table,0,0,0,0,0,0,0,0,0,0,0,0,0,0,0,0,0,0,0,0,0,0,0,0,0,0,0,0,0,0,0,0,0,0
process state creating tmp table,0,0,0,0,0,0,0,0,0,0,0,0,0,0,0,0,0,0,0,0,0,0,0,0,0,0,0,0,0,0,0,0,0,0
process state deleting,0,0,0,0,0,0,0,0,0,0,0,0,0,0,0,0,0,0,0,0,0,0,0,0,0,0,0,0,0,0,0,0,0,0
process state end,0,0,0,0,0,0,0,0,0,0,0,0,0,0,0,0,0,0,0,0,0,0,0,0,0,0,0,0,0,0,0,0,0,0
process state executing,0,0,0,0,0,0,0,0,0,0,0,0,0,0,0,0,0,0,0,0,0,0,0,0,0,0,0,0,0,0,0,0,0,0
process state execution of init_command,0,0,0,0,0,0,0,0,0,0,0,0,0,0,0,0,0,0,0,0,0,0,0,0,0,0,0,0,0,0,0,0,0,0
process state flushing tables,0,0,0,0,0,0,0,0,0,0,0,0,0,0,0,0,0,0,0,0,0,0,0,0,0,0,0,0,0,0,0,0,0,0
process state freeing items,0,0,0,0,0,0,0,0,0,0,0,0,0,0,0,0,0,0,0,0,0,0,0,0,0,0,0,0,0,0,0,0,0,0
process state fulltext initialization,0,0,0,0,0,0,0,0,0,0,0,0,0,0,0,0,0,0,0,0,0,0,0,0,0,0,0,0,0,0,0,0,0,0
process state idle,0,3,10,5,4,7,4,6,4,5,41,23,22,17,13,13,10,31,12,10,9,9,9,9,9,15,10,8,12,9,3,2,2,15
process state init,0,0,0,0,0,0,0,0,0,0,0,0,0,0,0,0,0,0,0,0,0,0,0,0,0,0,0,0,0,0,0,0,0,0
process state killed,0,0,0,0,0,0,0,0,0,0,0,0,0,0,0,0,0,0,0,0,0,0,0,0,0,0,0,0,0,0,0,0,0,0
process state logging slow query,0,0,0,0,0,0,0,0,0,0,0,0,0,0,0,0,0,0,0,0,0,0,0,0,0,0,0,0,0,0,0,0,0,0
process state login,0,0,0,0,0,0,0,0,0,0,0,0,0,0,0,0,0,0,0,0,0,0,0,0,0,0,0,0,0,0,0,0,0,0
process state manage keys,0,0,0,0,0,0,0,0,0,0,0,0,0,0,0,0,0,0,0,0,0,0,0,0,0,0,0,0,0,0,0,0,0,0
process state opening tables,0,0,0,0,0,0,0,0,1,0,0,0,0,0,0,0,0,0,0,0,0,0,0,0,0,0,0,0,0,0,0,0,0,0
process state optimizing,0,0,0,0,0,0,0,0,0,0,0,0,0,0,0,0,0,0,0,0,0,0,0,0,0,0,0,0,0,0,0,0,0,0
process state other,0,0,0,0,0,0,1,0,0,0,0,1,0,0,0,0,1,0,0,0,0,0,0,0,0,0,0,0,0,0,0,0,0,0
process state preparing,0,0,0,0,0,0,0,0,0,0,0,0,0,0,0,0,0,0,0,0,0,0,0,0,0,0,0,0,0,0,0,0,0,0
process state reading from net,0,0,0,0,0,0,0,0,0,0,0,0,0,0,0,0,0,0,0,0,0,0,0,0,0,0,0,0,0,0,0,0,0,0
process state removing duplicates,0,0,0,0,0,0,0,0,0,0,0,0,0,0,0,0,0,0,0,0,0,0,0,0,0,0,0,0,0,0,0,0,0,0
process state removing tmp table,0,0,0,0,0,0,0,0,0,0,0,0,0,0,0,0,0,0,0,0,0,0,0,0,0,0,0,0,0,0,0,0,0,0
process state reopen tables,0,0,0,0,0,0,0,0,0,0,0,0,0,0,0,0,0,0,0,0,0,0,0,0,0,0,0,0,0,0,0,0,0,0
process state repair by sorting,0,0,0,0,0,0,0,0,0,0,0,0,0,0,0,0,0,0,0,0,0,0,0,0,0,0,0,0,0,0,0,0,0,0
process state repair done,0,0,0,0,0,0,0,0,0,0,0,0,0,0,0,0,0,0,0,0,0,0,0,0,0,0,0,0,0,0,0,0,0,0
process state repair with keycache,0,0,0,0,0,0,0,0,0,0,0,0,0,0,0,0,0,0,0,0,0,0,0,0,0,0,0,0,0,0,0,0,0,0
process state replication master,0,0,0,0,0,0,0,0,0,0,0,0,0,0,0,0,0,0,0,0,0,0,0,0,0,0,0,0,0,0,0,0,0,0
process state rolling back,0,0,0,0,0,0,0,0,0,0,0,0,0,0,0,0,0,0,0,0,0,0,0,0,0,0,0,0,0,0,0,0,0,0
process state searching rows for update,0,0,0,0,0,0,0,0,0,0,0,0,0,0,0,0,0,4,4,4,4,4,4,4,3,3,3,3,0,0,0,0,0,0
process state sending data,0,0,0,0,0,0,0,0,0,0,0,0,0,0,0,0,0,0,0,0,0,0,0,0,0,0,0,0,0,0,0,0,0,0
process state sorting for group,0,0,0,0,0,0,0,0,0,0,0,0,0,0,0,0,0,0,0,0,0,0,0,0,0,0,0,0,0,0,0,0,0,0
process state sorting for order,0,0,0,0,0,0,0,0,0,0,0,0,0,0,0,0,0,0,0,0,0,0,0,0,0,0,0,0,0,0,0,0,0,0
process state sorting index,0,0,0,0,0,0,0,0,0,0,0,0,0,0,0,0,0,0,0,0,0,0,0,0,0,0,0,0,0,0,0,0,0,0
process state sorting result,0,0,0,0,0,0,0,0,0,0,0,0,0,0,0,0,0,0,0,0,0,0,0,0,0,0,0,0,0,0,0,0,0,0
process state statistics,0,1,0,0,0,0,1,0,0,0,0,0,0,0,0,0,0,0,0,0,0,0,0,0,0,0,0,0,0,0,0,0,0,0
process state updating,0,2,1,1,0,1,0,2,1,1,66,10,3,19,49,84,120,163,181,183,184,184,184,184,175,166,159,164,164,169,183,184,184,5
process state waiting for lock,0,0,0,0,0,0,0,0,0,0,0,0,8,24,36,45,48,54,55,55,55,55,55,55,57,58,60,63,64,66,66,66,66,0
process state waiting for table flush,0,0,0,0,0,0,0,0,0,0,0,0,0,0,0,0,0,0,0,0,0,0,0,0,0,0,0,0,0,0,0,0,0,0
process state waiting for tables,0,0,0,0,0,0,0,0,0,0,0,0,0,0,0,0,0,0,0,0,0,0,0,0,0,0,0,0,0,0,0,0,0,0
process state waiting on cond,0,0,0,0,0,0,0,0,0,0,0,0,0,0,0,0,0,0,0,0,0,0,0,0,0,0,0,0,0,0,0,0,0,0
process state writing to net,0,0,0,0,0,0,0,0,0,0,0,0,0,0,0,0,0,0,0,0,0,0,0,0,0,0,0,0,0,0,0,0,0,0
qcache_queries_in_cache,0,0,0,0,0,0,0,0,0,0,0,0,0,0,0,0,0,0,0,0,0,0,0,0,0,0,0,0,0,0,0,0,0,0
disk_io_now vda,0,0,0,0,0,0,0,0,0,0,0,0,0,0,0,0,0,0,0,0,0,0,0,0,0,0,0,0,0,0,0,0,0,0,0,0,0,0,0,0,0,0,0,0,0,0,0,0,0,0,0,0,0,0,0,0,0,0,0,0,0,0,0,0,0,0,0,0,0,0,0,0,0,0,0
mem_buffer,0,0,0,0,0,0,0,0,0,0,0,0,0,0,0,0,0,0,0,0,0,0,0,0,0,0,0,0,0,0,0,0,0,0,0,0,0,0,0,0,0,0,0,0,0,0,0,0,0,0,0,0,0,0,0,0,0,0,0,0,0,0,0,0,0,0,0,0,0,0,0,0,0,0,0
mem_cached,5701242880,5704966144,5708189696,5710835712,5695680512,5697843200,5699657728,5684432896,5669363712,5670629376,5672738816,5656948736,5658939392,5659586560,5645557760,5650604032,5654200320,5630291968,5609463808,5610213376,5610999808,5612048384,5612773376,5613920256,5615595520,5616394240,5616906240,5620883456,5622202368,5623033856,5623640064,5624336384,5624918016,5625368576,5625716736,5625913344,5631635456,5620625408,5639913472,5630947328,5636919296,5624328192,5628518400,5620891648,5621473280,5621751808,5621985280,5622337536,5622829056,5622923264,5623042048,5623918592,5630935040,5633687552,5634588672,5635768320,5636730880,5590028288,5593501696,5595840512,5598978048,5603389440,5605081088,5608837120,5610262528,5613121536,5613686784,5615693824,5617319936,5618995200,5619957760,5620477952,5621370880,5622169600,5623398400
Read bytes vda,1231665045504,1231668580352,1231671119872,1231673204736,1231674839040,1231676727296,1231678029824,1231679836160,1231681142784,1231681908736,1231683608576,1231684186112,1231685705728,1231686197248,1231687733248,1231691616256,1231694278656,1231699738624,1231706845184,1231707312128,1231707721728,1231708446720,1231708798976,1231709552640,1231710830592,1231711207424,1231711432704,1231713398784,1231714234368,1231714627584,1231714947072,1231715221504,1231715614720,1231715803136,1231715934208,1231715950592,1231741804544,1231809888256,1231941718016,1232069644288,1232195653632,1232322793472,1232451538944,1232522809344,1232522940416,1232522989568,1232523059200,1232523198464,1232523497472,1232523497472,1232523542528,1232524447744,1232530419712,1232532193280,1232532750336,1232533356544,1232533872640,1232534806528,1232536592384,1232537845760,1232539455488,1232541585408,1232542273536,1232544481280,1232545087488,1232546516992,1232546729984,1232547569664,1232548556800,1232549224448,1232549748736,1232549830656,1232550236160,1232550592512,1232551124992
