Avg Threads Running,1,1,1.3,1.7999999999999998,2,2.6,3,3.7,4.4,5.1,5.699999999999999,6.222222222222222,6.499999999999999,6.571428571428571,7.166666666666667,7.2,7.75,7.666666666666667,7.5,7,42,50,65.66666666666667,83,101.4,121.66666666666667,140.42857142857144,154.5,165.44444444444446,174.20000000000002,195.3,214.79999999999998,228.3,238.2,243.5,244,241.3,240.2,240.2,240.2,240.2,238.7,239.44444444444446,240.125,241.85714285714286,244.16666666666669,247.8,249.25,248,245.5,238,31,31,31,31,31,31
Peak Threads Connected,1,1,4,6,6,7,7,8,8,8,8,8,8,8,8,8,8,8,8,7,42,58,97,135,175,223,253,253,253,253,253,253,253,253,253,253,253,253,253,253,253,253,253,253,253,253,253,253,253,253,238,31,31,31,31,31,31
Peak Threads Running,1,1,1,1,1,2,2,2,3,3,3,3,3,3,3,3,3,3,1,1,20,51,91,129,167,213,249,250,250,250,250,250,250,250,250,250,250,250,250,250,250,250,250,250,250,250,250,250,250,250,194,16,16,16,16,16,16
Questions,37.77777777777778,37,73.77777777777779,172.55555555555557,319.11111111111114,460.7777777777778,606.7777777777778,749.6666666666667,863.2222222222223,1004.1111111111111,1167.6666666666667,1093.377375,1004.0351714285713,867.3716333333332,735.3576,601.0911,468.4453333333334,368.65319999999997,245.57079999999996,142.40296610169491,172.2065843621399,209.77373188405795,262.51572008113595,296.03475131419333,338.045042620009,334.6845046082949,329.7369524169184,320.7737030411449,256.77777777777777,221.22222222222223,190,174.77777777777777,173.70526783729719,177.77777777777777,220,263.33333333333337,276.22222222222223,277.11111111111114,269.33333333333337,389.8888888888889,337.33575,301.6134285714285,254.39516666666663,211.04988000000003,169.8585,156.47039999999998,165.18599999999998,198.5328
Threads Created,0,0,0,0,0.22222222222222224,0.22222222222222224,0.22222222222222224,0.22222222222222224,0.33333333333333337,0.4444444444444445,0.4444444444444445,0.4311,0.4355428571428571,0.2207333333333333,0.22488000000000002,0.2311,0.24146666666666666,0.1311,0,3.4021186440677966,9.018724279835391,13.33059329710145,17.653777890466536,22.860319450060658,25.72884701659937,25.03545506912442,24.516194612286004,23.367620751341683,21.666666666666668,17.333333333333336,13.11111111111111,10.333333333333334,6.779284285396754,5.777777777777778,8.222222222222223,10.666666666666668,11.666666666666668,11.666666666666668,11.666666666666668,11.666666666666668,9.69975,8.057542857142856,5.849433333333333,3.48564,1.03995,0,0,0
Created Tmp Disk Tables,8.88888888888889,9,9.222222222222223,8.88888888888889,9.11111111111111,9,9,9.11111111111111,9,9.11111111111111,9.11111111111111,7.7598,7.077571428571427,5.9597999999999995,5.059800000000001,4.3909,3.3805333333333336,2.3598,1.6219999999999999,2.1870762711864407,3.2331275720164605,4.101721014492754,4.986181541582151,5.874718964820057,6.647644683714669,7.786146313364055,8.445770392749244,9.279964221824688,9.11111111111111,8.88888888888889,9.11111111111111,8.88888888888889,8.890864636585908,9,8.88888888888889,9.222222222222223,9,9.11111111111111,9.11111111111111,9,7.975350000000001,7.077571428571427,6.180533333333333,5.17224,4.1598,3.2598,2.3598,1.6219999999999999
Created Tmp Files,0,0,0,0,0,0,0,0,0,0,0,0,0,0,0,0,0,0,0,0,0,0,0,0,0,0,0,0,0,0,0,0,0,0,0,0,0,0,0,0,0,0,0,0,0,0,0,0
Select Full Join,0,0,0,0,0,0,0,0,0,0,0,0,0,0,0,0,0,0,0,0,0,0,0,0,0,0,0,0,0,0,0,0,0,0,0,0,0,0,0,0,0,0,0,0,0,0,0,0
Select Full Range Join,0,0,0,0,0,0,0,0,0,0,0,0,0,0,0,0,0,0,0,0,0,0,0,0,0,0,0,0,0,0,0,0,0,0,0,0,0,0,0,0,0,0,0,0,0,0,0,0
Select Range,0,0,0,1.8888888888888888,5.222222222222222,7.555555555555555,10.555555555555555,14.11111111111111,16.555555555555557,19,23.88888888888889,23.171625,21.559371428571428,18.5416,16.52868,13.866,10.624533333333334,8.6526,7.136799999999999,0.9720338983050848,1.0209876543209877,1.0254302536231885,1.3476166328600407,1.4048241002830573,1.4772543741588156,1.437442396313364,1.4076283987915408,1.341681574239714,0.888888888888889,0.6666666666666667,0.5555555555555556,0.33333333333333337,0.33340742387197153,0.4444444444444445,0.5555555555555556,0.7777777777777779,0.888888888888889,0.888888888888889,0.888888888888889,6,5.7120750000000005,5.662057142857142,5.518333333333333,5.5095600000000005,5.4308499999999995,5.553733333333334,6.0306,7.4612
Select Range Check,0,0,0,0,0,0,0,0,0,0,0,0,0,0,0,0,0,0,0,0,0,0,0,0,0,0,0,0,0,0,0,0,0,0,0,0,0,0,0,0,0,0,0,0,0,0,0,0
Select Scan,29,28.444444444444446,29.888888888888893,28.77777777777778,28.666666666666668,29.444444444444446,29.111111111111114,29.666666666666668,29.444444444444446,29.77777777777778,30.22222222222222,25.327125000000002,23.737085714285712,20.307466666666663,16.416240000000002,15.0215,11.711133333333333,8.1282,6.001399999999999,8.019279661016949,10.890534979423867,14.649003623188406,18.058062880324545,19.28440355843106,23.143651861821446,26.952044930875577,27.683358509566972,31.08228980322004,29.77777777777778,29.111111111111114,28.555555555555554,27.666666666666668,28.784174260946877,28.22222222222222,28,29.666666666666668,29,29.444444444444446,29.77777777777778,29.888888888888893,26.189325000000004,23.519314285714284,20.307466666666663,16.75356,14.21265,10.5038,7.866,5.1903999999999995
Sort Rows,77,85.55555555555556,85.55555555555556,77,77,77,77,85.55555555555556,77,85.55555555555556,77,66.3894,67.07359999999998,50.989399999999996,43.2894,44.48675,27.889400000000002,20.1894,12.4894,18.71165254237288,26.20534979423868,33.83919836956522,41.50659229208925,49.168843509907006,56.87429340511441,73.78870967741935,72.25825780463244,86.0912343470483,85.55555555555556,77,85.55555555555556,77,77.01711491442543,77,77,85.55555555555556,77,77,85.55555555555556,77,74.688075,67.07359999999998,59.48763333333333,43.2894,35.5894,27.889400000000002,20.1894,12.4894
Sort Range,0,0,0,0,0,0,0,0,0,0,0,0,0,0,0,0,0,0,0,0,0,0,0,0,0,0,0,0,0,0,0,0,0,0,0,0,0,0,0,0,0,0,0,0,0,0,0,0
Sort Merge Passes,0,0,0,0,0,0,0,0,0,0,0,0,0,0,0,0,0,0,0,0,0,0,0,0,0,0,0,0,0,0,0,0,0,0,0,0,0,0,0,0,0,0,0,0,0,0,0,0
opened_tables,0,0,0,0,0.11111111111111112,0.11111111111111112,0.11111111111111112,0.11111111111111112,0.11111111111111112,0.11111111111111112,0.11111111111111112,0.107775,0.10888571428571428,0,0,0,0,0,0,0,0,0,0,0,0,0,0,0,0,0,0,0,0.2222716159146477,0.33333333333333337,0.33333333333333337,0.4444444444444445,0.4444444444444445,0.4444444444444445,0.4444444444444445,4.777777777777778,4.634325,4.464314285714286,4.414666666666666,4.4976,4.506449999999999,4.7086,5.1129,6.325799999999999
table_open_cache_hits,285.8888888888889,284.6666666666667,355.22222222222223,547.8888888888889,832.3333333333334,1108.3333333333335,1392.111111111111,1670.8888888888891,1892.8888888888891,2167.3333333333335,2486.1111111111113,2313.2826,2117.609371428571,1830.7622666666666,1553.2461600000001,1270.47225,990.7377333333334,773.8833,513.3629999999999,322.2292372881356,404.8216049382716,499.091553442029,625.1593559837729,714.2891993530127,819.3837595334231,834.3155241935483,846.4538771399799,842.128801431127,720.2222222222223,649.1111111111111,583.5555555555555,547.8888888888889,537.8973105134475,538.1111111111111,614.2222222222223,695.8888888888889,721.7777777777778,722.7777777777778,708.3333333333334,976.2222222222223,848.728125,763.5066285714286,656.2402,556.80288,458.2713,412.54580000000004,410.60519999999997,462.10779999999994
table_open_cache_misses,0,0,0,0,0.11111111111111112,0.11111111111111112,0.11111111111111112,0.11111111111111112,0.11111111111111112,0.11111111111111112,0.11111111111111112,0.107775,0.10888571428571428,0,0,0,0,0,0,0,0,0,0,0,0,0,0,0,0,0,0,0,0.2222716159146477,0.33333333333333337,0.33333333333333337,0.4444444444444445,0.4444444444444445,0.4444444444444445,0.4444444444444445,4.777777777777778,4.634325,4.464314285714286,4.414666666666666,4.4976,4.506449999999999,4.7086,5.1129,6.325799999999999
table_open_cache_overflows,0,0,0,0,0,0,0,0,0,0,0,0,0,0,0,0,0,0,0,0,0,0,0,0,0,0,0,0,0,0,0,0,0,0,0,0,0,0,0,0.7777777777777779,0.754425,0.7621999999999999,0.7725666666666666,0.7870800000000001,0.80885,0.8451333333333334,0.9177,1.1354
Sort Scan,1,1.1111111111111112,1.1111111111111112,1,1,1,1,1.1111111111111112,1,1.1111111111111112,1,0.8622,0.8710857142857142,0.6622,0.5622,0.57775,0.36219999999999997,0.2622,0.16219999999999998,0.2430084745762712,0.34032921810699585,0.4394701086956522,0.5390466531440163,0.6385564092195715,0.7386271870794078,0.9582949308755759,0.9384189325276939,1.118067978533095,1.1111111111111112,1,1.1111111111111112,1,1.0002222716159146,1,1,1.1111111111111112,1,1,1.1111111111111112,1,0.969975,0.8710857142857142,0.7725666666666666,0.5622,0.4622,0.36219999999999997,0.2622,0.16219999999999998
Slow Queries,5,4.888888888888889,6.333333333333334,8.333333333333334,10.777777777777779,12.333333333333334,13.88888888888889,16.22222222222222,18.555555555555557,20.333333333333336,23.22222222222222,20.800575000000002,18.61945714285714,15.451333333333332,13.60524,12.13275,9.658666666666667,6.686099999999999,5.1903999999999995,3.888135593220339,3.7436213991769542,4.101721014492754,4.851419878296147,6.002430246663971,8.371108120233288,9.463162442396314,9.384189325276939,10.062611806797854,8.88888888888889,9,9.444444444444445,9.222222222222223,8.890864636585908,7.888888888888888,7.666666666666667,8.777777777777779,9,9.11111111111111,9,32.44444444444444,30.823649999999997,30.270228571428568,29.357533333333333,28.89708,28.4253,28.251600000000003,29.7597,35.846199999999996
Aborted Connects (attempts),0,0,0,0,0,0,0,0,0,0,0,0,0,0,0,0,0,0,0,0,0,0,0,0,0,0,0,0,0,0,0,0,0,0,0,0,0,0,0,0,0,0,0,0,0,0,0,0
Aborted Clients (timeout),0,0,0,0,0,0,0,0,0,0,0,0,0,0,0,0,0,0,0,0,0,0,0,0,0,0,0,0,0,0,0,0,0,0,0,0,0,0,0,0,0,0,0,0,0,0,0,0
Table Locks Immediate,58.88888888888889,57.66666666666667,97.44444444444444,201.11111111111114,351,496.44444444444446,646,792.7777777777778,911.2222222222223,1055.2222222222222,1220.5555555555557,1140.04395,1044.214,901.4749333333333,764.14224,625.3566,487.40046666666666,379.4034,252.3832,159.65656779661018,195.17880658436212,238.33928894927536,298.362322515213,337.9240517589972,386.9175414984298,385.9532834101382,380.8807842396778,372.87567084078717,303.11111111111114,263.77777777777777,228.77777777777777,210,207.26828184040897,209.44444444444443,252.8888888888889,301.8888888888889,316.44444444444446,317.33333333333337,308.44444444444446,423.33333333333337,365.57280000000003,325.0238571428571,272.3849333333333,224.65512000000004,177.02259999999998,158.52286666666666,164.5305,194.47779999999997
Table Locks Waited,0,0,0.5555555555555556,2.111111111111111,5.555555555555555,9.11111111111111,11.444444444444445,15.333333333333334,17.11111111111111,20.666666666666668,26.333333333333336,25.003800000000002,23.737085714285712,20.638566666666666,17.4282,15.483699999999999,11.9526,10.8813,8.2722,1.215042372881356,1.3613168724279834,1.6113903985507245,1.7519016227180528,2.298803073190457,3.3238223418573347,3.234245391705069,3.167163897280967,3.018783542039356,2.4444444444444446,2.111111111111111,2.3333333333333335,3.7777777777777777,3.556345854634363,4.333333333333334,6.777777777777779,7.555555555555555,7.777777777777779,7.777777777777779,7.777777777777779,36.55555555555556,33.84135,33.86345714285714,32.558166666666665,30.69612,30.7363,31.8736,34.6104,42.8208
bytes_received_rate,12242.333333333334,12155.777777777777,17265.88888888889,29650.333333333336,47414.444444444445,65209.66666666667,82999.88888888889,100760.33333333334,114634.8888888889,132181.33333333334,152157.55555555556,141421.27724999998,129462.50102857142,112062.89196666665,94572.49692,77792.76645,60437.89933333334,47250.537599999996,31443.118799999997,16361.274576271186,20239.038271604935,24743.339039855073,30476.08062880325,33930.33336029115,38752.44468371467,39671.493548387094,39427.554147784496,39745.52772808587,33055.222222222226,29154.555555555555,25559.777777777777,23522,23099.68881973772,22811.555555555555,25922.666666666668,30204.111111111113,31211.222222222226,31555.333333333336,30883.666666666668,49150.77777777778,43482.578174999995,40045.11691428571,35450.43553333333,31125.0786,26963.24585,24740.4332,25234.128,29523.8062
bytes_sent_rate,181046.8888888889,176905.22222222222,186612.11111111112,206792.6666666667,226734.7777777778,262776.6666666667,285934.6666666667,323451.8888888889,343989.6666666667,379339.8888888889,403415.6666666667,365305.62577499996,331501.0327428571,289185.83026666666,237375.00744000002,207396.65075,162364.23913333335,114894.33569999998,76106.9974,97176.65889830509,135494.93127572016,175138.94612771738,216812.78435598378,225768.25946623538,298448.8394795873,332179.16229838703,328950.5573514602,375535.2191413238,357472.7777777778,353006.3333333334,327730.22222222225,321430.7777777778,345923.98310735717,333703.6666666667,346225.44444444444,377483.7777777778,371664.3333333334,375514.7777777778,354681.6666666667,386517.44444444444,336480.0165,298714.01977142855,242377.56106666668,195047.86896000002,164329.2014,111078.53013333333,82202.322,74344.0456
qcache_hits,0,0,0,0,0,0,0,0,0,0,0,0,0,0,0,0,0,0,0,0,0,0,0,0,0,0,0,0,0,0,0,0,0,0,0,0,0,0,0,0,0,0,0,0,0,0,0,0
qcache_inserts,0,0,0,0,0,0,0,0,0,0,0,0,0,0,0,0,0,0,0,0,0,0,0,0,0,0,0,0,0,0,0,0,0,0,0,0,0,0,0,0,0,0,0,0,0,0,0,0
qcache_not_cached,26.77777777777778,26.333333333333336,43,84.66666666666667,150.66666666666669,215.11111111111114,279.44444444444446,342.11111111111114,391.6666666666667,455.44444444444446,527.7777777777778,493.39394999999996,454.70674285714284,391.9120333333333,330.79848000000004,270.96475,211.887,167.15249999999997,110.62039999999999,79.46377118644068,108.73518518518517,139.31202445652175,182.3325304259635,207.27541043267289,239.56141767608793,237.5373559907834,233.78361656596175,227.41502683363152,191.88888888888889,164.33333333333334,136.44444444444446,119.44444444444446,114.58101800400088,112.55555555555557,139,168.33333333333334,177.22222222222223,177.88888888888889,173.55555555555557,221.66666666666669,188.17515,165.5062857142857,134.0955,105.69360000000002,76.9563,65.79966666666667,68.0409,80.12679999999999
qcache_lowmem_prunes,0,0,0,0,0,0,0,0,0,0,0,0,0,0,0,0,0,0,0,0,0,0,0,0,0,0,0,0,0,0,0,0,0,0,0,0,0,0,0,0,0,0,0,0,0,0,0,0
com admin_commands,1,1,1,1,1,1,1,1,1,1,1,0.8622,0.7621999999999999,0.6622,0.5622,0.4622,0.36219999999999997,0.2622,0.16219999999999998,0.2430084745762712,0.34032921810699585,0.4394701086956522,0.5390466531440163,0.6385564092195715,0.7386271870794078,0.838508064516129,0.9384189325276939,1.0062611806797854,1,1,1,1,1.0002222716159146,1,1,1,1,1,1,1,0.8622,0.7621999999999999,0.6622,0.5622,0.4622,0.36219999999999997,0.2622,0.16219999999999998
com alter_db,0,0,0,0,0,0,0,0,0,0,0,0,0,0,0,0,0,0,0,0,0,0,0,0,0,0,0,0,0,0,0,0,0,0,0,0,0,0,0,0,0,0,0,0,0,0,0,0
com alter_db_upgrade,0,0,0,0,0,0,0,0,0,0,0,0,0,0,0,0,0,0,0,0,0,0,0,0,0,0,0,0,0,0,0,0,0,0,0,0,0,0,0,0,0,0,0,0,0,0,0,0
com alter_event,0,0,0,0,0,0,0,0,0,0,0,0,0,0,0,0,0,0,0,0,0,0,0,0,0,0,0,0,0,0,0,0,0,0,0,0,0,0,0,0,0,0,0,0,0,0,0,0
com alter_function,0,0,0,0,0,0,0,0,0,0,0,0,0,0,0,0,0,0,0,0,0,0,0,0,0,0,0,0,0,0,0,0,0,0,0,0,0,0,0,0,0,0,0,0,0,0,0,0
com alter_instance,0,0,0,0,0,0,0,0,0,0,0,0,0,0,0,0,0,0,0,0,0,0,0,0,0,0,0,0,0,0,0,0,0,0,0,0,0,0,0,0,0,0,0,0,0,0,0,0
com alter_procedure,0,0,0,0,0,0,0,0,0,0,0,0,0,0,0,0,0,0,0,0,0,0,0,0,0,0,0,0,0,0,0,0,0,0,0,0,0,0,0,0,0,0,0,0,0,0,0,0
com alter_server,0,0,0,0,0,0,0,0,0,0,0,0,0,0,0,0,0,0,0,0,0,0,0,0,0,0,0,0,0,0,0,0,0,0,0,0,0,0,0,0,0,0,0,0,0,0,0,0
com alter_table,0,0,0,0,0,0,0,0,0,0,0,0,0,0,0,0,0,0,0,0,0,0,0,0,0,0,0,0,0,0,0,0,0,0,0,0,0,0,0,0,0,0,0,0,0,0,0,0
com alter_tablespace,0,0,0,0,0,0,0,0,0,0,0,0,0,0,0,0,0,0,0,0,0,0,0,0,0,0,0,0,0,0,0,0,0,0,0,0,0,0,0,0,0,0,0,0,0,0,0,0
com alter_user,0,0,0,0,0,0,0,0,0,0,0,0,0,0,0,0,0,0,0,0,0,0,0,0,0,0,0,0,0,0,0,0,0,0,0,0,0,0,0,0,0,0,0,0,0,0,0,0
com analyze,0,0,0,0,0,0,0,0,0,0,0,0,0,0,0,0,0,0,0,0,0,0,0,0,0,0,0,0,0,0,0,0,0,0,0,0,0,0,0,0,0,0,0,0,0,0,0,0
com assign_to_keycache,0,0,0,0,0,0,0,0,0,0,0,0,0,0,0,0,0,0,0,0,0,0,0,0,0,0,0,0,0,0,0,0,0,0,0,0,0,0,0,0,0,0,0,0,0,0,0,0
com begin,0,0,0,0,0,0,0,0,0,0,0,0,0,0,0,0,0,0,0,0,0,0,0,0,0,0,0,0,0,0,0,0,0,0,0,0,0,0,0,0,0,0,0,0,0,0,0,0
com binlog,0,0,0,0,0,0,0,0,0,0,0,0,0,0,0,0,0,0,0,0,0,0,0,0,0,0,0,0,0,0,0,0,0,0,0,0,0,0,0,0,0,0,0,0,0,0,0,0
com call_procedure,0,0,0,0,0,0,0,0,0,0,0,0,0,0,0,0,0,0,0,0,0,0,0,0,0,0,0,0,0,0,0,0,0,0,0,0,0,0,0,0,0,0,0,0,0,0,0,0
com change_db,0,0,0,0,0,0,0,0,0,0,0,0,0,0,0,0,0,0,0,0,0,0,0,0,0,0,0,0,0,0,0,0,0,0,0,0,0,0,0,0,0,0,0,0,0,0,0,0
com change_master,0,0,0,0,0,0,0,0,0,0,0,0,0,0,0,0,0,0,0,0,0,0,0,0,0,0,0,0,0,0,0,0,0,0,0,0,0,0,0,0,0,0,0,0,0,0,0,0
com change_repl_filter,0,0,0,0,0,0,0,0,0,0,0,0,0,0,0,0,0,0,0,0,0,0,0,0,0,0,0,0,0,0,0,0,0,0,0,0,0,0,0,0,0,0,0,0,0,0,0,0
com check,0,0,0,0,0,0,0,0,0,0,0,0,0,0,0,0,0,0,0,0,0,0,0,0,0,0,0,0,0,0,0,0,0,0,0,0,0,0,0,0,0,0,0,0,0,0,0,0
com checksum,0,0,0,0,0,0,0,0,0,0,0,0,0,0,0,0,0,0,0,0,0,0,0,0,0,0,0,0,0,0,0,0,0,0,0,0,0,0,0,0,0,0,0,0,0,0,0,0
com commit,0,0,1.4444444444444444,5.777777777777778,10.333333333333334,15.11111111111111,19.88888888888889,24.444444444444446,28.444444444444446,32.88888888888889,38.111111111111114,35.565749999999994,31.685742857142856,27.59166666666666,23.275080000000003,18.950200000000002,14.850200000000001,11.4057,7.623399999999999,5.589194915254238,4.254115226337449,4.101721014492754,4.716658215010143,4.469894864537,5.047285778375953,4.911261520737327,4.8093970292044315,4.584078711985689,2,1.8888888888888888,1.5555555555555558,1.1111111111111112,1.2224938875305624,1,1.3333333333333335,1.8888888888888888,2.3333333333333335,2.3333333333333335,2.2222222222222223,4.222222222222222,3.772125,3.7021142857142855,3.311,3.03588,2.5421,2.1732,2.3598,2.9196
com create_compression_dictionary,0,0,0,0,0,0,0,0,0,0,0,0,0,0,0,0,0,0,0,0,0,0,0,0,0,0,0,0,0,0,0,0,0,0,0,0,0,0,0,0,0,0,0,0,0,0,0,0
com create_db,0,0,0,0,0,0,0,0,0,0,0,0,0,0,0,0,0,0,0,0,0,0,0,0,0,0,0,0,0,0,0,0,0,0,0,0,0,0,0,0,0,0,0,0,0,0,0,0
com create_event,0,0,0,0,0,0,0,0,0,0,0,0,0,0,0,0,0,0,0,0,0,0,0,0,0,0,0,0,0,0,0,0,0,0,0,0,0,0,0,0,0,0,0,0,0,0,0,0
com create_function,0,0,0,0,0,0,0,0,0,0,0,0,0,0,0,0,0,0,0,0,0,0,0,0,0,0,0,0,0,0,0,0,0,0,0,0,0,0,0,0,0,0,0,0,0,0,0,0
com create_index,0,0,0,0,0,0,0,0,0,0,0,0,0,0,0,0,0,0,0,0,0,0,0,0,0,0,0,0,0,0,0,0,0,0,0,0,0,0,0,0,0,0,0,0,0,0,0,0
com create_procedure,0,0,0,0,0,0,0,0,0,0,0,0,0,0,0,0,0,0,0,0,0,0,0,0,0,0,0,0,0,0,0,0,0,0,0,0,0,0,0,0,0,0,0,0,0,0,0,0
com create_server,0,0,0,0,0,0,0,0,0,0,0,0,0,0,0,0,0,0,0,0,0,0,0,0,0,0,0,0,0,0,0,0,0,0,0,0,0,0,0,0,0,0,0,0,0,0,0,0
com create_table,0,0,0,0,0,0,0,0,0,0,0,0,0,0,0,0,0,0,0,0,0,0,0,0,0,0,0,0,0,0,0,0,0,0,0,0,0,0,0,0,0,0,0,0,0,0,0,0
com create_trigger,0,0,0,0,0,0,0,0,0,0,0,0,0,0,0,0,0,0,0,0,0,0,0,0,0,0,0,0,0,0,0,0,0,0,0,0,0,0,0,0,0,0,0,0,0,0,0,0
com create_udf,0,0,0,0,0,0,0,0,0,0,0,0,0,0,0,0,0,0,0,0,0,0,0,0,0,0,0,0,0,0,0,0,0,0,0,0,0,0,0,0,0,0,0,0,0,0,0,0
com create_user,0,0,0,0,0,0,0,0,0,0,0,0,0,0,0,0,0,0,0,0,0,0,0,0,0,0,0,0,0,0,0,0,0,0,0,0,0,0,0,0,0,0,0,0,0,0,0,0
com create_view,0,0,0,0,0,0,0,0,0,0,0,0,0,0,0,0,0,0,0,0,0,0,0,0,0,0,0,0,0,0,0,0,0,0,0,0,0,0,0,0,0,0,0,0,0,0,0,0
com dealloc_sql,0,0,0,0,0,0,0,0,0,0,0,0,0,0,0,0,0,0,0,0,0,0,0,0,0,0,0,0,0,0,0,0,0,0,0,0,0,0,0,0,0,0,0,0,0,0,0,0
com delete,0,0,0,1.2222222222222223,4.444444444444445,6.444444444444445,8.777777777777779,12.11111111111111,14.444444444444446,16.666666666666668,21.11111111111111,20.47725,19.490542857142856,16.555,14.842080000000001,12.82605,9.779399999999999,7.866,6.4879999999999995,0.4860169491525424,0.34032921810699585,0.2929800724637681,0.26952332657200817,0.25542256368782856,0.2462090623598026,0.23957373271889398,0.23460473313192348,0.22361359570661898,0,0,0,0,0,0,0,0,0,0,0,4.888888888888889,4.7421,4.790971428571428,4.856133333333333,4.947360000000001,5.0842,5.312266666666667,5.7684,7.136799999999999
com delete_multi,0,0,0,0,0,0,0,0,0,0,0,0,0,0,0,0,0,0,0,0,0,0,0,0,0,0,0,0,0,0,0,0,0,0,0,0,0,0,0,0,0,0,0,0,0,0,0,0
com do,0,0,0,0,0,0,0,0,0,0,0,0,0,0,0,0,0,0,0,0,0,0,0,0,0,0,0,0,0,0,0,0,0,0,0,0,0,0,0,0,0,0,0,0,0,0,0,0
com drop_compression_dictionary,0,0,0,0,0,0,0,0,0,0,0,0,0,0,0,0,0,0,0,0,0,0,0,0,0,0,0,0,0,0,0,0,0,0,0,0,0,0,0,0,0,0,0,0,0,0,0,0
com drop_db,0,0,0,0,0,0,0,0,0,0,0,0,0,0,0,0,0,0,0,0,0,0,0,0,0,0,0,0,0,0,0,0,0,0,0,0,0,0,0,0,0,0,0,0,0,0,0,0
com drop_event,0,0,0,0,0,0,0,0,0,0,0,0,0,0,0,0,0,0,0,0,0,0,0,0,0,0,0,0,0,0,0,0,0,0,0,0,0,0,0,0,0,0,0,0,0,0,0,0
com drop_function,0,0,0,0,0,0,0,0,0,0,0,0,0,0,0,0,0,0,0,0,0,0,0,0,0,0,0,0,0,0,0,0,0,0,0,0,0,0,0,0,0,0,0,0,0,0,0,0
com drop_index,0,0,0,0,0,0,0,0,0,0,0,0,0,0,0,0,0,0,0,0,0,0,0,0,0,0,0,0,0,0,0,0,0,0,0,0,0,0,0,0,0,0,0,0,0,0,0,0
com drop_procedure,0,0,0,0,0,0,0,0,0,0,0,0,0,0,0,0,0,0,0,0,0,0,0,0,0,0,0,0,0,0,0,0,0,0,0,0,0,0,0,0,0,0,0,0,0,0,0,0
com drop_server,0,0,0,0,0,0,0,0,0,0,0,0,0,0,0,0,0,0,0,0,0,0,0,0,0,0,0,0,0,0,0,0,0,0,0,0,0,0,0,0,0,0,0,0,0,0,0,0
com drop_table,0,0,0,0,0,0,0,0,0,0,0,0,0,0,0,0,0,0,0,0,0,0,0,0,0,0,0,0,0,0,0,0,0,0,0,0,0,0,0,0,0,0,0,0,0,0,0,0
com drop_trigger,0,0,0,0,0,0,0,0,0,0,0,0,0,0,0,0,0,0,0,0,0,0,0,0,0,0,0,0,0,0,0,0,0,0,0,0,0,0,0,0,0,0,0,0,0,0,0,0
com drop_user,0,0,0,0,0,0,0,0,0,0,0,0,0,0,0,0,0,0,0,0,0,0,0,0,0,0,0,0,0,0,0,0,0,0,0,0,0,0,0,0,0,0,0,0,0,0,0,0
com drop_view,0,0,0,0,0,0,0,0,0,0,0,0,0,0,0,0,0,0,0,0,0,0,0,0,0,0,0,0,0,0,0,0,0,0,0,0,0,0,0,0,0,0,0,0,0,0,0,0
com empty_query,0,0,0,0,0,0,0,0,0,0,0,0,0,0,0,0,0,0,0,0,0,0,0,0,0,0,0,0,0,0,0,0,0,0,0,0,0,0,0,0,0,0,0,0,0,0,0,0
com execute_sql,0,0,0,0,0,0,0,0,0,0,0,0,0,0,0,0,0,0,0,0,0,0,0,0,0,0,0,0,0,0,0,0,0,0,0,0,0,0,0,0,0,0,0,0,0,0,0,0
com explain_other,0,0,0,0,0,0,0,0,0,0,0,0,0,0,0,0,0,0,0,0,0,0,0,0,0,0,0,0,0,0,0,0,0,0,0,0,0,0,0,0,0,0,0,0,0,0,0,0
com flush,0,0,0,0,0,0,0,0,0,0,0,0,0,0,0,0,0,0,0,0,0,0,0,0,0,0,0,0,0,0,0,0,0,0,0,0,0,0,0,0,0,0,0,0,0,0,0,0
com get_diagnostics,0,0,0,0,0,0,0,0,0,0,0,0,0,0,0,0,0,0,0,0,0,0,0,0,0,0,0,0,0,0,0,0,0,0,0,0,0,0,0,0,0,0,0,0,0,0,0,0
com grant,0,0,0,0,0,0,0,0,0,0,0,0,0,0,0,0,0,0,0,0,0,0,0,0,0,0,0,0,0,0,0,0,0,0,0,0,0,0,0,0,0,0,0,0,0,0,0,0
com group_replication_start,0,0,0,0,0,0,0,0,0,0,0,0,0,0,0,0,0,0,0,0,0,0,0,0,0,0,0,0,0,0,0,0,0,0,0,0,0,0,0,0,0,0,0,0,0,0,0,0
com group_replication_stop,0,0,0,0,0,0,0,0,0,0,0,0,0,0,0,0,0,0,0,0,0,0,0,0,0,0,0,0,0,0,0,0,0,0,0,0,0,0,0,0,0,0,0,0,0,0,0,0
com ha_close,0,0,0,0,0,0,0,0,0,0,0,0,0,0,0,0,0,0,0,0,0,0,0,0,0,0,0,0,0,0,0,0,0,0,0,0,0,0,0,0,0,0,0,0,0,0,0,0
com ha_open,0,0,0,0,0,0,0,0,0,0,0,0,0,0,0,0,0,0,0,0,0,0,0,0,0,0,0,0,0,0,0,0,0,0,0,0,0,0,0,0,0,0,0,0,0,0,0,0
com ha_read,0,0,0,0,0,0,0,0,0,0,0,0,0,0,0,0,0,0,0,0,0,0,0,0,0,0,0,0,0,0,0,0,0,0,0,0,0,0,0,0,0,0,0,0,0,0,0,0
com help,0,0,0,0,0,0,0,0,0,0,0,0,0,0,0,0,0,0,0,0,0,0,0,0,0,0,0,0,0,0,0,0,0,0,0,0,0,0,0,0,0,0,0,0,0,0,0,0
com insert,0,0,7,24.666666666666668,50.55555555555556,76.55555555555556,104.33333333333334,129.66666666666669,150.11111111111111,176.44444444444446,204.22222222222223,191.300625,175.95931428571427,152.63709999999998,129.19356,103.87944999999999,81.01206666666667,63.8457,40.55,13.851483050847458,12.762345679012345,12.158673007246376,12.263311359026371,11.87714921148403,11.694930462090623,11.379752304147464,11.143724823766366,10.621645796064403,4.222222222222222,2.2222222222222223,1.3333333333333335,0.4444444444444445,0.4445432318292954,0.22222222222222224,0.22222222222222224,0.22222222222222224,0.22222222222222224,0.22222222222222224,0.22222222222222224,33.333333333333336,32.332499999999996,32.44794285714285,32.889266666666664,33.50712,34.4339,35.97853333333334,39.0678,48.3356
com insert_select,0,0,0,0,0,0,0,0,0,0,0,0,0,0,0,0,0,0,0,0,0,0,0,0,0,0,0,0,0,0,0,0,0,0,0,0,0,0,0,0,0,0,0,0,0,0,0,0
com install_plugin,0,0,0,0,0,0,0,0,0,0,0,0,0,0,0,0,0,0,0,0,0,0,0,0,0,0,0,0,0,0,0,0,0,0,0,0,0,0,0,0,0,0,0,0,0,0,0,0
com kill,0,0,0,0,0,0,0,0,0,0,0,0,0,0,0,0,0,0,0,0,0,0,0,0,0,0,0,0,0,0,0,0,0,0,0,0,0,0,0,0,0,0,0,0,0,0,0,0
com load,0,0,0,0,0,0,0,0,0,0,0,0,0,0,0,0,0,0,0,0,0,0,0,0,0,0,0,0,0,0,0,0,0,0,0,0,0,0,0,0,0,0,0,0,0,0,0,0
com lock_binlog_for_backup,0,0,0,0,0,0,0,0,0,0,0,0,0,0,0,0,0,0,0,0,0,0,0,0,0,0,0,0,0,0,0,0,0,0,0,0,0,0,0,0,0,0,0,0,0,0,0,0
com lock_tables,0,0,0,0,0,0,0,0,0,0,0,0,0,0,0,0,0,0,0,0,0,0,0,0,0,0,0,0,0,0,0,0,0,0,0,0,0,0,0,0,0,0,0,0,0,0,0,0
com lock_tables_for_backup,0,0,0,0,0,0,0,0,0,0,0,0,0,0,0,0,0,0,0,0,0,0,0,0,0,0,0,0,0,0,0,0,0,0,0,0,0,0,0,0,0,0,0,0,0,0,0,0
com optimize,0,0,0,0,0,0,0,0,0,0,0,0,0,0,0,0,0,0,0,0,0,0,0,0,0,0,0,0,0,0,0,0,0,0,0,0,0,0,0,0,0,0,0,0,0,0,0,0
com preload_keys,0,0,0,0,0,0,0,0,0,0,0,0,0,0,0,0,0,0,0,0,0,0,0,0,0,0,0,0,0,0,0,0,0,0,0,0,0,0,0,0,0,0,0,0,0,0,0,0
com prepare_sql,0,0,0,0,0,0,0,0,0,0,0,0,0,0,0,0,0,0,0,0,0,0,0,0,0,0,0,0,0,0,0,0,0,0,0,0,0,0,0,0,0,0,0,0,0,0,0,0
com purge,0,0,0,0,0,0,0,0,0,0,0,0,0,0,0,0,0,0,0,0,0,0,0,0,0,0,0,0,0,0,0,0,0,0,0,0,0,0,0,0,0,0,0,0,0,0,0,0
com purge_before_date,0,0,0,0,0,0,0,0,0,0,0,0,0,0,0,0,0,0,0,0,0,0,0,0,0,0,0,0,0,0,0,0,0,0,0,0,0,0,0,0,0,0,0,0,0,0,0,0
com release_savepoint,0,0,0,0,0,0,0,0,0,0,0,0,0,0,0,0,0,0,0,0,0,0,0,0,0,0,0,0,0,0,0,0,0,0,0,0,0,0,0,0,0,0,0,0,0,0,0,0
com rename_table,0,0,0,0,0,0,0,0,0,0,0,0,0,0,0,0,0,0,0,0,0,0,0,0,0,0,0,0,0,0,0,0,0,0,0,0,0,0,0,0,0,0,0,0,0,0,0,0
com rename_user,0,0,0,0,0,0,0,0,0,0,0,0,0,0,0,0,0,0,0,0,0,0,0,0,0,0,0,0,0,0,0,0,0,0,0,0,0,0,0,0,0,0,0,0,0,0,0,0
com repair,0,0,0,0,0,0,0,0,0,0,0,0,0,0,0,0,0,0,0,0,0,0,0,0,0,0,0,0,0,0,0,0,0,0,0,0,0,0,0,0,0,0,0,0,0,0,0,0
com replace,0,0,0,0,0,0,0,0,0,0,0,0,0,0,0,0,0,0,0,0,0,0,0,0,0,0,0,0,0,0,0,0,0,0,0,0,0,0,0,0,0,0,0,0,0,0,0,0
com replace_select,0,0,0,0,0,0,0,0,0,0,0,0,0,0,0,0,0,0,0,0,0,0,0,0,0,0,0,0,0,0,0,0,0,0,0,0,0,0,0,0,0,0,0,0,0,0,0,0
com reset,0,0,0,0,0,0,0,0,0,0,0,0,0,0,0,0,0,0,0,0,0,0,0,0,0,0,0,0,0,0,0,0,0,0,0,0,0,0,0,0,0,0,0,0,0,0,0,0
com resignal,0,0,0,0,0,0,0,0,0,0,0,0,0,0,0,0,0,0,0,0,0,0,0,0,0,0,0,0,0,0,0,0,0,0,0,0,0,0,0,0,0,0,0,0,0,0,0,0
com revoke,0,0,0,0,0,0,0,0,0,0,0,0,0,0,0,0,0,0,0,0,0,0,0,0,0,0,0,0,0,0,0,0,0,0,0,0,0,0,0,0,0,0,0,0,0,0,0,0
com revoke_all,0,0,0,0,0,0,0,0,0,0,0,0,0,0,0,0,0,0,0,0,0,0,0,0,0,0,0,0,0,0,0,0,0,0,0,0,0,0,0,0,0,0,0,0,0,0,0,0
com rollback,0,0,0,0,0.5555555555555556,0.5555555555555556,0.7777777777777779,0.888888888888889,1,1.1111111111111112,1.1111111111111112,1.07775,1.0888571428571427,0.5518333333333333,0.5622,0.34665,0.24146666666666666,0.1311,0,0.4860169491525424,0.34032921810699585,0.2929800724637681,0.26952332657200817,0.25542256368782856,0.2462090623598026,0.23957373271889398,0.23460473313192348,0.22361359570661898,0,0.7777777777777779,3.7777777777777777,6.777777777777779,10.446765947988442,14.11111111111111,17.88888888888889,20,20.11111111111111,20.11111111111111,19.333333333333336,17.555555555555557,14.118525,10.670799999999998,7.173833333333333,3.48564,1.3866,1.3280666666666667,1.4421,1.7841999999999998
com rollback_to_savepoint,0,0,0,0,0,0,0,0,0,0,0,0,0,0,0,0,0,0,0,0,0,0,0,0,0,0,0,0,0,0,0,0,0,0,0,0,0,0,0,0,0,0,0,0,0,0,0,0
com savepoint,0,0,0,0,0,0,0,0,0,0,0,0,0,0,0,0,0,0,0,0,0,0,0,0,0,0,0,0,0,0,0,0,0,0,0,0,0,0,0,0,0,0,0,0,0,0,0,0
com select,26.77777777777778,26.333333333333336,43,84.66666666666667,150.55555555555557,215.11111111111114,279.44444444444446,342.11111111111114,391.55555555555554,455.44444444444446,527.7777777777778,493.39394999999996,454.70674285714284,392.02239999999995,330.79848000000004,270.96475,211.887,167.2836,110.62039999999999,80.1927966101695,109.41584362139918,140.33745471014493,183.41062373225154,209.31879094217553,241.90040376850607,239.81330645161287,236.012361530715,229.53935599284438,193.66666666666669,166,137.77777777777777,120.88888888888889,115.24783285174483,113.55555555555557,140.33333333333334,169.77777777777777,178.66666666666669,179.33333333333334,175,219.55555555555557,185.91187499999998,163.11079999999998,131.00523333333334,102.20796,73.2587,61.9362,63.8457,74.93639999999999
com set_option,1,1,2.666666666666667,7.333333333333334,12,17.333333333333336,22.11111111111111,27,31.111111111111114,35.77777777777778,40.77777777777778,37.829025,33.53679999999999,29.247166666666665,24.28704,19.874599999999997,15.333133333333333,11.6679,7.4612,10.449364406779662,14.463991769547324,18.604234601449274,23.44852941176471,28.6073271330368,32.13028263795424,31.384158986175112,30.850522406847936,29.516994633273708,24.666666666666668,21,17.11111111111111,15.555555555555557,13.114025338964215,13.333333333333334,17.11111111111111,21.666666666666668,23.444444444444446,23.444444444444446,22.555555555555557,22.555555555555557,18.32175,15.461771428571428,11.367766666666665,7.645920000000001,3.0042999999999997,1.0866,1.0488,1.1354
com show_binlog_events,0,0,0,0,0,0,0,0,0,0,0,0,0,0,0,0,0,0,0,0,0,0,0,0,0,0,0,0,0,0,0,0,0,0,0,0,0,0,0,0,0,0,0,0,0,0,0,0
com show_binlogs,0,0,0,0,0,0,0,0,0,0,0,0,0,0,0,0,0,0,0,0,0,0,0,0,0,0,0,0,0,0,0,0,0,0,0,0,0,0,0,0,0,0,0,0,0,0,0,0
com show_charsets,0,0,0,0,0,0,0,0,0,0,0,0,0,0,0,0,0,0,0,0,0,0,0,0,0,0,0,0,0,0,0,0,0,0,0,0,0,0,0,0,0,0,0,0,0,0,0,0
com show_client_statistics,0,0,0,0,0,0,0,0,0,0,0,0,0,0,0,0,0,0,0,0,0,0,0,0,0,0,0,0,0,0,0,0,0,0,0,0,0,0,0,0,0,0,0,0,0,0,0,0
com show_collations,0,0,0,0,0,0,0,0,0,0,0,0,0,0,0,0,0,0,0,0,0,0,0,0,0,0,0,0,0,0,0,0,0,0,0,0,0,0,0,0,0,0,0,0,0,0,0,0
com show_create_db,0,0,0,0,0,0,0,0,0,0,0,0,0,0,0,0,0,0,0,0,0,0,0,0,0,0,0,0,0,0,0,0,0,0,0,0,0,0,0,0,0,0,0,0,0,0,0,0
com show_create_event,0,0,0,0,0,0,0,0,0,0,0,0,0,0,0,0,0,0,0,0,0,0,0,0,0,0,0,0,0,0,0,0,0,0,0,0,0,0,0,0,0,0,0,0,0,0,0,0
com show_create_func,0,0,0,0,0,0,0,0,0,0,0,0,0,0,0,0,0,0,0,0,0,0,0,0,0,0,0,0,0,0,0,0,0,0,0,0,0,0,0,0,0,0,0,0,0,0,0,0
com show_create_proc,0,0,0,0,0,0,0,0,0,0,0,0,0,0,0,0,0,0,0,0,0,0,0,0,0,0,0,0,0,0,0,0,0,0,0,0,0,0,0,0,0,0,0,0,0,0,0,0
com show_create_table,0,0,0,0,0,0,0,0,0,0,0,0,0,0,0,0,0,0,0,0,0,0,0,0,0,0,0,0,0,0,0,0,0,0,0,0,0,0,0,0,0,0,0,0,0,0,0,0
com show_create_trigger,0,0,0,0,0,0,0,0,0,0,0,0,0,0,0,0,0,0,0,0,0,0,0,0,0,0,0,0,0,0,0,0,0,0,0,0,0,0,0,0,0,0,0,0,0,0,0,0
com show_create_user,0,0,0,0,0,0,0,0,0,0,0,0,0,0,0,0,0,0,0,0,0,0,0,0,0,0,0,0,0,0,0,0,0,0,0,0,0,0,0,0,0,0,0,0,0,0,0,0
com show_databases,0,0,0,0,0,0,0,0,0,0,0,0,0,0,0,0,0,0,0,0,0,0,0,0,0,0,0,0,0,0,0,0,0,0,0,0,0,0,0,0,0,0,0,0,0,0,0,0
com show_engine_logs,0,0,0,0,0,0,0,0,0,0,0,0,0,0,0,0,0,0,0,0,0,0,0,0,0,0,0,0,0,0,0,0,0,0,0,0,0,0,0,0,0,0,0,0,0,0,0,0
com show_engine_mutex,0,0,0,0,0,0,0,0,0,0,0,0,0,0,0,0,0,0,0,0,0,0,0,0,0,0,0,0,0,0,0,0,0,0,0,0,0,0,0,0,0,0,0,0,0,0,0,0
com show_engine_status,1,0.888888888888889,1,1,1,1,1,1,1.1111111111111112,1.1111111111111112,1.1111111111111112,0.8622,0.8710857142857142,0.6622,0.5622,0.57775,0.4829333333333333,0.2622,0.16219999999999998,0.4860169491525424,0.5104938271604939,0.5859601449275362,0.6738083164300204,0.6385564092195715,0.861731718259309,0.9582949308755759,0.9384189325276939,1.118067978533095,1,1,0.888888888888889,0.888888888888889,1.0002222716159146,1,1,1,1,1,0.888888888888889,1,0.8622,0.7621999999999999,0.5518333333333333,0.44976000000000005,0.4622,0.24146666666666666,0.1311,0.16219999999999998
com show_errors,0,0,0,0,0,0,0,0,0,0,0,0,0,0,0,0,0,0,0,0,0,0,0,0,0,0,0,0,0,0,0,0,0,0,0,0,0,0,0,0,0,0,0,0,0,0,0,0
com show_events,0,0,0,0,0,0,0,0,0,0,0,0,0,0,0,0,0,0,0,0,0,0,0,0,0,0,0,0,0,0,0,0,0,0,0,0,0,0,0,0,0,0,0,0,0,0,0,0
com show_fields,0,0,0,0,0,0,0,0,0,0,0,0,0,0,0,0,0,0,0,0,0,0,0,0,0,0,0,0,0,0,0,0,0,0,0,0,0,0,0,0,0,0,0,0,0,0,0,0
com show_function_code,0,0,0,0,0,0,0,0,0,0,0,0,0,0,0,0,0,0,0,0,0,0,0,0,0,0,0,0,0,0,0,0,0,0,0,0,0,0,0,0,0,0,0,0,0,0,0,0
com show_function_status,0,0,0,0,0,0,0,0,0,0,0,0,0,0,0,0,0,0,0,0,0,0,0,0,0,0,0,0,0,0,0,0,0,0,0,0,0,0,0,0,0,0,0,0,0,0,0,0
com show_grants,0,0,0,0,0,0,0,0,0,0,0,0,0,0,0,0,0,0,0,0,0,0,0,0,0,0,0,0,0,0,0,0,0,0,0,0,0,0,0,0,0,0,0,0,0,0,0,0
com show_index_statistics,0,0,0,0,0,0,0,0,0,0,0,0,0,0,0,0,0,0,0,0,0,0,0,0,0,0,0,0,0,0,0,0,0,0,0,0,0,0,0,0,0,0,0,0,0,0,0,0
com show_keys,0,0,0,0,0,0,0,0,0,0,0,0,0,0,0,0,0,0,0,0,0,0,0,0,0,0,0,0,0,0,0,0,0,0,0,0,0,0,0,0,0,0,0,0,0,0,0,0
com show_master_status,0,0,0,0,0,0,0,0,0,0,0,0,0,0,0,0,0,0,0,0,0,0,0,0,0,0,0,0,0,0,0,0,0,0,0,0,0,0,0,0,0,0,0,0,0,0,0,0
com show_open_tables,0,0,0,0,0,0,0,0,0,0,0,0,0,0,0,0,0,0,0,0,0,0,0,0,0,0,0,0,0,0,0,0,0,0,0,0,0,0,0,0,0,0,0,0,0,0,0,0
com show_plugins,0,0,0,0,0,0,0,0,0,0,0,0,0,0,0,0,0,0,0,0,0,0,0,0,0,0,0,0,0,0,0,0,0,0,0,0,0,0,0,0,0,0,0,0,0,0,0,0
com show_privileges,0,0,0,0,0,0,0,0,0,0,0,0,0,0,0,0,0,0,0,0,0,0,0,0,0,0,0,0,0,0,0,0,0,0,0,0,0,0,0,0,0,0,0,0,0,0,0,0
com show_procedure_code,0,0,0,0,0,0,0,0,0,0,0,0,0,0,0,0,0,0,0,0,0,0,0,0,0,0,0,0,0,0,0,0,0,0,0,0,0,0,0,0,0,0,0,0,0,0,0,0
com show_procedure_status,0,0,0,0,0,0,0,0,0,0,0,0,0,0,0,0,0,0,0,0,0,0,0,0,0,0,0,0,0,0,0,0,0,0,0,0,0,0,0,0,0,0,0,0,0,0,0,0
com show_processlist,0,0,0,0,0,0,0,0,0,0,0,0,0,0,0,0,0,0,0,0,0,0,0,0,0,0,0,0,0,0,0,0,0,0,0,0,0,0,0,0,0,0,0,0,0,0,0,0
com show_profile,0,0,0,0,0,0,0,0,0,0,0,0,0,0,0,0,0,0,0,0,0,0,0,0,0,0,0,0,0,0,0,0,0,0,0,0,0,0,0,0,0,0,0,0,0,0,0,0
com show_profiles,0,0,0,0,0,0,0,0,0,0,0,0,0,0,0,0,0,0,0,0,0,0,0,0,0,0,0,0,0,0,0,0,0,0,0,0,0,0,0,0,0,0,0,0,0,0,0,0
com show_relaylog_events,0,0,0,0,0,0,0,0,0,0,0,0,0,0,0,0,0,0,0,0,0,0,0,0,0,0,0,0,0,0,0,0,0,0,0,0,0,0,0,0,0,0,0,0,0,0,0,0
com show_slave_hosts,0,0,0,0,0,0,0,0,0,0,0,0,0,0,0,0,0,0,0,0,0,0,0,0,0,0,0,0,0,0,0,0,0,0,0,0,0,0,0,0,0,0,0,0,0,0,0,0
com show_slave_status,1,1,1,1,1,1,1,1,1,1,1.1111111111111112,0.969975,0.8710857142857142,0.7725666666666666,0.67464,0.57775,0.4829333333333333,0.3933,0.32439999999999997,0.2430084745762712,0.34032921810699585,0.4394701086956522,0.5390466531440163,0.6385564092195715,0.7386271870794078,0.838508064516129,0.9384189325276939,1.118067978533095,1,1,1,1,1.0002222716159146,1,1,1,0.888888888888889,1,1,1.1111111111111112,0.969975,0.8710857142857142,0.7725666666666666,0.67464,0.57775,0.4829333333333333,0.3933,0.32439999999999997
com show_status,1,1,1,1,1,1,1,1,1,1,1,0.8622,0.7621999999999999,0.6622,0.5622,0.4622,0.36219999999999997,0.2622,0.16219999999999998,0.2430084745762712,0.34032921810699585,0.4394701086956522,0.5390466531440163,0.6385564092195715,0.7386271870794078,0.838508064516129,0.9384189325276939,1.0062611806797854,1,1,1,1,1.0002222716159146,1,1,1,1,1,1,1,0.8622,0.7621999999999999,0.6622,0.5622,0.4622,0.36219999999999997,0.2622,0.16219999999999998
com show_storage_engines,0,0,0,0,0,0,0,0,0,0,0,0,0,0,0,0,0,0,0,0,0,0,0,0,0,0,0,0,0,0,0,0,0,0,0,0,0,0,0,0,0,0,0,0,0,0,0,0
com show_table_statistics,0,0,0,0,0,0,0,0,0,0,0,0,0,0,0,0,0,0,0,0,0,0,0,0,0,0,0,0,0,0,0,0,0,0,0,0,0,0,0,0,0,0,0,0,0,0,0,0
com show_table_status,0,0,0,0,0,0,0,0,0,0,0,0,0,0,0,0,0,0,0,0,0,0,0,0,0,0,0,0,0,0,0,0,0,0,0,0,0,0,0,0,0,0,0,0,0,0,0,0
com show_tables,0,0,0,0,0,0,0,0,0,0,0,0,0,0,0,0,0,0,0,0,0,0,0,0,0,0,0,0,0,0,0,0,0,0,0,0,0,0,0,0,0,0,0,0,0,0,0,0
com show_thread_statistics,0,0,0,0,0,0,0,0,0,0,0,0,0,0,0,0,0,0,0,0,0,0,0,0,0,0,0,0,0,0,0,0,0,0,0,0,0,0,0,0,0,0,0,0,0,0,0,0
com show_triggers,0,0,0,0,0,0,0,0,0,0,0,0,0,0,0,0,0,0,0,0,0,0,0,0,0,0,0,0,0,0,0,0,0,0,0,0,0,0,0,0,0,0,0,0,0,0,0,0
com show_user_statistics,0,0,0,0,0,0,0,0,0,0,0,0,0,0,0,0,0,0,0,0,0,0,0,0,0,0,0,0,0,0,0,0,0,0,0,0,0,0,0,0,0,0,0,0,0,0,0,0
com show_variables,1.1111111111111112,1,1,1,0.888888888888889,0.888888888888889,1.1111111111111112,1.1111111111111112,1,0.888888888888889,1,0.8622,0.8710857142857142,0.7725666666666666,0.67464,0.4622,0.36219999999999997,0.2622,0.32439999999999997,0.4860169491525424,0.34032921810699585,0.5859601449275362,0.6738083164300204,0.6385564092195715,0.861731718259309,0.9582949308755759,0.9384189325276939,1.0062611806797854,0.888888888888889,1,1,0.888888888888889,1.0002222716159146,0.888888888888889,0.888888888888889,1.1111111111111112,1.1111111111111112,1,1.1111111111111112,1,0.969975,0.8710857142857142,0.7725666666666666,0.67464,0.4622,0.36219999999999997,0.3933,0.16219999999999998
com show_warnings,0,0,0,0,0,0,0,0,0,0,0,0,0,0,0,0,0,0,0,0,0,0,0,0,0,0,0,0,0,0,0,0,0,0,0,0,0,0,0,0,0,0,0,0,0,0,0,0
com shutdown,0,0,0,0,0,0,0,0,0,0,0,0,0,0,0,0,0,0,0,0,0,0,0,0,0,0,0,0,0,0,0,0,0,0,0,0,0,0,0,0,0,0,0,0,0,0,0,0
com signal,0,0,0,0,0,0,0,0,0,0,0,0,0,0,0,0,0,0,0,0,0,0,0,0,0,0,0,0,0,0,0,0,0,0,0,0,0,0,0,0,0,0,0,0,0,0,0,0
com slave_start,0,0,0,0,0,0,0,0,0,0,0,0,0,0,0,0,0,0,0,0,0,0,0,0,0,0,0,0,0,0,0,0,0,0,0,0,0,0,0,0,0,0,0,0,0,0,0,0
com slave_stop,0,0,0,0,0,0,0,0,0,0,0,0,0,0,0,0,0,0,0,0,0,0,0,0,0,0,0,0,0,0,0,0,0,0,0,0,0,0,0,0,0,0,0,0,0,0,0,0
com stmt_close,1,1,0.888888888888889,1,0.888888888888889,1,0.888888888888889,1,1,1.1111111111111112,1,0.969975,0.7621999999999999,0.7725666666666666,0.5622,0.57775,0.4829333333333333,0.2622,0.16219999999999998,0.2430084745762712,0.5104938271604939,0.5859601449275362,0.6738083164300204,0.6385564092195715,0.861731718259309,0.9582949308755759,0.9384189325276939,1.118067978533095,1,1,0.888888888888889,0.888888888888889,1.0002222716159146,0.888888888888889,1,1.1111111111111112,1,1.1111111111111112,1,1,0.8622,0.7621999999999999,0.6622,0.44976000000000005,0.34665,0.24146666666666666,0.1311,0
com stmt_execute,1,1,0.888888888888889,1,0.888888888888889,1,0.888888888888889,1,1,1.1111111111111112,1,0.969975,0.7621999999999999,0.7725666666666666,0.5622,0.57775,0.4829333333333333,0.2622,0.16219999999999998,0.2430084745762712,0.5104938271604939,0.5859601449275362,0.6738083164300204,0.6385564092195715,0.861731718259309,0.9582949308755759,0.9384189325276939,1.118067978533095,1,1,0.888888888888889,0.888888888888889,1.0002222716159146,0.888888888888889,1,1.1111111111111112,1,1.1111111111111112,1,1,0.8622,0.7621999999999999,0.6622,0.44976000000000005,0.34665,0.24146666666666666,0.1311,0
com stmt_fetch,0,0,0,0,0,0,0,0,0,0,0,0,0,0,0,0,0,0,0,0,0,0,0,0,0,0,0,0,0,0,0,0,0,0,0,0,0,0,0,0,0,0,0,0,0,0,0,0
com stmt_prepare,1,1,0.888888888888889,1,0.888888888888889,1,0.888888888888889,1,1,1.1111111111111112,1,0.969975,0.7621999999999999,0.7725666666666666,0.5622,0.57775,0.4829333333333333,0.2622,0.16219999999999998,0.2430084745762712,0.5104938271604939,0.5859601449275362,0.6738083164300204,0.6385564092195715,0.861731718259309,0.9582949308755759,0.9384189325276939,1.118067978533095,1,1,0.888888888888889,0.888888888888889,1.0002222716159146,0.888888888888889,1,1.1111111111111112,1,1.1111111111111112,1,1,0.8622,0.7621999999999999,0.6622,0.44976000000000005,0.34665,0.24146666666666666,0.1311,0
com stmt_reprepare,0,0,0,0,0,0,0,0,0,0,0,0,0,0,0,0,0,0,0,0,0,0,0,0,0,0,0,0,0,0,0,0,0,0,0,0,0,0,0,0,0,0,0,0,0,0,0,0
com stmt_reset,0,0,0,0,0,0,0,0,0,0,0,0,0,0,0,0,0,0,0,0,0,0,0,0,0,0,0,0,0,0,0,0,0,0,0,0,0,0,0,0,0,0,0,0,0,0,0,0
com stmt_send_long_data,0,0,0,0,0,0,0,0,0,0,0,0,0,0,0,0,0,0,0,0,0,0,0,0,0,0,0,0,0,0,0,0,0,0,0,0,0,0,0,0,0,0,0,0,0,0,0,0
com truncate,0,0,0,0,0,0,0,0,0,0,0,0,0,0,0,0,0,0,0,0,0,0,0,0,0,0,0,0,0,0,0,0,0,0,0,0,0,0,0,0,0,0,0,0,0,0,0,0
com uninstall_plugin,0,0,0,0,0,0,0,0,0,0,0,0,0,0,0,0,0,0,0,0,0,0,0,0,0,0,0,0,0,0,0,0,0,0,0,0,0,0,0,0,0,0,0,0,0,0,0,0
com unlock_binlog,0,0,0,0,0,0,0,0,0,0,0,0,0,0,0,0,0,0,0,0,0,0,0,0,0,0,0,0,0,0,0,0,0,0,0,0,0,0,0,0,0,0,0,0,0,0,0,0
com unlock_tables,0,0,0,0,0,0,0,0,0,0,0,0,0,0,0,0,0,0,0,0,0,0,0,0,0,0,0,0,0,0,0,0,0,0,0,0,0,0,0,0,0,0,0,0,0,0,0,0
com update,0,0,8.222222222222223,33.22222222222222,69.66666666666667,104.33333333333334,140.66666666666669,177.77777777777777,206.8888888888889,241.55555555555557,284.77777777777777,268.251975,246.51725714285712,213.66986666666668,182.60256,149.86835,116.2662,91.9011,63.0958,22.35677966101695,22.461728395061726,24.317346014492752,27.491379310344833,30.012151233319862,33.48443248093315,32.70181451612903,32.02354607250756,30.52325581395349,20.11111111111111,16.555555555555557,13.666666666666668,12.333333333333334,11.669259835519004,10.88888888888889,14.11111111111111,17.77777777777778,19.333333333333336,19.333333333333336,18.444444444444446,56.333333333333336,51.839774999999996,49.65188571428571,47.0162,44.52624,41.94465,42.135933333333334,45.7539,56.6078
com update_multi,0,0,0,0,0,0,0,0,0,0,0,0,0,0,0,0,0,0,0,0,0,0,0,0,0,0,0,0,0,0,0,0,0,0,0,0,0,0,0,0,0,0,0,0,0,0,0,0
com xa_commit,0,0,0,0,0,0,0,0,0,0,0,0,0,0,0,0,0,0,0,0,0,0,0,0,0,0,0,0,0,0,0,0,0,0,0,0,0,0,0,0,0,0,0,0,0,0,0,0
com xa_end,0,0,0,0,0,0,0,0,0,0,0,0,0,0,0,0,0,0,0,0,0,0,0,0,0,0,0,0,0,0,0,0,0,0,0,0,0,0,0,0,0,0,0,0,0,0,0,0
com xa_prepare,0,0,0,0,0,0,0,0,0,0,0,0,0,0,0,0,0,0,0,0,0,0,0,0,0,0,0,0,0,0,0,0,0,0,0,0,0,0,0,0,0,0,0,0,0,0,0,0
com xa_recover,0,0,0,0,0,0,0,0,0,0,0,0,0,0,0,0,0,0,0,0,0,0,0,0,0,0,0,0,0,0,0,0,0,0,0,0,0,0,0,0,0,0,0,0,0,0,0,0
com xa_rollback,0,0,0,0,0,0,0,0,0,0,0,0,0,0,0,0,0,0,0,0,0,0,0,0,0,0,0,0,0,0,0,0,0,0,0,0,0,0,0,0,0,0,0,0,0,0,0,0
com xa_start,0,0,0,0,0,0,0,0,0,0,0,0,0,0,0,0,0,0,0,0,0,0,0,0,0,0,0,0,0,0,0,0,0,0,0,0,0,0,0,0,0,0,0,0,0,0,0,0
handler delete,0,0,0,1.1111111111111112,3.3333333333333335,5.222222222222222,6.555555555555555,8.88888888888889,11.11111111111111,12.222222222222223,15.555555555555557,15.0885,14.155142857142854,12.140333333333333,10.45692,9.35955,7.244,5.244,4.866,0,0,0,0,0,0,0,0,0,0,0,0,0,0,0,0,0,0,0,0,2.2222222222222223,2.1555,2.1777142857142855,2.207333333333333,2.2488,2.311,2.4146666666666667,2.622,3.2439999999999998
handler discover,0,0,0,0,0,0,0,0,0,0,0,0,0,0,0,0,0,0,0,0,0,0,0,0,0,0,0,0,0,0,0,0,0,0,0,0,0,0,0,0,0,0,0,0,0,0,0,0
handler external_lock,117.77777777777779,115.33333333333334,256.6666666666667,641.7777777777778,1211.111111111111,1762.7777777777778,2330.666666666667,2888,3331.888888888889,3880.666666666667,4518.444444444444,4235.1264,3889.397714285714,3360.6649999999995,2851.36596,2330.8746,1816.7952,1428.8589,953.0871999999999,530.2444915254238,646.9658436213991,787.2374547101449,990.49822515213,1119.7725192074406,1281.025751458053,1266.0273905529953,1245.6338305639476,1206.954382826476,968.1111111111111,829.2222222222223,704.1111111111111,636.6666666666667,622.0271171371417,626.8888888888889,779.4444444444445,941.2222222222223,991.7777777777777,993.5555555555557,964.8888888888889,1506.111111111111,1313.3461499999999,1186.9631714285713,1017.3599333333332,863.7640800000001,713.6368,669.4663333333334,711.7419,862.4173999999999
handler mrr_init,0,0,0,0,0,0,0,0,0,0,0,0,0,0,0,0,0,0,0,0,0,0,0,0,0,0,0,0,0,0,0,0,0,0,0,0,0,0,0,0,0,0,0,0,0,0,0,0
handler read_first,1.8888888888888888,2,2.2222222222222223,1.8888888888888888,2.111111111111111,2,2,2.111111111111111,2,2.111111111111111,2.111111111111111,1.7244,1.7421714285714285,1.3244,1.1244,1.1555,0.8451333333333334,0.5244,0.4866,0.4860169491525424,0.8508230452674896,1.0254302536231885,1.2128549695740367,1.9156692276587144,1.9696724988784209,2.39573732718894,2.3460473313192347,2.683363148479428,2.555555555555556,2.3333333333333335,2.555555555555556,2.3333333333333335,1.8893087352745055,2,1.8888888888888888,2.2222222222222223,2,2.111111111111111,2.111111111111111,2.4444444444444446,2.37105,2.1777142857142855,1.9866,1.6865999999999999,1.3866,1.2073333333333334,1.0488,1.1354
handler read_key,163.88888888888889,181.11111111111111,205.11111111111114,367.44444444444446,518,689,908.7777777777777,1072.6666666666667,1177.888888888889,1339.3333333333335,1529.5555555555557,1442.783925,1280.6048857142855,1113.3789333333332,942.69696,739.2889,574.5699333333334,457.8012,329.42819999999995,237.41927966101693,340.49938271604935,407.9747509057971,556.0266227180529,613.3972866963203,700.3416778824585,780.5312211981566,765.2806394763344,821.5563506261182,726,646.5555555555555,653.3333333333334,554.4444444444445,568.0151144698823,593,614.5555555555555,759.8888888888889,748.6666666666667,776.7777777777778,760.5555555555555,835,761.3226,682.2778857142856,568.8298,464.71452,325.50435,252.8156,219.98579999999998,245.733
handler read_last,0,0,0,0,0,0,0,0,0,0,0,0,0,0,0,0,0,0,0,0,0,0,0,0,0,0,0,0,0,0,0,0,0,0,0,0,0,0,0,0,0,0,0,0,0,0,0,0
handler read_next,0,0,0.5555555555555556,137.33333333333334,245.11111111111114,361.8888888888889,532.5555555555555,646,735.8888888888889,837.2222222222223,1009.7777777777777,978.920325,854.9706285714285,759.5433999999999,655.63764,496.28725,395.28093333333334,323.1615,251.89659999999998,113.72796610169492,150.08518518518517,160.11360960144927,235.56338742393513,225.02727860897699,274.7693135935397,267.3642857142857,261.8188821752266,249.55277280858678,196,152.22222222222223,129.44444444444446,82.44444444444444,101.02244943320738,98.55555555555556,124.44444444444446,177,205.55555555555557,205.55555555555557,203.33333333333334,418669.44444444444,406073.89057499997,410239.12377142854,415769.33346666663,423553.72164,435214.22189999995,454706.00073333335,493748.9511,610877.8022
handler read_prev,0,0,0,0,0,0,0,0,0,0,0,0,0,0,0,0,0,0,0,0,0,0,0,0,0,0,0,0,0,0,0,0,0,0,0,0,0,0,0,0,0,0,0,0,0,0,0,0
handler read_rnd,77,85.55555555555556,85.55555555555556,77,77,77,77,85.55555555555556,77,85.55555555555556,77,66.3894,67.07359999999998,50.989399999999996,43.2894,44.48675,27.889400000000002,20.1894,12.4894,18.71165254237288,26.20534979423868,33.83919836956522,41.50659229208925,49.168843509907006,56.87429340511441,73.78870967741935,72.25825780463244,86.0912343470483,85.55555555555556,77,85.55555555555556,77,77.01711491442543,77,77,85.55555555555556,77,77,85.55555555555556,77,74.688075,67.07359999999998,59.48763333333333,43.2894,35.5894,27.889400000000002,20.1894,12.4894
handler read_rnd_next,3665.666666666667,3497.4444444444443,3580.3333333333335,3505.2222222222226,3375.666666666667,3419.3333333333335,3589.111111111111,3717.7777777777783,3595.3333333333335,3560.7777777777783,3634.888888888889,3111.787575,2925.541371428571,2535.8949,2125.45332,1801.8866999999998,1403.6457333333333,933.432,784.8857999999999,1233.9970338983053,1359.6152263374483,1927.808876811594,2292.1611308316433,49896.15926000809,304762.1322566173,446680.55296658986,590087.3262651057,722254.9194991055,870098.2222222222,1026142.4444444444,1178636.888888889,1329849.7777777778,1445016.6703711937,1372931.3333333335,1395866.1111111112,1406623.2222222222,1408800.7777777778,1408726.2222222222,1407933.5555555555,1395484.3333333335,1206497.36835,1065696.7158857142,921366.5384,774542.3778000001,634388.10355,487907.0637333334,349480.21829999995,205276.5894
handler update,0,0,8.444444444444445,43.333333333333336,107.44444444444446,159.77777777777777,219.8888888888889,286.55555555555554,338.77777777777777,397.77777777777777,478.11111111111114,455.564925,426.06979999999993,368.1832,322.14060000000006,268.5382,208.14426666666668,164.39939999999999,117.27059999999999,32.80614406779661,49.5179012345679,62.258265398550726,80.72223630831644,104.34011726647798,100.69950650515926,157.39994239631335,154.1353096676737,202.37030411449018,186.11111111111111,196.44444444444446,234.66666666666669,215.33333333333334,216.7148255167815,241.33333333333334,211,261.6666666666667,234.11111111111114,261.6666666666667,234,293.6666666666667,284.849325,262.74122857142856,241.70299999999997,221.16948000000002,174.59605,152.4862,133.0665,164.63299999999998
handler write,1261.888888888889,1195.888888888889,1245.6666666666667,1367.2222222222222,1481.4444444444446,1660.2222222222222,1967.3333333333335,2143,2218.777777777778,2329,2592.777777777778,2340.0108,2178.1498285714283,1896.3200666666664,1616.6623200000001,1272.32105,994.3597333333333,755.3982,582.1357999999999,589.7815677966103,595.2358024691358,838.0694972826086,1004.9177231237323,1078.2663526081683,1314.8794975325259,1426.5417914746542,1463.9335347432025,1535.1073345259395,1386.2222222222222,1411,1374.3333333333335,1290.3333333333335,1354.0786841520337,1291,1338.3333333333335,1517,1532.111111111111,1471.3333333333335,1524.5555555555557,1639.4444444444446,1484.600625,1330.365657142857,1163.8165,999.70404,775.5716,643.0257333333334,616.17,474.7594
handler total commit,0,0,31.77777777777778,122.88888888888889,258.11111111111114,389.22222222222223,525.3333333333334,657.6666666666667,763,893.8888888888889,1046.5555555555557,984.3090749999999,905.1669428571428,783.1618666666666,665.1950400000001,542.04505,422.5666666666667,334.5672,222.86279999999996,107.1667372881356,126.43230452674895,151.47069746376812,191.2268002028398,213.5332632430247,242.88524001794525,236.57906105990781,231.67217396777443,220.81842576028626,170.44444444444446,141.66666666666669,113.44444444444446,95.88888888888889,90.4645476772616,88,115.11111111111111,143.66666666666669,153.66666666666669,153.66666666666669,148.88888888888889,276.44444444444446,243.67927500000002,223.97791428571426,196.2319333333333,172.25808,147.32625000000002,143.06900000000002,155.3535,192.207
handler total prepare,0,0,0,0,0,0,0,0,0,0,0,0,0,0,0,0,0,0,0,0,0,0,0,0,0,0,0,0,0,0,0,0,0,0,0,0,0,0,0,0,0,0,0,0,0,0,0,0
handler total rollback,0,0,0,0,1.1111111111111112,1.1111111111111112,1.5555555555555558,1.777777777777778,2,2.2222222222222223,2.2222222222222223,2.1555,2.1777142857142855,1.1036666666666666,1.1244,0.6933,0.4829333333333333,0.2622,0,0.9720338983050848,0.6806584362139917,0.5859601449275362,0.5390466531440163,0.5108451273756571,0.4924181247196052,0.47914746543778797,0.46920946626384696,0.44722719141323797,0,1.5555555555555558,7.555555555555555,13.555555555555557,20.893531895976885,28.22222222222222,35.77777777777778,40,40.22222222222222,40.22222222222222,38.66666666666667,35.66666666666667,28.775925,21.886028571428568,14.899499999999998,7.53348,3.35095,3.2598,3.5397,4.3793999999999995
handler total savepoint,0,0,0,0,0,0,0,0,0,0,0,0,0,0,0,0,0,0,0,0,0,0,0,0,0,0,0,0,0,0,0,0,0,0,0,0,0,0,0,0,0,0,0,0,0,0,0,0
handler total savepoint_rollback,0,0,0,0,0,0,0,0,0,0,0,0,0,0,0,0,0,0,0,0,0,0,0,0,0,0,0,0,0,0,0,0,0,0,0,0,0,0,0,0,0,0,0,0,0,0,0,0
cpu System,99.61111111111272,99.6666666666695,99.38888888889576,99.1111111111018,98.72222222222464,98.36111111111072,97.97222222223354,97.72222222223313,97.277777777779,96.88888888889173,96.472222222221,96.27777777777737,96.56379375001721,96.22306154186786,96.27777777778748,96.41666666666424,96.41666666665414,96.55555555556121,96.74999999999474,97.13272723213707,97.11207375318085,97.8125,97.30585490501741,97.41666666666586,97.59033749999958,97.85875357144053,97.38946900688089,97.34441389653041,97.69351489137853,97.96439337112425,98.24872311827838,98.51754032257965,96.97423939594775,96.89196913404193,96.89196913404193,96.83262947320777,98.3406730126876,98.1047128277012,97.80453271963711,97.55163307604433,97.09156867651785,97.09156867651785,97.0843052315915,97.15625000002319,97.15625000002319,96.90625000000637,96.9434255863106,97.11083552138491,96.77706156924812,96.74999999999474,97.05595133889247,97.04652280319156,96.8343885371458,97.54999999999959,97.57019999999957,97.83654047976141,97.0846290537559,97.22222222222221,97.25000000000566,97.36111111109899,97.59284731773141,97.749249749913,98.68987658438748,98.34549232213828,98.09021073037458,97.77678968430615,97.80555555554302,97.80555555555313,97.63888888891314,97.50000000001617,97.30555555555233,97.11111111109858,97.0277777777786,96.80555555554142,96.61111111110787,96.41666666666424,96.44444444443756,96.44444444443756,96.38888888888081,95.38888888888928,94.83333333334181,95.21184374999795,95.65008571428446,94.30808529541618,94.57841079460437,93.55770298790384,93.16666666665898,92.68749999999955,93.44662890148577,93.6666666666699,94.7367495711963,94.19298816075037,94.17394739036519,94.30876958577697,94.28948905071007,94.47222222221777,94.6405602400899,95.13834870540161,95.40739815045875,95.97311708508008,96.22222222223071,96.89196913404193,96.94444444444848,97.0008568980416,97.02876818839256,97.03050762690445,97.03050762690445,96.93788276465578,96.94376528118774,97.11111111110868,97.3968914103426,97.0271171371424,97.36734110112639,97.35890981439385,97.25061097534447,97.5938063827651,97.41580526842199,97.47222222221252,97.64372633928076,97.41666666666586,97.79114270832164
cpu User,2.777777777777778,2.7500000000549742,3.58333333335597,4.25000000007761,5.1111111112630985,6.1944444444735485,7.083333333300996,7.777777777826285,8.833333333394776,10.05555555554262,11.166666666637562,11.166666666637564,10.364949999980325,11.49744501209665,11.083333333388307,10.888888888843615,10.944444444450912,10.499999999915923,9.97222222221252,8.743762499963646,9.580139953300392,7.524999999962651,9.221197644806379,9.361111110936488,8.60593749991651,7.685021428472402,9.747833814733706,9.810047488171612,8.267862004836408,7.296866838968639,6.475651725298601,5.481653225694074,10.631801021667227,10.860245784538971,10.860245784538971,10.807957323888559,5.501978957956498,6.380800146813559,7.3914065106411675,8.449851700933749,10.101325994437623,10.101325994437623,10.107741863781145,9.84374999989086,9.84374999989086,10.249999999905413,10.197843725641052,9.325421980521764,10.307846188019147,10.250000000087311,9.143535745659484,9.17281860173087,10.107741863861962,8.020833333333332,7.954702380952382,6.994197901008074,9.523545090970433,9.333333333375373,9.22222222216078,8.833333333233087,8.284356633719456,7.974880515714526,4.774672003683332,7.18855060047921,8.84681794036724,10.115606936535888,10.722222222183419,11.333333333297762,12.222222222206053,13.194444444444445,14.38888888895033,15.888888888892122,15.972222222222221,16.666666666585826,17.80555555556526,18.69444444447355,18.861111111133745,19.16666666673134,19.38888888883715,22.72222222220282,23.55555555558466,21.321378125019674,19.14534642866138,23.96157263431684,22.116641679137043,25.29712318120386,26.41666666669254,27.625000000170985,25.463734310740037,25.22222222218665,21.023761435197684,23.39968317490081,23.47640903783221,23.022313987215,23.100308111480707,21.472222222170483,19.829927111681656,17.418602066867212,16.495876030897687,14.024661186289865,12.41666666683159,9.216919119806724,9.305555555490882,9.354470151368693,9.66344551810889,10.158789697515328,10.158789697515328,10.436195475645581,10.335630140034354,10.138888888791877,9.325421980438511,10.41898199591825,8.917070463989882,8.945628048084128,9.27571650743309,8.181058298687253,8.9752139601572,8.777777777868323,8.005652678591257,8.80555555567197,7.687970833480273
cpu Iowait,0.11111111111101006,0.11111111111101006,0.11111111111101006,0.13888888888939419,0.2222222222239149,0.30555555555654085,0.3611111111107827,0.44444444444467185,0.47222222222305593,0.5277777777766662,0.5555555555550503,0.6111111111111869,0.5633125000014089,0.5554321261930425,0.4722222222217927,0.444444444445935,0.4166666666662877,0.3888888888879036,0.3611111111126775,0.31227723214321856,0.33322225924535187,0.26249999999976126,0.388845683812556,0.44444444444467185,0.43029687499960867,0.3813178571438442,0.444345700954939,0.46863284178841597,0.42581263543965947,0.3758043007171564,0.28509158539701585,0.24133064516185473,0.4163890739503209,0.4644184052598475,0.4644184052598475,0.4445432318295229,0.21833249832979473,0.2842930758445305,0.3293200920541016,0.3582975986288193,0.4691018263693507,0.4691018263693507,0.44429634566089005,0.4687500000002842,0.4687500000002842,0.5312500000002274,0.5001667222415556,0.4862950112504196,0.500111135806239,0.4722222222224244,0.42462240304554333,0.4259822880024071,0.47206486726603736,0.32083333333370473,0.31818809523846353,0.2963643178408099,0.41648156375159123,0.4722222222224244,0.44444444444467185,0.47222222222305604,0.46892584719298164,0.4168056018675418,0.26202468312184307,0.9128318222649544,3.735323130315592,5.696976433969264,7.083333333333838,8.72222222222187,10.27777777777664,11.833333333335203,13.583333333334243,15.25000000000129,16.250000000001013,15.22222222222101,14.888888888889243,15.138888888888383,15.083333333334775,15.222222222222905,15.138888888888385,14.944444444442222,15.861111111109318,14.420799999999051,12.820800000000055,18.74167036872501,17.584307846077273,20.798622681327206,21.75000000000043,22.749999999999915,24.158613795403554,24.80555555555447,20.760598913664687,23.485501083876027,23.562508337502837,23.47990035212875,23.559444670168517,20.333333333332526,19.07960554523338,15.057228580952376,13.277930517371367,9.109086869586354,6.111111111111238,0.9288368105164458,0.9444444444448488,0.9283061982306686,0.8330556481184307,0.7814453613417566,0.7814453613417566,0.7499062617166032,0.7223827517225798,0.722222222222197,0.6007173668418144,0.6390308957533992,0.594471364261701,0.5963752032013037,0.6387469451233564,0.5378550438571734,0.583527842613674,0.5833333333334344,0.5109991071436834,0.5555555555550503,0.5163562500008348
cpu Total,93.7222222228431,93.86111110862758,92.38888889085501,91.19444444723842,89.66666666480404,87.7500000021731,86.22222222491271,85.02777777870911,83.33333333333334,81.22222222543012,79.47222222315354,79.49999999772344,71.25903124685225,78.78804710095466,79.44444444082264,79.83333333395423,79.91666667059893,80.58333333271246,81.49999999958608,74.49231428899274,82.19482394653856,68.07499999956539,83.32407510276639,83.30555555617643,76.36335208098228,68.28522856672993,82.87047322775769,82.76055985782365,70.57844432616905,62.28956284567394,53.88230964173063,45.611491937025065,81.47346213531944,80.70162903300823,80.70162903300823,80.96243609856649,42.4875041810355,51.42545860932216,59.570345541611914,68.13626000938817,81.56117087839164,81.56117087839164,81.5283794351825,81.3125000015134,81.3125000015134,80.84375000034925,80.80471268221214,73.91684170733724,80.7123805310765,80.83333333488554,73.45967572450263,73.69493582203246,81.44507386188822,66.87916666851378,66.32775476373666,58.44304348024815,82.71323856332903,82.94444444278875,83.22222222211875,83.88888888681927,84.87557834013133,85.41736134329088,60.64415721613864,66.86493098213766,71.56092733992485,77.86794130859352,76.083333329815,73.61111111369812,71.02777778119264,68.33333333229852,65.1666666691502,61.91666666677016,60.555555555038154,60.80555555203723,59.58333333126373,58.166666667804954,58.16666666521794,57.66666666345878,57.527777777674295,52.91666666356226,50.24999999958608,44.98050312426552,39.607114287953095,46.284984451148084,41.680259870813,42.0137731864052,39.333333333747255,36.375000001862645,38.265022768325686,38.36111110997283,30.40989136758443,33.98389194565329,34.09532266100992,34.03298589513549,34.14828155709685,47.11111111100764,50.128626555169255,57.256361818911195,60.1412146963259,67.45723172638651,72.27777777912301,81.73763932512233,81.94444444444444,82.0122822074784,81.58391647456283,81.1140285106201,81.1140285106201,81.05236845522366,80.9068681906547,81.33333332888368,74.26010877442363,83.35185596540529,74.19568789178257,74.43330512324403,82.73161519413999,75.18647349519426,83.2221851707651,83.7500000036218,76.02531161317098,83.63888889240722,74.78559687852655
network receive eth0,791775.1111111111,738878.2222222222,1088744,1542841.7777777778,2079849.777777778,2678669.3333333335,3228635.5555555555,3665793.7777777775,4125768.888888889,4725586.666666667,5327418.666666667,5444301.333333334,4976682.9736,5415894.245723172,5276884.444444445,5196495.111111111,5230087.111111111,5244954.666666667,5109138.666666667,4522670.046085713,4986052.649116961,4052583.7333333334,4969822.908565715,4979176.888888889,4572372.689366667,4091509.163085714,4975879.137969339,4983495.126218445,4240578.331810857,3742555.8613991225,3238546.574243561,2741436.6967741936,4970790.139906729,4967605.601600457,4967605.601600457,4964686.374749945,2591875.740814963,3137111.6738309655,3633974.911773731,4146669.833104632,4946426.820115087,4946426.820115087,4972488.281683883,4974157,4974157,4967770,4942448.371679449,4546450.553938484,4968912.202711714,4974980.444444445,4489159.6790653635,4503536.548191286,4979942.685771409,4071235.4666666663,4037668.5456761904,3576673.4811394303,4978557.085739671,4977917.333333334,4964768,4743507.555555556,4414376.39114668,4214700.011114816,2487264.0640426953,2738246.2637098753,2901027.4189344672,2956990.662516674,2488299.5555555555,2040899.5555555555,1786091.5555555555,1617617.7777777778,1513933.3333333335,1436280.888888889,1435086.2222222222,1509347.5555555555,1699529.777777778,1915455.1111111112,1929872,1929751.1111111112,1876895.1111111112,2582128,3017761.777777778,2763709.3667,2522586.724457143,3842160.8174144826,3661117.8378810594,4540582.472509163,5009803.555555556,5543268,5143277.574141952,4967662.222222222,4052965.758787879,4531608.5034517255,4546467.31885943,4560676.358169771,4576126.844980623,4977262.222222222,4974239.245390883,4973875.319479941,4983967.008247937,4972046.211952899,4976290.666666667,4955715.347242069,4973150.222222222,4981471.5795487,4969659.0025547035,4969491.372843211,4969491.372843211,4980260.46744157,4974046.677039342,4973227.555555556,4530014.011402851,5062620.137808402,4510963.756380071,4525410.454691937,4978459.897800488,4507331.253262831,4974177.170167834,4979569.777777778,4523346.836014286,4984589.333333334,4463399.030433333
network receive lo,1579516.4444444445,1579373.3333333335,1580281.7777777778,1581584.888888889,1581842.6666666667,1583231.1111111112,1584226.6666666667,1585481.7777777778,1587250.6666666667,1588241.7777777778,1589334.2222222222,1589745.7777777778,1432665.9215,1596630.0822039547,1598325.3333333335,1601289.7777777778,1608365.3333333335,1616919.1111111112,1633652.4444444445,1489148.6016,1661748.3061201822,1367659.066666667,1680914.5650483281,1696592.8888888888,1566806.6198999998,1407952.2434285714,1746065.3188180402,1746997.250687328,1496192.050897372,1320476.0982385953,1162209.2443110778,983812.6451612904,1782112.3695314236,1766330.9517004858,1766330.9517004858,1749747.9439875528,888182.19251837,1063495.6679607765,1231934.6513508107,1391556.2135506007,1659292.4693520141,1659292.4693520141,1642982.117072087,1629098,1629098,1627823,1636780.2600866957,1509499.0762190546,1649009.1131362526,1651334.2222222225,1498938.3704817877,1503738.8325550652,1650668.4438520493,1346252.1333333333,1335152.4218666668,1165989.2178710646,1639267.8809418038,1640992.888888889,1643626.6666666667,1662550.2222222225,1707747.405276979,1752720.2400800264,1332022.6234378475,1586291.7557788123,1858260.9083291646,2132659.8488216987,2244761.777777778,2354008,2450645.3333333335,2528842.666666667,2575940.4444444445,2602977.777777778,2604837.3333333335,2586688.888888889,2564616,2548936.888888889,2542710.2222222225,2535347.5555555555,2528981.3333333335,2539749.3333333335,2465186.666666667,2220108.2977,1972343.630057143,2278451.354953354,2063581.0030984506,2152612.240364323,2081867.5555555555,2018585,1913746.0846384536,1920258.6666666667,1582831.1028702115,1778936.140603635,1784769.1431048855,1775468.9574446804,1781483.8240030005,1954192,1982820.0657424615,1979526.6140682294,1986361.4096475877,1954396.800710953,1927488.8888888888,1913457.5593026578,1877743.1111111112,1841900.0285632678,1842733.311118516,1806655.6639159792,1806655.6639159792,1798012.2484689415,1790583.685263392,1783304,1620074.0945236308,1753814.6254723272,1550685.6873327498,1555651.8740527697,1684506.554099089,1497834.1257685916,1651215.2939868844,1636929.7777777778,1479223.8633857141,1627232.888888889,1494334.0695333332
network transmit eth0,759907.5555555556,717230.2222222222,1059448.888888889,1516434.6666666667,2054069.3333333335,2655000,3207582.2222222225,3646269.3333333335,4107959.111111111,4709255.111111111,5314559.111111111,5526797.333333334,5059841.4181,5647515.663185959,5598964.444444445,5572797.333333334,5699120,5809479.111111111,5778992,5206168.825157142,5782248.583805398,4733593.2,5867132.09643373,5927438.222222222,5495440.4968,4938359.571428572,6083279.2712730495,6111863.034241439,5250094.927910208,4633512.697538478,4032395.334533633,3413431.393548387,6148727.5149900075,6129462.132037725,6129462.132037725,6110501.000222271,3169285.201870407,3806188.4784470685,4409021.698379028,4994769.803659235,5946546.910182638,5946546.910182638,5894292.124847272,5865856,5865856,5838792,5786855.1739468705,5320147.976444111,5795935.096688153,5798571.555555556,5225458.0964576,5242193.016252523,5789065.866933244,4708284.933333333,4669465.6044952385,4149423.842518741,5871867.614393603,5883384,5857667.555555556,5587453.333333334,5139234.2128298115,4858704.012448594,2664609.822726262,2911488.9639304094,3069876.157203602,3121830.146731881,2563691.5555555555,2030557.3333333335,1764445.3333333335,1595300.4444444445,1493112.888888889,1428963.5555555555,1420363.5555555555,1498055.1111111112,1694318.2222222225,1913632,1928164.4444444445,1928102.2222222225,1873829.3333333335,2592074.666666667,3088415.111111111,2843373.4710999997,2601745.090971429,4323014.660151044,4156560.9035482258,5260130.178829279,5837949.333333334,6477638,6224490.503165612,6092511.111111111,4940375.980377358,5496272.285209271,5514294.163148241,5540739.410509647,5559510.117848065,6098236.444444445,6074934.972130914,6094998.11090121,6123752.061984504,6052854.032437236,6104775.111111111,6081542.1549014,6148062.222222222,6138080.548414739,6167371.764967233,6161021.255313829,6161021.255313829,6234911.636045495,6214382.751722605,6187538.666666667,5556609.554988747,6155591.020226717,5398301.8345593875,5415590.299333679,5897735.614307931,5252671.070558602,5757589.41869512,5705582.222222222,5147394.389185714,5681946.666666667,5084592.581566666
network transmit lo,1579516.4444444445,1579373.3333333335,1580281.7777777778,1581584.888888889,1581842.6666666667,1583231.1111111112,1584226.6666666667,1585481.7777777778,1587250.6666666667,1588241.7777777778,1589334.2222222222,1589745.7777777778,1432665.9215,1596630.0822039547,1598325.3333333335,1601289.7777777778,1608365.3333333335,1616919.1111111112,1633652.4444444445,1489148.6016,1661748.3061201822,1367659.066666667,1680914.5650483281,1696592.8888888888,1566806.6198999998,1407952.2434285714,1746065.3188180402,1746997.250687328,1496192.050897372,1320476.0982385953,1162209.2443110778,983812.6451612904,1782112.3695314236,1766330.9517004858,1766330.9517004858,1749747.9439875528,888182.19251837,1063495.6679607765,1231934.6513508107,1391556.2135506007,1659292.4693520141,1659292.4693520141,1642982.117072087,1629098,1629098,1627823,1636780.2600866957,1509499.0762190546,1649009.1131362526,1651334.2222222225,1498938.3704817877,1503738.8325550652,1650668.4438520493,1346252.1333333333,1335152.4218666668,1165989.2178710646,1639267.8809418038,1640992.888888889,1643626.6666666667,1662550.2222222225,1707747.405276979,1752720.2400800264,1332022.6234378475,1586291.7557788123,1858260.9083291646,2132659.8488216987,2244761.777777778,2354008,2450645.3333333335,2528842.666666667,2575940.4444444445,2602977.777777778,2604837.3333333335,2586688.888888889,2564616,2548936.888888889,2542710.2222222225,2535347.5555555555,2528981.3333333335,2539749.3333333335,2465186.666666667,2220108.2977,1972343.630057143,2278451.354953354,2063581.0030984506,2152612.240364323,2081867.5555555555,2018585,1913746.0846384536,1920258.6666666667,1582831.1028702115,1778936.140603635,1784769.1431048855,1775468.9574446804,1781483.8240030005,1954192,1982820.0657424615,1979526.6140682294,1986361.4096475877,1954396.800710953,1927488.8888888888,1913457.5593026578,1877743.1111111112,1841900.0285632678,1842733.311118516,1806655.6639159792,1806655.6639159792,1798012.2484689415,1790583.685263392,1783304,1620074.0945236308,1753814.6254723272,1550685.6873327498,1555651.8740527697,1684506.554099089,1497834.1257685916,1651215.2939868844,1636929.7777777778,1479223.8633857141,1627232.888888889,1494334.0695333332
Reads completed vda,2,2.4444444444444446,2.7777777777777777,3.8888888888888893,4.777777777777778,5.111111111111112,5.333333333333334,5.666666666666667,6.888888888888888,7.333333333333334,7.444444444444445,7.111111111111112,5.8584499999999995,7.664963341479671,7.777777777777779,8.444444444444445,10,11.777777777777779,12,11.128425,11.662779073642119,9.1,11.10987668036885,10.88888888888889,9.9828875,8.213,5.887580537658297,5.8735316170957255,5.535564260710119,4.885455909318219,2.76946111527882,2.3443548387096778,6.662225183211193,7.002000571591884,7.002000571591884,6.0013336296954884,1.397327989311957,5.938566473217264,6.879130811820426,7.524249571183534,8.88166124593445,8.88166124593445,9.552371431744973,11.375,11.375,7.875,8.780704679337557,7.437453113278319,8.779728828628585,8.555555555555555,6.9071910895157105,6.929311884813947,7.21981561701655,6.299999999999999,6.248057142857143,4.504737631184408,10.661928031985784,9.222222222222223,8.555555555555555,8.444444444444445,9.378516943853946,8.8918528398355,2.7949299533022014,9.812942089357184,44.711537018509254,81.70297910182305,125.22222222222221,170.55555555555557,216.8888888888889,263.55555555555554,306.77777777777777,351.11111111111114,390.11111111111114,401.55555555555554,411.7777777777778,413.55555555555554,415,414.7777777777778,412.33333333333337,403.33333333333337,393.77777777777777,352.7462875,310.9044,378.4984451354954,344.1131434282858,373.9864489614573,368,362.625,368.9881150727535,378.22222222222223,310.6487364208119,348.4207103551776,349.5631565782891,343.1897737217152,344.3524190523816,306.44444444444446,289.2668286408461,239.1376819646627,219.0702324418895,163.74139080204398,128.88888888888889,59.445555873106606,53.22222222222223,51.41388174807198,52.42696878818172,47.511877969492375,47.511877969492375,50.368703912011,49.78884196488109,45.55555555555556,43.25165041260315,47.23271838186264,37.14030618624842,37.259250790475,39.1024216840702,29.893417174297504,32.56641102589752,30.666666666666668,27.139730357142856,30.333333333333336,25.932558333333333
Writes completed vda,14.777777777777777,17,25.333333333333336,56.22222222222223,86.44444444444444,135,158.11111111111111,189.22222222222223,213.77777777777777,236.8888888888889,270.22222222222223,273.11111111111114,243.4636625,243.61253054876693,223.77777777777777,217.44444444444443,206.44444444444443,195.44444444444446,201.33333333333334,167.9483732142857,203.70987448628233,177.1,224.41950894345072,217,205.39504166666666,186.90441428571427,217.28504776716287,209.69757560609847,171.17667944657444,151.07332888814804,114.688272068017,97.08387096774194,210.7483899622474,221.77765075735925,221.77765075735925,219.38208490775727,100.25828323313291,137.34514375291843,159.0981955840171,177.95447398513437,220.29021766324746,220.29021766324746,225.92469176941017,235,235,228.375,216.1831721685006,203.09968117029257,217.38164036452545,207.77777777777777,193.17488522481645,193.79354222119008,205.2649116961013,161.9333333333333,160.59820952380954,150.5530734632684,207.90759662372278,212.33333333333334,212.8888888888889,194.77777777777777,180.9428535700888,164.6104256974547,89.67066933511231,224.21431634403334,313.65480240120064,362.93908403734997,353.8888888888889,336.77777777777777,329.8888888888889,321.8888888888889,324,314.77777777777777,187,98.55555555555556,49.66666666666667,37.111111111111114,39.44444444444444,39.333333333333336,39.88888888888889,133.33333333333334,245.44444444444443,243.80165000000002,244.16755714285713,446.69035984007115,458.39680159920033,586.2490281017438,651.8888888888889,728.75,697.7674108630456,662.4444444444445,555.214439679817,619.2620310155078,621.2925462731365,623.6902154435971,625.8031295578614,588.8888888888889,565.0993282835501,511.50127791976877,484.00399900024985,405.243279271273,362.11111111111114,268.5052872249214,254.11111111111114,259.2116538131962,240.14217483061202,212.6781695423856,212.6781695423856,200.59992500937383,198.1551455879084,190.77777777777777,174.37966991747936,193.59857746165815,169.3960306543525,169.93853409314207,186.40302155076648,162.828537487272,176.39213071023676,178,158.06905714285713,167.55555555555557,148.022125
Read time vda,0.0004999999998997535,0.00045454545463805766,0.00048000000009778887,0.0010285714285730918,0.0009534883722026703,0.000913043478288708,0.0008958333334400473,0.0008627450980723141,0.0007903225806301401,0.0007727272727193352,0.0007611940298429274,0.0007812500000454747,0.0004807692307972153,0.00046376811593106226,0.0004714285713687007,0.0004736842105270817,0.0004888888889076447,0.0006320754717239222,0.0006203703703957015,0.0006428571428767434,0.0006285714285608957,0.000679487179485687,0.000639999999984866,0.0006326530612048892,0.0006551724137175003,0.0006857142856460997,0.0004716981132350036,0.0004893617021499518,0.0004871794871854572,0.0004871794871854572,0.00047058823538998905,0.000470588235389989,0.00048333333337116825,0.0004897959183186426,0.0004897959183186426,0.00048148148144483216,0.0005000000001018634,0.0010638297872959655,0.0010638297872959655,0.000920634920591496,0.0008732394365926641,0.0008732394365926641,0.0007674418604522564,0.0007582417582762991,0.0007582417582762991,0.00044444444441949833,0.00043037974683102215,0.0004153846154132715,0.00041772151902639247,0.0004155844155745883,0.0004426229508502073,0.0004426229508502073,0.0004307692307450522,0.0004259259259453285,0.00042592592594532845,0.00044736842104803624,0.0004791666666884946,0.0004939759035836008,0.0004935064935125411,0.0004868421052187363,0.0005199999999604189,0.0005250000000160072,0.0005833333334521741,0.006313953488347051,0.009826633165829293,0.01007619047619412,0.009598935226270257,0.00918957654723112,0.009081967213116184,0.008918634064080454,0.008834842448386959,0.008664873417719602,0.00853460552549239,0.008214720531267827,0.007972477064218785,0.007858678130037615,0.007798393574297297,0.007693544066434814,0.007607652923741204,0.007767493112948636,0.008097065462754953,0.00817087192590186,0.008281296023563464,0.009083333333334971,0.00928276092030675,0.00985446985446994,0.010087862318840598,0.010501206480523937,0.010262492474412077,0.010150117508813008,0.009903990963852794,0.009949753694580841,0.009949753694580841,0.009525666666668257,0.009525666666668257,0.009131979695432021,0.009067687747036953,0.008555297397769545,0.00824985738733573,0.007422659430126303,0.006018103448275662,0.0004687499999993003,0.00046137787055893506,0.0004611111111039968,0.0004682203389782413,0.00047631578946541263,0.00047631578946541263,0.0004615384615241624,0.00047321428571324626,0.000487804878041682,0.000497354497359579,0.0004941176470567691,0.0004908536585367627,0.0004908536585367629,0.00048011363636843196,0.00048106060606214937,0.00047440273038516106,0.00046376811593106226,0.0004518828451890152,0.00046520146520295775,0.00046460176992566996
Write time vda,0.0006691729323850959,0.0006601307189222913,0.0006491228069583151,0.0007233201581207121,0.0008187660668598928,0.0009473251028910065,0.0009451862262833199,0.0009283617146245379,0.0009313929314011604,0.0009244840525283554,0.000920230263150906,0.0009129373474394034,0.0009329014345225635,0.0008805289557602849,0.0007959285004979117,0.0007721001532951473,0.0007540365984841062,0.0007094940306948929,0.0007069536423936145,0.0006727518593809649,0.000798800436203112,0.0008386034255702239,0.0008084158415849654,0.0008049155145855425,0.0008178770949760993,0.0008336472065339705,0.0008205521472446204,0.0008247914183497732,0.0007072968490902105,0.0007072968490902105,0.0007002840909329032,0.000700284090932903,0.0006996838777706084,0.0006726804123675336,0.0006726804123675336,0.000680344478213516,0.0006498257839587399,0.0006752529898774061,0.000675252989877406,0.000669127516780555,0.000750141964790616,0.000750141964790616,0.0007881022615549626,0.0008095744680836202,0.0008095744680836202,0.0008401751505218897,0.000820565552694321,0.0008473239436542326,0.0008231083844509357,0.0007534759358209086,0.0007245017585020069,0.000724501758502007,0.0007132034632030852,0.0006801152737669966,0.0006801152737669965,0.0006952755905524643,0.0006623931623881875,0.0006745159602401148,0.0006873695198382107,0.0006885339418111112,0.0006897028334432043,0.0006887238352590321,0.0007636363636596466,0.001465139949117235,0.004555157593131298,0.00435130168454027,0.00459152276294556,0.004875288683603386,0.005051195688785122,0.005162927166042106,0.0052825788751647606,0.005552417931514782,0.00805347593583109,0.00436189402477672,0.0054876957493948785,0.005868263473029494,0.005146478873211891,0.004847457627078524,0.004877437325875459,0.0045850000000064025,0.004922136713454695,0.00497134935305066,0.004971401781538298,0.004495524614620982,0.0045061326658342145,0.00436453201970858,0.004420657917166536,0.004433962264151942,0.004457020057308295,0.00423062730627275,0.0042471034337461105,0.004394863266815132,0.004394863266815132,0.004477256052819953,0.004477256052819955,0.0040658490566035975,0.0038391502276158363,0.0033771453399921146,0.0032347017815623946,0.0028141447368429983,0.0020877569806700596,0.0005183608302376429,0.0005780498469674982,0.00060661157024524,0.0006012950971269002,0.000607289829509588,0.000607289829509588,0.0006317757009318232,0.0006191811553680246,0.0006202679091452117,0.0005387139107587104,0.0005327210103245302,0.0005254010695138919,0.0005254010695138918,0.0005280095351600733,0.0005278164116968173,0.0005261499685072178,0.000530586766527289,0.0005222701149313222,0.0005305039787914206,0.000537209302347601
IO time vda,0.012444444444554392,0.01300000000022313,0.018777777777965337,0.028000000000045273,0.038777777777593454,0.05233333333348532,0.061999999999696034,0.07111111111104644,0.08088888888879511,0.09111111111107878,0.10011111111089122,0.1012222222222287,0.09181993749985244,0.09820039991133453,0.0949999999999515,0.09322222222221575,0.09222222222241624,0.08966666666674428,0.08622222222200233,0.07687697678567793,0.09030323225572397,0.07396666666645615,0.09021219864438165,0.08788888888900855,0.08158428750034062,0.07333035714285714,0.08986891801834103,0.09185203699082505,0.07451721120207352,0.06576575262561987,0.05652958864741782,0.047852419355055444,0.0993781923162821,0.10474421263220557,0.10474421263220557,0.1019115358970083,0.04960514362051348,0.06393435394539554,0.07406042959073443,0.08419993567730409,0.10095071303440839,0.10095071303440839,0.09796734421875221,0.10024999999995998,0.10024999999995998,0.0961250000000291,0.09569856618881692,0.08513023255799966,0.09502111580346337,0.09400000000015199,0.08945378624095597,0.08974026867186656,0.09485726979888479,0.07758333333343519,0.07694366666676769,0.06792670164921336,0.09662372279016208,0.0933333333333495,0.09222222222201203,0.08355555555560083,0.07602851069153116,0.06924530399017367,0.03167587280376625,0.05739430082503094,0.10155585292630957,0.14339706536207594,0.17811111111101735,0.21044444444447033,0.2463333333333948,0.2858888888889245,0.32566666666672167,0.3624444444447161,0.3806666666666085,0.375444444444535,0.37511111111113377,0.37077777777813026,0.3744444444447355,0.37655555555546827,0.376222222222067,0.38300000000001294,0.39522222222229986,0.3562388250000295,0.32143577142867474,0.41514882274557907,0.3881743128433478,0.4295234921690959,0.43666666666669907,0.44412499999998545,0.44673997556379474,0.443777777777642,0.36281339622629255,0.40322974820758023,0.404551909288121,0.4010744488895844,0.40243319373269026,0.3783333333336082,0.3575818207803927,0.31725747305251284,0.30167458135474495,0.26071984003572224,0.23111111111090094,0.17247785081430633,0.16300000000006146,0.1602399314480704,0.15472620237658458,0.14966241560391552,0.14966241560391552,0.1411073615799044,0.14169815514574963,0.1374444444445544,0.12872515003750937,0.1424761058012051,0.12331034584438254,0.12370525643585564,0.1284159075759875,0.11130768591795329,0.12226297654757638,0.12022222222205729,0.10958091964287367,0.11755555555525159,0.10338599583310623
mem_Used%,34.263502197979214,34.264414012358124,34.71621803710679,34.76500010637834,34.802637777685476,34.84447992640645,34.87852099655233,34.88024331260138,34.911954190445606,34.9503010507141,34.98753347118616,35.03241500117016,35.139299908919874,35.1420353520566,35.14487210790209,35.157333571080486,35.15900523077515,35.18073680680578,35.22156582843908,35.243854624367934,35.23529370047708,35.26021662683389,35.281239013903146,35.2891920615414,35.290762408527286,35.28422773881178,35.2714116811527,35.27029724135625,35.42287418076011,35.17166931937109,35.03140187408249,35.03717669848223,35.041482488604856,35.04908094176241,35.02436064082315,35.010176861595696,35.03575832055949,35.02238504300218,35.021625197686426,35.02866643094576,35.07136973769126,35.1033845536618,35.13408230441834,35.38346353704955,35.44181965729963,35.45402783870612,35.465577487505605,35.4618795736356,35.47819091974716,35.36066817757686,35.35671698193493,35.350840844826415,35.34369829885831,35.348105401689686,35.360820146640016,35.36573381301524,35.38103203203913,35.36512593676263,35.38787063988094,35.38508454038983,35.36213721185399,35.294359009688534,35.43239757538426,35.44572019658718,35.43118182287904,35.42880097422301,35.45073517567117,35.44617610377664,35.448202357951985,35.42064530116722,35.4016998246277,35.389289017803684,35.34410354969337,35.34830802710724,35.345471271261744,35.37394014242541,35.36801334896251,35.35712223277,35.3406082612409,35.33665706559896,35.32211869189082,35.297550360014704,35.370140915846626,35.36304902623289,35.36076949028563,35.36239049362591,35.34896655971421,35.35732485818753
descriptor_used /dev/vda1,0.995385355166976,0.995385355166976,0.9953853170197472,0.9953853170197472,0.9953853170197472,0.9953853170197472,0.9953853170197472,0.9953853170197472,0.9953853170197472,0.9953853170197472,0.9953853170197472,0.9953853170197472,0.9953853170197472,0.9953853170197472,0.9953853170197472,0.9953853170197472,0.9953853170197472,0.9953853170197472,0.9953853170197472,0.9953853170197472,0.9953853170197472,0.9953853170197472,0.9953853170197472,0.9953853170197472,0.9953853170197472,0.9953853170197472,0.9953853170197472,0.9953853170197472,0.9953853170197472,0.9953853170197472,0.9953853170197472,0.9953853170197472,0.9953853170197472,0.9953853170197472,0.9953853170197472,0.9953853170197472,0.9953853170197472,0.9953853170197472,0.9953853170197472,0.9953853170197472,0.9953853170197472,0.9953853170197472,0.9953853170197472,0.9953853170197472,0.9953853170197472,0.9953853170197472,0.9953853170197472,0.9953853170197472,0.9953853170197472,0.9953853170197472,0.9953853170197472,0.9953853170197472,0.9953853170197472,0.9953853170197472,0.9953853170197472,0.9953853170197472,0.9953853170197472,0.9953853170197472,0.9953853170197472,0.9953853170197472,0.9953853170197472,0.9953853170197472,0.9953853170197472,0.9953853170197472,0.9953853170197472,0.9953853170197472,0.9953853170197472,0.9953853170197472,0.9953853170197472,0.9953853170197472,0.9953853170197472,0.9953853170197472,0.9953853170197472,0.9953853170197472,0.9953853170197472,0.9953853170197472,0.9953853170197472,0.9953853170197472,0.9953853170197472,0.9953853170197472,0.9953853170197472,0.9953853170197472,0.9953853170197472,0.9953853170197472,0.9953853170197472,0.9953853170197472,0.9953853170197472,0.9953853170197472
thread_connect,1,4,6,3,7,5,8,8,8,7,42,58,97,135,175,223,253,253,253,253,253,253,232,234,228,228,226,242,253,253,253,238,31
threads_running,1,1,1,1,2,1,1,3,1,1,20,51,91,129,167,213,249,250,250,250,250,249,227,228,221,224,222,237,250,250,250,194,16
lock_wait,175127,175132,175146,175177,175209,175230,175265,175281,175313,175364,176450,176455,176458,176461,176463,176468,176477,176477,176477,176477,176477,176477,176482,176497,176500,176516,176538,176545,176547,176547,176547,176811,178165
bytes_received,1410653574,1410710802,1410834016,1411007623,1411181899,1411349753,1411522402,1411662576,1411829138,1412022992,1419188565,1419255893,1419307503,1419357473,1419414713,1419454245,1419503358,1419519749,1419524684,1419544049,1419553390,1419569894,1419587511,1419626411,1419662096,1419708662,1419753053,1419796521,1419824950,1419837388,1419847847,1420029868,1425454177
questions,9057599,9057963,9058887,9060249,9061568,9062906,9064228,9065296,9066594,9068108,9124564,9125150,9125576,9125996,9126512,9126882,9127310,9127358,9127375,9127433,9127461,9127567,9127706,9128085,9128445,9128910,9129338,9129745,9129919,9129955,9129991,9131215,9174910
queries,9182340,9182705,9183634,9184996,9186321,9187660,9188985,9190058,9191359,9192876,9249474,9250063,9250494,9250917,9251436,9251807,9252240,9252291,9252309,9252372,9252401,9252512,9252652,9253033,9253397,9253865,9254298,9254708,9254885,9254924,9254963,9256188,9299993
abort,174,174,174,174,174,174,174,174,174,174,174,174,174,174,174,174,174,174,174,174,174,174,174,174,174,174,174,174,174,174,174,174,174
mysql_global_status_threads_cached,10,7,5,8,4,6,3,4,5,6,2,0,0,0,0,0,0,0,0,0,0,0,5,2,3,2,4,2,0,0,0,11,1
select_full_range_join,0,0,0,0,0,0,0,0,0,0,0,0,0,0,0,0,0,0,0,0,0,0,0,0,0,0,0,0,0,0,0,0,0
select_full_join,114,114,114,114,114,114,114,114,114,114,114,114,114,114,114,114,114,114,114,114,114,114,114,114,114,114,114,114,114,114,114,114,114
Thread Cache Size,11,11,11,11,11,11,11,11,11,11,11,11,11,11,11,11,11,11,11,11,11,11,11,11,11,11,11,11,11,11,11,11,11
Threads Cached,10,7,5,8,4,6,3,4,5,6,2,0,0,0,0,0,0,0,0,0,0,0,5,2,3,2,4,2,0,0,0,11,1
Created Tmp Tables,5499981,5500118,5500246,5500383,5500525,5500654,5500790,5500926,5501057,5501200,5507607,5507743,5507878,5508015,5508155,5508278,5508413,5508552,5508673,5508814,5508939,5509070,5509206,5509334,5509467,5509601,5509738,5509872,5510008,5510139,5510271,5510402,5515208
Free Memory,1031832,1031832,1031832,1031832,1031832,1031832,1031832,1031832,1031832,1031832,1031832,1031832,1031832,1031832,1031832,1031832,1031832,1031832,1031832,1031832,1031832,1031832,1031832,1031832,1031832,1031832,1031832,1031832,1031832,1031832,1031832,1031832,1031832
open_files,55,55,55,56,56,56,56,56,56,56,70,70,70,70,70,70,70,70,70,70,70,70,70,70,70,70,70,70,70,70,70,91,96
innodb_num_open_files,29,29,29,29,29,29,29,29,29,29,29,29,29,29,29,29,29,29,29,29,29,29,29,29,29,29,29,29,29,29,29,29,29
Query Cache Size,1048576,1048576,1048576,1048576,1048576,1048576,1048576,1048576,1048576,1048576,1048576,1048576,1048576,1048576,1048576,1048576,1048576,1048576,1048576,1048576,1048576,1048576,1048576,1048576,1048576,1048576,1048576,1048576,1048576,1048576,1048576,1048576,1048576
table_open_cache,2000,2000,2000,2000,2000,2000,2000,2000,2000,2000,2000,2000,2000,2000,2000,2000,2000,2000,2000,2000,2000,2000,2000,2000,2000,2000,2000,2000,2000,2000,2000,2000,2000
process state after create,0,0,0,0,0,0,0,0,0,0,0,0,0,0,0,0,0,0,0,0,0,0,0,0,0,0,0,0,0,0,0,0,0
process state altering table,0,0,0,0,0,0,0,0,0,0,0,0,0,0,0,0,0,0,0,0,0,0,0,0,0,0,0,0,0,0,0,0,0
process state analyzing,0,0,0,0,0,0,0,0,0,0,0,0,0,0,0,0,0,0,0,0,0,0,0,0,0,0,0,0,0,0,0,0,0
process state checking permissions,0,0,0,0,0,0,0,0,0,0,0,0,0,0,0,0,0,0,0,0,0,0,0,0,0,0,0,0,0,0,0,0,0
process state checking table,0,0,0,0,0,0,0,0,0,0,0,0,0,0,0,0,0,0,0,0,0,0,0,0,0,0,0,0,0,0,0,0,0
process state cleaning up,0,0,0,0,0,0,0,0,0,0,0,0,0,0,0,0,0,0,0,0,0,0,0,0,0,0,0,0,0,0,0,0,0
process state closing tables,0,0,0,0,0,0,0,0,0,0,0,0,0,0,0,0,0,0,0,0,0,0,0,0,0,0,0,0,0,0,0,0,0
process state converting heap to myisam,0,0,0,0,0,0,0,0,0,0,0,0,0,0,0,0,0,0,0,0,0,0,0,0,0,0,0,0,0,0,0,0,0
process state copying to tmp table,0,0,0,0,0,0,0,0,0,0,0,0,0,0,0,0,0,0,0,0,0,0,0,0,0,0,0,0,0,0,0,0,0
process state creating sort index,0,0,0,0,0,0,0,0,0,0,0,0,0,0,0,0,0,0,0,0,0,0,0,0,0,0,0,0,0,0,0,0,0
process state creating table,0,0,0,0,0,0,0,0,0,0,0,0,0,0,0,0,0,0,0,0,0,0,0,0,0,0,0,0,0,0,0,0,0
process state creating tmp table,0,0,0,0,0,0,0,0,0,0,0,0,0,0,0,0,0,0,0,0,0,0,0,0,0,0,0,0,0,0,0,0,0
process state deleting,0,0,0,0,0,0,0,0,0,0,0,0,0,0,0,0,0,0,0,0,0,0,0,0,0,0,0,0,0,0,0,0,0
process state end,0,0,0,0,0,0,0,0,0,0,0,0,0,0,0,0,0,0,0,0,0,0,0,0,0,0,0,0,0,0,0,0,0
process state executing,0,0,0,0,0,1,0,0,0,0,0,0,0,0,0,0,0,0,0,0,0,0,0,0,0,0,0,0,0,0,0,1,0
process state execution of init_command,0,0,0,0,0,0,0,0,0,0,0,0,0,0,0,0,0,0,0,0,0,0,0,0,0,0,0,0,0,0,0,0,0
process state flushing tables,0,0,0,0,0,0,0,0,0,0,0,0,0,0,0,0,0,0,0,0,0,0,0,0,0,0,0,0,0,0,0,0,0
process state freeing items,0,0,0,0,0,0,0,0,0,0,0,0,0,0,0,0,0,0,0,0,0,0,0,0,0,0,0,0,0,0,0,0,0
process state fulltext initialization,0,0,0,0,0,0,0,0,0,0,0,0,0,0,0,0,0,0,0,0,0,0,0,0,0,0,0,0,0,0,0,0,0
process state idle,0,3,6,1,5,4,7,6,7,5,19,6,7,6,7,10,4,3,3,3,3,3,5,5,7,4,4,3,3,3,3,43,14
process state init,0,0,0,0,0,0,0,0,0,0,0,0,0,0,0,0,0,0,0,0,0,0,0,0,0,0,0,0,0,0,0,0,0
process state killed,0,0,0,0,0,0,0,0,0,0,0,0,0,0,0,0,0,0,0,0,0,0,0,0,0,0,0,0,0,0,0,0,0
process state logging slow query,0,0,0,0,0,0,0,0,0,0,0,0,0,0,0,0,0,0,0,0,0,0,0,0,0,0,0,0,0,0,0,0,0
process state login,0,0,0,0,0,0,0,0,0,0,0,0,0,0,0,0,0,0,0,0,0,0,0,0,0,0,0,0,0,0,0,0,0
process state manage keys,0,0,0,0,0,0,0,0,0,0,0,0,0,0,0,0,0,0,0,0,0,0,0,0,0,0,0,0,0,0,0,0,0
process state opening tables,0,0,0,0,0,0,0,0,0,0,0,0,0,0,0,0,0,0,0,0,0,0,0,0,0,0,0,0,0,0,0,0,0
process state optimizing,0,0,0,0,0,0,0,0,0,0,0,0,0,0,0,0,0,0,0,0,0,0,0,0,0,0,0,0,0,0,0,0,0
process state other,0,1,0,0,0,0,0,0,0,1,1,1,1,1,0,0,0,0,0,0,0,0,0,1,0,1,1,1,0,0,0,0,1
process state preparing,0,0,0,0,0,0,0,0,0,0,0,0,0,0,0,0,0,0,0,0,0,0,0,0,0,0,0,0,0,0,0,0,0
process state reading from net,0,0,0,0,0,0,0,0,0,0,0,0,0,0,0,0,0,0,0,0,0,0,0,0,0,0,0,0,0,0,0,0,0
process state removing duplicates,0,0,0,0,0,0,0,0,0,0,0,0,0,0,0,0,0,0,0,0,0,0,0,0,0,0,0,0,0,0,0,0,0
process state removing tmp table,0,0,0,0,0,0,0,0,0,0,0,0,0,0,0,0,0,0,0,0,0,0,0,0,0,0,0,0,0,0,0,0,0
process state reopen tables,0,0,0,0,0,0,0,0,0,0,0,0,0,0,0,0,0,0,0,0,0,0,0,0,0,0,0,0,0,0,0,0,0
process state repair by sorting,0,0,0,0,0,0,0,0,0,0,0,0,0,0,0,0,0,0,0,0,0,0,0,0,0,0,0,0,0,0,0,0,0
process state repair done,0,0,0,0,0,0,0,0,0,0,0,0,0,0,0,0,0,0,0,0,0,0,0,0,0,0,0,0,0,0,0,0,0
process state repair with keycache,0,0,0,0,0,0,0,0,0,0,0,0,0,0,0,0,0,0,0,0,0,0,0,0,0,0,0,0,0,0,0,0,0
process state replication master,0,0,0,0,0,0,0,0,0,0,0,0,0,0,0,0,0,0,0,0,0,0,0,0,0,0,0,0,0,0,0,0,0
process state rolling back,0,0,0,0,0,0,0,0,0,0,0,0,0,0,0,0,0,0,0,0,0,0,0,0,0,0,0,0,0,0,0,0,0
process state searching rows for update,0,0,0,0,0,0,0,0,0,0,0,0,0,0,0,0,0,0,0,0,0,0,0,0,0,0,0,0,0,0,0,0,0
process state sending data,0,0,0,0,0,0,0,0,0,0,0,0,0,0,0,6,4,4,4,4,4,4,4,4,4,4,4,4,4,4,4,4,0
process state sorting for group,0,0,0,0,0,0,0,0,0,0,0,0,0,0,0,0,0,0,0,0,0,0,0,0,0,0,0,0,0,0,0,0,0
process state sorting for order,0,0,0,0,0,0,0,0,0,0,0,0,0,0,0,0,0,0,0,0,0,0,0,0,0,0,0,0,0,0,0,0,0
process state sorting index,0,0,0,0,0,0,0,0,0,0,0,0,0,0,0,0,0,0,0,0,0,0,0,0,0,0,0,0,0,0,0,0,0
process state sorting result,0,0,0,0,0,0,0,0,0,0,0,0,0,0,0,0,0,0,0,0,0,0,0,0,0,0,0,0,0,0,0,0,0
process state statistics,0,0,0,0,0,0,0,0,0,0,0,0,0,0,0,1,0,0,0,0,0,0,0,0,0,0,0,0,0,0,0,0,0
process state updating,0,0,0,0,1,0,0,1,0,0,7,25,52,84,118,148,184,185,185,185,185,186,163,163,153,150,146,160,173,173,173,181,15
process state waiting for lock,0,0,0,0,0,0,0,0,0,0,11,26,36,43,48,57,60,60,60,60,60,59,59,61,63,69,71,72,72,72,72,8,0
process state waiting for table flush,0,0,0,0,0,0,0,0,0,0,0,0,0,0,0,0,0,0,0,0,0,0,0,0,0,0,0,0,0,0,0,0,0
process state waiting for tables,0,0,0,0,0,0,0,0,0,0,0,0,0,0,0,0,0,0,0,0,0,0,0,0,0,0,0,0,0,0,0,0,0
process state waiting on cond,0,0,0,0,0,0,0,0,0,0,0,0,0,0,0,0,0,0,0,0,0,0,0,0,0,0,0,0,0,0,0,0,0
process state writing to net,0,0,0,0,0,0,0,0,0,0,0,0,0,0,0,0,0,0,0,0,0,0,0,0,0,0,0,0,0,0,0,0,0
qcache_queries_in_cache,0,0,0,0,0,0,0,0,0,0,0,0,0,0,0,0,0,0,0,0,0,0,0,0,0,0,0,0,0,0,0,0,0
disk_io_now vda,0,0,0,0,0,0,0,0,0,0,0,0,0,0,0,0,0,0,0,0,0,0,0,0,0,0,0,0,0,0,0,0,0,0,0,0,0,0,0,0,0,0,0,0,0,0,0,0,0,0,0,0,0,0,0,0,0,0,0,0,0,0,0,0,0,0,0,0,0,0,0,0,0,0,0,0,0,0,0,0,0,0,0,0,0,0,0
mem_buffer,0,0,0,0,0,0,0,0,0,0,0,0,0,0,0,0,0,0,0,0,0,0,0,0,0,0,0,0,0,0,0,0,0,0,0,0,0,0,0,0,0,0,0,0,0,0,0,0,0,0,0,0,0,0,0,0,0,0,0,0,0,0,0,0,0,0,0,0,0,0,0,0,0,0,0,0,0,0,0,0,0,0,0,0,0,0,0
mem_cached,5641596928,5641891840,5645869056,5646639104,5647269888,5647765504,5648347136,5653520384,5654167552,5635665920,5635903488,5617799168,5618421760,5619134464,5619892224,5621223424,5621690368,5622644736,5624135680,5624606720,5626191872,5600219136,5600653312,5601595392,5603905536,5605044224,5605490688,5610790912,5611425792,5612335104,5613121536,5613465600,5614333952,5614817280,5615247360,5616312320,5619163136,5619511296,5619912704,5620121600,5620572160,5620850688,5621112832,5618405376,5614022656,5612396544,5610377216,5600276480,5614764032,5626195968,5608710144,5622304768,5613125632,5620461568,5616107520,5620232192,5630525440,5623222272,5616979968,5623681024,5623971840,5622300672,5612929024,5604302848,5622456320,5608411136,5620609024,5598502912,5614342144,5618155520,5621682176,5624602624,5626466304,5628256256,5619449856,5620645888,5623959552,5627211776,5628637184,5629616128,5631221760,5605797888,5607632896,5608562688,5609439232,5610672128,5613244416
Read bytes vda,1221196524544,1221196585984,1221200169984,1221200436224,1221200501760,1221200616448,1221200665600,1221201259520,1221201374208,1221201722368,1221201738752,1221202443264,1221202660352,1221203028992,1221203381248,1221204364288,1221204478976,1221204642816,1221205408768,1221205437440,1221205867520,1221206850560,1221206895616,1221206993920,1221208632320,1221208927232,1221209058304,1221209361408,1221209627648,1221209771008,1221210180608,1221210237952,1221210594304,1221210725376,1221210758144,1221211053056,1221212421120,1221212437504,1221212437504,1221212453888,1221212707840,1221212838912,1221212937216,1221229288448,1221328313344,1221439216640,1221563816960,1221690280960,1221817166848,1221944003584,1222068857856,1222194125824,1222320225280,1222446836736,1222576638976,1222701566976,1222828887040,1222954859520,1223083428864,1223181601792,1223277972480,1223607356416,1223823956992,1223932820480,1224149437440,1224256953344,1224364018688,1224471870464,1224683027456,1224686087168,1224688978944,1224690977792,1224692521984,1224693722112,1224696380416,1224697183232,1224699780096,1224702659584,1224703622144,1224704318464,1224705391616,1224705719296,1224706784256,1224707341312,1224707849216,1224708590592,1224710360064
