Avg Threads Running,1,1,1.5,2,2.5,3.0999999999999996,3.7,4.2,4.7,5.5,5.9,6.4444444444444455,6.500000000000001,6.571428571428572,6.666666666666667,6.6,6.5,6.666666666666667,7,5,76,76,76,76,76,76,76,76,76,76,25,19.5,19.5,19.5,19.5,19.5,22.666666666666664,22.666666666666664,22.666666666666664,22.666666666666664,21.5,29,29,29,29,29,16,16,19.5,18.666666666666668,18.666666666666668,18.666666666666668,18.666666666666668,18.666666666666668,18.666666666666668,18.666666666666668,20,20,17,39,39,39,39,39,39,39,39,39,39,23,20,20,20,20
Peak Threads Connected,1,1,6,6,6,7,7,7,7,9,9,9,9,9,9,9,9,9,9,5,76,76,76,76,76,76,76,76,76,76,25,25,25,25,25,25,29,29,29,29,29,29,29,29,29,29,16,16,23,23,23,23,23,23,23,23,23,23,17,39,39,39,39,39,39,39,39,39,39,23,23,23,23,23
Peak Threads Running,1,1,3,3,3,3,3,3,3,4,4,4,4,4,4,4,4,4,4,1,44,44,44,44,44,44,44,44,44,44,13,13,13,13,13,13,13,13,13,13,8,8,8,8,8,8,1,1,6,6,6,6,6,6,6,6,6,6,2,9,9,9,9,9,9,9,9,9,9,3,3,3,3,3
Questions,37.66666666666667,39.44444444444444,119.11111111111111,274.55555555555554,433.2222222222223,566.5555555555555,655.7777777777778,802.5555555555555,942.3333333333334,1079.111111111111,1191.4444444444446,1072.684575,928.7951428571427,778.5264666666666,654.06348,575.5545500000001,437.5376,303.49649999999997,171.76979999999998,240.19694323144103,195.4,195.4,195.4,195.4,1103.3204112590597,1103.3204112590597,1103.3204112590597,840.9784004719365,1110.0259118995414,419.46248138957816,516.800419322375,501.9,501.9,501.9,501.9,546.3206474337471,434.0764340825227,232,192.73291925465838,260.17600205549843,216.6,216.6,216.6
Threads Created,0,0,0,0,0,0,0,0.22222222222222224,0.22222222222222224,0.22222222222222224,0.22222222222222224,0.21555,0.21777142857142856,0.2207333333333333,0.22488000000000002,0.2311,0,0,0,0,0,0,0,0,2.1911343333895164,2.1911343333895164,2.1911343333895164,1.6701373672678241,2.59118995415587,0.9594292803970224,0.7722660181147265,0.75,0.75,0.75,0.75,0.8163787319691378,0.648649781952365,0,0,0,0,0,0
Created Tmp Disk Tables,9,9.11111111111111,8.88888888888889,9,8.88888888888889,8.88888888888889,9.222222222222223,9.11111111111111,8.88888888888889,9.11111111111111,9,7.975350000000001,6.968685714285714,6.070166666666666,5.17224,4.1598,3.2598,2.622,1.4598,1.7209606986899566,1.4,1.4,1.4,1.4,8.764537333558065,8.764537333558065,8.764537333558065,6.6805494690712965,8.969503687462627,3.645831265508684,4.324689701442468,4.2,4.2,4.2,4.2,4.571720899027172,3.632438778933244,1.8,1.4953416149068324,2.1621274409044196,1.8,1.8,1.8
Created Tmp Files,0,0,0,0,0,0,0,0,0,0,0,0,0,0,0,0,0,0,0,0,0,0,0,0,0,0,0,0,0,0,0,0,0,0,0,0,0,0,0,0,0,0,0
Select Full Join,0,0,0,0,0,0,0,0,0,0,0,0,0,0,0,0,0,0,0,0,0,0,0,0,0,0,0,0,0,0,0,0,0,0,0,0,0,0,0,0,0,0,0
Select Full Range Join,0,0,0,0,0,0,0,0,0,0,0,0,0,0,0,0,0,0,0,0,0,0,0,0,0,0,0,0,0,0,0,0,0,0,0,0,0,0,0,0,0,0,0
Select Range,0,0,0.22222222222222224,4.666666666666667,8.666666666666668,10.333333333333334,11.222222222222223,16.88888888888889,19.22222222222222,21.555555555555557,23.77777777777778,22.848300000000002,18.728342857142856,15.009866666666664,13.60524,13.057149999999998,7.485466666666667,5.3751,3.2439999999999998,0,0,0,0,0,16.349233102983312,16.349233102983312,16.349233102983312,12.461794201921457,19.334263504086106,6.140347394540942,8.649379402884936,8.4,8.4,8.4,8.4,9.143441798054344,7.264877557866488,4.8,3.987577639751553,2.1621274409044196,1.8,1.8,1.8
Select Range Check,0,0,0,0,0,0,0,0,0,0,0,0,0,0,0,0,0,0,0,0,0,0,0,0,0,0,0,0,0,0,0,0,0,0,0,0,0,0,0,0,0,0,0
Select Scan,28.666666666666668,30.111111111111114,27.888888888888893,28.666666666666668,28.666666666666668,28.555555555555554,29.555555555555554,29.333333333333336,27.22222222222222,29.555555555555554,28.666666666666668,25.65045,22.865999999999996,19.424533333333333,16.416240000000002,13.51935,10.745266666666668,9.0459,4.5416,4.425327510917031,3.6,3.6,3.6,3.6,27.304904769930896,27.304904769930896,27.304904769930896,20.81248103826058,28.702411799880405,10.36183622828784,13.591881918819187,13.2,13.2,13.2,13.2,14.368265682656826,11.416236162361624,6.8,5.649068322981367,6.72661870503597,5.6,5.6,5.6
Sort Rows,46,51.111111111111114,46,46,40.88888888888889,40.88888888888889,51.111111111111114,46,40.88888888888889,51.111111111111114,46,44.618849999999995,40.069942857142856,35.538066666666666,31.033440000000002,21.2612,16.6612,18.0918,7.4612,0,0,0,0,0,38.76622282150683,38.76622282150683,38.76622282150683,29.54858419012304,45.84412995814231,17.653498759305208,21.314542099966452,20.7,20.7,20.7,20.7,22.532053002348206,17.902733981885273,9.2,7.642857142857143,11.05087358684481,9.2,9.2,9.2
Sort Range,0,0,0,0,0,0,0,0,0,0,0,0,0,0,0,0,0,0,0,0,0,0,0,0,0,0,0,0,0,0,0,0,0,0,0,0,0,0,0,0,0,0,0
Sort Merge Passes,0,0,0,0,0,0,0,0,0,0,0,0,0,0,0,0,0,0,0,0,0,0,0,0,0,0,0,0,0,0,0,0,0,0,0,0,0,0,0,0,0,0,0
opened_tables,0,0,0,0,0,0,0,0,0,0,0,0,0,0,0,0,0,0,0,0,0,0,0,0,0.16854879487611665,0.16854879487611665,0.16854879487611665,0.12847210517444801,0.19932230416583613,0,0.1544532036229453,0.15,0.15,0.15,0.15,0.16327574639382758,0.129729956390473,0.2,0.16614906832298137,0,0,0,0
table_open_cache_hits,276.77777777777777,280.6666666666667,437.44444444444446,739,1048.4444444444446,1307.2222222222222,1477.6666666666667,1762,2035.3333333333335,2301.222222222222,2518,2258.1018,1957.4384857142854,1644.7944333333332,1382.0000400000001,1212.3506,924.2136666666668,642.39,364.78779999999995,508.6668122270742,413.8,413.8,413.8,413.8,2339.9629192651273,2339.9629192651273,2339.9629192651273,1783.5782361368615,2354.793701415188,893.8043176178659,1099.8612629989934,1068.15,1068.15,1068.15,1068.15,1162.6865900704463,923.8070194565582,492.6,409.22515527950316,553.9850976361768,461.2,461.2,461.2
table_open_cache_misses,0,0,0,0,0,0,0,0,0,0,0,0,0,0,0,0,0,0,0,0,0,0,0,0,0.16854879487611665,0.16854879487611665,0.16854879487611665,0.12847210517444801,0.19932230416583613,0,0.1544532036229453,0.15,0.15,0.15,0.15,0.16327574639382758,0.129729956390473,0.2,0.16614906832298137,0,0,0,0
table_open_cache_overflows,0,0,0,0,0,0,0,0,0,0,0,0,0,0,0,0,0,0,0,0,0,0,0,0,0,0,0,0,0,0,0,0,0,0,0,0,0,0,0,0,0,0,0
Sort Scan,1,1.1111111111111112,1,1,0.888888888888889,0.888888888888889,1.1111111111111112,1,0.888888888888889,1.1111111111111112,1,0.969975,0.8710857142857142,0.7725666666666666,0.67464,0.4622,0.36219999999999997,0.3933,0.16219999999999998,0,0,0,0,0,0.8427439743805832,0.8427439743805832,0.8427439743805832,0.64236052587224,0.9966115208291807,0.3837717121588089,0.46335961086883587,0.45,0.45,0.45,0.45,0.48982723918148274,0.389189869171419,0.2,0.16614906832298137,0.24023638232271324,0.2,0.2,0.2
Slow Queries,2.7777777777777777,3.3333333333333335,4.333333333333334,5.444444444444445,6.888888888888888,8.777777777777779,10.555555555555555,11.88888888888889,13.88888888888889,18.444444444444446,19.555555555555557,17.567325,16.441742857142856,14.78913333333333,12.81816,11.20835,9.900133333333333,7.734899999999999,2.5951999999999997,1.475109170305677,1.2,1.2,1.2,1.2,12.304062025956515,12.304062025956515,12.304062025956515,9.378463677734704,13.35459437911102,7.675434243176179,10.657271049983226,10.35,10.35,10.35,10.35,11.266026501174103,8.951366990942637,5.8,4.818322981366459,4.084018499486126,3.4,3.4,3.4
Aborted Connects (attempts),0,0,0,0,0,0,0,0,0,0,0,0,0,0,0,0,0,0,0,0,0,0,0,0,0,0,0,0,0,0,0,0,0,0,0,0,0,0,0,0,0,0,0
Aborted Clients (timeout),0,0,0,0,0,0,0,0,0,0,0,0,0,0,0,0,0,0,0,0,0,0,0,0,0,0,0,0,0,0,0,0,0,0,0,0,0,0,0,0,0,0,0
Table Locks Immediate,55.88888888888889,59.55555555555556,141.55555555555557,301,463.33333333333337,597.3333333333334,691.8888888888889,842.6666666666667,985.4444444444446,1131.6666666666667,1246.2222222222222,1120.967775,971.805,816.2718666666666,689.14476,604.7887,461.2013333333333,322.6371,179.5554,248.064192139738,201.8,201.8,201.8,201.8,1151.356817798753,1151.356817798753,1151.356817798753,877.5929504466543,1160.454454853498,438.65106699751857,540.4317594766856,524.85,524.85,524.85,524.85,571.3018366320027,453.925117410265,242.6,201.5388198757764,272.1878211716341,226.6,226.6,226.6
Table Locks Waited,0,0,1.1111111111111112,2.7777777777777777,6,11.444444444444445,13.444444444444446,16,18.666666666666668,21.22222222222222,23.77777777777778,21.9861,20.5794,17.658666666666665,12.48084,10.74615,8.451333333333334,6.0306,3.7306,5.654585152838428,4.6,4.6,4.6,4.6,21.405696949266815,21.405696949266815,21.405696949266815,16.315957357154897,20.72951963324696,10.553722084367244,13.746335122442133,13.35,13.35,13.35,13.35,14.531541429050653,11.545966118752096,6.8,5.649068322981367,4.324254881808839,3.6,3.6,3.6
bytes_received_rate,12209.555555555557,12839.111111111113,22320.88888888889,41319.444444444445,60524.11111111111,77138.66666666667,88833.55555555556,105754.33333333334,122995.8888888889,140471.11111111112,153939,138277.803825,120075.46359999999,101010.11176666667,84662.59752000001,73819.69525,57105.05566666667,39593.3799,22232.429599999996,31414.416593886464,25555.6,25555.6,25555.6,25555.6,141294.9603910332,141294.9603910332,141294.9603910332,107698.55118405528,141623.48016743074,53401.83374689826,65955.99708990271,64054.35,64054.35,64054.35,64054.35,69723.4787068098,55398.45354746729,29745.8,24711.184782608696,34539.265159301125,28754.4,28754.4,28754.4
bytes_sent_rate,152541.8888888889,171721.77777777778,170685,202882.44444444444,229093.33333333334,257821.8888888889,287799.1111111111,317498.3333333334,329645.44444444444,379892.6666666667,393253.44444444444,356049.693225,318419.72079999995,273857.22466666665,227034.35040000002,190542.98995000002,148120.72413333334,116654.87759999998,59832.01159999999,60178.06200873363,48954.8,48954.8,48954.8,48954.8,363301.5337940334,363301.5337940334,363301.5337940334,276917.5115961571,380843.9306358381,141301.48235732008,176956.41757799394,171854.4,171854.4,171854.4,171854.4,187064.3695404227,148631.09211673934,81862.6,68006.97360248448,88997.72995889004,74091.8,74091.8,74091.8
qcache_hits,0,0,0,0,0,0,0,0,0,0,0,0,0,0,0,0,0,0,0,0,0,0,0,0,0,0,0,0,0,0,0,0,0,0,0,0,0,0,0,0,0,0,0
qcache_inserts,0,0,0,0,0,0,0,0,0,0,0,0,0,0,0,0,0,0,0,0,0,0,0,0,0,0,0,0,0,0,0,0,0,0,0,0,0,0,0,0,0,0,0
qcache_not_cached,26.666666666666668,28,64,133.88888888888889,203.22222222222223,262.22222222222223,297.44444444444446,360.44444444444446,421.33333333333337,482.7777777777778,529.3333333333334,474.533325,408.9747428571428,342.0263,285.5976,254.4411,194.01846666666668,134.2464,73.63879999999999,103.99519650655023,84.6,84.6,84.6,84.6,508.17461655149174,508.17461655149174,508.17461655149174,387.3433971009607,516.6434123978472,193.80471464019848,236.46785474672924,229.65,229.65,229.65,229.65,249.97516772895,198.61656323381416,104.2,86.5636645962733,120.35842754367934,100.2,100.2,100.2
qcache_lowmem_prunes,0,0,0,0,0,0,0,0,0,0,0,0,0,0,0,0,0,0,0,0,0,0,0,0,0,0,0,0,0,0,0,0,0,0,0,0,0,0,0,0,0,0,0
com admin_commands,1,1,1,1,1,1,1,1,1,1,1,0.8622,0.7621999999999999,0.6622,0.5622,0.4622,0.36219999999999997,0.2622,0.16219999999999998,0.24585152838427948,0.2,0.2,0.2,0.2,1.0112927692566998,1.0112927692566998,1.0112927692566998,0.770832631046688,0.9966115208291807,0.3837717121588089,0.46335961086883587,0.45,0.45,0.45,0.45,0.48982723918148274,0.389189869171419,0.2,0.16614906832298137,0.24023638232271324,0.2,0.2,0.2
com alter_db,0,0,0,0,0,0,0,0,0,0,0,0,0,0,0,0,0,0,0,0,0,0,0,0,0,0,0,0,0,0,0,0,0,0,0,0,0,0,0,0,0,0,0
com alter_db_upgrade,0,0,0,0,0,0,0,0,0,0,0,0,0,0,0,0,0,0,0,0,0,0,0,0,0,0,0,0,0,0,0,0,0,0,0,0,0,0,0,0,0,0,0
com alter_event,0,0,0,0,0,0,0,0,0,0,0,0,0,0,0,0,0,0,0,0,0,0,0,0,0,0,0,0,0,0,0,0,0,0,0,0,0,0,0,0,0,0,0
com alter_function,0,0,0,0,0,0,0,0,0,0,0,0,0,0,0,0,0,0,0,0,0,0,0,0,0,0,0,0,0,0,0,0,0,0,0,0,0,0,0,0,0,0,0
com alter_instance,0,0,0,0,0,0,0,0,0,0,0,0,0,0,0,0,0,0,0,0,0,0,0,0,0,0,0,0,0,0,0,0,0,0,0,0,0,0,0,0,0,0,0
com alter_procedure,0,0,0,0,0,0,0,0,0,0,0,0,0,0,0,0,0,0,0,0,0,0,0,0,0,0,0,0,0,0,0,0,0,0,0,0,0,0,0,0,0,0,0
com alter_server,0,0,0,0,0,0,0,0,0,0,0,0,0,0,0,0,0,0,0,0,0,0,0,0,0,0,0,0,0,0,0,0,0,0,0,0,0,0,0,0,0,0,0
com alter_table,0,0,0,0,0,0,0,0,0,0,0,0,0,0,0,0,0,0,0,0,0,0,0,0,0,0,0,0,0,0,0,0,0,0,0,0,0,0,0,0,0,0,0
com alter_tablespace,0,0,0,0,0,0,0,0,0,0,0,0,0,0,0,0,0,0,0,0,0,0,0,0,0,0,0,0,0,0,0,0,0,0,0,0,0,0,0,0,0,0,0
com alter_user,0,0,0,0,0,0,0,0,0,0,0,0,0,0,0,0,0,0,0,0,0,0,0,0,0,0,0,0,0,0,0,0,0,0,0,0,0,0,0,0,0,0,0
com analyze,0,0,0,0,0,0,0,0,0,0,0,0,0,0,0,0,0,0,0,0,0,0,0,0,0,0,0,0,0,0,0,0,0,0,0,0,0,0,0,0,0,0,0
com assign_to_keycache,0,0,0,0,0,0,0,0,0,0,0,0,0,0,0,0,0,0,0,0,0,0,0,0,0,0,0,0,0,0,0,0,0,0,0,0,0,0,0,0,0,0,0
com begin,0,0,0,0,0,0,0,0,0,0,0,0,0,0,0,0,0,0,0,0,0,0,0,0,0,0,0,0,0,0,0,0,0,0,0,0,0,0,0,0,0,0,0
com binlog,0,0,0,0,0,0,0,0,0,0,0,0,0,0,0,0,0,0,0,0,0,0,0,0,0,0,0,0,0,0,0,0,0,0,0,0,0,0,0,0,0,0,0
com call_procedure,0,0,0,0,0,0,0,0,0,0,0,0,0,0,0,0,0,0,0,0,0,0,0,0,0,0,0,0,0,0,0,0,0,0,0,0,0,0,0,0,0,0,0
com change_db,0,0,0,0,0,0,0,0,0,0,0,0,0,0,0,0,0,0,0,0,0,0,0,0,0,0,0,0,0,0,0,0,0,0,0,0,0,0,0,0,0,0,0
com change_master,0,0,0,0,0,0,0,0,0,0,0,0,0,0,0,0,0,0,0,0,0,0,0,0,0,0,0,0,0,0,0,0,0,0,0,0,0,0,0,0,0,0,0
com change_repl_filter,0,0,0,0,0,0,0,0,0,0,0,0,0,0,0,0,0,0,0,0,0,0,0,0,0,0,0,0,0,0,0,0,0,0,0,0,0,0,0,0,0,0,0
com check,0,0,0,0,0,0,0,0,0,0,0,0,0,0,0,0,0,0,0,0,0,0,0,0,0,0,0,0,0,0,0,0,0,0,0,0,0,0,0,0,0,0,0
com checksum,0,0,0,0,0,0,0,0,0,0,0,0,0,0,0,0,0,0,0,0,0,0,0,0,0,0,0,0,0,0,0,0,0,0,0,0,0,0,0,0,0,0,0
com commit,0,0,2.888888888888889,7.222222222222223,12.333333333333334,16.666666666666668,21.666666666666668,26.888888888888893,31.888888888888893,37,41.55555555555556,37.505700000000004,33.64568571428571,29.02643333333333,25.186560000000004,20.68345,15.9368,11.4057,6.6502,11.309170305676856,9.2,9.2,9.2,9.2,37.75493005225013,37.75493005225013,37.75493005225013,28.777751559076354,35.47937014151883,14.19955334987593,17.76211841663871,17.25,17.25,17.25,17.25,18.77671083529017,14.918944984904394,8.2,6.812111801242236,8.888746145940392,7.4,7.4,7.4
com create_compression_dictionary,0,0,0,0,0,0,0,0,0,0,0,0,0,0,0,0,0,0,0,0,0,0,0,0,0,0,0,0,0,0,0,0,0,0,0,0,0,0,0,0,0,0,0
com create_db,0,0,0,0,0,0,0,0,0,0,0,0,0,0,0,0,0,0,0,0,0,0,0,0,0,0,0,0,0,0,0,0,0,0,0,0,0,0,0,0,0,0,0
com create_event,0,0,0,0,0,0,0,0,0,0,0,0,0,0,0,0,0,0,0,0,0,0,0,0,0,0,0,0,0,0,0,0,0,0,0,0,0,0,0,0,0,0,0
com create_function,0,0,0,0,0,0,0,0,0,0,0,0,0,0,0,0,0,0,0,0,0,0,0,0,0,0,0,0,0,0,0,0,0,0,0,0,0,0,0,0,0,0,0
com create_index,0,0,0,0,0,0,0,0,0,0,0,0,0,0,0,0,0,0,0,0,0,0,0,0,0,0,0,0,0,0,0,0,0,0,0,0,0,0,0,0,0,0,0
com create_procedure,0,0,0,0,0,0,0,0,0,0,0,0,0,0,0,0,0,0,0,0,0,0,0,0,0,0,0,0,0,0,0,0,0,0,0,0,0,0,0,0,0,0,0
com create_server,0,0,0,0,0,0,0,0,0,0,0,0,0,0,0,0,0,0,0,0,0,0,0,0,0,0,0,0,0,0,0,0,0,0,0,0,0,0,0,0,0,0,0
com create_table,0,0,0,0,0,0,0,0,0,0,0,0,0,0,0,0,0,0,0,0,0,0,0,0,0,0,0,0,0,0,0,0,0,0,0,0,0,0,0,0,0,0,0
com create_trigger,0,0,0,0,0,0,0,0,0,0,0,0,0,0,0,0,0,0,0,0,0,0,0,0,0,0,0,0,0,0,0,0,0,0,0,0,0,0,0,0,0,0,0
com create_udf,0,0,0,0,0,0,0,0,0,0,0,0,0,0,0,0,0,0,0,0,0,0,0,0,0,0,0,0,0,0,0,0,0,0,0,0,0,0,0,0,0,0,0
com create_user,0,0,0,0,0,0,0,0,0,0,0,0,0,0,0,0,0,0,0,0,0,0,0,0,0,0,0,0,0,0,0,0,0,0,0,0,0,0,0,0,0,0,0
com create_view,0,0,0,0,0,0,0,0,0,0,0,0,0,0,0,0,0,0,0,0,0,0,0,0,0,0,0,0,0,0,0,0,0,0,0,0,0,0,0,0,0,0,0
com dealloc_sql,0,0,0,0,0,0,0,0,0,0,0,0,0,0,0,0,0,0,0,0,0,0,0,0,0,0,0,0,0,0,0,0,0,0,0,0,0,0,0,0,0,0,0
com delete,0,0,0,4.333333333333334,8.333333333333334,10,10.555555555555555,16.22222222222222,17.77777777777778,20,22.22222222222222,21.555,17.5306,13.79583333333333,12.368400000000001,12.13275,6.5196,5.244,3.2439999999999998,0,0,0,0,0,14.663745154222147,14.663745154222147,14.663745154222147,11.177073150176977,17.341040462427745,4.9890322580645154,7.413753773901374,7.2,7.2,7.2,7.2,7.837235826903724,6.227037906742704,4.4,3.6552795031055902,1.2011819116135662,1,1,1
com delete_multi,0,0,0,0,0,0,0,0,0,0,0,0,0,0,0,0,0,0,0,0,0,0,0,0,0,0,0,0,0,0,0,0,0,0,0,0,0,0,0,0,0,0,0
com do,0,0,0,0,0,0,0,0,0,0,0,0,0,0,0,0,0,0,0,0,0,0,0,0,0,0,0,0,0,0,0,0,0,0,0,0,0,0,0,0,0,0,0
com drop_compression_dictionary,0,0,0,0,0,0,0,0,0,0,0,0,0,0,0,0,0,0,0,0,0,0,0,0,0,0,0,0,0,0,0,0,0,0,0,0,0,0,0,0,0,0,0
com drop_db,0,0,0,0,0,0,0,0,0,0,0,0,0,0,0,0,0,0,0,0,0,0,0,0,0,0,0,0,0,0,0,0,0,0,0,0,0,0,0,0,0,0,0
com drop_event,0,0,0,0,0,0,0,0,0,0,0,0,0,0,0,0,0,0,0,0,0,0,0,0,0,0,0,0,0,0,0,0,0,0,0,0,0,0,0,0,0,0,0
com drop_function,0,0,0,0,0,0,0,0,0,0,0,0,0,0,0,0,0,0,0,0,0,0,0,0,0,0,0,0,0,0,0,0,0,0,0,0,0,0,0,0,0,0,0
com drop_index,0,0,0,0,0,0,0,0,0,0,0,0,0,0,0,0,0,0,0,0,0,0,0,0,0,0,0,0,0,0,0,0,0,0,0,0,0,0,0,0,0,0,0
com drop_procedure,0,0,0,0,0,0,0,0,0,0,0,0,0,0,0,0,0,0,0,0,0,0,0,0,0,0,0,0,0,0,0,0,0,0,0,0,0,0,0,0,0,0,0
com drop_server,0,0,0,0,0,0,0,0,0,0,0,0,0,0,0,0,0,0,0,0,0,0,0,0,0,0,0,0,0,0,0,0,0,0,0,0,0,0,0,0,0,0,0
com drop_table,0,0,0,0,0,0,0,0,0,0,0,0,0,0,0,0,0,0,0,0,0,0,0,0,0,0,0,0,0,0,0,0,0,0,0,0,0,0,0,0,0,0,0
com drop_trigger,0,0,0,0,0,0,0,0,0,0,0,0,0,0,0,0,0,0,0,0,0,0,0,0,0,0,0,0,0,0,0,0,0,0,0,0,0,0,0,0,0,0,0
com drop_user,0,0,0,0,0,0,0,0,0,0,0,0,0,0,0,0,0,0,0,0,0,0,0,0,0,0,0,0,0,0,0,0,0,0,0,0,0,0,0,0,0,0,0
com drop_view,0,0,0,0,0,0,0,0,0,0,0,0,0,0,0,0,0,0,0,0,0,0,0,0,0,0,0,0,0,0,0,0,0,0,0,0,0,0,0,0,0,0,0
com empty_query,0,0,0,0,0,0,0,0,0,0,0,0,0,0,0,0,0,0,0,0,0,0,0,0,0,0,0,0,0,0,0,0,0,0,0,0,0,0,0,0,0,0,0
com execute_sql,0,0,0,0,0,0,0,0,0,0,0,0,0,0,0,0,0,0,0,0,0,0,0,0,0,0,0,0,0,0,0,0,0,0,0,0,0,0,0,0,0,0,0
com explain_other,0,0,0,0,0,0,0,0,0,0,0,0,0,0,0,0,0,0,0,0,0,0,0,0,0,0,0,0,0,0,0,0,0,0,0,0,0,0,0,0,0,0,0
com flush,0,0,0,0,0,0,0,0,0,0,0,0,0,0,0,0,0,0,0,0,0,0,0,0,0,0,0,0,0,0,0,0,0,0,0,0,0,0,0,0,0,0,0
com get_diagnostics,0,0,0,0,0,0,0,0,0,0,0,0,0,0,0,0,0,0,0,0,0,0,0,0,0,0,0,0,0,0,0,0,0,0,0,0,0,0,0,0,0,0,0
com grant,0,0,0,0,0,0,0,0,0,0,0,0,0,0,0,0,0,0,0,0,0,0,0,0,0,0,0,0,0,0,0,0,0,0,0,0,0,0,0,0,0,0,0
com group_replication_start,0,0,0,0,0,0,0,0,0,0,0,0,0,0,0,0,0,0,0,0,0,0,0,0,0,0,0,0,0,0,0,0,0,0,0,0,0,0,0,0,0,0,0
com group_replication_stop,0,0,0,0,0,0,0,0,0,0,0,0,0,0,0,0,0,0,0,0,0,0,0,0,0,0,0,0,0,0,0,0,0,0,0,0,0,0,0,0,0,0,0
com ha_close,0,0,0,0,0,0,0,0,0,0,0,0,0,0,0,0,0,0,0,0,0,0,0,0,0,0,0,0,0,0,0,0,0,0,0,0,0,0,0,0,0,0,0
com ha_open,0,0,0,0,0,0,0,0,0,0,0,0,0,0,0,0,0,0,0,0,0,0,0,0,0,0,0,0,0,0,0,0,0,0,0,0,0,0,0,0,0,0,0
com ha_read,0,0,0,0,0,0,0,0,0,0,0,0,0,0,0,0,0,0,0,0,0,0,0,0,0,0,0,0,0,0,0,0,0,0,0,0,0,0,0,0,0,0,0
com help,0,0,0,0,0,0,0,0,0,0,0,0,0,0,0,0,0,0,0,0,0,0,0,0,0,0,0,0,0,0,0,0,0,0,0,0,0,0,0,0,0,0,0
com insert,0,0,17,43.55555555555556,71.77777777777779,97.22222222222223,113,134,162.22222222222223,184.44444444444446,204.55555555555557,181.92419999999998,157.7754,131.88816666666668,108.61704,95.2132,76.66566666666667,49.9491,29.3582,48.18689956331878,39.2,39.2,39.2,39.2,189.95449182538346,189.95449182538346,189.95449182538346,144.7880625316029,185.56906517839346,72.14908188585608,88.50168567594766,85.95,85.95,85.95,85.95,93.5570026836632,74.33526501174103,39.4,32.73136645962733,49.48869475847893,41.2,41.2,41.2
com insert_select,0,0,0,0,0,0,0,0,0,0,0,0,0,0,0,0,0,0,0,0,0,0,0,0,0,0,0,0,0,0,0,0,0,0,0,0,0,0,0,0,0,0,0
com install_plugin,0,0,0,0,0,0,0,0,0,0,0,0,0,0,0,0,0,0,0,0,0,0,0,0,0,0,0,0,0,0,0,0,0,0,0,0,0,0,0,0,0,0,0
com kill,0,0,0,0,0,0,0,0,0,0,0,0,0,0,0,0,0,0,0,0,0,0,0,0,0,0,0,0,0,0,0,0,0,0,0,0,0,0,0,0,0,0,0
com load,0,0,0,0,0,0,0,0,0,0,0,0,0,0,0,0,0,0,0,0,0,0,0,0,0,0,0,0,0,0,0,0,0,0,0,0,0,0,0,0,0,0,0
com lock_binlog_for_backup,0,0,0,0,0,0,0,0,0,0,0,0,0,0,0,0,0,0,0,0,0,0,0,0,0,0,0,0,0,0,0,0,0,0,0,0,0,0,0,0,0,0,0
com lock_tables,0,0,0,0,0,0,0,0,0,0,0,0,0,0,0,0,0,0,0,0,0,0,0,0,0,0,0,0,0,0,0,0,0,0,0,0,0,0,0,0,0,0,0
com lock_tables_for_backup,0,0,0,0,0,0,0,0,0,0,0,0,0,0,0,0,0,0,0,0,0,0,0,0,0,0,0,0,0,0,0,0,0,0,0,0,0,0,0,0,0,0,0
com optimize,0,0,0,0,0,0,0,0,0,0,0,0,0,0,0,0,0,0,0,0,0,0,0,0,0,0,0,0,0,0,0,0,0,0,0,0,0,0,0,0,0,0,0
com preload_keys,0,0,0,0,0,0,0,0,0,0,0,0,0,0,0,0,0,0,0,0,0,0,0,0,0,0,0,0,0,0,0,0,0,0,0,0,0,0,0,0,0,0,0
com prepare_sql,0,0,0,0,0,0,0,0,0,0,0,0,0,0,0,0,0,0,0,0,0,0,0,0,0,0,0,0,0,0,0,0,0,0,0,0,0,0,0,0,0,0,0
com purge,0,0,0,0,0,0,0,0,0,0,0,0,0,0,0,0,0,0,0,0,0,0,0,0,0,0,0,0,0,0,0,0,0,0,0,0,0,0,0,0,0,0,0
com purge_before_date,0,0,0,0,0,0,0,0,0,0,0,0,0,0,0,0,0,0,0,0,0,0,0,0,0,0,0,0,0,0,0,0,0,0,0,0,0,0,0,0,0,0,0
com release_savepoint,0,0,0,0,0,0,0,0,0,0,0,0,0,0,0,0,0,0,0,0,0,0,0,0,0,0,0,0,0,0,0,0,0,0,0,0,0,0,0,0,0,0,0
com rename_table,0,0,0,0,0,0,0,0,0,0,0,0,0,0,0,0,0,0,0,0,0,0,0,0,0,0,0,0,0,0,0,0,0,0,0,0,0,0,0,0,0,0,0
com rename_user,0,0,0,0,0,0,0,0,0,0,0,0,0,0,0,0,0,0,0,0,0,0,0,0,0,0,0,0,0,0,0,0,0,0,0,0,0,0,0,0,0,0,0
com repair,0,0,0,0,0,0,0,0,0,0,0,0,0,0,0,0,0,0,0,0,0,0,0,0,0,0,0,0,0,0,0,0,0,0,0,0,0,0,0,0,0,0,0
com replace,0,0,0,0,0,0,0,0,0,0,0,0,0,0,0,0,0,0,0,0,0,0,0,0,0,0,0,0,0,0,0,0,0,0,0,0,0,0,0,0,0,0,0
com replace_select,0,0,0,0,0,0,0,0,0,0,0,0,0,0,0,0,0,0,0,0,0,0,0,0,0,0,0,0,0,0,0,0,0,0,0,0,0,0,0,0,0,0,0
com reset,0,0,0,0,0,0,0,0,0,0,0,0,0,0,0,0,0,0,0,0,0,0,0,0,0,0,0,0,0,0,0,0,0,0,0,0,0,0,0,0,0,0,0
com resignal,0,0,0,0,0,0,0,0,0,0,0,0,0,0,0,0,0,0,0,0,0,0,0,0,0,0,0,0,0,0,0,0,0,0,0,0,0,0,0,0,0,0,0
com revoke,0,0,0,0,0,0,0,0,0,0,0,0,0,0,0,0,0,0,0,0,0,0,0,0,0,0,0,0,0,0,0,0,0,0,0,0,0,0,0,0,0,0,0
com revoke_all,0,0,0,0,0,0,0,0,0,0,0,0,0,0,0,0,0,0,0,0,0,0,0,0,0,0,0,0,0,0,0,0,0,0,0,0,0,0,0,0,0,0,0
com rollback,0,0,0,0.22222222222222224,0.33333333333333337,0.4444444444444445,0.4444444444444445,0.5555555555555556,0.5555555555555556,0.888888888888889,1.1111111111111112,1.07775,0.8710857142857142,0.7725666666666666,0.67464,0.6933,0.6036666666666667,0.6555,0.32439999999999997,0.7375545851528384,0.6,0.6,0.6,0.6,3.876622282150683,3.876622282150683,3.876622282150683,2.954858419012304,3.986446083316723,1.1513151364764267,1.3900788326065077,1.35,1.35,1.35,1.35,1.4694817175444483,1.167569607514257,0.6,0.4984472049689441,0.960945529290853,0.8,0.8,0.8
com rollback_to_savepoint,0,0,0,0,0,0,0,0,0,0,0,0,0,0,0,0,0,0,0,0,0,0,0,0,0,0,0,0,0,0,0,0,0,0,0,0,0,0,0,0,0,0,0
com savepoint,0,0,0,0,0,0,0,0,0,0,0,0,0,0,0,0,0,0,0,0,0,0,0,0,0,0,0,0,0,0,0,0,0,0,0,0,0,0,0,0,0,0,0
com select,26.666666666666668,28,63.88888888888889,133.88888888888889,203.22222222222223,262.22222222222223,297.44444444444446,360.44444444444446,421.33333333333337,482.6666666666667,529.3333333333334,474.6411,408.9747428571428,342.0263,285.5976,254.4411,194.01846666666668,134.2464,73.801,103.99519650655023,84.6,84.6,84.6,84.6,508.17461655149174,508.17461655149174,508.17461655149174,387.3433971009607,516.6434123978472,193.80471464019848,236.46785474672924,229.65,229.65,229.65,229.65,249.97516772895,198.61656323381416,104.2,86.5636645962733,120.35842754367934,100.2,100.2,100.2
com set_option,1,1,4.333333333333334,8.88888888888889,14,18.77777777777778,23.555555555555557,28.888888888888893,33.77777777777778,39.66666666666667,44.111111111111114,39.44565,35.278971428571424,30.571566666666666,26.198520000000002,21.83895,16.90266666666667,12.4545,6.6502,9.83406113537118,8,8,8,8,42.81139389853363,42.81139389853363,42.81139389853363,32.631914714309794,42.654973091488934,16.885955334987592,19.461103656491108,18.9,18.9,18.9,18.9,20.572744045622276,16.3459745051996,7.6,6.313664596273292,9.128982528263103,7.6,7.6,7.6
com show_binlog_events,0,0,0,0,0,0,0,0,0,0,0,0,0,0,0,0,0,0,0,0,0,0,0,0,0,0,0,0,0,0,0,0,0,0,0,0,0,0,0,0,0,0,0
com show_binlogs,0,0,0,0,0,0,0,0,0,0,0,0,0,0,0,0,0,0,0,0,0,0,0,0,0,0,0,0,0,0,0,0,0,0,0,0,0,0,0,0,0,0,0
com show_charsets,0,0,0,0,0,0,0,0,0,0,0,0,0,0,0,0,0,0,0,0,0,0,0,0,0,0,0,0,0,0,0,0,0,0,0,0,0,0,0,0,0,0,0
com show_client_statistics,0,0,0,0,0,0,0,0,0,0,0,0,0,0,0,0,0,0,0,0,0,0,0,0,0,0,0,0,0,0,0,0,0,0,0,0,0,0,0,0,0,0,0
com show_collations,0,0,0,0,0,0,0,0,0,0,0,0,0,0,0,0,0,0,0,0,0,0,0,0,0,0,0,0,0,0,0,0,0,0,0,0,0,0,0,0,0,0,0
com show_create_db,0,0,0,0,0,0,0,0,0,0,0,0,0,0,0,0,0,0,0,0,0,0,0,0,0,0,0,0,0,0,0,0,0,0,0,0,0,0,0,0,0,0,0
com show_create_event,0,0,0,0,0,0,0,0,0,0,0,0,0,0,0,0,0,0,0,0,0,0,0,0,0,0,0,0,0,0,0,0,0,0,0,0,0,0,0,0,0,0,0
com show_create_func,0,0,0,0,0,0,0,0,0,0,0,0,0,0,0,0,0,0,0,0,0,0,0,0,0,0,0,0,0,0,0,0,0,0,0,0,0,0,0,0,0,0,0
com show_create_proc,0,0,0,0,0,0,0,0,0,0,0,0,0,0,0,0,0,0,0,0,0,0,0,0,0,0,0,0,0,0,0,0,0,0,0,0,0,0,0,0,0,0,0
com show_create_table,0,0,0,0,0,0,0,0,0,0,0,0,0,0,0,0,0,0,0,0,0,0,0,0,0,0,0,0,0,0,0,0,0,0,0,0,0,0,0,0,0,0,0
com show_create_trigger,0,0,0,0,0,0,0,0,0,0,0,0,0,0,0,0,0,0,0,0,0,0,0,0,0,0,0,0,0,0,0,0,0,0,0,0,0,0,0,0,0,0,0
com show_create_user,0,0,0,0,0,0,0,0,0,0,0,0,0,0,0,0,0,0,0,0,0,0,0,0,0,0,0,0,0,0,0,0,0,0,0,0,0,0,0,0,0,0,0
com show_databases,0,0,0,0,0,0,0,0,0,0,0,0,0,0,0,0,0,0,0,0,0,0,0,0,0,0,0,0,0,0,0,0,0,0,0,0,0,0,0,0,0,0,0
com show_engine_logs,0,0,0,0,0,0,0,0,0,0,0,0,0,0,0,0,0,0,0,0,0,0,0,0,0,0,0,0,0,0,0,0,0,0,0,0,0,0,0,0,0,0,0
com show_engine_mutex,0,0,0,0,0,0,0,0,0,0,0,0,0,0,0,0,0,0,0,0,0,0,0,0,0,0,0,0,0,0,0,0,0,0,0,0,0,0,0,0,0,0,0
com show_engine_status,1,1.1111111111111112,1,1,0.888888888888889,0.888888888888889,1,1.1111111111111112,0.888888888888889,1,1,0.969975,0.8710857142857142,0.7725666666666666,0.67464,0.4622,0.36219999999999997,0.3933,0.16219999999999998,0,0,0,0,0,0.8427439743805832,0.8427439743805832,0.8427439743805832,0.64236052587224,0.9966115208291807,0.3837717121588089,0.46335961086883587,0.45,0.45,0.45,0.45,0.48982723918148274,0.389189869171419,0.2,0.16614906832298137,0.24023638232271324,0.2,0.2,0.2
com show_errors,0,0,0,0,0,0,0,0,0,0,0,0,0,0,0,0,0,0,0,0,0,0,0,0,0,0,0,0,0,0,0,0,0,0,0,0,0,0,0,0,0,0,0
com show_events,0,0,0,0,0,0,0,0,0,0,0,0,0,0,0,0,0,0,0,0,0,0,0,0,0,0,0,0,0,0,0,0,0,0,0,0,0,0,0,0,0,0,0
com show_fields,0,0,0,0,0,0,0,0,0,0,0,0,0,0,0,0,0,0,0,0,0,0,0,0,0,0,0,0,0,0,0,0,0,0,0,0,0,0,0,0,0,0,0
com show_function_code,0,0,0,0,0,0,0,0,0,0,0,0,0,0,0,0,0,0,0,0,0,0,0,0,0,0,0,0,0,0,0,0,0,0,0,0,0,0,0,0,0,0,0
com show_function_status,0,0,0,0,0,0,0,0,0,0,0,0,0,0,0,0,0,0,0,0,0,0,0,0,0,0,0,0,0,0,0,0,0,0,0,0,0,0,0,0,0,0,0
com show_grants,0,0,0,0,0,0,0,0,0,0,0,0,0,0,0,0,0,0,0,0,0,0,0,0,0,0,0,0,0,0,0,0,0,0,0,0,0,0,0,0,0,0,0
com show_index_statistics,0,0,0,0,0,0,0,0,0,0,0,0,0,0,0,0,0,0,0,0,0,0,0,0,0,0,0,0,0,0,0,0,0,0,0,0,0,0,0,0,0,0,0
com show_keys,0,0,0,0,0,0,0,0,0,0,0,0,0,0,0,0,0,0,0,0,0,0,0,0,0,0,0,0,0,0,0,0,0,0,0,0,0,0,0,0,0,0,0
com show_master_status,0,0,0,0,0,0,0,0,0,0,0,0,0,0,0,0,0,0,0,0,0,0,0,0,0,0,0,0,0,0,0,0,0,0,0,0,0,0,0,0,0,0,0
com show_open_tables,0,0,0,0,0,0,0,0,0,0,0,0,0,0,0,0,0,0,0,0,0,0,0,0,0,0,0,0,0,0,0,0,0,0,0,0,0,0,0,0,0,0,0
com show_plugins,0,0,0,0,0,0,0,0,0,0,0,0,0,0,0,0,0,0,0,0,0,0,0,0,0,0,0,0,0,0,0,0,0,0,0,0,0,0,0,0,0,0,0
com show_privileges,0,0,0,0,0,0,0,0,0,0,0,0,0,0,0,0,0,0,0,0,0,0,0,0,0,0,0,0,0,0,0,0,0,0,0,0,0,0,0,0,0,0,0
com show_procedure_code,0,0,0,0,0,0,0,0,0,0,0,0,0,0,0,0,0,0,0,0,0,0,0,0,0,0,0,0,0,0,0,0,0,0,0,0,0,0,0,0,0,0,0
com show_procedure_status,0,0,0,0,0,0,0,0,0,0,0,0,0,0,0,0,0,0,0,0,0,0,0,0,0,0,0,0,0,0,0,0,0,0,0,0,0,0,0,0,0,0,0
com show_processlist,0,0,0,0,0,0,0,0,0,0,0,0,0,0,0,0,0,0,0,0,0,0,0,0,0,0,0,0,0,0,0,0,0,0,0,0,0,0,0,0,0,0,0
com show_profile,0,0,0,0,0,0,0,0,0,0,0,0,0,0,0,0,0,0,0,0,0,0,0,0,0,0,0,0,0,0,0,0,0,0,0,0,0,0,0,0,0,0,0
com show_profiles,0,0,0,0,0,0,0,0,0,0,0,0,0,0,0,0,0,0,0,0,0,0,0,0,0,0,0,0,0,0,0,0,0,0,0,0,0,0,0,0,0,0,0
com show_relaylog_events,0,0,0,0,0,0,0,0,0,0,0,0,0,0,0,0,0,0,0,0,0,0,0,0,0,0,0,0,0,0,0,0,0,0,0,0,0,0,0,0,0,0,0
com show_slave_hosts,0,0,0,0,0,0,0,0,0,0,0,0,0,0,0,0,0,0,0,0,0,0,0,0,0,0,0,0,0,0,0,0,0,0,0,0,0,0,0,0,0,0,0
com show_slave_status,1,1,0.888888888888889,1,1,1,1,1,1,1,1,0.8622,0.7621999999999999,0.6622,0.5622,0.4622,0.36219999999999997,0.2622,0.16219999999999998,0.24585152838427948,0.2,0.2,0.2,0.2,1.0112927692566998,1.0112927692566998,1.0112927692566998,0.770832631046688,0.9966115208291807,0.3837717121588089,0.46335961086883587,0.45,0.45,0.45,0.45,0.48982723918148274,0.389189869171419,0.2,0.16614906832298137,0.24023638232271324,0.2,0.2,0.2
com show_status,1,1,1,1,1,1,1,1,1,1,1,0.8622,0.7621999999999999,0.6622,0.5622,0.4622,0.36219999999999997,0.2622,0.16219999999999998,0.24585152838427948,0.2,0.2,0.2,0.2,1.0112927692566998,1.0112927692566998,1.0112927692566998,0.770832631046688,0.9966115208291807,0.3837717121588089,0.46335961086883587,0.45,0.45,0.45,0.45,0.48982723918148274,0.389189869171419,0.2,0.16614906832298137,0.24023638232271324,0.2,0.2,0.2
com show_storage_engines,0,0,0,0,0,0,0,0,0,0,0,0,0,0,0,0,0,0,0,0,0,0,0,0,0,0,0,0,0,0,0,0,0,0,0,0,0,0,0,0,0,0,0
com show_table_statistics,0,0,0,0,0,0,0,0,0,0,0,0,0,0,0,0,0,0,0,0,0,0,0,0,0,0,0,0,0,0,0,0,0,0,0,0,0,0,0,0,0,0,0
com show_table_status,0,0,0,0,0,0,0,0,0,0,0,0,0,0,0,0,0,0,0,0,0,0,0,0,0,0,0,0,0,0,0,0,0,0,0,0,0,0,0,0,0,0,0
com show_tables,0,0,0,0,0,0,0,0,0,0,0,0,0,0,0,0,0,0,0,0,0,0,0,0,0,0,0,0,0,0,0,0,0,0,0,0,0,0,0,0,0,0,0
com show_thread_statistics,0,0,0,0,0,0,0,0,0,0,0,0,0,0,0,0,0,0,0,0,0,0,0,0,0,0,0,0,0,0,0,0,0,0,0,0,0,0,0,0,0,0,0
com show_triggers,0,0,0,0,0,0,0,0,0,0,0,0,0,0,0,0,0,0,0,0,0,0,0,0,0,0,0,0,0,0,0,0,0,0,0,0,0,0,0,0,0,0,0
com show_user_statistics,0,0,0,0,0,0,0,0,0,0,0,0,0,0,0,0,0,0,0,0,0,0,0,0,0,0,0,0,0,0,0,0,0,0,0,0,0,0,0,0,0,0,0
com show_variables,1,1.1111111111111112,1,0.888888888888889,1,1,1.1111111111111112,1.1111111111111112,0.888888888888889,0.888888888888889,1,0.8622,0.8710857142857142,0.6622,0.5622,0.4622,0.36219999999999997,0.3933,0.32439999999999997,0,0,0,0,0,0.8427439743805832,0.8427439743805832,0.8427439743805832,0.64236052587224,0.9966115208291807,0.19188585607940445,0.46335961086883587,0.45,0.45,0.45,0.45,0.48982723918148274,0.389189869171419,0.4,0.33229813664596275,0.24023638232271324,0.2,0.2,0.2
com show_warnings,0,0,0,0,0,0,0,0,0,0,0,0,0,0,0,0,0,0,0,0,0,0,0,0,0,0,0,0,0,0,0,0,0,0,0,0,0,0,0,0,0,0,0
com shutdown,0,0,0,0,0,0,0,0,0,0,0,0,0,0,0,0,0,0,0,0,0,0,0,0,0,0,0,0,0,0,0,0,0,0,0,0,0,0,0,0,0,0,0
com signal,0,0,0,0,0,0,0,0,0,0,0,0,0,0,0,0,0,0,0,0,0,0,0,0,0,0,0,0,0,0,0,0,0,0,0,0,0,0,0,0,0,0,0
com slave_start,0,0,0,0,0,0,0,0,0,0,0,0,0,0,0,0,0,0,0,0,0,0,0,0,0,0,0,0,0,0,0,0,0,0,0,0,0,0,0,0,0,0,0
com slave_stop,0,0,0,0,0,0,0,0,0,0,0,0,0,0,0,0,0,0,0,0,0,0,0,0,0,0,0,0,0,0,0,0,0,0,0,0,0,0,0,0,0,0,0
com stmt_close,0.888888888888889,1.1111111111111112,0.888888888888889,1,1,1,0.888888888888889,1,0.888888888888889,1.1111111111111112,1,0.969975,0.8710857142857142,0.7725666666666666,0.5622,0.57775,0.36219999999999997,0.3933,0.16219999999999998,0,0,0,0,0,0.8427439743805832,0.8427439743805832,0.8427439743805832,0.64236052587224,0.9966115208291807,0.3837717121588089,0.46335961086883587,0.45,0.45,0.45,0.45,0.48982723918148274,0.389189869171419,0.2,0.16614906832298137,0.24023638232271324,0.2,0.2,0.2
com stmt_execute,0.888888888888889,1.1111111111111112,0.888888888888889,1,1,1,0.888888888888889,1,0.888888888888889,1.1111111111111112,1,0.969975,0.8710857142857142,0.7725666666666666,0.5622,0.57775,0.36219999999999997,0.3933,0.16219999999999998,0,0,0,0,0,0.8427439743805832,0.8427439743805832,0.8427439743805832,0.64236052587224,0.9966115208291807,0.3837717121588089,0.46335961086883587,0.45,0.45,0.45,0.45,0.48982723918148274,0.389189869171419,0.2,0.16614906832298137,0.24023638232271324,0.2,0.2,0.2
com stmt_fetch,0,0,0,0,0,0,0,0,0,0,0,0,0,0,0,0,0,0,0,0,0,0,0,0,0,0,0,0,0,0,0,0,0,0,0,0,0,0,0,0,0,0,0
com stmt_prepare,0.888888888888889,1.1111111111111112,0.888888888888889,1,1,1,0.888888888888889,1,0.888888888888889,1.1111111111111112,1,0.969975,0.8710857142857142,0.7725666666666666,0.5622,0.57775,0.36219999999999997,0.3933,0.16219999999999998,0,0,0,0,0,0.8427439743805832,0.8427439743805832,0.8427439743805832,0.64236052587224,0.9966115208291807,0.3837717121588089,0.46335961086883587,0.45,0.45,0.45,0.45,0.48982723918148274,0.389189869171419,0.2,0.16614906832298137,0.24023638232271324,0.2,0.2,0.2
com stmt_reprepare,0,0,0,0,0,0,0,0,0,0,0,0,0,0,0,0,0,0,0,0,0,0,0,0,0,0,0,0,0,0,0,0,0,0,0,0,0,0,0,0,0,0,0
com stmt_reset,0,0,0,0,0,0,0,0,0,0,0,0,0,0,0,0,0,0,0,0,0,0,0,0,0,0,0,0,0,0,0,0,0,0,0,0,0,0,0,0,0,0,0
com stmt_send_long_data,0,0,0,0,0,0,0,0,0,0,0,0,0,0,0,0,0,0,0,0,0,0,0,0,0,0,0,0,0,0,0,0,0,0,0,0,0,0,0,0,0,0,0
com truncate,0,0,0,0,0,0,0,0,0,0,0,0,0,0,0,0,0,0,0,0,0,0,0,0,0,0,0,0,0,0,0,0,0,0,0,0,0,0,0,0,0,0,0
com uninstall_plugin,0,0,0,0,0,0,0,0,0,0,0,0,0,0,0,0,0,0,0,0,0,0,0,0,0,0,0,0,0,0,0,0,0,0,0,0,0,0,0,0,0,0,0
com unlock_binlog,0,0,0,0,0,0,0,0,0,0,0,0,0,0,0,0,0,0,0,0,0,0,0,0,0,0,0,0,0,0,0,0,0,0,0,0,0,0,0,0,0,0,0
com unlock_tables,0,0,0,0,0,0,0,0,0,0,0,0,0,0,0,0,0,0,0,0,0,0,0,0,0,0,0,0,0,0,0,0,0,0,0,0,0,0,0,0,0,0,0
com update,0,0,18.666666666666668,59.11111111111111,101.11111111111111,134.22222222222223,157.22222222222223,198,232.8888888888889,266.44444444444446,296,269.0064,232.14434285714282,193.5831333333333,163.71264000000002,144.32195,106.48679999999999,74.4648,43.1452,52.8580786026201,43,43,43,43,255.35142423731673,255.35142423731673,255.35142423731673,194.63523933928872,259.11899541558694,97.66990074441686,122.32693726937268,118.8,118.8,118.8,118.8,129.31439114391145,102.7461254612546,56.6,47.02018633540373,58.1372045220966,48.4,48.4,48.4
com update_multi,0,0,0,0,0,0,0,0,0,0,0,0,0,0,0,0,0,0,0,0,0,0,0,0,0,0,0,0,0,0,0,0,0,0,0,0,0,0,0,0,0,0,0
com xa_commit,0,0,0,0,0,0,0,0,0,0,0,0,0,0,0,0,0,0,0,0,0,0,0,0,0,0,0,0,0,0,0,0,0,0,0,0,0,0,0,0,0,0,0
com xa_end,0,0,0,0,0,0,0,0,0,0,0,0,0,0,0,0,0,0,0,0,0,0,0,0,0,0,0,0,0,0,0,0,0,0,0,0,0,0,0,0,0,0,0
com xa_prepare,0,0,0,0,0,0,0,0,0,0,0,0,0,0,0,0,0,0,0,0,0,0,0,0,0,0,0,0,0,0,0,0,0,0,0,0,0,0,0,0,0,0,0
com xa_recover,0,0,0,0,0,0,0,0,0,0,0,0,0,0,0,0,0,0,0,0,0,0,0,0,0,0,0,0,0,0,0,0,0,0,0,0,0,0,0,0,0,0,0
com xa_rollback,0,0,0,0,0,0,0,0,0,0,0,0,0,0,0,0,0,0,0,0,0,0,0,0,0,0,0,0,0,0,0,0,0,0,0,0,0,0,0,0,0,0,0
com xa_start,0,0,0,0,0,0,0,0,0,0,0,0,0,0,0,0,0,0,0,0,0,0,0,0,0,0,0,0,0,0,0,0,0,0,0,0,0,0,0,0,0,0,0
handler delete,0,0,0,3.3333333333333335,6.666666666666667,7.777777777777779,8.333333333333334,12.88888888888889,14.444444444444446,16.666666666666668,17.77777777777778,17.244,14.155142857142854,11.036666666666665,10.119600000000002,9.82175,5.312266666666667,3.933,1.6219999999999999,0,0,0,0,0,14.49519635934603,14.49519635934603,14.49519635934603,11.048601045002528,17.14171815826191,4.413374689826302,5.869221737671921,5.7,5.7,5.7,5.7,6.204478362965448,4.9297383428379735,3,2.4922360248447206,1.2011819116135662,1,1,1
handler discover,0,0,0,0,0,0,0,0,0,0,0,0,0,0,0,0,0,0,0,0,0,0,0,0,0,0,0,0,0,0,0,0,0,0,0,0,0,0,0,0,0,0,0
handler external_lock,111.77777777777779,119.11111111111111,433,1036,1654.8888888888891,2172.4444444444443,2513.5555555555557,3082,3628.888888888889,4159.888888888889,4594,4135.003425,3577.7668,2996.675733333333,2515.50768,2220.1776999999997,1688.3349333333335,1168.6254,658.3697999999999,912.3550218340612,742.2,742.2,742.2,742.2,4234.788471262431,4234.788471262431,4234.788471262431,3227.8616425080063,4268.287821407215,1617.0221091811413,1995.0720311975845,1937.55,1937.55,1937.55,1937.55,2109.032816169071,1675.7218466957397,898,746.0093167701864,1002.2661870503596,834.4,834.4,834.4
handler mrr_init,0,0,0,0,0,0,0,0,0,0,0,0,0,0,0,0,0,0,0,0,0,0,0,0,0,0,0,0,0,0,0,0,0,0,0,0,0,0,0,0,0,0,0
handler read_first,2,2.111111111111111,1.8888888888888888,2,1.8888888888888888,1.8888888888888888,2.2222222222222223,2.111111111111111,1.8888888888888888,2.111111111111111,2,1.93995,1.633285714285714,1.4347666666666665,1.2368400000000002,0.9244,0.7243999999999999,0.7866,0.32439999999999997,0,0,0,0,0,1.6854879487611665,1.6854879487611665,1.6854879487611665,1.28472105174448,1.9932230416583614,0.9594292803970224,1.081172425360617,1.05,1.05,1.05,1.05,1.142930224756793,0.908109694733311,0.4,0.33229813664596275,0.4804727646454265,0.4,0.4,0.4
handler read_key,102,112.33333333333334,202,337.77777777777777,443.6666666666667,538.2222222222223,661.6666666666667,784.4444444444445,1024.7777777777778,1165.4444444444446,1235.111111111111,1100.059425,967.2317999999999,853.6861666666666,762.56808,654.35965,526.7595333333334,275.0478,133.3284,154.6406113537118,125.8,125.8,125.8,125.8,1120.8494859261757,1120.8494859261757,1120.8494859261757,854.3394994100793,1200.1195933824995,528.8374193548386,656.8894750083864,637.95,637.95,637.95,637.95,694.4117494129487,551.7415045286817,299.4,248.72515527950313,386.5403391572456,321.8,321.8,321.8
handler read_last,0,0,0,0,0,0,0,0,0,0,0,0,0,0,0,0,0,0,0,0,0,0,0,0,0,0,0,0,0,0,0,0,0,0,0,0,0,0,0,0,0,0,0
handler read_next,0,0,46.66666666666667,153,232.55555555555557,274.22222222222223,337.33333333333337,481.88888888888886,676.6666666666667,751.8888888888889,811.3333333333334,741.70755,645.1478571428571,574.8999666666666,543.5349600000001,492.9363,357.97433333333333,158.8932,86.777,14.013537117903931,11.4,11.4,11.4,11.4,619.5853699646048,619.5853699646048,619.5853699646048,472.26345862127084,721.347418776161,300.49325062034734,404.8218466957396,393.15,393.15,393.15,393.15,427.9457312982221,340.0222156994297,211,175.28726708074535,222.21865364850973,185,185,185
handler read_prev,0,0,0,0,0,0,0,0,0,0,0,0,0,0,0,0,0,0,0,0,0,0,0,0,0,0,0,0,0,0,0,0,0,0,0,0,0,0,0,0,0,0,0
handler read_rnd,46,51.111111111111114,46,46,40.88888888888889,40.88888888888889,51.111111111111114,46,40.88888888888889,51.111111111111114,46,44.618849999999995,40.069942857142856,35.538066666666666,31.033440000000002,21.2612,16.6612,18.0918,7.4612,0,0,0,0,0,38.76622282150683,38.76622282150683,38.76622282150683,29.54858419012304,45.84412995814231,17.653498759305208,21.314542099966452,20.7,20.7,20.7,20.7,22.532053002348206,17.902733981885273,9.2,7.642857142857143,11.05087358684481,9.2,9.2,9.2
handler read_rnd_next,3245.1111111111113,3566.4444444444443,3271.1111111111113,3214.3333333333335,3265.7777777777783,3263,3497.2222222222226,3478.7777777777783,3073,3327.111111111111,3313.5555555555557,2942.580825,2746.3154857142854,2294.6333666666665,1926.2096400000003,1563.9692499999999,1239.2069333333334,1156.6952999999999,695.3513999999999,319.1152838427948,259.6,259.6,259.6,259.6,3070.790493847969,3070.790493847969,3070.790493847969,2340.6332841732683,3372.732708790113,986.4851861042183,1528.9322626635355,1484.85,1484.85,1484.85,1484.85,1616.2666135524992,1284.1968383092922,951.6,790.5372670807453,798.3054984583762,664.6,664.6,664.6
handler update,0,0,18.555555555555557,96.55555555555556,171.77777777777777,220.66666666666669,248.44444444444443,340.6666666666667,391.33333333333337,446.6666666666667,499.6666666666667,466.66575,395.0373714285714,325.6920333333333,282.33684000000005,261.25855,172.7694,127.82249999999999,77.3694,55.80829694323144,45.4,45.4,45.4,45.4,410.5848643182201,410.5848643182201,410.5848643182201,312.95804820495533,440.302969902332,148.13588089330023,198.62681985910766,192.9,192.9,192.9,192.9,209.9726098624623,166.83272391814828,102.8,85.40062111801242,77.11587872559095,64.2,64.2,64.2
handler write,1189.2222222222222,1258.111111111111,1292.4444444444446,1416.3333333333335,1675,1840.1111111111113,2017.2222222222222,2192,2234.666666666667,2407.4444444444443,2609.222222222222,2303.906175,2079.8260285714287,1717.1949666666665,1447.6650000000002,1236.03835,957.2946,753.9561,490.4928,439.0908296943232,357.2,357.2,357.2,357.2,2410.416315523344,2410.416315523344,2410.416315523344,1837.2795760997808,2494.518636635439,847.5598263027293,1169.056298222073,1135.35,1135.35,1135.35,1135.35,1235.834124454881,981.9260399194902,630.4,523.7018633540373,599.3897738951696,499,499,499
handler total commit,0,0,76.55555555555556,220.8888888888889,369.77777777777777,493.33333333333337,572.1111111111111,708,840.2222222222223,961.5555555555557,1065.888888888889,959.6286,828.0758571428571,691.4471666666666,579.4033200000001,513.5042,388.8820666666667,266.2641,152.3058,214.628384279476,174.6,174.6,174.6,174.6,977.5830102814765,977.5830102814765,977.5830102814765,745.1382100117984,982.0609926250747,370.91535980148876,458.41710835290166,445.2,445.2,445.2,445.2,484.6024152968803,385.0385105669239,207,171.96428571428572,231.58787255909556,192.8,192.8,192.8
handler total prepare,0,0,0,0,0,0,0,0,0,0,0,0,0,0,0,0,0,0,0,0,0,0,0,0,0,0,0,0,0,0,0,0,0,0,0,0,0,0,0,0,0,0,0
handler total rollback,0,0,0,0.4444444444444445,0.6666666666666667,0.888888888888889,0.888888888888889,1.1111111111111112,1.1111111111111112,1.777777777777778,2.2222222222222223,2.1555,1.7421714285714285,1.5451333333333332,1.34928,1.3866,1.2073333333333334,1.311,0.6487999999999999,1.475109170305677,1.2,1.2,1.2,1.2,7.753244564301366,7.753244564301366,7.753244564301366,5.909716838024608,7.972892166633446,2.3026302729528534,2.7801576652130153,2.7,2.7,2.7,2.7,2.9389634350888967,2.335139215028514,1.2,0.9968944099378882,1.921891058581706,1.6,1.6,1.6
handler total savepoint,0,0,0,0,0,0,0,0,0,0,0,0,0,0,0,0,0,0,0,0,0,0,0,0,0,0,0,0,0,0,0,0,0,0,0,0,0,0,0,0,0,0,0
handler total savepoint_rollback,0,0,0,0,0,0,0,0,0,0,0,0,0,0,0,0,0,0,0,0,0,0,0,0,0,0,0,0,0,0,0,0,0,0,0,0,0,0,0,0,0,0,0
cpu System,99.58333333333181,99.47222222222585,99.19444444444454,98.97222222222,98.47222222221919,98.27777777777808,98.02777777777769,97.7500000000014,97.47222222222516,97.08333333333535,96.91666666666505,96.91666666666505,97.0000000000002,97.08333333333283,97.08333333333283,97.05555555555192,97.0000000000002,96.94444444444343,97.32426562500052,97.13984227479547,97.38828207279391,97.13952455010069,97.277777777779,97.4469052083324,97.1395245501032,97.19911259012696,97.22222222222221,97.10590252965739,97.62316457053171,98.09374999999818,97.306154187955,97.31384307845894,97.24999999999966,97.33274060902413,97.21758486366166,97.28125000000034,98.30000000000231,98.30000000000231,97.03125000000057,97.0820364606512,97.21805451362738,97.08268504111722,96.96874999999636,97.16761079639998,97.93286357571768,97.4635220125783,97.20108052775312,97.18840724187827,96.9173516996207,96.86111111111082,97.08333333333789,97.31072478072186,96.97121262643063,97.24628258928499,97.71567738095249,97.98126064451408,98.56249999999989,96.80626527438449,96.86111111111082,96.80555555555152,96.86111111111082,96.88888888889173,98.20378302642277,97.93291638870348,97.92916666666656,97.92916666666656,96.88888888888918,97.0740629685171,96.77849366807669,96.72222222222395,96.74999999999727,96.83333333332989,96.86111111111333,97.69411092052287,97.42394009504794,97.16540684748655,97.52854151037728,97.3049566570342,97.33333333333323,97.63408750000215,97.99675000000312,97.41781430475264,97.38888888889001,97.61902395833093,97.88808571428497,97.41752749083305,97.41666666666838,97.38888888888746,97.83621926815121,97.51128064032048,97.19319697643336,97.0555555555595,97.46120863023353,97.10725057052716,96.86006446593531,96.72222222221889,96.72222222222395,97.04260937500206,96.86215705875536,97.18956440441781,96.9732311451709,97.02777777777605,97.08333333333535,97.05555555555443,97.05555555555698,97.05555555555443,97.52083333333492,96.94444444444596,97.22580030011378,97.21691571839564,96.91769410196692,97.16010011870611,96.86111111111586,96.94444444444343,97.0000000000002,97.3396625296978,97.33123124296527,97.02843812485943,97.3396625296978,97.08236078692846,97.45231696428417
cpu User,3.4444444444589966,3.805555555552726,4.611111111120813,5.138888888884847,6.083333333339801,6.527777777793947,6.888888888887676,7.861111111105856,8.583333333333737,9.249999999994746,9.583333333315144,9.49999999999515,9.47222222224203,9.361111111098177,9.472222222221818,9.666666666665455,9.361111111108283,9.472222222221818,8.53418437499672,9.580139953361005,8.686800931797151,9.720062208388029,9.638888888892124,9.007547916644123,9.997778271511388,10.038824181926287,9.777777777789098,9.789909961417754,8.040159354013559,6.062500000007274,9.525660964220878,9.495252373815822,9.624999999971351,9.724383196245622,9.933222036727072,10.06249999999227,5.766666666677339,5.766666666677339,10.125000000005002,9.976656291685599,9.814953738444162,9.974438764190435,9.90625000001728,9.913362212584891,7.323569046040141,8.675907661516256,9.442819229603083,9.485575567807155,10.60875361030801,10.611111111110304,10.416666666666666,9.454925507800711,10.559075247302635,9.595427678553666,8.240910714281508,7.48121055267041,5.2812499999959055,10.636525216633483,10.583333333347078,10.611111111100199,10.416666666656562,10.250000000006468,6.196948558824425,7.132894151648187,7.145833333324844,7.145833333324844,10.249999999986256,9.494952523721015,10.664296822938745,10.777777777780608,10.69444444445051,10.36111111113011,10.47222222223354,8.243553459131661,8.97374714144351,9.72654513118963,8.172663869102081,9.085352300492222,9.055555555551111,8.139865624998361,7.125846428565599,8.912705464225592,8.94444444444768,8.347759374999582,7.567692857137308,9.357991780494572,9.333333333345056,9.388888888881613,7.6901936821070365,8.639002834731144,9.53201422854683,9.749999999985448,8.101311786684503,9.268032152680213,10.281204846071928,10.388888888893334,10.305555555563236,9.35098749999918,10.329890036667782,9.39650689026668,10.32989003665768,10.2777777777798,10.166666666666261,10.13888888887272,9.97222222221252,9.861111111109091,8.050000000005943,9.916666666675964,8.888762303729688,8.917229228826628,9.885593690985425,9.0073592194577,9.861111111119197,10.194444444459805,10.333333333326463,9.325484035665063,9.35503886872741,10.219951121973702,9.182455139435195,10.086695565191226,9.08673616073241
cpu Iowait,0.02777777777712092,0.05555555555550503,0.11111111111101006,0.16666666666651508,0.24999999999977263,0.33333333333239856,0.38888888888916684,0.44444444444404024,0.49999999999954525,0.5277777777779293,0.5277777777766662,0.5277777777766662,0.49999999999954525,0.5277777777776136,0.47222222222337173,0.44444444444435605,0.44444444444498765,0.4166666666678667,0.3943187500006019,0.41652782405984673,0.36904709841080297,0.4443457009552548,0.3611111111114143,0.3442374999996869,0.3888024883355717,0.3605102606769527,0.416666666665814,0.46448477919005016,0.38146741460541245,0.2812499999999218,0.3888024883363611,0.40604697651155247,0.3750000000005471,0.38897532785106936,0.3895381190878044,0.34375000000110845,0.20000000000057605,0.20000000000057605,0.4062499999996305,0.3890618052470544,0.4376094023509004,0.4445432318295229,0.43750000000031264,0.4442963456615215,0.29530520346938216,0.3458833619207832,0.3675348801944245,0.3691990490466801,0.4443457009543076,0.4166666666656561,0.4166666666662877,0.39631424284134853,0.41680560186817367,0.39744375000028404,0.34698571428671365,0.3265607780935489,0.21875000000122208,0.4165740946465184,0.4166666666669193,0.4166666666662877,0.3888888888891668,0.44444444444404024,0.2394955964769639,0.2620246831211811,0.26249999999909807,0.26249999999909807,0.3611111111101511,0.31554222888527017,0.36103088202651945,0.38888888888853523,0.3611111111101511,0.4444444444446718,0.4444444444446718,0.3747069754154926,0.39631690845451034,0.4446420631394004,0.42127133345862006,0.47232718381882854,0.44444444444404024,0.39431875000028177,0.3147964285704916,0.3887161261657949,0.4166666666656561,0.4016104166663014,0.35198571428539416,0.41652782405763694,0.38888888888853523,0.4166666666662877,0.40936392224124085,0.45769551442508843,0.47243219208588944,0.47222222222274013,0.3423089487344407,0.3651042969244723,0.3890185617440289,0.4444444444445139,0.4166666666680247,0.33798750000113353,0.38875930245391016,0.3690470984093507,0.41652782405905747,0.416666666665814,0.4444444444441981,0.4999999999997031,0.4722222222224244,0.49999999999954525,0.40833333333362515,0.4722222222224244,0.4246224030436124,0.42598228800047,0.4720648672673001,0.4302878608031123,0.4166666666669193,0.4166666666662877,0.4166666666669193,0.3718751302568416,0.3730536972194514,0.3888024883362031,0.3432693510056649,0.44459264199105475,0.4246138392856499
cpu Total,90.55555555581427,90.02777777754496,88.58333333434227,90.02777777754496,86.58333333312638,84.69444444506533,83.80555555599535,82.16666666622689,80.86111111139569,79.44444444340965,78.66666666684776,78.72222222116156,79.02777777829517,81.69444444421161,82.49999999987065,80.91666666700299,79.4722222225068,79.3611111112922,71.3153625008394,79.77896256733462,72.21967833475148,79.6767385030464,80.00000000012935,72.94966354081174,80.84314596720066,79.28452579122752,79.38888888844909,78.10490210126642,64.14521294870707,47.49999999912687,79.4823372574042,79.05422288873027,78.81250000064028,79.21204712225536,83.6672231492275,83.93750000032014,44.80000000058984,44.80000000058984,78.03124999991269,78.5349044019823,78.4883720926157,78.54523227324349,78.0624999992142,77.19649005899856,57.141556872210074,67.1013722134446,70.31224977283645,70.63061807557298,77.53832481779371,77.4722222225844,77.94444444459965,70.17592914317696,77.6647771478088,70.60304330322771,60.54900714269556,57.445009601211524,40.656249999301494,77.51055321016491,77.5277777768982,77.50000000038804,77.74999999997412,78.11111111077481,51.3119315449295,57.20872248138329,57.31249999972836,57.31249999972836,77.83333333338508,70.96831584338801,77.31615196581589,76.99999999927563,77.16666666674429,75.41666666576121,77.77777777777779,66.38078187476677,74.67742889204247,79.59092930162727,71.64421144351203,80.2956212502015,80.61111111116286,72.30115937479015,64.04676428606078,80.74189249178609,80.52777777775191,73.55207916704069,68.57854999967219,82.66688881424469,80.166666665011,79.88888888891476,64.15317467175812,72.14425546098396,79.11849710910191,78.77777777741561,62.44285739910465,70.46512930653778,78.77625875382338,77.94444444524642,78.08333333297116,70.0479093740032,78.47384205267498,70.99898408701218,78.77929579060246,78.83333333237614,79.02777777829519,79.2222222216272,82.30555555589186,82.08333333410944,66.73333333368646,78.44444444441856,70.54393522549873,70.76985744633086,78.36276796680242,71.57121417996555,78.2500000004398,77.97222222175655,78.0833333336179,71.19978455433161,71.42543479817212,78.31592979454314,71.42863078788312,78.58174947212389,70.85389598222194
network receive eth0,841576,868267.5555555556,1414211.5555555555,1741185.777777778,2585853.3333333335,3020205.3333333335,3429248.888888889,4022898.666666667,4573461.333333334,5060837.333333334,5525856.888888889,5440682.666666667,5432677.333333334,5067581.333333334,5117264.888888889,5201470.222222222,5102938.666666667,5031638.222222222,4532877.4458,5006852.826835499,4572055.234894058,5015991.1130859805,5003416,4590760.479666667,5018650.966451899,4998782.473655019,5000272.888888889,5011982.278119194,4116190.6855509505,3137802.9999999995,4999692.51277494,5014401.79910045,4976227,4973695.487886197,5116441.179744018,5131045,2819140.266666667,2819140.266666667,5017692,5010213.428190308,5011230.807701925,4992074.683262947,4996899,4870513.384427412,3532524.0018412275,4155553.392795884,4524030.039793753,4544514.489799997,5013253.943568096,5009232,5026093.333333334,4532092.061294414,5013063.910192287,4547674.027285715,3922190.495885714,3556443.047400234,2486765.9999999995,5014230.615418796,5012690.666666667,5011353.777777778,5022156.444444445,5012249.777777778,3085901.718590873,3471603.9227929735,3477901.4666666663,3477901.4666666663,5002490.666666667,4603418.268465767,5016750.944234614,5008267.555555556,5007655.111111111,4904531.555555556,5008548.444444445,3991022.6728416244,4521455.051811621,5006991.5518008005,4492036.674368592,5009265.170037786,5015803.555555556,4524410.6336,4027488.565371429,5017070.635273213,5039611.555555556,4594654.4942666665,4098230.682285714,5011932.911251805,5009907.555555556,5010220.444444445,4104080.575574614,4577334.116124729,5009842.596709649,5013670.222222222,3987829.8781273603,4482322.3183756415,5005540.513504501,5006775.111111111,5009509.333333334,4520156.497599999,5000638.898145063,4537067.298905767,4996245.695879151,4999662.222222222,4994377.777777778,4981720,4978571.555555556,4977185.777777778,4081127.866666667,5017549.333333334,4533815.009157005,4548334.890312439,5002365.433744308,4605062.314340455,5000975.111111111,4987783.111111111,4981066.666666667,4566471.899503982,4580944.211520987,4991741.3908020435,4559255.004668417,4995217.961542737,4520390.470442857
network receive lo,1417732.4444444445,1417741.3333333335,1418840,1420387.5555555555,1421993.7777777778,1423424,1425097.7777777778,1426213.3333333335,1427127.1111111112,1429355.5555555555,1429777.7777777778,1430819.5555555555,1271784,1434744.888888889,1439718.2222222222,1444625.7777777778,1459368,1474838.2222222222,1333487.7708,1499576.5855825837,1369907.371414291,1677049.5445456565,1520587.5555555555,1400963.0900333333,1529894.6900688733,1531816.7498613421,1539043.5555555555,1538465.0564527656,1263495.1969129625,966484.9999999998,1590751.3885803157,1603247.3763118442,1627896,1610156.034674372,1597152.587646077,1592983,820773.3333333334,820773.3333333334,1537985,1539180.0800355715,1516827.2068017004,1518819.2931762612,1525165,1535316.672220371,1096097.3171447632,1252620.7457975987,1407160.553108887,1413532.064736213,1544544.7678293712,1535239.1111111112,1524858.6666666667,1370180.1758230764,1509239.0796932313,1359670.9664999999,1201549.5337904762,1046170.5836967776,725802.9999999999,1465061.0975338814,1474744.888888889,1481975.1111111112,1490434.6666666667,1494811.5555555555,903242.3143955164,1056542.2158772515,1058458.7999999998,1058458.7999999998,1525889.7777777778,1402187.968415792,1540010.6642968229,1545413.3333333335,1541469.3333333335,1546185.7777777778,1543332.4444444445,1236158.542481418,1376269.5724433647,1513094.7087594487,1338523.943735934,1483883.5296732609,1469931.5555555555,1323495.959,1171428.2540571429,1466555.308751666,1467769.7777777778,1351408.4954666665,1210816.7777142855,1493791.8471620572,1507501.3333333335,1519748.4444444445,1250798.1308404803,1388160.287343672,1513980.435749222,1510455.1111111112,1193121.0356928478,1336922.5128673255,1483416.2498610648,1469192.888888889,1458840,1311133.7282,1472207.0420970786,1336092.2103282695,1473547.039875597,1474102.2222222222,1475593.7777777778,1480480.888888889,1487520.888888889,1491029.3333333335,1209261.2,1493639.1111111112,1361785.5607638578,1366146.7807213417,1513330.2232589137,1396073.2098796286,1518064,1517196.4444444445,1510101.3333333335,1375641.3972322955,1380001.1550414737,1485508.1093090423,1350708.1423450462,1473649.4387017894,1331062.7053
network transmit eth0,793756.4444444445,821685.3333333334,1371012.4444444445,1730623.1111111112,2544076.4444444445,2981122.666666667,3393266.666666667,3986040.888888889,4539528,5059160.888888889,5550934.222222222,5523437.333333334,5570650.666666667,5349952,5454615.111111111,5630611.555555556,5625744,5675695.111111111,5155420.6779,5801359.546817727,5324109.1775869755,5894308.820262164,5874192.888888889,5432704.818866666,5924937.569429016,5920849.251247919,5940104,5955084.750607403,4890732.453131342,3741702.999999999,6031017.107309488,6056857.571214394,6080875,6046172.927317182,6200485.2531997785,6191691,3356791.4666666673,3356791.4666666673,6012254,6010712.316585149,5975862.965741435,5949184.263169593,5971787,5799895.1460624235,4135351.0669246167,4853124.500628931,5298218.177252049,5322208.0898784995,5817499.222395023,5775624,5802476.444444445,5225463.531624359,5752012.448593976,5227644.4143,4505252.336038096,4060595.8890766413,2837718.9999999995,5897228.171517441,5942438.222222222,5920676.444444445,5960641.777777778,5967417.777777778,3601900.7290952764,4026184.172203691,4033487.733333333,4033487.733333333,5821592,5340141.215792104,5885466.3408131525,5842833.777777778,5831919.111111111,5709913.777777778,5829999.111111111,4587775.69834191,5138209.312885014,5638751.4450867055,4945194.315903976,5546438.764169816,5592864,5043922.657500001,4477075.558971429,5688111.061750334,5785861.333333334,5334237.288433333,4826705.009714285,5942939.020326558,5952006.222222222,5939180.444444445,4842750.872201258,5378937.463131566,5834666.073810583,5791394.666666667,4518399.62042508,5050622.322408404,5652077.803712348,5613539.555555556,5582293.333333334,5025774.0807,5603099.411307341,5105899.463451205,5615672.997889592,5641982.222222222,5675244.444444445,5656175.111111111,5724483.555555556,5722343.111111111,4673831.866666667,5794933.333333334,5302369.329541435,5319350.5633040955,5881096.523381095,5426103.875754925,5940199.111111111,5914280,5892482.666666667,5357870.6920928685,5374851.148363969,5784301.266385248,5237071.919011297,5723384.239190841,5141453.544314286
network transmit lo,1417732.4444444445,1417741.3333333335,1418840,1420387.5555555555,1421993.7777777778,1423424,1425097.7777777778,1426213.3333333335,1427127.1111111112,1429355.5555555555,1429777.7777777778,1430819.5555555555,1271784,1434744.888888889,1439718.2222222222,1444625.7777777778,1459368,1474838.2222222222,1333487.7708,1499576.5855825837,1369907.371414291,1677049.5445456565,1520587.5555555555,1400963.0900333333,1529894.6900688733,1531816.7498613421,1539043.5555555555,1538465.0564527656,1263495.1969129625,966484.9999999998,1590751.3885803157,1603247.3763118442,1627896,1610156.034674372,1597152.587646077,1592983,820773.3333333334,820773.3333333334,1537985,1539180.0800355715,1516827.2068017004,1518819.2931762612,1525165,1535316.672220371,1096097.3171447632,1252620.7457975987,1407160.553108887,1413532.064736213,1544544.7678293712,1535239.1111111112,1524858.6666666667,1370180.1758230764,1509239.0796932313,1359670.9664999999,1201549.5337904762,1046170.5836967776,725802.9999999999,1465061.0975338814,1474744.888888889,1481975.1111111112,1490434.6666666667,1494811.5555555555,903242.3143955164,1056542.2158772515,1058458.7999999998,1058458.7999999998,1525889.7777777778,1402187.968415792,1540010.6642968229,1545413.3333333335,1541469.3333333335,1546185.7777777778,1543332.4444444445,1236158.542481418,1376269.5724433647,1513094.7087594487,1338523.943735934,1483883.5296732609,1469931.5555555555,1323495.959,1171428.2540571429,1466555.308751666,1467769.7777777778,1351408.4954666665,1210816.7777142855,1493791.8471620572,1507501.3333333335,1519748.4444444445,1250798.1308404803,1388160.287343672,1513980.435749222,1510455.1111111112,1193121.0356928478,1336922.5128673255,1483416.2498610648,1469192.888888889,1458840,1311133.7282,1472207.0420970786,1336092.2103282695,1473547.039875597,1474102.2222222222,1475593.7777777778,1480480.888888889,1487520.888888889,1491029.3333333335,1209261.2,1493639.1111111112,1361785.5607638578,1366146.7807213417,1513330.2232589137,1396073.2098796286,1518064,1517196.4444444445,1510101.3333333335,1375641.3972322955,1380001.1550414737,1485508.1093090423,1350708.1423450462,1473649.4387017894,1331062.7053
Reads completed vda,0,0.33333333333333337,0.33333333333333337,0.33333333333333337,0.33333333333333337,0.33333333333333337,0.33333333333333337,0.33333333333333337,0.33333333333333337,0.33333333333333337,0,0.11111111111111112,0.11111111111111112,0.11111111111111112,0.33333333333333337,0.33333333333333337,0.33333333333333337,0.33333333333333337,0.3379875,0.3332222592469177,0.22710590671355382,0.2221728504776716,0.22222222222222224,0,0.1110864252388358,0.11092623405435384,0.11111111111111112,0.14291839359725597,0.1173745891096184,0.12499999999999997,0.3332592757165075,0.37481259370314846,0.5,0.4445432318292954,0.4451864218141347,0.5,0.2666666666666667,0.2666666666666667,0.75,0.7781236104935527,0.6251562890722681,0.5556790397866193,0.625,0.6664445184938353,0.23624416277518345,0.23058890794739853,0.22617531088868673,0.22719941479776623,0.33325927571650743,0.33333333333333337,0.4444444444444445,0.3396979224351989,0.33344448149383127,0.3406660714285714,0.34698571428571434,0.35624812155618635,0.12499999999999997,0.22217285047767166,0.22222222222222224,0.22222222222222224,0.4444444444444445,0.5555555555555556,0.4789911929543635,0.46582165888370025,0.4666666666666666,0.4666666666666666,0.6666666666666667,0.688455772113943,0.555432126194179,0.5555555555555556,0.4444444444444445,0.5555555555555556,0.5555555555555556,0.6917667238421956,0.7926338169084544,0.7781236104935527,0.7863731557889473,1.0002222716159146,0.7777777777777779,0.7886375,0.6868285714285716,0.6663705019991115,0.4444444444444445,0.3442375,0.3519857142857143,0.44429634566255694,0.22222222222222224,0.33333333333333337,0.35088336192109776,0.343271635817909,0.33348154735437974,0.22222222222222224,0.11410298291104351,0.11233978366887584,0.11114816049794377,0.11111111111111112,0,0,0,0,0,0.33333333333333337,0.33333333333333337,0.33333333333333337,0.33333333333333337,0.33333333333333337,0.35,0.5555555555555556,0.5661632040586648,0.5679763840011433,0.22214817283127847,0.22948685909450622,0.22222222222222224,0.22222222222222224,0.22222222222222224,0,0,0.1110864252388358,0.11442311700220917,0.11114816049794377,0.11323035714285715
Writes completed vda,16,20,46.22222222222222,65.77777777777779,93.44444444444444,117.55555555555557,135.22222222222223,169.33333333333334,194.88888888888889,215.33333333333334,229.66666666666669,222.11111111111114,220.11111111111114,224.55555555555557,217.11111111111114,214.77777777777777,200,189.77777777777777,170.0077125,187.82628012884592,169.1939005015976,199.06687402799375,187.44444444444446,174.2989208333333,196.84514552321704,194.8973932334997,208,216.8072030870373,178.0572516792911,130.74999999999997,204.17684958898025,205.02248875562222,208.875,209.7132696154701,212.57651641624935,205.375,113.46666666666667,113.46666666666667,199.375,199.42196531791907,194.17354338584647,204.82329406534785,203.375,206.3756525602577,149.5425550366911,166.13930817610066,183.54126478616928,184.37232510838732,210.06443012663848,212,204.11111111111114,179.58696832740847,196.2876514393687,183.2783464285714,166.43748095238095,149.26796293204208,98.74999999999997,182.84825594312377,182.44444444444446,187.33333333333334,190.66666666666669,195.22222222222223,133.6385428342674,148.94647542806314,149.21666666666664,149.21666666666664,201.11111111111114,183.24397801099448,195.95645412130636,196.55555555555557,194.88888888888889,190.33333333333334,192.33333333333334,161.87341337907375,178.34260880440223,192.86349488661628,169.5195845836459,188.04178706379196,185.77777777777777,165.16322499999998,147.89708571428574,187.6943580630831,191.77777777777777,178.42977083333332,163.67335714285713,201.044096412307,198.33333333333334,197.55555555555557,174.0381475128645,194.6350175087544,212.65006669630947,205.66666666666669,164.08008942608055,184.12490543328752,204.9572079582083,208,207.11111111111114,177.44343750000002,190.49205820282128,170.6700888952357,201.044096412307,200.55555555555557,199.44444444444446,192.88888888888889,195.88888888888889,198,166.71666666666667,193.55555555555557,165.43288822594187,165.96269940513406,186.71553926468954,170.96771002540714,199.44444444444446,205.11111111111114,207.33333333333334,198.86737734983953,199.49763869784502,219.6178626971784,198.2952617648285,219.406468822941,189.20792678571428
Read time vda,NaN,0.00033333333461390186,0.00033333333461390186,0.00033333333461390186,0.00033333333461390186,0.00033333333461390186,0.00033333333461390186,0.00033333333461390186,0.00033333333461390186,0.00033333333461390186,NaN,0.000999999996565748,0.000999999996565748,0.000999999996565748,0.0006666666668024845,0.0006666666668024845,0.0006666666668024845,0.0006666666668024845,0.0006666666668024845,0.0006666666668024845,0.0005000000019208528,0.0005000000019208528,0.0005000000019208528,NaN,0,0,0,0,0,0,0.00033333333218858263,0.0003333333321885827,0.0005000000001018634,0.0005000000001018634,0.0005000000001018634,0.0005000000001018634,0.0005000000019208527,0.0005000000019208527,0.00033333333340124227,0.0002857142857724934,0.00019999999931314958,0.0001999999993131496,0.0001999999993131496,0.00033333333340124227,0.0005000000019208528,0.0005000000019208528,0.0005000000019208527,0.0005000000019208529,0.0006666666668024845,0.0006666666668024845,0.0005000000001018634,0.00033333333218858263,0.0003333333321885827,0.0003333333321885827,0.00033333333218858263,0.00033333333218858263,0,0.000499999998282874,0.000499999998282874,0.000499999998282874,0.0005000000001018634,0.0004000000000814907,0.0002500000009604264,0.00025000000096042635,0.0002500000009604264,0.0002500000009604264,0.00033333333340124227,0.0003333333334012422,0.00040000000008149077,0.0004000000000814907,0.0005000000001018634,0.0004000000000814907,0.0004000000000814907,0.00033333333340124227,0.0004285714291784513,0.0004285714291784513,0.00042857142917845134,0.0004444444445349897,0.0004285714281390288,0.0004285714281390288,0.0004999999994955335,0.0004999999994955336,0.0005000000001018634,0.0003333333321885827,0.0003333333321885827,0.0005000000001018634,0.0005000000019208528,0.00033333333461390186,0.0003333333346139019,0.00033333333461390186,0.00033333333461390186,0.0005000000019208528,0,0,0,0,NaN,NaN,NaN,NaN,NaN,0.0006666666668024845,0.0006666666668024845,0.0006666666668024845,0.0006666666668024845,0.0006666666668024845,0.0006666666668024845,0.0004000000000814907,0.0004000000000814907,0.0004000000000814907,0,0,0,0,0,NaN,NaN,0.000999999996565748,0.000999999996565748,0.000999999996565748,0.000999999996565748
Write time vda,0.0005486111110965592,0.0005833333333106971,0.0007019230769261552,0.0008006756756790185,0.0008573127229548228,0.0008922495274131787,0.0008915365653298298,0.0009055118110266776,0.0008962371721779455,0.0008818369453057591,0.0008708272859230335,0.000865932966483125,0.0008505805148902936,0.0008372093023233349,0.0007998976458519165,0.0007966890843215713,0.0008055555555539387,0.00078864168617933,0.0007965540092808304,0.0007806031933808307,0.0007926174496720863,0.0007812499999967519,0.0007617071724976244,0.0007781435154711644,0.0007765237020337707,0.0007307911212291694,0.0007419871794848164,0.0007574159525315344,0.0007574159525315343,0.0007533460803063725,0.0007241566920596234,0.0007227300426578387,0.0006983842010779656,0.0006979332273425861,0.0006984293193730687,0.0006895922093740899,0.0006933019976457198,0.0006933019976457198,0.0007153605015694418,0.0007173913043459442,0.0007211848036029255,0.0007254476397175987,0.0007295636140168132,0.0007438105489762046,0.0007440758293803001,0.0007168632893794649,0.0007264325323408338,0.0007264325323408338,0.0006969857218399268,0.000696016771485358,0.0007762656505129015,0.0007749054224505899,0.0007695356738455788,0.00077323420074775,0.0008040305767939676,0.000804295942731229,0.000918987341784383,0.0007782503037683339,0.000786845310597613,0.0006856465005947079,0.0006858974358951292,0.0006869664200312338,0.0007329749103936393,0.0010101641907750436,0.0010101641907750436,0.0010101641907750436,0.0009232044198906604,0.0009474013775869044,0.0009676870748270282,0.0009553420011318984,0.000950399087800046,0.0009404553415087121,0.0007232813402617745,0.0007072649572665326,0.0006920634920612746,0.0006881844380421576,0.0006434724983465911,0.000657210401896138,0.0006698564593273585,0.0006705320600224412,0.0006756965944212976,0.000781656804740134,0.0007937427578188549,0.0008186495176855613,0.0008379928315372131,0.0008132596685051357,0.0008268907562997819,0.0008065241844816546,0.0007284946236478558,0.0007330981775358464,0.0007318348144245578,0.0007309562398718499,0.0007420027816481306,0.0007455765710853248,0.0007386117136704259,0.0007302350427341721,0.0007462446351870749,0.0007479365079364338,0.0007370262390729611,0.000739188290089437,0.0007392265193388817,0.0007340720221590524,0.0007320334261830009,0.0007327188940076071,0.0007231990924609933,0.0007160493827231049,0.000718684394682899,0.0007233065441990592,0.0007097878165616865,0.0007097878165616865,0.0006954193932149982,0.0006879194630833418,0.000771587743729672,0.0007654387865657993,0.0007658092175719042,0.0007681242807861928,0.0007681242807861926,0.0007683358624179225,0.0007870744373926122,0.0007720364741666105,0.0006929982046740641
IO time vda,0.010888888888884039,0.011999999999817292,0.020888888888900208,0.03111111111118387,0.04377777777780365,0.05422222222215269,0.06277777777783437,0.0726666666667168,0.08199999999993048,0.09144444444448002,0.09744444444448971,0.09722222222222224,0.09288888888881451,0.08977777777767591,0.08788888888880643,0.08522222222220283,0.08155555555539548,0.07999999999992724,0.0704140625,0.0819726757748743,0.07335520786855058,0.0854254610086906,0.0842222222222012,0.07687970833334168,0.08398133748049359,0.08419301164725618,0.08411111111126957,0.08174932113764706,0.06713826497071539,0.0483750000000782,0.08164852255060899,0.08108445777127081,0.08937500000001819,0.09057568348527553,0.09293266555380589,0.09437499999989996,0.05426666666656578,0.05426666666656578,0.0909999999998945,0.09126278345930555,0.08714678669668872,0.08757501667042294,0.08600000000001273,0.08797067644112647,0.06272282521691262,0.07517198399085695,0.08142311191985316,0.08179178932712146,0.09420128860252791,0.09444444444448487,0.09444444444448487,0.08265982779251563,0.08969656552191825,0.08482585178564488,0.07240435238097595,0.0662621506095578,0.042124999999941785,0.0864252388356397,0.08688888888880482,0.08722222222220606,0.08977777777787803,0.09122222222221252,0.05843692554057524,0.06416693351138053,0.06428333333348443,0.06428333333348443,0.0875555555556073,0.07894292853574382,0.08642523883584173,0.0873333333333398,0.08988888888880966,0.08788888888880643,0.0904444444444784,0.07828493424815186,0.08843528728659762,0.09559804357498689,0.08515297886969618,0.09346521449194602,0.09155555555561376,0.08010303750012951,0.07108675714297209,0.08662816525975521,0.0856666666667378,0.07676496249998496,0.06922385714287421,0.08441630567591006,0.08233333333333172,0.08366666666653247,0.0742703116066579,0.08398712689682501,0.09215206758556287,0.09055555555561215,0.0739387329262682,0.08234506142910128,0.09125263976880213,0.093555555555617,0.0904444444444784,0.07739913749998853,0.0834166388981677,0.07449073740214315,0.08897034321886883,0.0904444444444784,0.09000000000014552,0.0887777777776743,0.0892222222222093,0.09111111111107878,0.07664999999991172,0.08988888888880966,0.0775643589559794,0.07781276460809877,0.08530489836721415,0.0788287360989512,0.09077777777787964,0.09311111111108201,0.0950000000001536,0.08925003126179808,0.08953288733282494,0.09664518995787606,0.08604618398570793,0.09492052906517282,0.0819787785714467
mem_Used%,32.67552680075742,32.890360399698906,33.02140838848966,33.05474026967416,33.16197977190457,33.18690269826138,33.24571472570091,33.293990231428616,33.33198249721643,33.34322820788963,33.382030975347575,33.39535359655051,33.43273798608571,33.447428328857,33.448796050425365,33.4624226097546,33.48916916486922,33.50720282702982,33.529795561084974,33.534050694853214,33.535924979965415,33.36085661921517,33.319824972164334,33.24667719643419,33.24485356767638,33.231581602827845,33.21182562461817,33.49975634293541,33.45517875107772,33.45401365492688,33.46834940321749,33.46424623851241,33.46292917329843,33.37767452887057,33.381727037221275,33.378839625021406,33.347837936138546,33.34976287760513,33.346672839987725,33.35341013512077,33.35893167774859,33.55907493391879,33.56013871736084,33.53633023080048,33.53891370487405,33.53400003849883,33.53957223748104,33.542459649680914,33.43061041920159,33.435169491096126,33.46576592914392,33.4468204526044,33.42210015166513,33.421694900830055,33.40943606306919,33.40740980889384,33.525033863772904,33.526908148885106,33.53278428599362,33.54169980436515,33.55699802338905,33.560746593613445,33.46713365071228,33.448188174172756,33.403357300543135,33.3928714351857,33.377015996263594,33.398342321459154,33.3925674970594,33.39819035239599,33.4028507369993,33.40974000119549,33.5431181822879,33.528934403060454,33.54534706188079,33.53450660204267,33.53379741308129,33.535013165586506,33.543726058540514,33.5477785668912,33.4465165144781,33.440640377369576,33.45396299857251,33.4726551933401,33.47260453698573,33.447428328857,33.438208872359155,33.540382739151184,33.520829386359054,33.52310892230632,33.517587379678496,33.52599633450619
descriptor_used /dev/vda1,0.995392717582129,0.9953926921506431,0.9953926921506431,0.9953926921506431,0.9953926921506431,0.9953926921506431,0.9953926921506431,0.9953926921506431,0.9953926921506431,0.9953926921506431,0.9953926921506431,0.9953926921506431,0.9953926921506431,0.9953926921506431,0.9953926921506431,0.9953926921506431,0.9953926921506431,0.9953926921506431,0.9953926921506431,0.9953926921506431,0.9953926921506431,0.9953926921506431,0.9953926921506431,0.9953926921506431,0.9953926921506431,0.9953926921506431,0.9953926921506431,0.9953926921506431,0.9953926921506431,0.9953926921506431,0.9953926921506431,0.9953926921506431,0.9953926921506431,0.9953926921506431,0.9953926921506431,0.9953926921506431,0.9953926921506431,0.9953926921506431,0.9953926921506431,0.9953926921506431,0.9953926921506431,0.9953926921506431,0.9953926921506431,0.9953926921506431,0.9953926921506431,0.9953926921506431,0.9953926921506431,0.9953926921506431,0.9953926921506431,0.9953926921506431,0.9953926921506431,0.9953926921506431,0.9953926921506431,0.9953926921506431,0.9953926921506431,0.9953926921506431,0.9953926921506431,0.9953926921506431,0.9953926921506431,0.9953926921506431,0.9953926921506431,0.9953926921506431,0.9953926921506431,0.9953926921506431,0.9953926921506431,0.9953926921506431,0.9953926921506431,0.9953926921506431,0.9953926921506431,0.9953926921506431,0.9953926921506431,0.9953926921506431,0.9953926921506431,0.9953926921506431,0.9953926921506431,0.9953926921506431,0.9953926921506431,0.9953926921506431,0.9953926921506431,0.9953926921506431,0.9953926921506431,0.9953926921506431,0.9953926921506431,0.9953926921506431,0.9953926921506431,0.9953926921506431,0.9953926921506431,0.9953926921506431,0.9953926921506431,0.9953926921506431,0.9953926921506431,0.9953926921506431
thread_connect,1,6,6,6,7,7,6,6,9,5,76,25,14,29,16,23,17,39,23,17
threads_running,1,3,1,1,1,1,1,1,4,1,44,13,1,8,1,6,2,9,3,1
lock_wait,31988,31998,32013,32042,32091,32109,32132,32156,32179,32202,32608,33644,33667,33771,34046,34101,34135,34417,34712,34730
bytes_received,216080965,216183393,216363650,216551193,216713458,216827561,216993431,217164407,217329348,217466416,220287258,226776015,226903793,227614318,229108692,229386992,229535721,231320891,233008357,233152129
questions,1620465,1621235,1622658,1624134,1625371,1626207,1627564,1628873,1630129,1631188,1653316,1704352,1705329,1710898,1722792,1724978,1726138,1740089,1753387,1754470
queries,1628320,1629091,1630517,1631996,1633238,1634075,1635437,1636747,1638007,1639070,1661255,1712422,1713401,1718985,1730909,1733101,1734264,1748251,1761585,1762671
abort,0,0,0,0,0,0,0,0,0,0,0,0,0,0,0,0,0,0,0,0
mysql_global_status_threads_cached,10,5,5,5,4,4,6,6,3,7,4,11,8,6,9,7,5,2,6,9
select_full_range_join,0,0,0,0,0,0,0,0,0,0,0,0,0,0,0,0,0,0,0,0
select_full_join,0,0,0,0,0,0,0,0,0,0,0,0,0,0,0,0,0,0,0,0
Thread Cache Size,11,11,11,11,11,11,11,11,11,11,11,11,11,11,11,11,11,11,11,11
Threads Cached,10,5,5,5,4,4,6,6,3,7,4,11,8,6,9,7,5,2,6,9
Created Tmp Tables,347756,347885,348018,348153,348286,348419,348553,348686,348825,348957,351488,357374,357499,358166,359500,359770,359906,361508,363109,363245
Free Memory,1031832,1031832,1031832,1031832,1031832,1031832,1031832,1031832,1031832,1031832,1031832,1031832,1031832,1031832,1031832,1031832,1031832,1031832,1031832,1031832
open_files,61,61,61,61,61,61,61,61,61,61,73,77,77,77,77,77,78,78,78,78
innodb_num_open_files,28,28,28,28,28,28,28,28,28,28,28,28,28,28,28,28,28,28,28,28
Query Cache Size,1048576,1048576,1048576,1048576,1048576,1048576,1048576,1048576,1048576,1048576,1048576,1048576,1048576,1048576,1048576,1048576,1048576,1048576,1048576,1048576
table_open_cache,2000,2000,2000,2000,2000,2000,2000,2000,2000,2000,2000,2000,2000,2000,2000,2000,2000,2000,2000,2000
process state after create,0,0,0,0,0,0,0,0,0,0,0,0,0,0,0,0,0,0,0,0
process state altering table,0,0,0,0,0,0,0,0,0,0,0,0,0,0,0,0,0,0,0,0
process state analyzing,0,0,0,0,0,0,0,0,0,0,0,0,0,0,0,0,0,0,0,0
process state checking permissions,0,0,0,0,0,0,0,0,0,0,0,0,0,0,0,0,0,0,0,0
process state checking table,0,0,0,0,0,0,0,0,0,0,0,0,0,0,0,0,0,0,0,0
process state cleaning up,0,0,0,0,0,0,0,0,0,0,0,0,0,0,0,0,0,0,0,0
process state closing tables,0,0,0,0,0,0,0,0,0,0,0,0,0,0,0,0,0,0,0,0
process state converting heap to myisam,0,0,0,0,0,0,0,0,0,0,0,0,0,0,0,0,0,0,0,0
process state copying to tmp table,0,0,0,0,0,0,0,0,0,0,0,0,0,0,0,0,0,0,0,0
process state creating sort index,0,0,0,0,0,0,0,0,0,0,0,0,0,0,0,0,0,0,0,0
process state creating table,0,0,0,0,0,0,0,0,0,0,0,0,0,0,0,0,0,0,0,0
process state creating tmp table,0,0,0,0,0,0,0,0,0,0,0,0,0,0,0,0,0,0,0,0
process state deleting,0,0,0,0,0,0,0,0,0,0,0,0,0,0,0,0,0,0,0,0
process state end,0,0,0,0,0,0,0,0,0,0,0,0,0,0,0,0,0,0,0,0
process state executing,0,0,0,0,0,0,0,0,0,0,0,0,0,0,0,0,0,1,0,0
process state execution of init_command,0,0,0,0,0,0,0,0,0,0,0,0,0,0,0,0,0,0,0,0
process state flushing tables,0,0,0,0,0,0,0,0,0,0,0,0,0,0,0,0,0,0,0,0
process state freeing items,0,0,0,1,0,0,0,0,0,0,0,0,0,0,0,0,0,0,0,0
process state fulltext initialization,0,0,0,0,0,0,0,0,0,0,0,0,0,0,0,0,0,0,0,0
process state idle,0,4,4,4,6,5,4,4,5,3,31,14,13,18,16,16,14,29,19,14
process state init,0,0,0,0,0,0,0,0,0,0,0,0,0,0,0,0,0,0,0,0
process state killed,0,0,0,0,0,0,0,0,0,0,0,0,0,0,0,0,0,0,0,0
process state logging slow query,0,0,0,0,0,0,0,0,0,0,0,0,0,0,0,0,0,0,0,0
process state login,0,0,0,0,0,0,0,0,0,0,0,0,0,0,0,0,0,0,0,0
process state manage keys,0,0,0,0,0,0,0,0,0,0,0,0,0,0,0,0,0,0,0,0
process state opening tables,0,0,0,0,0,0,0,0,0,0,0,0,0,0,0,0,0,0,0,0
process state optimizing,0,0,0,0,0,0,0,0,0,0,0,0,0,0,0,0,0,0,0,0
process state other,0,0,1,0,0,1,1,0,0,0,0,0,0,2,0,0,1,0,2,1
process state preparing,0,0,0,0,0,0,0,0,0,0,0,0,0,0,0,0,0,0,0,0
process state reading from net,0,0,0,0,0,0,0,0,0,0,0,0,0,0,0,0,0,0,0,0
process state removing duplicates,0,0,0,0,0,0,0,0,0,0,0,0,0,0,0,0,0,0,0,0
process state removing tmp table,0,0,0,0,0,0,0,0,0,0,0,0,0,0,0,0,0,0,0,0
process state reopen tables,0,0,0,0,0,0,0,0,0,0,0,0,0,0,0,0,0,0,0,0
process state repair by sorting,0,0,0,0,0,0,0,0,0,0,0,0,0,0,0,0,0,0,0,0
process state repair done,0,0,0,0,0,0,0,0,0,0,0,0,0,0,0,0,0,0,0,0
process state repair with keycache,0,0,0,0,0,0,0,0,0,0,0,0,0,0,0,0,0,0,0,0
process state replication master,0,0,0,0,0,0,0,0,0,0,0,0,0,0,0,0,0,0,0,0
process state rolling back,0,0,0,0,0,0,0,0,0,0,0,0,0,0,0,0,0,0,0,0
process state searching rows for update,0,0,0,0,0,0,0,0,0,0,0,0,0,0,0,0,0,0,0,0
process state sending data,0,0,0,0,0,0,0,0,0,0,0,0,0,0,0,0,0,0,0,0
process state sorting for group,0,0,0,0,0,0,0,0,0,0,0,0,0,0,0,0,0,0,0,0
process state sorting for order,0,0,0,0,0,0,0,0,0,0,0,0,0,0,0,0,0,0,0,0
process state sorting index,0,0,0,0,0,0,0,0,0,0,0,0,0,0,0,0,0,0,0,0
process state sorting result,0,0,0,0,0,0,0,0,0,0,0,0,0,0,0,0,0,0,0,0
process state statistics,0,0,0,0,0,0,0,0,0,0,0,0,0,0,0,0,0,0,0,0
process state updating,0,1,0,0,0,0,0,0,3,1,44,11,0,6,0,5,1,8,2,2
process state waiting for lock,0,0,0,0,0,0,0,2,0,0,0,0,0,0,0,1,0,1,0,0
process state waiting for table flush,0,0,0,0,0,0,0,0,0,0,0,0,0,0,0,0,0,0,0,0
process state waiting for tables,0,0,0,0,0,0,0,0,0,0,0,0,0,0,0,0,0,0,0,0
process state waiting on cond,0,0,0,0,0,0,0,0,0,0,0,0,0,0,0,0,0,0,0,0
process state writing to net,0,0,0,0,0,0,0,0,0,0,0,0,0,0,0,0,0,0,0,0
qcache_queries_in_cache,0,0,0,0,0,0,0,0,0,0,0,0,0,0,0,0,0,0,0,0
disk_io_now vda,0,0,0,0,0,0,0,0,0,0,0,0,0,0,0,0,0,0,0,0,0,0,0,0,0,0,0,0,0,0,0,0,0,0,0,0,0,0,0,0,0,0,0,0,0,0,0,0,0,0,0,0,0,0,0,0,0,0,0,0,0,0,0,0,0,0,0,0,0,0,0,0,0,0,0,0,0,0,0,0,0,0,0,0,0,0,0,0,0,0,0
mem_buffer,0,0,0,0,0,0,0,0,0,0,0,0,0,0,0,0,0,0,0,0,0,0,0,0,0,0,0,0,0,0,0,0,0,0,0,0,0,0,0,0,0,0,0,0,0,0,0,0,0,0,0,0,0,0,0,0,0,0,0,0,0,0,0,0,0,0,0,0,0,0,0,0,0,0,0,0,0,0,0,0,0,0,0,0,0,0,0,0,0,0,0
mem_cached,5530132480,5530484736,5530775552,5531176960,5531385856,5531639808,5531992064,5532254208,5532557312,5532803072,5533138944,5533401088,5533659136,5533937664,5534224384,5534420992,5534711808,5535191040,5535682560,5535973376,5536428032,5536706560,5536972800,5537964032,5538529280,5538750464,5539094528,5540057088,5540372480,5540585472,5540929536,5541449728,5541658624,5541928960,5542170624,5542760448,5542985728,5543256064,5543542784,5543768064,5545050112,5545340928,5545611264,5545910272,5546156032,5546438656,5546688512,5547470848,5547978752,5548236800,5548515328,5548797952,5549002752,5549281280,5549563904,5549834240,5550100480,5550370816,5550632960,5551501312,5551771648,5552562176,5552771072,5553106944,5553295360,5553598464,5553799168,5554151424,5554425856,5554671616,5554941952,5555191808,5555417088,5555994624,5556490240,5556789248,5557116928,5557354496,5557624832,5562040320,5562580992,5562859520,5563355136,5563797504,5564137472,5564301312,5564567552,5565071360,5565394944,5565677568,5565906944
Read bytes vda,942425687552,942425687552,942425687552,942425687552,942425687552,942425687552,942425687552,942425687552,942425687552,942425687552,942425703936,942425703936,942425703936,942425748992,942425748992,942425748992,942425748992,942425748992,942425748992,942425748992,942425765376,942425765376,942425765376,942425785856,942425818624,942425818624,942425818624,942425827840,942425844224,942425844224,942425844224,942425860608,942425860608,942425860608,942425860608,942425893376,942425893376,942425909760,942425909760,942425909760,942425926144,942425926144,942425942528,942425975296,942425991680,942425991680,942425991680,942426024448,942426024448,942426057216,942426057216,942426073600,942426073600,942426122752,942426139136,942426139136,942426139136,942426171904,942426171904,942426171904,942426188288,942426253824,942426253824,942426270208,942426270208,942426270208,942426270208,942426270208,942426270208,942426270208,942426270208,942426270208,942426270208,942426270208,942426270208,942426319360,942426319360,942426319360,942426319360,942426319360,942426352128,942426352128,942426352128,942426352128,942426352128,942426352128,942426352128,942426368512,942426368512,942426368512,942426368512
