,end_time,query_time,lock_time,rows_sent,rows_examined,sql_text,thread_id,start_time
2,1698741473190,1.143,0.0,0,0,COMMIT,75326,1698741473188.857
3,1698741529021,1.519,0.107,1,364,"SELECT COUNT(DISTINCT(OL_I_ID)) FROM order_line, stock\
            WHERE OL_W_ID = 4\
              AND OL_D_ID = 9\
              AND OL_O_ID < 44622\
              AND OL_O_ID >= 44602\
              AND S_W_ID = 4\
              AND S_I_ID = OL_I_ID\
              AND S_QUANTITY < 10",75330,1698741529019.481
4,1698741535764,1.047,0.0,0,0,COMMIT,75329,1698741535762.953
5,1698741770036,1.175,0.0,0,0,COMMIT,75338,1698741770034.825
6,1698741790363,1.139,0.0,0,0,COMMIT,75339,1698741790361.861
7,1698741836790,1.224,0.0,0,0,COMMIT,75336,1698741836788.776
8,1698741861129,2.046,0.092,1,416,"SELECT COUNT(DISTINCT(OL_I_ID)) FROM order_line, stock\
            WHERE OL_W_ID = 3\
              AND OL_D_ID = 3\
              AND OL_O_ID < 44451\
              AND OL_O_ID >= 44431\
              AND S_W_ID = 3\
              AND S_I_ID = OL_I_ID\
              AND S_QUANTITY < 13",75342,1698741861126.954
9,1698741921650,1.434,0.0,0,0,COMMIT,75343,1698741921648.566
10,1698741953665,1.344,0.0,0,0,COMMIT,75331,1698741953663.656
11,1698741073027,1.162,0.0,0,0,COMMIT,75337,1698741073025.838
12,1698741093237,1.103,0.0,0,0,COMMIT,75349,1698741093235.897
13,1698741104171,1.012,0.0,0,0,COMMIT,75335,1698741104169.988
16,1698741157217,1.307,0.0,0,0,ROLLBACK,75345,1698741157215.693
18,1698741223615,1.035,0.0,0,0,COMMIT,75358,1698741223613.965
19,1698741265703,1.145,0.0,0,0,COMMIT,75359,1698741265701.855
20,1698741339608,1.046,0.0,0,0,COMMIT,75362,1698741339606.954
21,1698741421901,1.003,0.0,0,0,COMMIT,75361,1698741421899.997
22,1698741455154,1.006,0.0,0,0,COMMIT,75352,1698741455152.994
23,1698741517341,1.844,0.0,0,0,COMMIT,75360,1698741517339.156
24,1698741632365,1.106,0.0,0,0,COMMIT,75377,1698741632363.894
25,1698741661013,1.182,0.0,0,0,COMMIT,75373,1698741661011.818
26,1698741669271,1.079,0.0,0,0,COMMIT,75379,1698741669269.921
27,1698741721619,1.701,0.088,1,354,"SELECT COUNT(DISTINCT(OL_I_ID)) FROM order_line, stock\
            WHERE OL_W_ID = 1\
              AND OL_D_ID = 9\
              AND OL_O_ID < 44388\
              AND OL_O_ID >= 44368\
              AND S_W_ID = 1\
              AND S_I_ID = OL_I_ID\
              AND S_QUANTITY < 12",75382,1698741721617.299
28,1698741780507,1.005,0.0,0,0,COMMIT,75384,1698741780505.995
29,1698741843191,1.081,0.0,0,0,COMMIT,75378,1698741843189.919
30,1698741015089,1.169,0.0,0,0,COMMIT,75392,1698741015087.831
31,1698741131736,4.273,0.0,0,0,COMMIT,75393,1698741131731.727
35,1698741189013,1.013,0.0,0,0,COMMIT,75403,1698741189011.987
36,1698741244950,1.017,0.0,0,0,COMMIT,75406,1698741244948.983
37,1698741336480,1.047,0.0,0,0,COMMIT,75399,1698741336478.953
38,1698741387502,1.071,0.0,0,0,COMMIT,75413,1698741387500.929
39,1698741428859,1.059,0.0,0,0,COMMIT,75414,1698741428857.941
40,1698741497509,2.098,0.0,0,0,COMMIT,75416,1698741497506.902
41,1698741534266,4.242,0.0,0,0,COMMIT,75420,1698741534261.758
42,1698741569044,4.607,0.0,0,0,COMMIT,75421,1698741569039.393
43,1698741635690,1.034,0.0,0,0,COMMIT,75419,1698741635688.966
44,1698741715743,1.012,0.0,0,0,ROLLBACK,75427,1698741715741.988
45,1698741749630,1.619,0.095,1,394,"SELECT COUNT(DISTINCT(OL_I_ID)) FROM order_line, stock\
            WHERE OL_W_ID = 3\
              AND OL_D_ID = 1\
              AND OL_O_ID < 44442\
              AND OL_O_ID >= 44422\
              AND S_W_ID = 3\
              AND S_I_ID = OL_I_ID\
              AND S_QUANTITY < 10",75432,1698741749628.381
46,1698741759533,1.117,0.0,0,0,COMMIT,75423,1698741759531.883
47,1698741805242,1.025,0.0,0,0,COMMIT,75433,1698741805240.975
48,1698741808381,1.737,0.092,1,390,"SELECT COUNT(DISTINCT(OL_I_ID)) FROM order_line, stock\
            WHERE OL_W_ID = 3\
              AND OL_D_ID = 4\
              AND OL_O_ID < 44686\
              AND OL_O_ID >= 44666\
              AND S_W_ID = 3\
              AND S_I_ID = OL_I_ID\
              AND S_QUANTITY < 19",75436,1698741808379.263
49,1698741058231,1.02,0.0,0,0,COMMIT,75445,1698741058229.98
51,1698741130902,1.084,0.0,0,0,COMMIT,75442,1698741130900.916
54,1698741355146,1.097,0.0,0,0,COMMIT,75458,1698741355144.903
55,1698741516064,1.782,0.089,1,1,"SELECT S_QUANTITY, S_DATA, S_YTD, S_ORDER_CNT, S_REMOTE_CNT, S_DIST_03 FROM stock WHERE S_I_ID = 18513 AND S_W_ID = 4",75469,1698741516062.218
56,1698741527823,1.83,0.162,0,1,UPDATE customer SET C_BALANCE = C_BALANCE + 1300.98 WHERE C_ID = 2554 AND C_D_ID = 5 AND C_W_ID = 4,75467,1698741527821.17
57,1698741548242,1.01,0.0,0,0,COMMIT,75471,1698741548240.99
58,1698741650014,1.008,0.0,0,0,COMMIT,75467,1698741650012.992
59,1698741662025,1.187,0.0,0,0,COMMIT,75475,1698741662023.813
60,1698741760596,1.165,0.0,0,0,COMMIT,75479,1698741760594.835
61,1698741809926,1.004,0.0,0,0,COMMIT,75482,1698741809924.996
62,1698741816046,1.017,0.0,0,0,COMMIT,75473,1698741816044.983
63,1698741826549,1.035,0.0,0,0,COMMIT,75483,1698741826547.965
64,1698741854964,1.113,0.0,0,0,COMMIT,75474,1698741854962.887
65,1698741041987,1.063,0.0,0,0,COMMIT,75493,1698741041985.937
68,1698741147325,1.008,0.0,0,0,COMMIT,75499,1698741147323.992
71,1698741206768,1.08,0.0,0,0,COMMIT,75492,1698741206766.92
72,1698741273941,1.126,0.0,0,0,COMMIT,75496,1698741273939.874
73,1698741328675,1.212,0.0,0,0,ROLLBACK,75506,1698741328673.788
74,1698741421945,1.003,0.0,0,0,COMMIT,75517,1698741421943.997
75,1698741501990,1.209,0.0,0,0,COMMIT,75508,1698741501988.791
76,1698741508147,1.318,0.0,0,0,COMMIT,75514,1698741508145.682
77,1698741595158,1.486,0.086,1,432,"SELECT COUNT(DISTINCT(OL_I_ID)) FROM order_line, stock\
            WHERE OL_W_ID = 4\
              AND OL_D_ID = 7\
              AND OL_O_ID < 44852\
              AND OL_O_ID >= 44832\
              AND S_W_ID = 4\
              AND S_I_ID = OL_I_ID\
              AND S_QUANTITY < 14",75525,1698741595156.514
78,1698741770480,1.022,0.0,0,0,COMMIT,75531,1698741770478.978
79,1698741874710,1.236,0.0,0,0,COMMIT,75535,1698741874708.764
80,1698741017352,1.08,0.0,0,0,COMMIT,75541,1698741017350.92
81,1698741042097,1.114,0.0,0,0,COMMIT,75534,1698741042095.886
82,1698741126530,3.767,0.0,0,0,COMMIT,75540,1698741126526.233
85,1698741160053,1.029,0.0,0,0,COMMIT,75538,1698741160051.971
87,1698741211501,1.031,0.0,0,0,COMMIT,75551,1698741211499.969
88,1698741233773,1.11,0.0,0,0,COMMIT,75546,1698741233771.89
89,1698741237802,1.023,0.0,0,0,COMMIT,75543,1698741237800.977
90,1698741335996,1.295,0.0,0,0,COMMIT,75560,1698741335994.705
91,1698741349795,1.163,0.0,0,0,COMMIT,75549,1698741349793.837
92,1698741355402,1.043,0.0,0,0,COMMIT,75561,1698741355400.957
93,1698741426095,1.328,0.0,0,0,COMMIT,75552,1698741426093.672
94,1698741447030,1.175,0.0,0,0,COMMIT,75567,1698741447028.825
95,1698741535636,1.216,0.106,1,346,"SELECT COUNT(DISTINCT(OL_I_ID)) FROM order_line, stock\
            WHERE OL_W_ID = 4\
              AND OL_D_ID = 9\
              AND OL_O_ID < 44625\
              AND OL_O_ID >= 44605\
              AND S_W_ID = 4\
              AND S_I_ID = OL_I_ID\
              AND S_QUANTITY < 16",75573,1698741535634.784
96,1698741635893,1.414,0.0,0,0,COMMIT,75553,1698741635891.586
97,1698741764049,1.176,0.0,0,0,COMMIT,75564,1698741764047.824
98,1698741764647,1.103,0.0,0,0,COMMIT,75570,1698741764645.897
99,1698741830701,1.692,0.088,1,376,"SELECT COUNT(DISTINCT(OL_I_ID)) FROM order_line, stock\
            WHERE OL_W_ID = 2\
              AND OL_D_ID = 5\
              AND OL_O_ID < 44511\
              AND OL_O_ID >= 44491\
              AND S_W_ID = 2\
              AND S_I_ID = OL_I_ID\
              AND S_QUANTITY < 12",75588,1698741830699.308
100,1698741017037,1.131,0.089,1,406,"SELECT COUNT(DISTINCT(OL_I_ID)) FROM order_line, stock\
            WHERE OL_W_ID = 3\
              AND OL_D_ID = 4\
              AND OL_O_ID < 44687\
              AND OL_O_ID >= 44667\
              AND S_W_ID = 3\
              AND S_I_ID = OL_I_ID\
              AND S_QUANTITY < 13",75594,1698741017035.869
101,1698741041907,1.008,0.0,0,0,COMMIT,75586,1698741041905.992
102,1698741043687,1.305,0.0,0,0,COMMIT,75581,1698741043685.695
106,1698741161428,1.058,0.0,0,0,COMMIT,75597,1698741161426.942
108,1698741188644,1.022,0.0,0,0,COMMIT,75599,1698741188642.978
109,1698741323701,1.182,0.0,0,0,COMMIT,75585,1698741323699.818
110,1698741555832,2.944,0.0,0,0,COMMIT,75611,1698741555829.056
111,1698741614899,1.019,0.0,0,0,COMMIT,75613,1698741614897.981
112,1698741659787,3.201,0.0,0,0,COMMIT,75606,1698741659783.799
113,1698741765213,1.04,0.0,0,0,COMMIT,75620,1698741765211.96
114,1698741850258,1.182,0.0,0,0,COMMIT,75617,1698741850256.818
115,1698741858331,1.041,0.0,0,0,COMMIT,75625,1698741858329.959
116,1698741880092,1.085,0.0,0,0,COMMIT,75626,1698741880090.915
117,1698741121991,1.914,0.0,0,0,COMMIT,75636,1698741121989.086
121,1698741195052,1.085,0.0,0,0,COMMIT,75624,1698741195050.915
122,1698741268849,1.084,0.0,0,0,COMMIT,75633,1698741268847.916
123,1698741500433,1.013,0.0,0,0,COMMIT,75645,1698741500431.987
127,1698741162991,1.067,0.0,0,0,COMMIT,75676,1698741162989.933
129,1698741185887,1.027,0.0,0,0,COMMIT,75682,1698741185885.973
130,1698741208357,1.013,0.0,0,0,COMMIT,75673,1698741208355.987
131,1698741267701,1.139,0.0,0,0,COMMIT,75678,1698741267699.861
132,1698741328916,1.039,0.0,0,0,COMMIT,75675,1698741328914.961
133,1698741362370,1.191,0.0,0,0,COMMIT,75690,1698741362368.809
134,1698741484105,1.652,0.124,1,408,"SELECT COUNT(DISTINCT(OL_I_ID)) FROM order_line, stock\
            WHERE OL_W_ID = 3\
              AND OL_D_ID = 3\
              AND OL_O_ID < 44454\
              AND OL_O_ID >= 44434\
              AND S_W_ID = 3\
              AND S_I_ID = OL_I_ID\
              AND S_QUANTITY < 20",75695,1698741484103.348
135,1698741503850,1.208,0.0,0,0,COMMIT,75686,1698741503848.792
136,1698741568321,1.257,0.0,0,0,COMMIT,75698,1698741568319.743
137,1698741613731,1.004,0.0,0,0,COMMIT,75702,1698741613729.996
138,1698741648177,1.08,0.0,0,0,COMMIT,75687,1698741648175.92
139,1698741805529,1.294,0.0,0,0,COMMIT,75701,1698741805527.706
140,1698741854662,1.075,0.0,0,0,COMMIT,75684,1698741854660.925
141,1698741921773,1.026,0.0,0,0,COMMIT,75716,1698741921771.974
142,1698741951028,1.03,0.0,0,0,COMMIT,75717,1698741951026.97
143,1698741056612,1.198,0.0,0,0,COMMIT,75721,1698741056610.802
144,1698741065741,1.009,0.0,0,0,COMMIT,75706,1698741065739.991
147,1698741171296,1.072,0.0,0,0,COMMIT,75713,1698741171294.928
149,1698741352460,1.006,0.0,0,0,COMMIT,75734,1698741352458.994
150,1698741380792,1.076,0.0,0,0,COMMIT,75720,1698741380790.924
151,1698741539454,1.551,0.0,0,0,COMMIT,75724,1698741539452.449
152,1698741552136,1.195,0.0,0,0,COMMIT,75723,1698741552134.805
153,1698741596709,1.028,0.0,0,0,COMMIT,75747,1698741596707.972
154,1698741623972,1.004,0.0,0,0,COMMIT,75728,1698741623970.996
155,1698741643992,1.273,0.081,1,348,"SELECT COUNT(DISTINCT(OL_I_ID)) FROM order_line, stock\
            WHERE OL_W_ID = 3\
              AND OL_D_ID = 2\
              AND OL_O_ID < 44215\
              AND OL_O_ID >= 44195\
              AND S_W_ID = 3\
              AND S_I_ID = OL_I_ID\
              AND S_QUANTITY < 10",75751,1698741643990.727
156,1698741738216,1.025,0.0,0,0,COMMIT,75730,1698741738214.975
157,1698741738763,1.469,0.0,0,0,COMMIT,75740,1698741738761.531
158,1698741880948,1.006,0.0,0,0,COMMIT,75754,1698741880946.994
159,1698741907980,1.025,0.0,0,0,COMMIT,75744,1698741907978.975
160,1698741990469,1.017,0.0,0,0,ROLLBACK,75755,1698741990467.983
161,1698741084547,1.774,0.085,1,410,"SELECT COUNT(DISTINCT(OL_I_ID)) FROM order_line, stock\
            WHERE OL_W_ID = 1\
              AND OL_D_ID = 3\
              AND OL_O_ID < 44654\
              AND OL_O_ID >= 44634\
              AND S_W_ID = 1\
              AND S_I_ID = OL_I_ID\
              AND S_QUANTITY < 19",75766,1698741084545.226
167,1698741276900,1.262,0.0,0,0,COMMIT,75752,1698741276898.738
168,1698741415616,1.182,0.0,0,0,COMMIT,75776,1698741415614.818
169,1698741487722,1.135,0.0,0,0,COMMIT,75764,1698741487720.865
170,1698741496339,1.23,0.0,0,0,COMMIT,75780,1698741496337.77
171,1698741515690,1.926,0.0,0,0,COMMIT,75761,1698741515688.074
172,1698741516380,1.071,0.0,0,0,COMMIT,75775,1698741516378.929
173,1698741666583,1.024,0.0,0,0,COMMIT,75763,1698741666581.976
174,1698741769368,1.031,0.093,54,54,"SELECT C_ID, C_FIRST, C_MIDDLE, C_LAST, C_STREET_1, C_STREET_2, C_CITY, C_STATE, C_ZIP, C_PHONE, C_SINCE, C_CREDIT, C_CREDIT_LIM, C_DISCOUNT, C_BALANCE, C_YTD_PAYMENT, C_PAYMENT_CNT, C_DATA FROM customer WHERE C_W_ID = 3 AND C_D_ID = 7 AND C_LAST = 'BARABLEPRI' ORDER BY C_FIRST",75792,1698741769366.969
175,1698741843528,1.034,0.0,0,0,COMMIT,75758,1698741843526.966
176,1698741867394,1.1,0.0,0,0,COMMIT,75794,1698741867392.9
177,1698741901513,1.077,0.0,0,0,COMMIT,75795,1698741901511.923
178,1698741918081,1.284,0.0,0,0,COMMIT,75779,1698741918079.716
179,1698741946468,1.011,0.0,0,0,COMMIT,75782,1698741946466.989
180,1698741064373,1.063,0.0,0,0,COMMIT,75786,1698741064371.937
181,1698741122091,1.021,0.0,0,0,COMMIT,75805,1698741122089.979
183,1698741164963,1.211,0.0,0,0,COMMIT,75784,1698741164961.789
186,1698741227191,1.338,0.0,0,0,COMMIT,75798,1698741227189.662
187,1698741362590,1.065,0.0,0,0,COMMIT,75815,1698741362588.935
188,1698741410059,1.066,0.0,0,0,COMMIT,75789,1698741410057.934
189,1698741453251,1.051,0.0,0,0,COMMIT,75806,1698741453249.949
190,1698741466521,1.138,0.0,0,0,ROLLBACK,75816,1698741466519.862
191,1698741468678,1.011,0.0,0,0,COMMIT,75762,1698741468676.989
192,1698741542012,1.117,0.0,0,0,COMMIT,75773,1698741542010.883
193,1698741703782,1.15,0.0,0,0,COMMIT,75817,1698741703780.85
194,1698741757988,2.402,0.096,1,432,"SELECT COUNT(DISTINCT(OL_I_ID)) FROM order_line, stock\
            WHERE OL_W_ID = 4\
              AND OL_D_ID = 3\
              AND OL_O_ID < 44506\
              AND OL_O_ID >= 44486\
              AND S_W_ID = 4\
              AND S_I_ID = OL_I_ID\
              AND S_QUANTITY < 12",75826,1698741757985.598
195,1698741817043,1.083,0.0,0,0,COMMIT,75837,1698741817041.917
196,1698741860717,1.174,0.0,0,0,COMMIT,75838,1698741860715.826
197,1698741972651,1.056,0.0,0,0,COMMIT,75803,1698741972649.944
198,1698741028513,1.097,0.0,0,0,COMMIT,75802,1698741028511.903
200,1698741162174,1.038,0.0,0,0,COMMIT,75842,1698741162172.962
201,1698741171748,1.058,0.0,0,0,COMMIT,75839,1698741171746.942
204,1698741210042,1.083,0.0,0,0,COMMIT,75844,1698741210040.917
205,1698741223955,1.03,0.0,0,0,COMMIT,75856,1698741223953.97
206,1698741271111,1.183,0.0,0,0,COMMIT,75824,1698741271109.817
207,1698741398506,1.015,0.0,0,0,COMMIT,75847,1698741398504.985
208,1698741433024,1.088,0.0,0,0,COMMIT,75857,1698741433022.912
209,1698741482341,1.092,0.0,0,0,COMMIT,75866,1698741482339.908
210,1698741616087,1.188,0.0,0,0,COMMIT,75792,1698741616085.812
211,1698741707335,1.038,0.0,0,0,COMMIT,75828,1698741707333.962
212,1698741718012,1.142,0.0,0,0,COMMIT,75869,1698741718010.858
213,1698741760301,1.033,0.0,0,0,COMMIT,75879,1698741760299.967
214,1698741927354,1.031,0.0,0,0,COMMIT,75841,1698741927352.969
215,1698741938168,1.247,0.0,0,0,COMMIT,75878,1698741938166.753
216,1698741104933,1.47,0.0,0,0,COMMIT,75853,1698741104931.53
217,1698741129408,1.021,0.0,0,0,COMMIT,75881,1698741129406.979
220,1698741265100,1.28,0.0,0,0,COMMIT,75890,1698741265098.72
221,1698741278111,1.038,0.0,0,0,COMMIT,75893,1698741278109.962
222,1698741339492,1.142,0.0,0,0,COMMIT,75902,1698741339490.858
223,1698741348502,1.156,0.0,0,0,COMMIT,75871,1698741348500.844
224,1698741399864,1.094,0.0,0,0,COMMIT,75888,1698741399862.906
225,1698741519381,1.398,0.099,1,330,"SELECT COUNT(DISTINCT(OL_I_ID)) FROM order_line, stock\
            WHERE OL_W_ID = 4\
              AND OL_D_ID = 5\
              AND OL_O_ID < 44597\
              AND OL_O_ID >= 44577\
              AND S_W_ID = 4\
              AND S_I_ID = OL_I_ID\
              AND S_QUANTITY < 12",75912,1698741519379.602
226,1698741587527,1.019,0.0,0,0,COMMIT,75900,1698741587525.981
227,1698741680015,1.088,0.089,1,346,"SELECT COUNT(DISTINCT(OL_I_ID)) FROM order_line, stock\
            WHERE OL_W_ID = 4\
              AND OL_D_ID = 9\
              AND OL_O_ID < 44625\
              AND OL_O_ID >= 44605\
              AND S_W_ID = 4\
              AND S_I_ID = OL_I_ID\
              AND S_QUANTITY < 18",75918,1698741680013.912
228,1698741690966,1.354,0.0,0,0,COMMIT,75917,1698741690964.646
229,1698741792136,1.098,0.0,0,0,COMMIT,75898,1698741792134.902
230,1698741832235,1.21,0.0,0,0,COMMIT,75911,1698741832233.79
231,1698741881334,1.018,0.0,0,0,COMMIT,75883,1698741881332.982
232,1698741918355,1.056,0.0,0,0,ROLLBACK,75914,1698741918353.944
233,1698741083742,1.168,0.0,0,0,COMMIT,75930,1698741083740.832
234,1698741126645,1.058,0.0,0,0,COMMIT,75931,1698741126643.942
237,1698741165889,1.659,0.0,0,0,COMMIT,75932,1698741165887.341
238,1698741172771,1.176,0.0,0,0,COMMIT,75919,1698741172769.824
240,1698741212545,1.064,0.0,0,0,COMMIT,75904,1698741212543.936
241,1698741225412,1.217,0.0,0,0,COMMIT,75937,1698741225410.783
242,1698741291395,1.104,0.0,0,0,COMMIT,75941,1698741291393.896
243,1698741386817,1.063,0.0,0,0,COMMIT,75923,1698741386815.937
244,1698741452674,1.087,0.0,0,0,ROLLBACK,75920,1698741452672.913
245,1698741531700,1.807,0.0,0,0,COMMIT,75928,1698741531698.193
246,1698741600787,1.172,0.0,0,0,COMMIT,75953,1698741600785.828
247,1698741685770,1.121,0.0,0,0,COMMIT,75921,1698741685768.879
248,1698741697098,1.044,0.0,0,0,COMMIT,75899,1698741697096.956
249,1698741820504,1.353,0.0,0,0,COMMIT,75943,1698741820502.647
250,1698741912160,1.234,0.0,0,0,COMMIT,75940,1698741912158.766
251,1698741927274,1.097,0.0,0,0,COMMIT,75947,1698741927272.903
252,1698741978781,1.124,0.0,0,0,COMMIT,75950,1698741978779.876
253,1698741092561,1.163,0.0,0,0,COMMIT,75951,1698741092559.837
258,1698741240494,1.117,0.0,0,0,COMMIT,75978,1698741240492.883
259,1698741293597,1.04,0.0,0,0,COMMIT,75959,1698741293595.96
260,1698741348957,1.11,0.0,0,0,COMMIT,75948,1698741348955.89
261,1698741467104,1.025,0.0,0,0,COMMIT,75969,1698741467102.975
262,1698741520647,2.868,0.0,0,0,COMMIT,75980,1698741520644.132
263,1698741545374,1.015,0.0,0,0,ROLLBACK,75984,1698741545372.985
264,1698741597891,1.237,0.0,0,0,COMMIT,75954,1698741597889.763
265,1698741618877,5.965,0.0,0,0,COMMIT,75995,1698741618871.035
266,1698741702485,1.112,0.0,0,0,COMMIT,75999,1698741702483.888
267,1698741804328,1.219,0.0,0,0,COMMIT,75968,1698741804326.781
268,1698741809262,1.334,0.0,0,0,COMMIT,75996,1698741809260.666
269,1698741884403,1.139,0.0,0,0,COMMIT,76006,1698741884401.861
270,1698741919226,1.186,0.0,0,0,COMMIT,75927,1698741919224.814
271,1698741965824,1.226,0.0,0,0,COMMIT,75967,1698741965822.774
272,1698741040155,1.114,0.0,0,0,COMMIT,76005,1698741040153.886
273,1698741086325,1.33,0.0,0,0,COMMIT,75990,1698741086323.67
274,1698741104593,1.026,0.0,0,0,COMMIT,75992,1698741104591.974
275,1698741127867,1.069,0.0,0,0,COMMIT,75988,1698741127865.931
280,1698741212910,1.144,0.0,0,0,COMMIT,76017,1698741212908.856
281,1698741258494,1.062,0.0,0,0,COMMIT,76007,1698741258492.938
282,1698741278561,1.018,0.0,0,0,COMMIT,75998,1698741278559.982
283,1698741334136,1.132,0.0,0,0,COMMIT,76008,1698741334134.868
284,1698741359428,1.335,0.0,0,0,COMMIT,76021,1698741359426.665
285,1698741375479,1.933,0.0,0,0,COMMIT,76028,1698741375477.067
286,1698741376200,2.569,0.0,0,0,ROLLBACK,76001,1698741376197.431
287,1698741440714,1.288,0.0,0,0,COMMIT,75976,1698741440712.712
288,1698741559747,1.627,0.0,0,0,COMMIT,75983,1698741559745.373
289,1698741588914,1.105,0.0,0,0,COMMIT,76023,1698741588912.895
290,1698741691695,1.282,0.0,0,0,COMMIT,76012,1698741691693.718
291,1698741783789,1.011,0.0,0,0,COMMIT,76031,1698741783787.989
292,1698741793696,1.093,0.0,0,0,COMMIT,76030,1698741793694.907
293,1698741797683,1.646,0.0,0,0,ROLLBACK,76020,1698741797681.354
294,1698741886289,1.238,0.0,0,0,COMMIT,76036,1698741886287.762
295,1698741891996,1.03,0.0,0,0,COMMIT,76038,1698741891994.97
296,1698741899505,1.146,0.0,0,0,COMMIT,75993,1698741899503.854
297,1698741055059,1.167,0.0,0,0,ROLLBACK,76011,1698741055057.833
298,1698741060538,1.09,0.0,0,0,COMMIT,75974,1698741060536.91
299,1698741146297,1.035,0.0,0,0,COMMIT,76003,1698741146295.965
302,1698741177160,1.569,0.09,1,384,"SELECT COUNT(DISTINCT(OL_I_ID)) FROM order_line, stock\
            WHERE OL_W_ID = 3\
              AND OL_D_ID = 9\
              AND OL_O_ID < 44630\
              AND OL_O_ID >= 44610\
              AND S_W_ID = 3\
              AND S_I_ID = OL_I_ID\
              AND S_QUANTITY < 10",76060,1698741177158.431
305,1698741278639,1.289,0.0,0,0,COMMIT,76037,1698741278637.711
306,1698741328692,1.131,0.0,0,0,COMMIT,76034,1698741328690.869
307,1698741447616,1.198,0.0,0,0,COMMIT,76046,1698741447614.802
308,1698741502172,1.177,0.0,0,0,COMMIT,76054,1698741502170.823
309,1698741516385,1.018,0.0,0,0,COMMIT,76045,1698741516383.982
310,1698741666570,1.189,0.0,0,0,COMMIT,76075,1698741666568.811
311,1698741754703,1.182,0.0,0,0,COMMIT,76068,1698741754701.818
312,1698741782676,1.003,0.0,0,0,COMMIT,76073,1698741782674.997
313,1698741905155,1.047,0.0,0,0,COMMIT,76055,1698741905153.953
314,1698741030491,1.234,0.089,1,378,"SELECT COUNT(DISTINCT(OL_I_ID)) FROM order_line, stock\
            WHERE OL_W_ID = 1\
              AND OL_D_ID = 9\
              AND OL_O_ID < 44394\
              AND OL_O_ID >= 44374\
              AND S_W_ID = 1\
              AND S_I_ID = OL_I_ID\
              AND S_QUANTITY < 13",76091,1698741030489.766
315,1698741092586,1.029,0.0,0,0,COMMIT,76089,1698741092584.971
316,1698741135337,1.032,0.0,0,0,COMMIT,76084,1698741135335.968
321,1698741263488,1.178,0.0,0,0,COMMIT,76099,1698741263486.822
322,1698741416520,1.148,0.0,0,0,COMMIT,76094,1698741416518.852
323,1698741458605,1.194,0.0,0,0,COMMIT,76102,1698741458603.806
324,1698741528675,1.077,0.0,0,0,COMMIT,76070,1698741528673.923
325,1698741727222,1.044,0.0,0,0,ROLLBACK,76109,1698741727220.956
326,1698741737347,1.804,0.12,1,464,"SELECT COUNT(DISTINCT(OL_I_ID)) FROM order_line, stock\
            WHERE OL_W_ID = 1\
              AND OL_D_ID = 2\
              AND OL_O_ID < 44436\
              AND OL_O_ID >= 44416\
              AND S_W_ID = 1\
              AND S_I_ID = OL_I_ID\
              AND S_QUANTITY < 13",76122,1698741737345.196
327,1698741814607,1.255,0.087,1,346,"SELECT COUNT(DISTINCT(OL_I_ID)) FROM order_line, stock\
            WHERE OL_W_ID = 3\
              AND OL_D_ID = 2\
              AND OL_O_ID < 44221\
              AND OL_O_ID >= 44201\
              AND S_W_ID = 3\
              AND S_I_ID = OL_I_ID\
              AND S_QUANTITY < 16",76127,1698741814605.745
328,1698741939966,1.032,0.0,0,0,COMMIT,76133,1698741939964.968
329,1698741018109,1.042,0.0,0,0,COMMIT,76136,1698741018107.958
330,1698741029654,1.738,0.11,1,394,"SELECT COUNT(DISTINCT(OL_I_ID)) FROM order_line, stock\
            WHERE OL_W_ID = 3\
              AND OL_D_ID = 8\
              AND OL_O_ID < 44118\
              AND OL_O_ID >= 44098\
              AND S_W_ID = 3\
              AND S_I_ID = OL_I_ID\
              AND S_QUANTITY < 17",76137,1698741029652.262
331,1698741074355,1.083,0.0,0,0,COMMIT,76139,1698741074353.917
332,1698741105198,1.114,0.0,0,0,COMMIT,76141,1698741105196.886
336,1698741194812,1.19,0.0,0,0,COMMIT,76058,1698741194810.81
338,1698741214381,1.04,0.0,0,0,COMMIT,76016,1698741214379.96
339,1698741299653,1.104,0.092,1,348,"SELECT COUNT(DISTINCT(OL_I_ID)) FROM order_line, stock\
            WHERE OL_W_ID = 3\
              AND OL_D_ID = 10\
              AND OL_O_ID < 44739\
              AND OL_O_ID >= 44719\
              AND S_W_ID = 3\
              AND S_I_ID = OL_I_ID\
              AND S_QUANTITY < 13",76152,1698741299651.896
340,1698741452933,1.02,0.0,0,0,COMMIT,76129,1698741452931.98
341,1698741598586,1.148,0.0,0,0,COMMIT,76149,1698741598584.852
342,1698741704337,1.126,0.0,0,0,COMMIT,76153,1698741704335.874
343,1698741727371,1.029,0.0,0,0,COMMIT,76143,1698741727369.971
344,1698741815592,1.086,0.0,0,0,ROLLBACK,76166,1698741815590.914
345,1698741901077,1.16,0.0,0,0,COMMIT,76163,1698741901075.84
346,1698741959135,1.012,0.0,0,0,COMMIT,76157,1698741959133.988
347,1698741033732,1.03,0.0,0,0,COMMIT,76173,1698741033730.97
348,1698741066744,1.589,0.118,1,432,"SELECT COUNT(DISTINCT(OL_I_ID)) FROM order_line, stock\
            WHERE OL_W_ID = 4\
              AND OL_D_ID = 3\
              AND OL_O_ID < 44509\
              AND OL_O_ID >= 44489\
              AND S_W_ID = 4\
              AND S_I_ID = OL_I_ID\
              AND S_QUANTITY < 15",76190,1698741066742.411
349,1698741094598,1.008,0.0,0,0,ROLLBACK,76156,1698741094596.992
353,1698741208684,2.363,0.082,1,440,"SELECT COUNT(DISTINCT(OL_I_ID)) FROM order_line, stock\
            WHERE OL_W_ID = 2\
              AND OL_D_ID = 7\
              AND OL_O_ID < 44575\
              AND OL_O_ID >= 44555\
              AND S_W_ID = 2\
              AND S_I_ID = OL_I_ID\
              AND S_QUANTITY < 10",76199,1698741208681.637
354,1698741246678,1.228,0.0,0,0,COMMIT,76160,1698741246676.772
355,1698741298589,1.082,0.0,0,0,COMMIT,76188,1698741298587.918
356,1698741362284,1.019,0.0,0,0,COMMIT,76193,1698741362282.981
357,1698741376776,1.124,0.0,0,0,COMMIT,76161,1698741376774.876
358,1698741423250,1.014,0.0,0,0,COMMIT,76185,1698741423248.986
359,1698741531621,1.204,0.0,0,0,COMMIT,76148,1698741531619.796
360,1698741631310,1.085,0.0,0,0,COMMIT,76180,1698741631308.915
361,1698741698041,1.212,0.0,0,0,COMMIT,76209,1698741698039.788
362,1698741728455,1.074,0.0,0,0,COMMIT,76198,1698741728453.926
363,1698741775435,1.154,0.0,0,0,COMMIT,76219,1698741775433.846
364,1698742000136,1.037,0.067,1,338,"SELECT COUNT(DISTINCT(OL_I_ID)) FROM order_line, stock\
            WHERE OL_W_ID = 4\
              AND OL_D_ID = 5\
              AND OL_O_ID < 44600\
              AND OL_O_ID >= 44580\
              AND S_W_ID = 4\
              AND S_I_ID = OL_I_ID\
              AND S_QUANTITY < 10",76233,1698742000134.963
365,1698741028970,1.34,0.0,0,0,COMMIT,76225,1698741028968.66
366,1698741053960,1.062,0.0,0,0,COMMIT,76182,1698741053958.938
369,1698741177001,1.199,0.0,0,0,COMMIT,76205,1698741176999.801
371,1698741343268,1.243,0.0,0,0,COMMIT,76171,1698741343266.757
372,1698741347115,1.124,0.0,0,0,COMMIT,76227,1698741347113.876
373,1698741426919,1.381,0.0,0,0,COMMIT,76112,1698741426917.619
374,1698741443144,1.018,0.0,0,0,COMMIT,76222,1698741443142.982
375,1698741443812,1.279,0.0,0,0,COMMIT,76230,1698741443810.721
376,1698741474764,1.057,0.0,0,0,COMMIT,76243,1698741474762.943
377,1698741500838,1.299,0.0,0,0,COMMIT,76207,1698741500836.701
378,1698741604685,1.362,0.0,0,0,COMMIT,76212,1698741604683.638
379,1698741788831,1.118,0.0,0,0,COMMIT,76259,1698741788829.882
380,1698741818883,1.012,0.0,0,0,COMMIT,76249,1698741818881.988
381,1698741837602,1.042,0.0,0,0,COMMIT,76224,1698741837600.958
382,1698741870363,1.758,0.123,1,362,"SELECT COUNT(DISTINCT(OL_I_ID)) FROM order_line, stock\
            WHERE OL_W_ID = 2\
              AND OL_D_ID = 2\
              AND OL_O_ID < 44648\
              AND OL_O_ID >= 44628\
              AND S_W_ID = 2\
              AND S_I_ID = OL_I_ID\
              AND S_QUANTITY < 18",76252,1698741870361.242
383,1698741050072,1.1,0.0,0,0,ROLLBACK,76258,1698741050070.9
384,1698741089762,1.538,0.08,1,424,"SELECT COUNT(DISTINCT(OL_I_ID)) FROM order_line, stock\
            WHERE OL_W_ID = 4\
              AND OL_D_ID = 7\
              AND OL_O_ID < 44855\
              AND OL_O_ID >= 44835\
              AND S_W_ID = 4\
              AND S_I_ID = OL_I_ID\
              AND S_QUANTITY < 17",76283,1698741089760.462
385,1698741099864,1.046,0.0,0,0,COMMIT,76223,1698741099862.954
386,1698741101725,1.013,0.0,0,0,COMMIT,76218,1698741101723.987
387,1698741144889,1.997,0.085,1,430,"SELECT COUNT(DISTINCT(OL_I_ID)) FROM order_line, stock\
            WHERE OL_W_ID = 1\
              AND OL_D_ID = 8\
              AND OL_O_ID < 44660\
              AND OL_O_ID >= 44640\
              AND S_W_ID = 1\
              AND S_I_ID = OL_I_ID\
              AND S_QUANTITY < 15",76289,1698741144887.003
391,1698741224747,1.008,0.0,0,0,COMMIT,76288,1698741224745.992
392,1698741322640,1.012,0.0,0,0,COMMIT,76297,1698741322638.988
393,1698741345060,1.016,0.0,0,0,COMMIT,76280,1698741345058.984
394,1698741370984,1.053,0.0,0,0,COMMIT,76277,1698741370982.947
395,1698741507543,1.231,0.0,0,0,COMMIT,76276,1698741507541.769
396,1698741595334,1.128,0.0,0,0,COMMIT,76299,1698741595332.872
397,1698741701182,1.067,0.0,0,0,COMMIT,76244,1698741701180.933
398,1698741979831,1.031,0.0,0,0,COMMIT,76324,1698741979829.969
399,1698741022244,1.035,0.0,0,0,COMMIT,76269,1698741022242.965
400,1698741039603,1.011,0.0,0,0,COMMIT,76325,1698741039601.989
401,1698741093111,1.012,0.0,0,0,ROLLBACK,76290,1698741093109.988
404,1698741195591,1.142,0.0,0,0,COMMIT,76292,1698741195589.858
406,1698741262813,1.816,0.085,1,400,"SELECT COUNT(DISTINCT(OL_I_ID)) FROM order_line, stock\
            WHERE OL_W_ID = 2\
              AND OL_D_ID = 8\
              AND OL_O_ID < 44689\
              AND OL_O_ID >= 44669\
              AND S_W_ID = 2\
              AND S_I_ID = OL_I_ID\
              AND S_QUANTITY < 12",76342,1698741262811.184
407,1698741275569,1.028,0.0,0,0,COMMIT,76323,1698741275567.972
408,1698741365377,1.911,0.0,0,0,COMMIT,76282,1698741365375.089
409,1698741375148,1.371,0.0,0,0,COMMIT,76295,1698741375146.629
410,1698741401703,1.004,0.0,0,0,COMMIT,76311,1698741401701.996
411,1698741536262,1.504,0.07,1,358,"SELECT COUNT(DISTINCT(OL_I_ID)) FROM order_line, stock\
            WHERE OL_W_ID = 4\
              AND OL_D_ID = 1\
              AND OL_O_ID < 44556\
              AND OL_O_ID >= 44536\
              AND S_W_ID = 4\
              AND S_I_ID = OL_I_ID\
              AND S_QUANTITY < 16",76353,1698741536260.496
412,1698741598998,1.115,0.0,0,0,COMMIT,76296,1698741598996.885
413,1698741821212,1.049,0.0,0,0,COMMIT,76309,1698741821210.951
414,1698741077319,1.036,0.0,0,0,COMMIT,76350,1698741077317.964
415,1698741087703,1.62,0.096,1,370,"SELECT COUNT(DISTINCT(OL_I_ID)) FROM order_line, stock\
            WHERE OL_W_ID = 1\
              AND OL_D_ID = 1\
              AND OL_O_ID < 44723\
              AND OL_O_ID >= 44703\
              AND S_W_ID = 1\
              AND S_I_ID = OL_I_ID\
              AND S_QUANTITY < 19",76377,1698741087701.38
416,1698741143309,1.446,0.074,1,442,"SELECT COUNT(DISTINCT(OL_I_ID)) FROM order_line, stock\
            WHERE OL_W_ID = 1\
              AND OL_D_ID = 4\
              AND OL_O_ID < 44741\
              AND OL_O_ID >= 44721\
              AND S_W_ID = 1\
              AND S_I_ID = OL_I_ID\
              AND S_QUANTITY < 11",76379,1698741143307.554
420,1698741212291,1.285,0.082,1,346,"SELECT COUNT(DISTINCT(OL_I_ID)) FROM order_line, stock\
            WHERE OL_W_ID = 2\
              AND OL_D_ID = 3\
              AND OL_O_ID < 44570\
              AND OL_O_ID >= 44550\
              AND S_W_ID = 2\
              AND S_I_ID = OL_I_ID\
              AND S_QUANTITY < 20",76385,1698741212289.715
421,1698741409910,1.153,0.0,0,0,COMMIT,76369,1698741409908.847
422,1698741650929,1.036,0.0,0,0,COMMIT,76328,1698741650927.964
423,1698741028848,1.38,0.108,1,378,"SELECT COUNT(DISTINCT(OL_I_ID)) FROM order_line, stock\
            WHERE OL_W_ID = 2\
              AND OL_D_ID = 4\
              AND OL_O_ID < 44534\
              AND OL_O_ID >= 44514\
              AND S_W_ID = 2\
              AND S_I_ID = OL_I_ID\
              AND S_QUANTITY < 10",76423,1698741028846.62
424,1698741408075,1.029,0.0,0,0,COMMIT,76390,1698741408073.971
425,1698741413580,1.176,0.0,0,0,COMMIT,76372,1698741413578.824
426,1698741525299,1.646,0.0,0,0,COMMIT,76425,1698741525297.354
427,1698741597501,1.004,0.0,0,0,COMMIT,76349,1698741597499.996
430,1698741635345,1.01,0.0,0,0,COMMIT,76238,1698741635343.99
432,1698741798865,1.103,0.0,0,0,COMMIT,76439,1698741798863.897
433,1698741099552,1.188,0.0,0,0,COMMIT,76437,1698741099550.812
437,1698741200967,1.015,0.0,0,0,COMMIT,76444,1698741200965.985
438,1698741214011,1.438,0.0,0,0,ROLLBACK,76429,1698741214009.562
440,1698741360410,1.084,0.0,0,0,ROLLBACK,76431,1698741360408.916
441,1698741411645,1.084,0.0,0,0,ROLLBACK,76434,1698741411643.916
442,1698741595284,1.096,0.0,0,0,COMMIT,76307,1698741595282.904
443,1698741595908,1.448,0.0,0,0,COMMIT,76415,1698741595906.552
444,1698741813775,1.413,0.0,0,0,COMMIT,76465,1698741813773.587
445,1698741851697,1.102,0.0,0,0,COMMIT,76433,1698741851695.898
446,1698741901769,1.63,0.0,0,0,COMMIT,76407,1698741901767.37
447,1698741902689,1.832,0.0,0,0,COMMIT,76492,1698741902687.168
448,1698741927495,1.096,0.0,0,0,ROLLBACK,76498,1698741927493.904
449,1698741017385,1.018,0.0,0,0,COMMIT,76397,1698741017383.982
450,1698741106519,1.19,0.0,0,0,COMMIT,76491,1698741106517.81
453,1698741203462,1.294,0.0,0,0,COMMIT,76447,1698741203460.706
455,1698741334706,1.077,0.0,0,0,COMMIT,76486,1698741334704.923
456,1698741388119,1.105,0.0,0,0,COMMIT,76505,1698741388117.895
457,1698741451655,1.103,0.0,0,0,COMMIT,76485,1698741451653.897
458,1698741517374,2.449,0.0,0,0,COMMIT,76426,1698741517371.551
459,1698741544858,1.709,0.0,0,0,COMMIT,76455,1698741544856.291
460,1698741546022,1.351,0.0,0,0,COMMIT,76530,1698741546020.649
461,1698741624221,1.124,0.0,0,0,COMMIT,76515,1698741624219.876
462,1698741652663,1.149,0.0,0,0,COMMIT,76529,1698741652661.851
463,1698741934223,1.097,0.0,0,0,COMMIT,76547,1698741934221.903
467,1698741343593,1.243,0.0,0,0,COMMIT,76484,1698741343591.757
468,1698741412957,1.103,0.0,0,0,COMMIT,76504,1698741412955.897
469,1698741413586,1.466,0.0,0,0,COMMIT,76523,1698741413584.534
470,1698741444668,1.374,0.0,0,0,COMMIT,76554,1698741444666.626
471,1698741655836,1.513,0.087,1,394,"SELECT COUNT(DISTINCT(OL_I_ID)) FROM order_line, stock\
            WHERE OL_W_ID = 3\
              AND OL_D_ID = 8\
              AND OL_O_ID < 44119\
              AND OL_O_ID >= 44099\
              AND S_W_ID = 3\
              AND S_I_ID = OL_I_ID\
              AND S_QUANTITY < 18",76584,1698741655834.487
472,1698741029679,1.066,0.0,0,0,COMMIT,76568,1698741029677.934
473,1698741132675,1.1,0.0,0,0,COMMIT,76582,1698741132673.9
477,1698741342669,1.066,0.0,0,0,ROLLBACK,76564,1698741342667.934
478,1698741413579,1.345,0.0,0,0,COMMIT,76614,1698741413577.655
479,1698741909291,1.66,0.095,1,424,"SELECT COUNT(DISTINCT(OL_I_ID)) FROM order_line, stock\
            WHERE OL_W_ID = 4\
              AND OL_D_ID = 2\
              AND OL_O_ID < 44364\
              AND OL_O_ID >= 44344\
              AND S_W_ID = 4\
              AND S_I_ID = OL_I_ID\
              AND S_QUANTITY < 17",76639,1698741909289.34
480,1698741925149,1.024,0.0,0,0,COMMIT,76574,1698741925147.976
481,1698741971253,1.265,0.0,0,0,COMMIT,76623,1698741971251.735
482,1698741132484,1.185,0.0,0,0,COMMIT,76585,1698741132482.815
484,1698741194348,1.529,0.0,0,0,COMMIT,76631,1698741194346.471
487,1698741293414,1.182,0.0,0,0,COMMIT,76517,1698741293412.818
488,1698741369119,1.14,0.0,0,0,COMMIT,76572,1698741369117.86
489,1698741468658,1.039,0.0,0,0,COMMIT,76597,1698741468656.961
490,1698741522083,1.417,0.0,0,0,COMMIT,76632,1698741522081.583
491,1698741695307,1.22,0.0,0,0,COMMIT,76635,1698741695305.78
492,1698741696161,1.518,0.0,0,0,COMMIT,76670,1698741696159.482
493,1698741837115,1.051,0.0,0,0,COMMIT,76667,1698741837113.949
494,1698741910636,1.019,0.0,0,0,COMMIT,76677,1698741910634.981
495,1698741051901,1.554,0.084,1,388,"SELECT COUNT(DISTINCT(OL_I_ID)) FROM order_line, stock\
            WHERE OL_W_ID = 3\
              AND OL_D_ID = 7\
              AND OL_O_ID < 44187\
              AND OL_O_ID >= 44167\
              AND S_W_ID = 3\
              AND S_I_ID = OL_I_ID\
              AND S_QUANTITY < 11",76692,1698741051899.446
496,1698741134415,1.194,0.0,0,0,COMMIT,76599,1698741134413.806
497,1698741146551,1.103,0.0,0,0,ROLLBACK,76669,1698741146549.897
501,1698741248831,1.109,0.0,0,0,COMMIT,76627,1698741248829.891
502,1698741249569,1.806,0.0,0,0,COMMIT,76521,1698741249567.194
503,1698741273264,1.113,0.0,0,0,COMMIT,76671,1698741273262.887
504,1698741360530,1.137,0.0,0,0,COMMIT,76595,1698741360528.863
505,1698741500589,1.261,0.084,1,404,"SELECT COUNT(DISTINCT(OL_I_ID)) FROM order_line, stock\
            WHERE OL_W_ID = 3\
              AND OL_D_ID = 1\
              AND OL_O_ID < 44455\
              AND OL_O_ID >= 44435\
              AND S_W_ID = 3\
              AND S_I_ID = OL_I_ID\
              AND S_QUANTITY < 13",76714,1698741500587.739
506,1698741527131,1.565,0.0,0,0,COMMIT,76648,1698741527129.435
509,1698741240560,4.098,0.0,0,0,COMMIT,76727,1698741240555.902
510,1698741351672,1.03,0.0,0,0,COMMIT,76662,1698741351670.97
511,1698741373491,1.833,0.098,1,374,"SELECT COUNT(DISTINCT(OL_I_ID)) FROM order_line, stock\
            WHERE OL_W_ID = 2\
              AND OL_D_ID = 5\
              AND OL_O_ID < 44517\
              AND OL_O_ID >= 44497\
              AND S_W_ID = 2\
              AND S_I_ID = OL_I_ID\
              AND S_QUANTITY < 19",76751,1698741373489.167
512,1698741377014,1.003,0.0,0,0,COMMIT,76673,1698741377012.997
513,1698741377665,1.515,0.0,0,0,COMMIT,76637,1698741377663.485
514,1698741472576,1.519,0.074,1,354,"SELECT COUNT(DISTINCT(OL_I_ID)) FROM order_line, stock\
            WHERE OL_W_ID = 4\
              AND OL_D_ID = 10\
              AND OL_O_ID < 44281\
              AND OL_O_ID >= 44261\
              AND S_W_ID = 4\
              AND S_I_ID = OL_I_ID\
              AND S_QUANTITY < 20",76756,1698741472574.481
515,1698741617858,1.176,0.0,0,0,COMMIT,76745,1698741617856.824
516,1698741796422,1.078,0.0,0,0,COMMIT,76767,1698741796420.922
517,1698741909913,1.068,0.0,0,0,COMMIT,76749,1698741909911.932
518,1698742003142,1.395,0.08,1,386,"SELECT COUNT(DISTINCT(OL_I_ID)) FROM order_line, stock\
            WHERE OL_W_ID = 2\
              AND OL_D_ID = 9\
              AND OL_O_ID < 44450\
              AND OL_O_ID >= 44430\
              AND S_W_ID = 2\
              AND S_I_ID = OL_I_ID\
              AND S_QUANTITY < 18",76775,1698742003140.605
521,1698741267228,1.077,0.0,0,0,COMMIT,76784,1698741267226.923
522,1698741530011,1.823,0.0,0,0,COMMIT,76726,1698741530009.177
523,1698741575985,1.314,0.092,1,392,"SELECT COUNT(DISTINCT(OL_I_ID)) FROM order_line, stock\
            WHERE OL_W_ID = 3\
              AND OL_D_ID = 9\
              AND OL_O_ID < 44637\
              AND OL_O_ID >= 44617\
              AND S_W_ID = 3\
              AND S_I_ID = OL_I_ID\
              AND S_QUANTITY < 16",76801,1698741575983.686
524,1698741631496,1.014,0.0,0,0,COMMIT,76802,1698741631494.986
525,1698741780921,1.185,0.0,0,0,COMMIT,76770,1698741780919.815
526,1698741858036,1.22,0.101,1,350,"SELECT COUNT(DISTINCT(OL_I_ID)) FROM order_line, stock\
            WHERE OL_W_ID = 4\
              AND OL_D_ID = 9\
              AND OL_O_ID < 44634\
              AND OL_O_ID >= 44614\
              AND S_W_ID = 4\
              AND S_I_ID = OL_I_ID\
              AND S_QUANTITY < 17",76811,1698741858034.78
527,1698741927687,1.115,0.0,0,0,COMMIT,76765,1698741927685.885
531,1698741206048,1.014,0.0,0,0,COMMIT,76782,1698741206046.986
532,1698741223692,1.234,0.0,0,0,COMMIT,76815,1698741223690.766
533,1698741386991,1.049,0.0,0,0,COMMIT,76771,1698741386989.951
534,1698741452392,1.148,0.0,0,0,COMMIT,76795,1698741452390.852
535,1698741501695,1.018,0.0,0,0,COMMIT,76836,1698741501693.982
536,1698741523644,1.172,0.075,0,1,"UPDATE stock SET S_QUANTITY = 75, S_YTD = 247, S_ORDER_CNT = 47, S_REMOTE_CNT = 0 WHERE S_I_ID = 88674 AND S_W_ID = 4",76825,1698741523642.828
537,1698741524559,1.099,0.0,0,0,COMMIT,76837,1698741524557.901
538,1698741803301,1.587,0.088,1,388,"SELECT COUNT(DISTINCT(OL_I_ID)) FROM order_line, stock\
            WHERE OL_W_ID = 3\
              AND OL_D_ID = 5\
              AND OL_O_ID < 44418\
              AND OL_O_ID >= 44398\
              AND S_W_ID = 3\
              AND S_I_ID = OL_I_ID\
              AND S_QUANTITY < 16",76852,1698741803299.413
539,1698741887538,1.143,0.0,0,0,COMMIT,76848,1698741887536.857
540,1698741902883,1.425,0.0,0,0,COMMIT,76828,1698741902881.575
541,1698741047687,1.154,0.08,1,386,"SELECT COUNT(DISTINCT(OL_I_ID)) FROM order_line, stock\
            WHERE OL_W_ID = 3\
              AND OL_D_ID = 7\
              AND OL_O_ID < 44188\
              AND OL_O_ID >= 44168\
              AND S_W_ID = 3\
              AND S_I_ID = OL_I_ID\
              AND S_QUANTITY < 20",76862,1698741047685.846
542,1698741155741,1.039,0.0,0,0,COMMIT,76821,1698741155739.961
546,1698741226105,1.031,0.0,0,0,COMMIT,76490,1698741226103.969
547,1698741404013,1.148,0.0,0,0,COMMIT,76876,1698741404011.852
548,1698741468128,1.044,0.0,0,0,COMMIT,76879,1698741468126.956
549,1698741482230,1.014,0.0,0,0,COMMIT,76857,1698741482228.986
550,1698741495713,1.493,0.0,0,0,ROLLBACK,76878,1698741495711.507
551,1698741529334,1.019,0.072,1,358,"SELECT COUNT(DISTINCT(OL_I_ID)) FROM order_line, stock\
            WHERE OL_W_ID = 2\
              AND OL_D_ID = 4\
              AND OL_O_ID < 44537\
              AND OL_O_ID >= 44517\
              AND S_W_ID = 2\
              AND S_I_ID = OL_I_ID\
              AND S_QUANTITY < 20",76886,1698741529332.981
552,1698741813275,1.135,0.0,0,0,ROLLBACK,76875,1698741813273.865
553,1698741075944,1.077,0.0,0,0,COMMIT,76898,1698741075942.923
554,1698741096563,1.026,0.0,0,0,COMMIT,76892,1698741096561.974
558,1698741377869,1.106,0.0,0,0,COMMIT,76897,1698741377867.894
559,1698741971657,1.077,0.0,0,0,COMMIT,76881,1698741971655.923
560,1698742014359,1.013,0.0,0,0,COMMIT,76893,1698742014357.987
561,1698741116083,1.088,0.0,0,0,COMMIT,76940,1698741116081.912
562,1698741174690,2.471,0.0,0,0,COMMIT,76910,1698741174687.529
566,1698741198851,1.072,0.0,0,0,COMMIT,76905,1698741198849.928
568,1698741232538,1.129,0.0,0,0,COMMIT,76919,1698741232536.871
569,1698741313241,1.288,0.0,0,0,COMMIT,76932,1698741313239.712
570,1698741485756,1.195,0.102,1,388,"SELECT COUNT(DISTINCT(OL_I_ID)) FROM order_line, stock\
            WHERE OL_W_ID = 4\
              AND OL_D_ID = 3\
              AND OL_O_ID < 44518\
              AND OL_O_ID >= 44498\
              AND S_W_ID = 4\
              AND S_I_ID = OL_I_ID\
              AND S_QUANTITY < 18",76964,1698741485754.805
571,1698741516993,1.481,0.096,1,388,"SELECT COUNT(DISTINCT(OL_I_ID)) FROM order_line, stock\
            WHERE OL_W_ID = 1\
              AND OL_D_ID = 5\
              AND OL_O_ID < 44703\
              AND OL_O_ID >= 44683\
              AND S_W_ID = 1\
              AND S_I_ID = OL_I_ID\
              AND S_QUANTITY < 17",76965,1698741516991.519
572,1698741607525,1.043,0.0,0,0,COMMIT,76911,1698741607523.957
573,1698741683997,1.574,0.094,1,386,"SELECT COUNT(DISTINCT(OL_I_ID)) FROM order_line, stock\
            WHERE OL_W_ID = 2\
              AND OL_D_ID = 10\
              AND OL_O_ID < 44391\
              AND OL_O_ID >= 44371\
              AND S_W_ID = 2\
              AND S_I_ID = OL_I_ID\
              AND S_QUANTITY < 11",76976,1698741683995.426
574,1698741957382,1.162,0.0,0,0,COMMIT,76987,1698741957380.838
575,1698742016823,1.044,0.0,0,0,COMMIT,76942,1698742016821.956
576,1698741044640,1.068,0.0,0,0,COMMIT,76909,1698741044638.932
580,1698741261228,1.031,0.0,0,0,COMMIT,76979,1698741261226.969
581,1698741307013,1.086,0.0,0,0,COMMIT,76968,1698741307011.914
582,1698741440298,1.113,0.0,0,0,COMMIT,77009,1698741440296.887
583,1698741537128,1.27,0.0,0,0,COMMIT,76986,1698741537126.73
584,1698741712642,1.601,0.093,1,446,"SELECT COUNT(DISTINCT(OL_I_ID)) FROM order_line, stock\
            WHERE OL_W_ID = 1\
              AND OL_D_ID = 6\
              AND OL_O_ID < 44520\
              AND OL_O_ID >= 44500\
              AND S_W_ID = 1\
              AND S_I_ID = OL_I_ID\
              AND S_QUANTITY < 13",77022,1698741712640.399
585,1698741855320,1.046,0.0,0,0,COMMIT,77027,1698741855318.954
586,1698741859205,1.055,0.0,0,0,COMMIT,77020,1698741859203.945
587,1698741908457,1.38,0.12,1,430,"SELECT COUNT(DISTINCT(OL_I_ID)) FROM order_line, stock\
            WHERE OL_W_ID = 3\
              AND OL_D_ID = 4\
              AND OL_O_ID < 44697\
              AND OL_O_ID >= 44677\
              AND S_W_ID = 3\
              AND S_I_ID = OL_I_ID\
              AND S_QUANTITY < 15",77030,1698741908455.62
588,1698741164044,1.085,0.0,0,0,COMMIT,77025,1698741164042.915
589,1698741306604,1.297,0.0,0,0,COMMIT,77045,1698741306602.703
590,1698741316986,1.004,0.0,0,0,COMMIT,77040,1698741316984.996
591,1698741381393,1.184,0.0,0,0,COMMIT,77014,1698741381391.816
597,1698741451696,1.154,0.0,0,0,COMMIT,77016,1698741451694.846
599,1698741629753,1.338,0.0,0,0,COMMIT,77057,1698741629751.662
600,1698741671678,1.314,0.0,0,0,COMMIT,77062,1698741671676.686
601,1698741753522,1.059,0.105,1,392,"SELECT COUNT(DISTINCT(OL_I_ID)) FROM order_line, stock\
            WHERE OL_W_ID = 3\
              AND OL_D_ID = 5\
              AND OL_O_ID < 44420\
              AND OL_O_ID >= 44400\
              AND S_W_ID = 3\
              AND S_I_ID = OL_I_ID\
              AND S_QUANTITY < 12",77065,1698741753520.941
602,1698741901401,1.311,0.0,0,0,COMMIT,77068,1698741901399.689
603,1698741913854,1.145,0.0,0,0,COMMIT,77005,1698741913852.855
604,1698741922048,1.674,0.0,0,0,ROLLBACK,77061,1698741922046.326
605,1698741960263,1.065,0.0,0,0,COMMIT,77070,1698741960261.935
606,1698741996802,1.05,0.0,0,0,COMMIT,76981,1698741996800.95
607,1698741028271,1.019,0.0,0,0,COMMIT,77073,1698741028269.981
608,1698741057798,1.328,0.0,0,0,COMMIT,77002,1698741057796.672
609,1698741125385,1.061,0.0,0,0,COMMIT,77042,1698741125383.939
610,1698741179600,1.423,0.0,0,0,COMMIT,77071,1698741179598.577
614,1698741205629,2.378,0.0,0,0,COMMIT,77056,1698741205626.622
617,1698741270127,1.26,0.0,0,0,COMMIT,77051,1698741270125.74
618,1698741270923,1.461,0.0,0,0,COMMIT,77082,1698741270921.539
619,1698741337274,1.076,0.0,0,0,COMMIT,77052,1698741337272.924
620,1698741407531,1.152,0.0,0,0,COMMIT,77058,1698741407529.848
621,1698741453635,1.051,0.0,0,0,COMMIT,77076,1698741453633.949
622,1698741504096,1.055,0.0,0,0,COMMIT,77091,1698741504094.945
623,1698741530355,1.387,0.0,0,0,COMMIT,77092,1698741530353.613
624,1698741644656,1.31,0.0,0,0,COMMIT,77098,1698741644654.69
625,1698741683004,1.062,0.0,0,0,COMMIT,77086,1698741683002.938
626,1698741688065,1.081,0.0,0,0,COMMIT,77099,1698741688063.919
627,1698741751957,1.094,0.0,0,0,COMMIT,76991,1698741751955.906
628,1698741778174,1.449,0.0,0,0,COMMIT,77069,1698741778172.551
629,1698741812651,1.327,0.0,0,0,COMMIT,77106,1698741812649.673
630,1698741819982,1.259,0.0,0,0,COMMIT,77089,1698741819980.741
631,1698741845789,1.117,0.0,0,0,COMMIT,77096,1698741845787.883
632,1698741861151,1.21,0.0,0,0,COMMIT,77084,1698741861149.79
633,1698741873514,1.115,0.0,0,0,COMMIT,77097,1698741873512.885
634,1698741898460,1.208,0.08,1,402,"SELECT COUNT(DISTINCT(OL_I_ID)) FROM order_line, stock\
            WHERE OL_W_ID = 1\
              AND OL_D_ID = 2\
              AND OL_O_ID < 44447\
              AND OL_O_ID >= 44427\
              AND S_W_ID = 1\
              AND S_I_ID = OL_I_ID\
              AND S_QUANTITY < 19",77112,1698741898458.792
635,1698741899606,1.086,0.0,0,0,COMMIT,77103,1698741899604.914
636,1698741957227,1.089,0.0,0,0,COMMIT,77094,1698741957225.911
637,1698741972587,1.1,0.0,0,0,COMMIT,77085,1698741972585.9
638,1698742007857,1.222,0.0,0,0,COMMIT,77104,1698742007855.778
639,1698741052505,2.038,0.14,1,402,"SELECT COUNT(DISTINCT(OL_I_ID)) FROM order_line, stock\
            WHERE OL_W_ID = 3\
              AND OL_D_ID = 10\
              AND OL_O_ID < 44744\
              AND OL_O_ID >= 44724\
              AND S_W_ID = 3\
              AND S_I_ID = OL_I_ID\
              AND S_QUANTITY < 18",77117,1698741052502.962
640,1698741055565,1.254,0.0,0,0,COMMIT,77116,1698741055563.746
641,1698741108710,1.046,0.0,0,0,COMMIT,77119,1698741108708.954
642,1698741143888,1.021,0.0,0,0,COMMIT,77120,1698741143886.979
643,1698741166115,1.228,0.0,0,0,COMMIT,77109,1698741166113.772
645,1698741193506,1.265,0.0,0,0,COMMIT,77122,1698741193504.735
648,1698741282654,1.087,0.0,0,0,COMMIT,77108,1698741282652.913
649,1698741301393,1.347,0.098,1,468,"SELECT COUNT(DISTINCT(OL_I_ID)) FROM order_line, stock\
            WHERE OL_W_ID = 1\
              AND OL_D_ID = 4\
              AND OL_O_ID < 44745\
              AND OL_O_ID >= 44725\
              AND S_W_ID = 1\
              AND S_I_ID = OL_I_ID\
              AND S_QUANTITY < 16",77130,1698741301391.653
650,1698741343595,1.336,0.074,1,362,"SELECT COUNT(DISTINCT(OL_I_ID)) FROM order_line, stock\
            WHERE OL_W_ID = 4\
              AND OL_D_ID = 10\
              AND OL_O_ID < 44284\
              AND OL_O_ID >= 44264\
              AND S_W_ID = 4\
              AND S_I_ID = OL_I_ID\
              AND S_QUANTITY < 12",77132,1698741343593.664
651,1698741370418,1.025,0.0,0,0,COMMIT,77131,1698741370416.975
652,1698741821753,1.061,0.0,0,0,COMMIT,77125,1698741821751.939
653,1698741834672,1.415,0.106,1,346,"SELECT COUNT(DISTINCT(OL_I_ID)) FROM order_line, stock\
            WHERE OL_W_ID = 4\
              AND OL_D_ID = 5\
              AND OL_O_ID < 44610\
              AND OL_O_ID >= 44590\
              AND S_W_ID = 4\
              AND S_I_ID = OL_I_ID\
              AND S_QUANTITY < 16",77153,1698741834670.585
654,1698742006703,1.058,0.0,0,0,COMMIT,77149,1698742006701.942
658,1698741243005,1.006,0.08,1,392,"SELECT COUNT(DISTINCT(OL_I_ID)) FROM order_line, stock\
            WHERE OL_W_ID = 3\
              AND OL_D_ID = 5\
              AND OL_O_ID < 44420\
              AND OL_O_ID >= 44400\
              AND S_W_ID = 3\
              AND S_I_ID = OL_I_ID\
              AND S_QUANTITY < 20",77168,1698741243003.994
659,1698741256182,1.022,0.0,0,0,COMMIT,77154,1698741256180.978
660,1698741300766,1.218,0.0,0,0,COMMIT,77160,1698741300764.782
661,1698741304043,1.293,0.09,1,394,"SELECT COUNT(DISTINCT(OL_I_ID)) FROM order_line, stock\
            WHERE OL_W_ID = 4\
              AND OL_D_ID = 1\
              AND OL_O_ID < 44562\
              AND OL_O_ID >= 44542\
              AND S_W_ID = 4\
              AND S_I_ID = OL_I_ID\
              AND S_QUANTITY < 20",77172,1698741304041.707
662,1698741337171,1.117,0.0,0,0,COMMIT,77173,1698741337169.883
663,1698741385163,1.038,0.0,0,0,COMMIT,77151,1698741385161.962
664,1698741432179,1.002,0.0,0,0,COMMIT,77177,1698741432177.998
665,1698741646380,1.014,0.0,0,0,COMMIT,77182,1698741646378.986
666,1698741834548,1.127,0.0,0,0,COMMIT,77165,1698741834546.873
667,1698741858251,1.009,0.0,0,0,COMMIT,77187,1698741858249.991
668,1698741903044,1.057,0.0,0,0,COMMIT,77197,1698741903042.943
669,1698741927095,1.029,0.0,0,0,COMMIT,77190,1698741927093.971
670,1698742016185,1.045,0.0,0,0,COMMIT,77198,1698742016183.955
675,1698741316619,1.108,0.0,0,0,COMMIT,77215,1698741316617.892
676,1698741447825,1.058,0.0,0,0,COMMIT,77221,1698741447823.942
677,1698741484532,1.058,0.0,0,0,COMMIT,77205,1698741484530.942
678,1698741686952,1.013,0.0,0,0,COMMIT,77232,1698741686950.987
679,1698741905425,1.225,0.0,0,0,COMMIT,77228,1698741905423.775
680,1698741942277,1.099,0.0,0,0,COMMIT,77241,1698741942275.901
681,1698742005415,1.855,0.091,1,414,"SELECT COUNT(DISTINCT(OL_I_ID)) FROM order_line, stock\
            WHERE OL_W_ID = 1\
              AND OL_D_ID = 7\
              AND OL_O_ID < 44451\
              AND OL_O_ID >= 44431\
              AND S_W_ID = 1\
              AND S_I_ID = OL_I_ID\
              AND S_QUANTITY < 18",77245,1698742005413.145
682,1698741092030,1.098,0.0,0,0,COMMIT,77234,1698741092028.902
683,1698741173767,1.113,0.0,0,0,COMMIT,77248,1698741173765.887
684,1698741242498,1.037,0.0,0,0,COMMIT,77214,1698741242496.963
685,1698741300725,1.002,0.0,0,0,COMMIT,77224,1698741300723.998
686,1698741341774,1.034,0.0,0,0,COMMIT,77249,1698741341772.966
688,1698741429829,1.458,0.0,0,0,ROLLBACK,77242,1698741429827.542
690,1698741454202,1.377,0.097,1,396,"SELECT COUNT(DISTINCT(OL_I_ID)) FROM order_line, stock\
            WHERE OL_W_ID = 1\
              AND OL_D_ID = 5\
              AND OL_O_ID < 44705\
              AND OL_O_ID >= 44685\
              AND S_W_ID = 1\
              AND S_I_ID = OL_I_ID\
              AND S_QUANTITY < 11",77264,1698741454200.623
691,1698741455172,4.708,0.0,0,0,COMMIT,77252,1698741455167.292
692,1698741455826,2.504,0.0,0,0,COMMIT,77257,1698741455823.496
693,1698741464120,1.032,0.0,0,0,COMMIT,77230,1698741464118.968
694,1698741544488,1.264,0.0,0,0,COMMIT,77267,1698741544486.736
695,1698741830248,1.014,0.0,0,0,COMMIT,77273,1698741830246.986
696,1698741968976,1.018,0.0,0,0,COMMIT,77270,1698741968974.982
697,1698742000620,1.034,0.0,0,0,COMMIT,77258,1698742000618.966
698,1698742006207,1.433,0.075,1,404,"SELECT COUNT(DISTINCT(OL_I_ID)) FROM order_line, stock\
            WHERE OL_W_ID = 1\
              AND OL_D_ID = 9\
              AND OL_O_ID < 44402\
              AND OL_O_ID >= 44382\
              AND S_W_ID = 1\
              AND S_I_ID = OL_I_ID\
              AND S_QUANTITY < 17",77275,1698742006205.567
699,1698741068365,1.334,0.087,1,378,"SELECT COUNT(DISTINCT(OL_I_ID)) FROM order_line, stock\
            WHERE OL_W_ID = 4\
              AND OL_D_ID = 8\
              AND OL_O_ID < 44694\
              AND OL_O_ID >= 44674\
              AND S_W_ID = 4\
              AND S_I_ID = OL_I_ID\
              AND S_QUANTITY < 13",77286,1698741068363.666
700,1698741089372,1.081,0.0,0,0,COMMIT,77277,1698741089370.919
703,1698741198192,1.349,0.0,0,0,COMMIT,77272,1698741198190.651
705,1698741243769,1.019,0.0,0,0,COMMIT,77291,1698741243767.981
706,1698741469044,1.094,0.0,0,0,COMMIT,77288,1698741469042.906
707,1698741704291,1.114,0.0,0,0,COMMIT,77312,1698741704289.886
708,1698741724526,1.125,0.0,0,0,COMMIT,77297,1698741724524.875
709,1698741783194,7.423,0.0,0,0,COMMIT,77305,1698741783186.577
710,1698741838755,1.088,0.0,0,0,COMMIT,77317,1698741838753.912
711,1698741924181,1.006,0.0,0,0,COMMIT,77310,1698741924179.994
712,1698741059489,1.139,0.0,0,0,COMMIT,77307,1698741059487.861
713,1698741114920,1.07,0.0,0,0,COMMIT,77321,1698741114918.93
715,1698741163186,1.538,0.0,0,0,ROLLBACK,77328,1698741163184.462
719,1698741243290,1.09,0.0,0,0,COMMIT,77325,1698741243288.91
720,1698741264278,1.006,0.0,0,0,COMMIT,77326,1698741264276.994
721,1698741340839,1.107,0.0,0,0,COMMIT,77331,1698741340837.893
722,1698741397597,1.018,0.0,0,0,COMMIT,77330,1698741397595.982
723,1698741456990,1.018,0.0,0,0,COMMIT,77322,1698741456988.982
724,1698741550554,2.515,0.0,0,0,COMMIT,77335,1698741550551.485
725,1698741831738,1.005,0.0,0,0,COMMIT,77296,1698741831736.995
726,1698741086238,1.067,0.0,0,0,COMMIT,77349,1698741086236.933
727,1698741149574,1.05,0.0,0,0,COMMIT,77369,1698741149572.95
732,1698741369357,1.196,0.0,0,0,COMMIT,77363,1698741369355.804
733,1698741394845,1.441,0.063,1,436,"SELECT COUNT(DISTINCT(OL_I_ID)) FROM order_line, stock\
            WHERE OL_W_ID = 4\
              AND OL_D_ID = 6\
              AND OL_O_ID < 44596\
              AND OL_O_ID >= 44576\
              AND S_W_ID = 4\
              AND S_I_ID = OL_I_ID\
              AND S_QUANTITY < 18",77389,1698741394843.559
734,1698741428918,1.114,0.0,0,0,COMMIT,77351,1698741428916.886
735,1698741526948,1.134,0.0,0,0,COMMIT,77342,1698741526946.866
736,1698741668448,1.033,0.0,0,0,COMMIT,77370,1698741668446.967
737,1698741069916,1.169,0.0,0,0,COMMIT,77376,1698741069914.831
738,1698741109901,1.225,0.077,1,426,"SELECT COUNT(DISTINCT(OL_I_ID)) FROM order_line, stock\
            WHERE OL_W_ID = 3\
              AND OL_D_ID = 10\
              AND OL_O_ID < 44746\
              AND OL_O_ID >= 44726\
              AND S_W_ID = 3\
              AND S_I_ID = OL_I_ID\
              AND S_QUANTITY < 15",77418,1698741109899.775
741,1698741237140,1.126,0.0,0,0,COMMIT,77413,1698741237138.874
743,1698741294905,1.089,0.0,0,0,COMMIT,77399,1698741294903.911
744,1698741549135,1.252,0.0,0,0,COMMIT,77386,1698741549133.748
745,1698741738700,1.395,0.081,1,416,"SELECT COUNT(DISTINCT(OL_I_ID)) FROM order_line, stock\
            WHERE OL_W_ID = 1\
              AND OL_D_ID = 3\
              AND OL_O_ID < 44668\
              AND OL_O_ID >= 44648\
              AND S_W_ID = 1\
              AND S_I_ID = OL_I_ID\
              AND S_QUANTITY < 14",77446,1698741738698.605
746,1698741762621,1.199,0.0,0,0,COMMIT,77416,1698741762619.801
747,1698741828752,1.132,0.0,0,0,COMMIT,77436,1698741828750.868
748,1698741979988,1.074,0.0,0,0,COMMIT,77427,1698741979986.926
749,1698741075975,1.112,0.0,0,0,COMMIT,77459,1698741075973.888
752,1698741218264,1.211,0.0,0,0,COMMIT,77445,1698741218262.789
754,1698741233778,1.061,0.0,0,0,COMMIT,77439,1698741233776.939
755,1698741247902,1.195,0.0,0,0,COMMIT,77414,1698741247900.805
756,1698741393698,1.22,0.0,0,0,COMMIT,77469,1698741393696.78
757,1698741711171,1.076,0.0,0,0,COMMIT,77452,1698741711169.924
758,1698741730226,1.005,0.0,0,0,ROLLBACK,77476,1698741730224.995
759,1698741798178,1.045,0.0,0,0,COMMIT,77467,1698741798176.955
760,1698741880187,1.074,0.0,0,0,COMMIT,77461,1698741880185.926
761,1698741050859,1.032,0.0,0,0,COMMIT,77473,1698741050857.968
762,1698741100125,1.002,0.0,0,0,COMMIT,77471,1698741100123.998
763,1698741181549,1.004,0.0,0,0,COMMIT,77499,1698741181547.996
766,1698741220744,1.528,0.0,0,0,COMMIT,77423,1698741220742.472
768,1698741284048,1.127,0.0,0,0,COMMIT,77492,1698741284046.873
769,1698741297548,1.159,0.0,0,0,COMMIT,77472,1698741297546.841
770,1698741354710,1.078,0.0,0,0,COMMIT,77513,1698741354708.922
771,1698741384425,1.518,0.0,0,0,COMMIT,77515,1698741384423.482
772,1698741703850,1.198,0.0,0,0,COMMIT,77497,1698741703848.802
773,1698741958385,1.165,0.0,0,0,COMMIT,77520,1698741958383.835
774,1698741042321,1.169,0.0,0,0,COMMIT,77541,1698741042319.831
775,1698741070342,1.267,0.074,1,348,"SELECT COUNT(DISTINCT(OL_I_ID)) FROM order_line, stock\
            WHERE OL_W_ID = 4\
              AND OL_D_ID = 5\
              AND OL_O_ID < 44611\
              AND OL_O_ID >= 44591\
              AND S_W_ID = 4\
              AND S_I_ID = OL_I_ID\
              AND S_QUANTITY < 14",77550,1698741070340.733
776,1698741097414,1.002,0.0,0,0,COMMIT,77540,1698741097412.998
777,1698741180025,1.151,0.0,0,0,COMMIT,77495,1698741180023.849
780,1698741238411,2.125,0.123,1,364,"SELECT COUNT(DISTINCT(OL_I_ID)) FROM order_line, stock\
            WHERE OL_W_ID = 3\
              AND OL_D_ID = 2\
              AND OL_O_ID < 44234\
              AND OL_O_ID >= 44214\
              AND S_W_ID = 3\
              AND S_I_ID = OL_I_ID\
              AND S_QUANTITY < 12",77559,1698741238408.875
783,1698741342763,1.172,0.0,0,0,COMMIT,77507,1698741342761.828
784,1698741350390,1.138,0.0,0,0,COMMIT,77526,1698741350388.862
785,1698741387061,1.104,0.0,0,0,COMMIT,77534,1698741387059.896
786,1698741412360,1.11,0.0,0,0,COMMIT,77560,1698741412358.89
787,1698741424600,1.18,0.0,0,0,COMMIT,77532,1698741424598.82
788,1698741490129,1.031,0.0,0,0,COMMIT,77383,1698741490127.969
789,1698741515620,1.06,0.0,0,0,COMMIT,77519,1698741515618.94
790,1698741539690,1.196,0.0,0,0,COMMIT,77572,1698741539688.804
791,1698741684593,1.112,0.0,0,0,COMMIT,77553,1698741684591.888
792,1698741753827,1.111,0.0,0,0,COMMIT,77509,1698741753825.889
793,1698741889470,1.289,0.108,1,430,"SELECT COUNT(DISTINCT(OL_I_ID)) FROM order_line, stock\
            WHERE OL_W_ID = 1\
              AND OL_D_ID = 6\
              AND OL_O_ID < 44525\
              AND OL_O_ID >= 44505\
              AND S_W_ID = 1\
              AND S_I_ID = OL_I_ID\
              AND S_QUANTITY < 14",77581,1698741889468.711
794,1698741902559,1.006,0.0,0,0,COMMIT,77566,1698741902557.994
795,1698741056941,1.152,0.0,0,0,COMMIT,77569,1698741056939.848
796,1698741105192,1.032,0.0,0,0,COMMIT,77601,1698741105190.968
800,1698741281301,1.005,0.0,0,0,COMMIT,77594,1698741281299.995
801,1698741340514,1.275,0.0,0,0,COMMIT,77573,1698741340512.725
802,1698741397311,1.062,0.0,0,0,COMMIT,77584,1698741397309.938
803,1698741458289,1.486,0.109,1,350,"SELECT COUNT(DISTINCT(OL_I_ID)) FROM order_line, stock\
            WHERE OL_W_ID = 2\
              AND OL_D_ID = 4\
              AND OL_O_ID < 44542\
              AND OL_O_ID >= 44522\
              AND S_W_ID = 2\
              AND S_I_ID = OL_I_ID\
              AND S_QUANTITY < 11",77621,1698741458287.514
804,1698741527842,1.114,0.0,0,0,COMMIT,77602,1698741527840.886
805,1698741550305,2.489,0.0,0,0,COMMIT,77597,1698741550302.511
806,1698741669170,1.056,0.0,0,0,COMMIT,77578,1698741669168.944
807,1698741770130,2.574,0.066,0,0,"INSERT INTO order_line (OL_O_ID, OL_D_ID, OL_W_ID, OL_NUMBER, OL_I_ID, OL_SUPPLY_W_ID, OL_DELIVERY_D, OL_QUANTITY, OL_AMOUNT, OL_DIST_INFO) VALUES (44523, '03', 4, 4, 82305, 4, '2023-10-31 16:30:39.214988', 5, 373.05, 'iJANNosOCmVCCfmjC45sd1NZ')",77599,1698741770127.426
808,1698741876993,1.06,0.0,0,0,COMMIT,77579,1698741876991.94
809,1698741153209,1.323,0.0,0,0,COMMIT,77634,1698741153207.677
810,1698741166842,1.074,0.0,0,0,COMMIT,77643,1698741166840.926
814,1698741222452,1.458,0.0,0,0,COMMIT,77575,1698741222450.542
816,1698741258132,1.207,0.0,0,0,ROLLBACK,77628,1698741258130.793
817,1698741482275,1.35,0.087,1,382,"SELECT COUNT(DISTINCT(OL_I_ID)) FROM order_line, stock\
            WHERE OL_W_ID = 2\
              AND OL_D_ID = 2\
              AND OL_O_ID < 44660\
              AND OL_O_ID >= 44640\
              AND S_W_ID = 2\
              AND S_I_ID = OL_I_ID\
              AND S_QUANTITY < 17",77657,1698741482273.65
818,1698741714118,1.058,0.0,0,0,ROLLBACK,77666,1698741714116.942
819,1698741903535,1.113,0.0,0,0,COMMIT,77632,1698741903533.887
820,1698741085113,1.022,0.0,0,0,COMMIT,77700,1698741085111.978
824,1698741315631,1.078,0.0,0,0,ROLLBACK,77675,1698741315629.922
825,1698741506701,1.192,0.0,0,0,COMMIT,77703,1698741506699.808
826,1698741595408,1.043,0.0,0,0,COMMIT,77688,1698741595406.957
827,1698741755469,1.041,0.0,0,0,COMMIT,77713,1698741755467.959
828,1698741821534,1.508,0.069,1,482,"SELECT COUNT(DISTINCT(OL_I_ID)) FROM order_line, stock\
            WHERE OL_W_ID = 1\
              AND OL_D_ID = 4\
              AND OL_O_ID < 44748\
              AND OL_O_ID >= 44728\
              AND S_W_ID = 1\
              AND S_I_ID = OL_I_ID\
              AND S_QUANTITY < 17",77735,1698741821532.492
829,1698741863410,1.021,0.0,0,0,COMMIT,77706,1698741863408.979
830,1698741086426,1.187,0.0,0,0,COMMIT,77733,1698741086424.813
835,1698741249630,1.402,0.086,1,392,"SELECT COUNT(DISTINCT(OL_I_ID)) FROM order_line, stock\
            WHERE OL_W_ID = 3\
              AND OL_D_ID = 9\
              AND OL_O_ID < 44646\
              AND OL_O_ID >= 44626\
              AND S_W_ID = 3\
              AND S_I_ID = OL_I_ID\
              AND S_QUANTITY < 20",77753,1698741249628.598
836,1698741253432,1.068,0.0,0,0,COMMIT,77676,1698741253430.932
837,1698741388389,1.27,0.0,0,0,COMMIT,77664,1698741388387.73
838,1698741544642,1.051,0.0,0,0,COMMIT,77607,1698741544640.949
839,1698741587304,1.014,0.0,0,0,COMMIT,77682,1698741587302.986
840,1698741837091,1.158,0.0,0,0,COMMIT,77563,1698741837089.842
841,1698741047354,1.022,0.0,0,0,COMMIT,77761,1698741047352.978
842,1698741122149,1.695,0.084,1,420,"SELECT COUNT(DISTINCT(OL_I_ID)) FROM order_line, stock\
            WHERE OL_W_ID = 3\
              AND OL_D_ID = 6\
              AND OL_O_ID < 44556\
              AND OL_O_ID >= 44536\
              AND S_W_ID = 3\
              AND S_I_ID = OL_I_ID\
              AND S_QUANTITY < 14",77798,1698741122147.305
843,1698741134033,1.042,0.0,0,0,COMMIT,77722,1698741134031.958
846,1698741225023,1.397,0.0,0,0,COMMIT,77734,1698741225021.603
848,1698741237188,1.187,0.0,0,0,COMMIT,77718,1698741237186.813
850,1698741250625,1.193,0.0,0,0,COMMIT,77771,1698741250623.807
851,1698741251615,1.22,0.0,0,0,COMMIT,77645,1698741251613.78
852,1698741265535,1.063,0.0,0,0,ROLLBACK,77776,1698741265533.937
853,1698741280656,1.113,0.0,0,0,ROLLBACK,77777,1698741280654.887
854,1698741330719,1.056,0.0,0,0,COMMIT,77758,1698741330717.944
855,1698741396826,1.114,0.0,0,0,COMMIT,77787,1698741396824.886
856,1698741412396,1.055,0.0,0,0,COMMIT,77757,1698741412394.945
857,1698741660024,1.314,0.085,1,428,"SELECT COUNT(DISTINCT(OL_I_ID)) FROM order_line, stock\
            WHERE OL_W_ID = 4\
              AND OL_D_ID = 1\
              AND OL_O_ID < 44566\
              AND OL_O_ID >= 44546\
              AND S_W_ID = 4\
              AND S_I_ID = OL_I_ID\
              AND S_QUANTITY < 18",77966,1698741660022.686
858,1698741670061,1.555,0.101,1,426,"SELECT COUNT(DISTINCT(OL_I_ID)) FROM order_line, stock\
            WHERE OL_W_ID = 1\
              AND OL_D_ID = 8\
              AND OL_O_ID < 44671\
              AND OL_O_ID >= 44651\
              AND S_W_ID = 1\
              AND S_I_ID = OL_I_ID\
              AND S_QUANTITY < 14",77971,1698741670059.445
859,1698741130904,1.212,0.101,1,386,"SELECT COUNT(DISTINCT(OL_I_ID)) FROM order_line, stock\
            WHERE OL_W_ID = 4\
              AND OL_D_ID = 10\
              AND OL_O_ID < 44292\
              AND OL_O_ID >= 44272\
              AND S_W_ID = 4\
              AND S_I_ID = OL_I_ID\
              AND S_QUANTITY < 14",77991,1698741130902.788
860,1698741176226,1.616,0.096,1,366,"SELECT COUNT(DISTINCT(OL_I_ID)) FROM order_line, stock\
            WHERE OL_W_ID = 2\
              AND OL_D_ID = 10\
              AND OL_O_ID < 44396\
              AND OL_O_ID >= 44376\
              AND S_W_ID = 2\
              AND S_I_ID = OL_I_ID\
              AND S_QUANTITY < 12",78004,1698741176224.384
861,1698741258477,1.243,0.073,1,420,"SELECT COUNT(DISTINCT(OL_I_ID)) FROM order_line, stock\
            WHERE OL_W_ID = 3\
              AND OL_D_ID = 10\
              AND OL_O_ID < 44749\
              AND OL_O_ID >= 44729\
              AND S_W_ID = 3\
              AND S_I_ID = OL_I_ID\
              AND S_QUANTITY < 17",77917,1698741258475.757
862,1698741414876,1.103,0.13,46,46,"SELECT C_ID, C_FIRST, C_MIDDLE, C_LAST, C_STREET_1, C_STREET_2, C_CITY, C_STATE, C_ZIP, C_PHONE, C_SINCE, C_CREDIT, C_CREDIT_LIM, C_DISCOUNT, C_BALANCE, C_YTD_PAYMENT, C_PAYMENT_CNT, C_DATA FROM customer WHERE C_W_ID = 1 AND C_D_ID = 3 AND C_LAST = 'BARABLEPRI' ORDER BY C_FIRST",77909,1698741414874.897
863,1698741512457,1.204,0.103,1,364,"SELECT COUNT(DISTINCT(OL_I_ID)) FROM order_line, stock\
            WHERE OL_W_ID = 1\
              AND OL_D_ID = 5\
              AND OL_O_ID < 44712\
              AND OL_O_ID >= 44692\
              AND S_W_ID = 1\
              AND S_I_ID = OL_I_ID\
              AND S_QUANTITY < 10",77899,1698741512455.796
864,1698741400402,1.046,0.0,0,0,COMMIT,77796,1698741400400.954
871,1698741819334,1.12,0.0,0,0,COMMIT,77788,1698741819332.88
872,1698742014471,1.063,0.0,0,0,COMMIT,77952,1698742014469.937
878,1698741294593,13.121,0.0,0,0,ROLLBACK,77970,1698741294579.879
879,1698741393082,1.105,0.0,0,0,COMMIT,77862,1698741393080.895
880,1698741661722,1.233,0.0,0,0,COMMIT,77846,1698741661720.767
881,1698741885975,1.254,0.0,0,0,ROLLBACK,77889,1698741885973.746
882,1698742029246,1.203,0.0,0,0,ROLLBACK,78027,1698742029244.797
883,1698741072778,1.005,0.0,0,0,ROLLBACK,78031,1698741072776.995
884,1698741201213,1.477,0.0,0,0,ROLLBACK,78063,1698741201211.523
887,1698741233602,2.718,0.0,0,0,COMMIT,77957,1698741233599.282
891,1698741321640,1.063,0.0,0,0,COMMIT,77811,1698741321638.937
892,1698741751820,1.261,0.0,0,0,COMMIT,77783,1698741751818.739
893,1698741888938,1.209,0.0,0,0,COMMIT,77800,1698741888936.791
894,1698741967874,1.084,0.0,0,0,COMMIT,77739,1698741967872.916
895,1698742014896,1.082,0.0,0,0,ROLLBACK,78022,1698742014894.918
896,1698741186418,1.135,0.096,1,402,"SELECT COUNT(DISTINCT(OL_I_ID)) FROM order_line, stock\
            WHERE OL_W_ID = 1\
              AND OL_D_ID = 10\
              AND OL_O_ID < 44281\
              AND OL_O_ID >= 44261\
              AND S_W_ID = 1\
              AND S_I_ID = OL_I_ID\
              AND S_QUANTITY < 13",79069,1698741186416.865
900,1698741232781,1.262,0.0,0,0,ROLLBACK,78092,1698741232779.738
903,1698741256939,1.093,0.0,0,0,ROLLBACK,77852,1698741256937.907
904,1698741261770,1.111,0.0,0,0,ROLLBACK,77951,1698741261768.889
906,1698741289877,1.156,0.0,0,0,ROLLBACK,77850,1698741289875.844
907,1698741361294,1.497,0.0,0,0,ROLLBACK,78085,1698741361292.503
908,1698741423600,1.009,0.0,0,0,COMMIT,78009,1698741423598.991
909,1698741524929,1.266,0.112,1,350,"SELECT COUNT(DISTINCT(OL_I_ID)) FROM order_line, stock\
            WHERE OL_W_ID = 2\
              AND OL_D_ID = 4\
              AND OL_O_ID < 44545\
              AND OL_O_ID >= 44525\
              AND S_W_ID = 2\
              AND S_I_ID = OL_I_ID\
              AND S_QUANTITY < 19",79101,1698741524927.734
910,1698741627503,1.089,0.0,0,0,COMMIT,77592,1698741627501.911
911,1698741709752,1.05,0.0,0,0,COMMIT,77901,1698741709750.95
912,1698741719112,1.717,0.0,0,0,ROLLBACK,78060,1698741719110.283
913,1698741845240,1.166,0.0,0,0,COMMIT,77989,1698741845238.834
914,1698741849491,1.079,0.0,0,0,ROLLBACK,77612,1698741849489.921
915,1698741071905,1.249,0.0,0,0,ROLLBACK,78361,1698741071903.751
916,1698741161223,1.095,0.0,0,0,COMMIT,78046,1698741161221.905
922,1698741257532,1.206,0.0,0,0,COMMIT,77856,1698741257530.794
925,1698741280851,1.715,0.0,0,0,COMMIT,77812,1698741280849.285
926,1698741493171,1.205,0.0,0,0,COMMIT,78048,1698741493169.795
927,1698741534353,1.346,0.0,0,0,ROLLBACK,77908,1698741534351.654
928,1698741544683,1.175,0.0,0,0,ROLLBACK,78697,1698741544681.825
929,1698741581486,1.148,0.0,0,0,ROLLBACK,78070,1698741581484.852
930,1698741711897,1.195,0.0,0,0,COMMIT,77790,1698741711895.805
931,1698741735156,1.005,0.0,0,0,ROLLBACK,77853,1698741735154.995
932,1698741805465,1.039,0.0,0,0,COMMIT,77863,1698741805463.961
933,1698741813436,1.045,0.0,0,0,ROLLBACK,77874,1698741813434.955
934,1698741824450,1.064,0.0,0,0,ROLLBACK,78083,1698741824448.936
935,1698741862256,1.035,0.0,0,0,COMMIT,77799,1698741862254.965
936,1698741869777,1.066,0.0,0,0,ROLLBACK,78043,1698741869775.934
937,1698741876493,1.067,0.0,0,0,ROLLBACK,77983,1698741876491.933
938,1698741929231,1.173,0.0,0,0,COMMIT,77624,1698741929229.827
939,1698741937867,1.195,0.0,0,0,ROLLBACK,77760,1698741937865.805
940,1698742033538,1.107,0.0,0,0,ROLLBACK,77939,1698742033536.893
941,1698742038144,1.816,0.0,0,0,COMMIT,77774,1698742038142.184
942,1698741125232,1.162,0.0,0,0,ROLLBACK,77999,1698741125230.838
943,1698741168105,1.244,0.0,0,0,ROLLBACK,79278,1698741168103.756
945,1698741226034,1.312,0.0,0,0,ROLLBACK,78025,1698741226032.688
949,1698741234766,1.01,0.0,0,0,ROLLBACK,78021,1698741234764.99
951,1698741249484,1.061,0.0,0,0,ROLLBACK,77993,1698741249482.939
953,1698741297630,1.971,0.0,0,0,ROLLBACK,78688,1698741297628.029
954,1698741437797,1.543,0.09,1,396,"SELECT COUNT(DISTINCT(OL_I_ID)) FROM order_line, stock\
            WHERE OL_W_ID = 2\
              AND OL_D_ID = 3\
              AND OL_O_ID < 44581\
              AND OL_O_ID >= 44561\
              AND S_W_ID = 2\
              AND S_I_ID = OL_I_ID\
              AND S_QUANTITY < 17",79466,1698741437795.457
955,1698741481318,1.119,0.0,0,0,ROLLBACK,78949,1698741481316.881
956,1698741672184,1.012,0.0,0,0,ROLLBACK,78071,1698741672182.988
957,1698741680058,1.071,0.0,0,0,ROLLBACK,78788,1698741680056.929
958,1698741554262,1.139,0.0,0,0,ROLLBACK,79110,1698741554260.861
961,1698741697049,1.93,0.0,0,0,COMMIT,79755,1698741697047.07
965,1698741747280,1.143,0.0,0,0,COMMIT,77838,1698741747278.857
966,1698741820304,1.004,0.0,0,0,COMMIT,77773,1698741820302.996
967,1698741978838,1.175,0.0,0,0,ROLLBACK,77822,1698741978836.825
968,1698741986146,1.295,0.0,0,0,COMMIT,78055,1698741986144.705
969,1698741279695,1.105,0.0,0,0,ROLLBACK,79158,1698741279693.895
970,1698741320878,1.041,0.0,0,0,COMMIT,77754,1698741320876.959
971,1698741525076,1.236,0.0,0,0,COMMIT,79719,1698741525074.764
972,1698741772596,1.137,0.0,0,0,ROLLBACK,77927,1698741772594.863
973,1698742048988,1.12,0.0,0,0,ROLLBACK,80001,1698742048986.88
974,1698741168161,1.186,0.0,0,0,COMMIT,77896,1698741168159.814
975,1698741175134,1.031,0.0,0,0,ROLLBACK,79104,1698741175132.969
976,1698741181673,1.406,0.0,0,0,COMMIT,80004,1698741181671.594
977,1698741183183,1.148,0.0,0,0,ROLLBACK,79533,1698741183181.852
982,1698741467244,1.347,0.0,0,0,COMMIT,77817,1698741467242.653
983,1698741505261,1.263,0.0,0,0,COMMIT,78076,1698741505259.737
984,1698741691027,1.211,0.0,0,0,COMMIT,77747,1698741691025.789
985,1698741810653,1.237,0.0,0,0,ROLLBACK,78014,1698741810651.763
986,1698741938475,1.015,0.0,0,0,ROLLBACK,77992,1698741938473.985
987,1698741060818,1.087,0.0,0,0,ROLLBACK,78054,1698741060816.913
988,1698741069544,1.566,0.0,0,0,ROLLBACK,78008,1698741069542.434
992,1698741261823,1.047,0.0,0,0,COMMIT,80314,1698741261821.953
994,1698741311673,1.079,0.0,0,0,COMMIT,80637,1698741311671.921
995,1698741319131,1.06,0.0,0,0,ROLLBACK,79536,1698741319129.94
996,1698741860977,1.074,0.0,0,0,COMMIT,77887,1698741860975.926
997,1698741978328,1.139,0.0,0,0,COMMIT,78045,1698741978326.861
998,1698741186689,1.364,0.0,0,0,COMMIT,79363,1698741186687.636
999,1698741194277,1.525,0.0,0,0,ROLLBACK,79529,1698741194275.475
1000,1698741204792,2.091,0.0,0,0,ROLLBACK,77987,1698741204789.909
1001,1698741262393,1.021,0.0,0,0,COMMIT,80349,1698741262391.979
1002,1698741439875,1.29,0.0,0,0,COMMIT,80341,1698741439873.71
1010,1698741850646,1.335,0.092,1,356,"SELECT COUNT(DISTINCT(OL_I_ID)) FROM order_line, stock\
            WHERE OL_W_ID = 4\
              AND OL_D_ID = 8\
              AND OL_O_ID < 44701\
              AND OL_O_ID >= 44681\
              AND S_W_ID = 4\
              AND S_I_ID = OL_I_ID\
              AND S_QUANTITY < 20",81521,1698741850644.665
1011,1698741892496,1.253,0.0,0,0,ROLLBACK,81144,1698741892494.747
1012,1698741912512,1.13,0.0,0,0,COMMIT,77854,1698741912510.87
1013,1698741925740,1.159,0.0,0,0,ROLLBACK,78956,1698741925738.841
1014,1698741927336,1.107,0.0,0,0,ROLLBACK,77916,1698741927334.893
1015,1698741142143,2.249,0.0,0,0,ROLLBACK,78998,1698741142140.751
1016,1698741240331,1.108,0.0,0,0,COMMIT,77829,1698741240329.892
1017,1698741359560,1.228,0.0,0,0,ROLLBACK,80262,1698741359558.772
1018,1698741460263,1.244,0.0,0,0,COMMIT,78235,1698741460261.756
1019,1698741477308,1.012,0.0,0,0,COMMIT,80426,1698741477306.988
1024,1698741718364,1.218,0.0,0,0,COMMIT,78640,1698741718362.782
1025,1698741771494,1.018,0.0,0,0,COMMIT,81082,1698741771492.982
1026,1698741652553,1.27,0.097,1,406,"SELECT COUNT(DISTINCT(OL_I_ID)) FROM order_line, stock\
            WHERE OL_W_ID = 3\
              AND OL_D_ID = 6\
              AND OL_O_ID < 44557\
              AND OL_O_ID >= 44537\
              AND S_W_ID = 3\
              AND S_I_ID = OL_I_ID\
              AND S_QUANTITY < 13",77977,1698741652551.73
1027,1698741795263,1.168,0.0,0,0,COMMIT,78995,1698741795261.832
1028,1698741880531,1.137,0.0,0,0,COMMIT,81618,1698741880529.863
1029,1698741890969,1.049,0.0,0,0,COMMIT,78213,1698741890967.951
1030,1698742054745,1.288,0.0,0,0,COMMIT,79715,1698742054743.712
1031,1698741126929,1.021,0.0,0,0,COMMIT,77947,1698741126927.979
1036,1698741259304,2.129,0.0,0,0,ROLLBACK,79716,1698741259301.871
1038,1698741462882,1.225,0.0,0,0,COMMIT,78033,1698741462880.775
1039,1698741488678,1.141,0.0,0,0,ROLLBACK,81823,1698741488676.859
1040,1698741641495,1.151,0.0,0,0,COMMIT,78053,1698741641493.849
1041,1698741650064,1.019,0.0,0,0,ROLLBACK,78506,1698741650062.981
1042,1698741762267,1.254,0.0,0,0,ROLLBACK,77845,1698741762265.746
1043,1698741067379,1.176,0.0,0,0,COMMIT,81819,1698741067377.824
1050,1698741529612,1.05,0.0,0,0,COMMIT,77928,1698741529610.95
1051,1698741620803,1.081,0.0,0,0,COMMIT,82594,1698741620801.919
1052,1698741725485,1.062,0.0,0,0,ROLLBACK,77809,1698741725483.938
1053,1698742047838,1.161,0.0,0,0,ROLLBACK,81376,1698742047836.839
1054,1698741135789,1.011,0.0,0,0,COMMIT,82925,1698741135787.989
1059,1698741276581,1.267,0.0,0,0,ROLLBACK,81230,1698741276579.733
1061,1698741341946,1.132,0.0,0,0,COMMIT,80640,1698741341944.868
1062,1698741493801,1.116,0.0,0,0,COMMIT,77956,1698741493799.884
1063,1698741658815,1.088,0.0,0,0,ROLLBACK,78438,1698741658813.912
1064,1698741743685,1.427,0.136,1,380,"SELECT COUNT(DISTINCT(OL_I_ID)) FROM order_line, stock\
            WHERE OL_W_ID = 4\
              AND OL_D_ID = 9\
              AND OL_O_ID < 44642\
              AND OL_O_ID >= 44622\
              AND S_W_ID = 4\
              AND S_I_ID = OL_I_ID\
              AND S_QUANTITY < 20",83672,1698741743683.573
1072,1698741372116,1.046,0.0,0,0,COMMIT,81059,1698741372114.954
1073,1698741629997,1.171,0.0,0,0,COMMIT,81809,1698741629995.829
1074,1698741914354,1.016,0.0,0,0,COMMIT,82441,1698741914352.984
1075,1698741971233,1.003,0.0,0,0,ROLLBACK,82906,1698741971231.997
1076,1698741195082,1.231,0.0,0,0,COMMIT,82975,1698741195080.769
1083,1698741731609,1.127,0.0,0,0,COMMIT,77960,1698741731607.873
1084,1698741820894,1.109,0.0,0,0,COMMIT,82039,1698741820892.891
1085,1698741965334,1.058,0.0,0,0,ROLLBACK,80279,1698741965332.942
1086,1698741971812,1.035,0.0,0,0,ROLLBACK,81428,1698741971810.965
1092,1698741326032,1.202,0.0,0,0,COMMIT,81903,1698741326030.798
1093,1698741339196,1.155,0.0,0,0,ROLLBACK,82695,1698741339194.845
1094,1698741360374,1.034,0.0,0,0,ROLLBACK,83053,1698741360372.966
1095,1698741441613,1.082,0.0,0,0,COMMIT,83667,1698741441611.918
1096,1698741514041,1.387,0.115,1,398,"SELECT COUNT(DISTINCT(OL_I_ID)) FROM order_line, stock\
            WHERE OL_W_ID = 4\
              AND OL_D_ID = 4\
              AND OL_O_ID < 44445\
              AND OL_O_ID >= 44425\
              AND S_W_ID = 4\
              AND S_I_ID = OL_I_ID\
              AND S_QUANTITY < 13",84925,1698741514039.613
1097,1698741670356,1.009,0.0,0,0,ROLLBACK,81436,1698741670354.991
1098,1698741919688,1.546,0.088,1,426,"SELECT COUNT(DISTINCT(OL_I_ID)) FROM order_line, stock\
            WHERE OL_W_ID = 3\
              AND OL_D_ID = 5\
              AND OL_O_ID < 44428\
              AND OL_O_ID >= 44408\
              AND S_W_ID = 3\
              AND S_I_ID = OL_I_ID\
              AND S_QUANTITY < 14",84916,1698741919686.454
1099,1698742008614,2.511,0.0,0,0,COMMIT,84126,1698742008611.489
1100,1698741088284,1.017,0.0,0,0,COMMIT,84159,1698741088282.983
1101,1698741171573,1.181,0.119,1,426,"SELECT COUNT(DISTINCT(OL_I_ID)) FROM order_line, stock\
            WHERE OL_W_ID = 3\
              AND OL_D_ID = 5\
              AND OL_O_ID < 44428\
              AND OL_O_ID >= 44408\
              AND S_W_ID = 3\
              AND S_I_ID = OL_I_ID\
              AND S_QUANTITY < 16",85090,1698741171571.819
1107,1698741725697,1.036,0.0,0,0,ROLLBACK,84632,1698741725695.964
1108,1698741765542,1.228,0.085,1,362,"SELECT COUNT(DISTINCT(OL_I_ID)) FROM order_line, stock\
            WHERE OL_W_ID = 4\
              AND OL_D_ID = 5\
              AND OL_O_ID < 44615\
              AND OL_O_ID >= 44595\
              AND S_W_ID = 4\
              AND S_I_ID = OL_I_ID\
              AND S_QUANTITY < 16",85394,1698741765540.772
1109,1698741958315,1.061,0.0,0,0,COMMIT,81826,1698741958313.939
1110,1698741391377,1.055,0.0,0,0,COMMIT,84996,1698741391375.945
1111,1698741828969,1.056,0.0,0,0,COMMIT,78313,1698741828967.944
1118,1698741379033,1.096,0.0,0,0,ROLLBACK,85092,1698741379031.904
1119,1698741553971,1.215,0.0,0,0,COMMIT,80434,1698741553969.785
1120,1698741793270,1.019,0.0,0,0,COMMIT,85175,1698741793268.981
1121,1698741916332,1.137,0.0,0,0,COMMIT,85308,1698741916330.863
1122,1698741221296,1.288,0.0,0,0,COMMIT,83858,1698741221294.712
1123,1698741311877,1.232,0.0,0,0,COMMIT,83378,1698741311875.768
1124,1698741340020,1.27,0.0,0,0,COMMIT,83071,1698741340018.73
1125,1698741530716,1.034,0.0,0,0,ROLLBACK,83890,1698741530714.966
1126,1698741768087,1.134,0.0,0,0,COMMIT,82487,1698741768085.866
1127,1698741233629,1.334,0.0,0,0,COMMIT,84798,1698741233627.666
1128,1698741327107,1.026,0.0,0,0,COMMIT,85550,1698741327105.974
1129,1698741752283,1.516,0.0,0,0,COMMIT,84909,1698741752281.484
1130,1698741893647,1.245,0.0,0,0,COMMIT,85258,1698741893645.755
1131,1698741941939,1.218,0.0,0,0,ROLLBACK,79657,1698741941937.782
1132,1698741957525,1.123,0.0,0,0,COMMIT,82923,1698741957523.877
1133,1698742047391,1.298,0.0,0,0,COMMIT,82175,1698742047389.702
1139,1698741636882,1.087,0.0,0,0,COMMIT,84720,1698741636880.913
1140,1698741194127,1.608,0.0,0,0,COMMIT,82972,1698741194125.392
1145,1698741353583,1.15,0.0,0,0,COMMIT,85729,1698741353581.85
1146,1698741665755,1.362,0.0,0,0,COMMIT,83513,1698741665753.638
1147,1698741892960,1.257,0.0,0,0,ROLLBACK,84371,1698741892958.743
1148,1698741960991,1.007,0.0,0,0,COMMIT,84309,1698741960989.993
1149,1698741992145,1.372,0.097,1,362,"SELECT COUNT(DISTINCT(OL_I_ID)) FROM order_line, stock\
            WHERE OL_W_ID = 2\
              AND OL_D_ID = 6\
              AND OL_O_ID < 44547\
              AND OL_O_ID >= 44527\
              AND S_W_ID = 2\
              AND S_I_ID = OL_I_ID\
              AND S_QUANTITY < 10",87865,1698741992143.628
1150,1698742041473,1.299,0.0,0,0,COMMIT,83597,1698742041471.701
1151,1698742060407,1.044,0.0,0,0,ROLLBACK,85389,1698742060405.956
1157,1698742044559,1.478,0.0,0,0,COMMIT,86380,1698742044557.522
1158,1698741083348,1.138,0.0,0,0,COMMIT,86699,1698741083346.862
1159,1698741489872,1.23,0.0,0,0,ROLLBACK,77920,1698741489870.77
1160,1698741617027,1.019,0.0,0,0,COMMIT,77797,1698741617025.981
1161,1698741634309,1.175,0.0,0,0,ROLLBACK,85569,1698741634307.825
1162,1698741741307,1.145,0.0,0,0,COMMIT,87529,1698741741305.855
1163,1698741856624,1.017,0.094,1,396,"SELECT COUNT(DISTINCT(OL_I_ID)) FROM order_line, stock\
            WHERE OL_W_ID = 1\
              AND OL_D_ID = 7\
              AND OL_O_ID < 44455\
              AND OL_O_ID >= 44435\
              AND S_W_ID = 1\
              AND S_I_ID = OL_I_ID\
              AND S_QUANTITY < 17",88536,1698741856622.983
1164,1698741923457,2.141,0.0,0,0,COMMIT,87980,1698741923454.859
1165,1698741279473,1.468,0.0,0,0,COMMIT,87096,1698741279471.532
1166,1698741502195,1.113,0.0,0,0,COMMIT,85071,1698741502193.887
1167,1698741948069,1.137,0.0,0,0,COMMIT,86041,1698741948067.863
1168,1698742014297,1.198,0.0,0,0,COMMIT,87988,1698742014295.802
1169,1698741171920,1.042,0.0,0,0,COMMIT,84507,1698741171918.958
1170,1698741186989,1.2,0.0,0,0,COMMIT,85728,1698741186987.8
1175,1698741292923,1.109,0.0,0,0,COMMIT,86291,1698741292921.891
1176,1698741902625,1.241,0.0,0,0,ROLLBACK,87624,1698741902623.759
1177,1698742033533,1.167,0.0,0,0,COMMIT,77975,1698742033531.833
1178,1698741188990,1.191,0.0,0,0,COMMIT,88647,1698741188988.809
1179,1698741466916,1.122,0.0,0,0,COMMIT,87964,1698741466914.878
1180,1698741711431,1.316,0.0,0,0,ROLLBACK,86419,1698741711429.684
1181,1698741822778,1.071,0.0,0,0,COMMIT,85836,1698741822776.929
1182,1698742002291,1.13,0.0,0,0,ROLLBACK,89287,1698742002289.87
1183,1698742045870,1.16,0.0,0,0,COMMIT,83056,1698742045868.84
1184,1698741246995,1.213,0.0,0,0,COMMIT,87393,1698741246993.787
1189,1698741541551,1.215,0.0,0,0,COMMIT,86818,1698741541549.785
1190,1698742015551,1.312,0.0,0,0,COMMIT,89348,1698742015549.688
1196,1698741462512,1.211,0.0,0,0,ROLLBACK,84708,1698741462510.789
1197,1698741986281,1.136,0.0,0,0,COMMIT,89194,1698741986279.864
1198,1698742047818,1.093,0.0,0,0,COMMIT,89984,1698742047816.907
1203,1698741608931,1.285,0.0,0,0,COMMIT,88981,1698741608929.715
1214,1698741483365,1.242,0.0,0,0,COMMIT,90986,1698741483363.758
1216,1698741877638,1.105,0.0,0,0,COMMIT,90072,1698741877636.895
1217,1698741117761,1.228,0.0,0,0,COMMIT,89297,1698741117759.772
1218,1698741215911,1.042,0.0,0,0,COMMIT,91239,1698741215909.958
1224,1698741305394,1.181,0.0,0,0,COMMIT,91102,1698741305392.819
1230,1698741267057,1.45,0.0,0,0,COMMIT,90605,1698741267055.55
1232,1698741533591,1.186,0.0,0,0,COMMIT,90530,1698741533589.814
1233,1698741755577,1.061,0.0,0,0,COMMIT,87391,1698741755575.939
1234,1698741766303,1.015,0.0,0,0,COMMIT,90160,1698741766301.985
1235,1698741984006,1.189,0.0,0,0,ROLLBACK,92409,1698741984004.811
1236,1698741350242,1.068,0.0,0,0,COMMIT,89972,1698741350240.932
1237,1698741360344,1.042,0.0,0,0,ROLLBACK,89767,1698741360342.958
1242,1698741755433,1.702,0.0,0,0,COMMIT,86480,1698741755431.298
1243,1698741781971,1.648,0.093,1,376,"SELECT COUNT(DISTINCT(OL_I_ID)) FROM order_line, stock\
            WHERE OL_W_ID = 2\
              AND OL_D_ID = 10\
              AND OL_O_ID < 44400\
              AND OL_O_ID >= 44380\
              AND S_W_ID = 2\
              AND S_I_ID = OL_I_ID\
              AND S_QUANTITY < 13",93659,1698741781969.352
1244,1698741419033,1.62,0.0,0,0,COMMIT,93577,1698741419031.38
1250,1698741705483,1.429,0.0,0,0,COMMIT,92283,1698741705481.571
1251,1698741270230,1.289,0.0,0,0,COMMIT,91038,1698741270228.711
1259,1698741561567,1.233,0.0,0,0,COMMIT,93147,1698741561565.767
1260,1698742083145,1.378,0.0,0,0,COMMIT,91421,1698742083143.622
1261,1698741091367,1.014,0.0,0,0,ROLLBACK,92069,1698741091365.986
1268,1698741314514,1.372,0.0,0,0,COMMIT,88650,1698741314512.628
1269,1698741331280,1.077,0.0,0,0,ROLLBACK,93792,1698741331278.923
1270,1698741933199,1.46,0.0,0,0,COMMIT,94341,1698741933197.54
1277,1698741522283,1.276,0.0,0,0,COMMIT,89614,1698741522281.724
1278,1698741529636,1.105,0.0,0,0,ROLLBACK,92412,1698741529634.895
1279,1698741537922,1.14,0.0,0,0,ROLLBACK,93269,1698741537920.86
1280,1698741592532,1.151,0.0,0,0,ROLLBACK,93475,1698741592530.849
1281,1698741767997,1.091,0.0,0,0,COMMIT,88584,1698741767995.909
1282,1698741801849,1.128,0.0,0,0,COMMIT,94445,1698741801847.872
1290,1698741740466,1.487,0.0,0,0,ROLLBACK,95916,1698741740464.513
1291,1698742014187,1.048,0.0,0,0,COMMIT,95514,1698742014185.952
1298,1698741863219,1.571,0.0,0,0,COMMIT,95919,1698741863217.429
1299,1698741874899,1.207,0.0,0,0,COMMIT,89308,1698741874897.793
1300,1698741109750,1.094,0.0,0,0,COMMIT,94343,1698741109748.906
1305,1698741356735,1.865,0.0,0,0,COMMIT,88433,1698741356733.135
1306,1698741380051,1.243,0.0,0,0,COMMIT,95407,1698741380049.757
1307,1698741849898,1.015,0.0,0,0,COMMIT,95334,1698741849896.985
1308,1698742041955,1.346,0.0,0,0,COMMIT,96720,1698742041953.654
1309,1698741210262,1.249,0.0,0,0,COMMIT,96193,1698741210260.751
1316,1698741297168,1.071,0.0,0,0,COMMIT,96335,1698741297166.929
1317,1698741297969,1.3,0.0,0,0,COMMIT,89342,1698741297967.7
1318,1698741311624,1.088,0.0,0,0,COMMIT,91956,1698741311622.912
1319,1698741448697,1.008,0.0,0,0,COMMIT,97351,1698741448695.992
1320,1698741488615,1.107,0.0,0,0,COMMIT,97274,1698741488613.893
1321,1698741556859,1.033,0.0,0,0,COMMIT,94980,1698741556857.967
1322,1698741616654,1.119,0.0,0,0,COMMIT,81124,1698741616652.881
1323,1698741620385,1.349,0.0,0,0,COMMIT,97649,1698741620383.651
1324,1698741665500,1.248,0.0,0,0,COMMIT,97522,1698741665498.752
1325,1698741693156,1.057,0.0,0,0,COMMIT,90012,1698741693154.943
1326,1698741707154,1.003,0.0,0,0,COMMIT,97311,1698741707152.997
1327,1698741732459,1.048,0.0,0,0,COMMIT,97650,1698741732457.952
1328,1698741752888,1.159,0.0,0,0,COMMIT,97652,1698741752886.841
1329,1698741951856,1.055,0.0,0,0,COMMIT,97651,1698741951854.945
1330,1698742002624,1.799,0.0,0,0,COMMIT,97658,1698742002622.201
1331,1698742003776,1.019,0.0,0,0,COMMIT,97648,1698742003774.981
1332,1698742020601,1.316,0.092,1,364,"SELECT COUNT(DISTINCT(OL_I_ID)) FROM order_line, stock\
            WHERE OL_W_ID = 1\
              AND OL_D_ID = 1\
              AND OL_O_ID < 44738\
              AND OL_O_ID >= 44718\
              AND S_W_ID = 1\
              AND S_I_ID = OL_I_ID\
              AND S_QUANTITY < 10",97659,1698742020599.684
1333,1698741216743,1.194,0.0,0,0,COMMIT,97654,1698741216741.806
1335,1698741239551,1.164,0.0,0,0,COMMIT,96976,1698741239549.836
1339,1698741257975,1.03,0.092,1,410,"SELECT COUNT(DISTINCT(OL_I_ID)) FROM order_line, stock\
            WHERE OL_W_ID = 4\
              AND OL_D_ID = 4\
              AND OL_O_ID < 44449\
              AND OL_O_ID >= 44429\
              AND S_W_ID = 4\
              AND S_I_ID = OL_I_ID\
              AND S_QUANTITY < 13",97192,1698741257973.97
1342,1698741326637,1.088,0.0,0,0,COMMIT,97662,1698741326635.912
1343,1698741344867,1.002,0.0,0,0,COMMIT,96977,1698741344865.998
1344,1698741389150,1.305,0.099,1,378,"SELECT COUNT(DISTINCT(OL_I_ID)) FROM order_line, stock\
            WHERE OL_W_ID = 4\
              AND OL_D_ID = 2\
              AND OL_O_ID < 44376\
              AND OL_O_ID >= 44356\
              AND S_W_ID = 4\
              AND S_I_ID = OL_I_ID\
              AND S_QUANTITY < 15",97225,1698741389148.695
1345,1698741447494,1.146,0.144,55,55,"SELECT C_ID, C_FIRST, C_MIDDLE, C_LAST, C_STREET_1, C_STREET_2, C_CITY, C_STATE, C_ZIP, C_PHONE, C_SINCE, C_CREDIT, C_CREDIT_LIM, C_DISCOUNT, C_BALANCE, C_YTD_PAYMENT, C_PAYMENT_CNT, C_DATA FROM customer WHERE C_W_ID = 4 AND C_D_ID = 5 AND C_LAST = 'BARABLEPRI' ORDER BY C_FIRST",95866,1698741447492.854
1346,1698741793358,1.105,0.0,0,0,COMMIT,97346,1698741793356.895
1347,1698741830776,1.693,0.068,1,1,"SELECT D_NAME, D_STREET_1, D_STREET_2, D_CITY, D_STATE, D_ZIP FROM district WHERE D_W_ID = 3 AND D_ID = 10",95288,1698741830774.307
1355,1698741293231,1.435,0.0,0,0,COMMIT,97665,1698741293229.565
1356,1698741953022,1.089,0.0,0,0,COMMIT,95897,1698741953020.911
1363,1698741392413,1.103,0.0,0,0,COMMIT,77741,1698741392411.897
1364,1698741427895,1.177,0.0,0,0,COMMIT,92858,1698741427893.823
1371,1698741549481,1.047,0.0,0,0,COMMIT,92347,1698741549479.953
1372,1698741963135,1.188,0.0,0,0,COMMIT,83654,1698741963133.812
1373,1698742038794,1.004,0.0,0,0,COMMIT,77935,1698742038792.996
1374,1698741164140,1.138,0.0,0,0,COMMIT,77921,1698741164138.862
1382,1698741939931,1.336,0.0,0,0,COMMIT,77765,1698741939929.664
1405,1698741116049,1.152,0.0,0,0,ROLLBACK,77895,1698741116047.848
1406,1698741116967,1.437,0.0,0,0,ROLLBACK,77836,1698741116965.563
1407,1698741117069,1.731,0.0,0,0,ROLLBACK,83278,1698741117067.269
1408,1698741118624,1.095,0.0,0,0,ROLLBACK,91953,1698741118622.905
1409,1698741119486,1.142,0.0,0,0,ROLLBACK,77981,1698741119484.858
1410,1698741122579,1.026,0.0,0,0,ROLLBACK,87693,1698741122577.974
1411,1698741128328,1.614,0.0,0,0,ROLLBACK,77988,1698741128326.386
1412,1698741128410,1.6,0.0,0,0,ROLLBACK,77925,1698741128408.4
1413,1698741135338,1.788,0.0,0,0,COMMIT,95814,1698741135336.212
1414,1698741157665,1.03,0.0,0,0,COMMIT,92411,1698741157663.97
1415,1698741202374,2.127,0.117,1,436,"SELECT COUNT(DISTINCT(OL_I_ID)) FROM order_line, stock\
            WHERE OL_W_ID = 2\
              AND OL_D_ID = 1\
              AND OL_O_ID < 44600\
              AND OL_O_ID >= 44580\
              AND S_W_ID = 2\
              AND S_I_ID = OL_I_ID\
              AND S_QUANTITY < 12",97690,1698741202371.873
1418,1698741237841,2.922,0.0,0,0,COMMIT,97588,1698741237838.078
1424,1698741307358,1.825,0.0,0,0,COMMIT,77511,1698741307356.175
1425,1698741354009,1.298,0.0,0,0,COMMIT,97056,1698741354007.702
1426,1698741398962,1.132,0.0,0,0,COMMIT,97661,1698741398960.868
1427,1698741419793,1.142,0.0,0,0,COMMIT,97099,1698741419791.858
1428,1698741436416,1.029,0.0,0,0,COMMIT,97676,1698741436414.971
1429,1698741529099,1.283,0.0,0,0,COMMIT,97688,1698741529097.717
1430,1698741604209,1.184,0.073,0,0,"INSERT INTO order_line (OL_O_ID, OL_D_ID, OL_W_ID, OL_NUMBER, OL_I_ID, OL_SUPPLY_W_ID, OL_DELIVERY_D, OL_QUANTITY, OL_AMOUNT, OL_DIST_INFO) VALUES (44872, '07', 4, 2, 17736, 4, '2023-10-31 16:31:41.183571', 1, 98.82, 'Ud439eJYbuhwh94zqJDCRb1a')",97711,1698741604207.816
1431,1698741608881,2.124,0.083,1,1,"SELECT W_NAME, W_STREET_1, W_STREET_2, W_CITY, W_STATE, W_ZIP FROM warehouse WHERE W_ID = 3",97750,1698741608878.876
1432,1698741658479,1.23,0.0,0,0,COMMIT,97721,1698741658477.77
1433,1698741727878,1.355,0.0,0,0,COMMIT,97731,1698741727876.645
1434,1698741748513,1.132,0.0,0,0,COMMIT,97675,1698741748511.868
1435,1698741771570,1.056,0.0,0,0,COMMIT,97730,1698741771568.944
1436,1698741787103,1.072,0.0,0,0,COMMIT,97680,1698741787101.928
1437,1698741788047,1.684,0.0,0,0,COMMIT,97734,1698741788045.316
1438,1698741793429,1.065,0.0,0,0,COMMIT,97685,1698741793427.935
1439,1698741797032,1.842,0.0,0,0,ROLLBACK,97746,1698741797030.158
1440,1698741797996,1.572,0.0,0,0,ROLLBACK,97702,1698741797994.428
1441,1698741800852,1.132,0.0,0,0,COMMIT,97679,1698741800850.868
1442,1698741806396,1.029,0.0,0,0,ROLLBACK,97714,1698741806394.971
1443,1698741817430,1.645,0.0,0,0,ROLLBACK,97754,1698741817428.355
1444,1698741839629,1.054,0.0,0,0,COMMIT,97709,1698741839627.946
1445,1698741846467,1.132,0.0,0,0,COMMIT,96808,1698741846465.868
1446,1698741846472,1.158,0.0,0,0,ROLLBACK,97748,1698741846470.842
1447,1698741891314,1.897,0.09,1,402,"SELECT COUNT(DISTINCT(OL_I_ID)) FROM order_line, stock\
            WHERE OL_W_ID = 2\
              AND OL_D_ID = 5\
              AND OL_O_ID < 44530\
              AND OL_O_ID >= 44510\
              AND S_W_ID = 2\
              AND S_I_ID = OL_I_ID\
              AND S_QUANTITY < 12",97808,1698741891312.103
1454,1698741309230,1.854,0.106,1,434,"SELECT COUNT(DISTINCT(OL_I_ID)) FROM order_line, stock\
            WHERE OL_W_ID = 3\
              AND OL_D_ID = 5\
              AND OL_O_ID < 44429\
              AND OL_O_ID >= 44409\
              AND S_W_ID = 3\
              AND S_I_ID = OL_I_ID\
              AND S_QUANTITY < 10",97807,1698741309228.146
1455,1698741713527,1.196,0.0,0,0,COMMIT,97719,1698741713525.804
1461,1698741939663,1.49,0.0,0,0,COMMIT,97804,1698741939661.51
1462,1698741982739,1.271,0.0,0,0,ROLLBACK,96612,1698741982737.729
1463,1698742083830,1.732,0.0,0,0,COMMIT,87924,1698742083828.268
1464,1698741293090,1.412,0.0,0,0,COMMIT,97776,1698741293088.588
1465,1698741391494,1.303,0.0,0,0,COMMIT,97711,1698741391492.697
1472,1698741954501,1.306,0.0,0,0,COMMIT,86357,1698741954499.694
1473,1698741970167,1.195,0.0,0,0,COMMIT,96197,1698741970165.805
1474,1698741324264,1.341,0.0,0,0,COMMIT,97700,1698741324262.659
1482,1698742010158,1.118,0.099,1,364,"SELECT COUNT(DISTINCT(OL_I_ID)) FROM order_line, stock\
            WHERE OL_W_ID = 2\
              AND OL_D_ID = 10\
              AND OL_O_ID < 44401\
              AND OL_O_ID >= 44381\
              AND S_W_ID = 2\
              AND S_I_ID = OL_I_ID\
              AND S_QUANTITY < 18",98722,1698742010156.882
1483,1698742096725,1.383,0.0,0,0,COMMIT,97793,1698742096723.617
1491,1698741873157,1.293,0.0,0,0,COMMIT,97739,1698741873155.707
