Avg Threads Running,2,2,2.7,3.5,4.2,4.5,5.3,5.9,7.000000000000001,7.555555555555555,8.25,9.142857142857142,10.428571428571429,10.5,10.8,12.25,13,15.5,18,25,25,25,32,32,32,32,32,32,32,13,15,16.666666666666668,16.666666666666668,16.666666666666668,16.666666666666668,16.666666666666668,16.666666666666668,16.666666666666668,16.25,17.333333333333332,17.5,15,15,15,15,15,15,15,98,95,95,95,95,95,95,95,95,95,92,51,51,51,51,51,51,51,51,51,51,21,19.5,16.666666666666668,17,17,17,17,17,17,17,23.5,25.333333333333332,32.5,47
Peak Threads Connected,2,2,9,10,10,10,10,10,13,13,13,13,18,18,18,18,18,18,18,32,32,32,32,32,32,32,32,32,32,13,17,20,20,20,20,20,20,20,20,20,20,15,15,15,15,15,15,15,98,98,98,98,98,98,98,98,98,98,92,51,51,51,51,51,51,51,51,51,51,21,21,21,21,21,21,21,21,21,21,47,47,47,47
Peak Threads Running,1,1,1,2,2,2,2,2,3,3,3,3,4,4,4,4,4,4,4,8,8,8,8,8,8,8,8,8,8,1,3,4,4,4,4,4,4,4,4,4,4,2,2,2,2,2,2,2,79,79,79,79,79,79,79,79,79,79,16,28,28,28,28,28,28,28,28,28,28,3,5,5,5,5,5,5,5,5,5,17,17,17,17
Questions,38.111111111111114,37.77777777777778,117.33333333333334,228.33333333333334,374.33333333333337,515.5555555555555,673.4444444444445,838.8888888888889,987.1111111111111,954.563175,960.5897714285713,888.8931333333333,1286.015304424975,1143.2096257951853,1020.2652469003848,888.0704171514044,759.3656916483953,699.9916604431168,1212.3982288244536,1212.3982288244536,1212.3982288244536,240.6817635270541,354.52050989345514,313.65,313.65,313.65,313.65,313.65,313.65,1160.351150127792,1177.227846519185,1188.2470119521913,259.3375904860393,215.4,215.4,215.4,215.4,215.4,215.4,215.4,178.81318510858324,253.30821989528795,363.9482608695652,481.440592216582,438.5333333333334,438.5333333333334,438.5333333333334,438.5333333333334,438.5333333333334,402.3042470389171,1157.778024171194,1165.6066841252027,1168.2575865507906
Threads Created,0,0,0,0,0,0,0,0.11111111111111112,0.33333333333333337,0.323325,0.3266571428571428,0.3311,0.8872130420317179,0.8921741299738057,0.9139090779535414,0.9495540413273502,0.8920221247757624,0.7651854617874035,4.999285816311955,4.999285816311955,4.999285816311955,1.1763527054108216,0.8477295788939625,0.75,0.75,0.75,0.75,0.75,0.75,3.5559506611845757,3.3745781777277832,3.8417757541263517,2.1671664943123057,1.8,1.8,1.8,1.8,1.8,1.8,1.8,1.4942605997931748,0,0,0.4391370558375634,0.4,0.4,0.4,0.4,0.4,0.3669543147208122,3.991573345160217,4.489337822671156,4.701524433680012
Created Tmp Disk Tables,8.88888888888889,9,8.88888888888889,8.88888888888889,9,8.777777777777779,9.11111111111111,9.11111111111111,8.88888888888889,7.8675749999999995,6.968685714285714,5.9597999999999995,8.983032050571143,8.029567169764253,7.311272623628331,6.409489778959615,5.7344279449870434,5.509335324869306,8.99871446936152,8.99871446936152,8.99871446936152,1.8821643286573146,2.71273465246068,2.4,2.4,2.4,2.4,2.4,2.4,9.001000111123457,9.123859517560303,9.248719408081957,2.4079627714581178,2,2,2,2,2,2,2,1.6602895553257497,2.177434554973822,3.058388746803069,3.9522335025380704,3.6000000000000005,3.6000000000000005,3.6000000000000005,3.6000000000000005,3.6000000000000005,3.3025888324873094,8.981040026610488,8.978675645342312,8.975637555207294
Created Tmp Files,0,0,0,0,0,0,0,0,0,0,0,0,0,0,0,0,0,0,0,0,0,0,0,0,0,0,0,0,0,0,0,0,0,0,0,0,0,0,0,0,0,0,0,0,0,0,0,0,0,0,0,0,0
Select Full Join,0,0,0,0,0,0,0,0,0,0,0,0,0,0,0,0,0,0,0,0,0,0,0,0,0,0,0,0,0,0,0,0,0,0,0,0,0,0,0,0,0,0,0,0,0,0,0,0,0,0,0,0,0
Select Full Range Join,0,0,0,0,0,0,0,0,0,0,0,0,0,0,0,0,0,0,0,0,0,0,0,0,0,0,0,0,0,0,0,0,0,0,0,0,0,0,0,0,0,0,0,0,0,0,0,0,0,0,0,0,0
Select Range,0,0,1,1.8888888888888888,5,7.777777777777779,10.88888888888889,17.11111111111111,18.444444444444446,17.89065,18.075028571428568,17.327566666666666,22.73483420206277,19.739352625670453,17.364272481117286,14.71808764057393,8.665357783535978,8.57007717201892,27.281816883302383,27.281816883302383,27.281816883302383,7.05811623246493,8.477295788939625,7.5,7.5,7.5,7.5,7.5,7.5,18.446494054894988,16.997875265591798,16.505406943653956,10.83583247156153,9,9,9,9,9,9,9,7.471302998965873,6.048429319371728,10.534450127877239,11.417563451776648,10.400000000000002,10.400000000000002,10.400000000000002,10.400000000000002,10.400000000000002,9.540812182741117,19.403481538973274,17.209128320239433,17.381393360877617
Select Range Check,0,0,0,0,0,0,0,0,0,0,0,0,0,0,0,0,0,0,0,0,0,0,0,0,0,0,0,0,0,0,0,0,0,0,0,0,0,0,0,0,0,0,0,0,0,0,0,0,0,0,0,0,0
Select Scan,28.888888888888893,28.888888888888893,28.555555555555554,29.22222222222222,29.111111111111114,27.666666666666668,29.666666666666668,29.444444444444446,27.77777777777778,25.111575,22.321571428571424,18.5416,28.390817345014973,26.096093301733816,23.875874661536265,20.41541188853803,18.732464620291008,18.517488175255167,28.710184259391514,28.710184259391514,28.710184259391514,6.117034068136272,8.81638762049721,7.8,7.8,7.8,7.8,7.8,7.8,29.003222580286696,29.371328583927003,29.738190096755837,7.464684591520165,6.2,6.2,6.2,6.2,6.2,6.2,6.2,5.146897621509824,7.500052356020942,11.04418158567775,12.881353637901862,11.733333333333334,11.733333333333334,11.733333333333334,11.733333333333334,11.733333333333334,10.763993231810492,29.936800088701624,29.430103504177577,30.34620316284371
Sort Rows,86,86,76.44444444444444,86,86,76.44444444444444,86,86,76.44444444444444,74.1492,65.5492,56.9492,85.8378618165687,86.31784707496571,78.59618070400455,71.45394160988312,65.75477376918477,65.8059497137167,73.70375660619911,73.70375660619911,73.70375660619911,0,14.580948756976156,12.9,12.9,12.9,12.9,12.9,12.9,86.00955661740191,96.73790776152978,97.89413773477519,20.708479834539812,17.2,17.2,17.2,17.2,17.2,17.2,17.2,14.278490175801448,21.048534031413613,29.56442455242967,38.20492385786802,34.800000000000004,34.800000000000004,34.800000000000004,34.800000000000004,34.800000000000004,31.92502538071066,86.81672025723472,86.79386457164235,86.76449636700384
Sort Range,0,0,0,0,0,0,0,0,0,0,0,0,0,0,0,0,0,0,0,0,0,0,0,0,0,0,0,0,0,0,0,0,0,0,0,0,0,0,0,0,0,0,0,0,0,0,0,0,0,0,0,0,0
Sort Merge Passes,0,0,0,0,0,0,0,0,0,0,0,0,0,0,0,0,0,0,0,0,0,0,0,0,0,0,0,0,0,0,0,0,0,0,0,0,0,0,0,0,0,0,0,0,0,0,0,0,0,0,0,0,0
opened_tables,0,0,0,0,0,0,0,0,0,0,0,0,0.22180326050792948,0.22304353249345144,0.22847726948838534,0.23738851033183755,0.2548634642216464,0.3060741847149614,0.42851021282673896,0.42851021282673896,0.42851021282673896,0,0.1695459157787925,0.15,0.15,0.15,0.15,0.15,0.15,0.5556172908100899,0.6249218847644044,0.5691519635742743,4.334332988624611,3.6,3.6,3.6,3.6,3.6,3.6,3.6,2.9885211995863497,0,0,0,0,0,0,0,0,0,0,0,0
table_open_cache_hits,279.33333333333337,279.11111111111114,433.44444444444446,648.2222222222223,931.3333333333334,1206.111111111111,1514.4444444444446,1835.5555555555554,2123.666666666667,2032.2054,2023.096571428571,1863.6515333333332,2701.896417877343,2402.7364537857056,2144.6018900527292,1868.0101878012297,1602.7088947578234,1481.2460169280557,2563.3480931295526,2563.3480931295526,2563.3480931295526,513.5955911823647,758.20933536276,670.8,670.8,670.8,670.8,670.8,670.8,2457.7175241693517,2491.4385701787273,2510.6715993170174,547.3299379524302,454.6,454.6,454.6,454.6,454.6,454.6,454.6,377.38381592554293,540.2457068062827,769.184769820972,1019.8226226734348,928.9333333333334,928.9333333333334,928.9333333333334,928.9333333333334,928.9333333333334,852.1902368866329,2445.614813172192,2464.521760818057,2468.0153868072375
table_open_cache_misses,0,0,0,0,0,0,0,0,0,0,0,0,0.22180326050792948,0.22304353249345144,0.22847726948838534,0.23738851033183755,0.2548634642216464,0.3060741847149614,0.42851021282673896,0.42851021282673896,0.42851021282673896,0,0.1695459157787925,0.15,0.15,0.15,0.15,0.15,0.15,0.5556172908100899,0.6249218847644044,0.5691519635742743,4.334332988624611,3.6,3.6,3.6,3.6,3.6,3.6,3.6,2.9885211995863497,0,0,0,0,0,0,0,0,0,0,0,0
table_open_cache_overflows,0,0,0,0,0,0,0,0,0,0,0,0,0,0,0,0,0,0,0,0,0,0,0,0,0,0,0,0,0,0,0,0,0,0,0,0,0,0,0,0,0,0,0,0,0,0,0,0,0,0,0,0,0
Sort Scan,1,1,0.888888888888889,1,1,0.888888888888889,1,1,0.888888888888889,0.8622,0.7621999999999999,0.6622,0.9981146722856826,1.0036958962205316,0.9139090779535414,0.8308597861614315,0.7645903926649391,0.7651854617874035,0.8570204256534779,0.8570204256534779,0.8570204256534779,0,0.1695459157787925,0.15,0.15,0.15,0.15,0.15,0.15,1.0001111234581619,1.1248593925759278,1.1383039271485487,0.24079627714581178,0.2,0.2,0.2,0.2,0.2,0.2,0.2,0.16602895553257496,0.2419371727748691,0.33982097186700766,0.4391370558375634,0.4,0.4,0.4,0.4,0.4,0.3669543147208122,0.9978933362900543,0.9976306272602569,0.9972930616896993
Slow Queries,4.222222222222222,4.222222222222222,5,6.555555555555555,8,9.333333333333334,11.444444444444445,12.444444444444446,13.222222222222223,12.501900000000001,12.195199999999998,10.9263,16.746146168348677,15.278481975801423,13.480158899814734,11.63203700626004,10.704265497309148,10.71259646502365,21.282673903728035,21.282673903728035,21.282673903728035,4.470140280561123,6.7818366311517,6,6,6,6,6,6,22.11356817424158,22.497187851518557,22.623790552077402,3.130351602895553,2.6,2.6,2.6,2.6,2.6,2.6,2.6,2.158376421923475,4.596806282722513,5.607046035805626,7.318950930626057,6.666666666666667,6.666666666666667,6.666666666666667,6.666666666666667,6.666666666666667,6.11590524534687,14.968400044350812,15.089163237311386,14.816925487961248
Aborted Connects (attempts),0,0,0,0,0,0,0,0,0,0,0,0,0,0,0,0,0,0,0,0,0,0,0,0,0,0,0,0,0,0,0,0,0,0,0,0,0,0,0,0,0,0,0,0,0,0,0,0,0,0,0,0,0
Aborted Clients (timeout),0,0,0,0,0,0,0,0,0,0,0,0,0,0,0,0,0,0,0,0,0,0,0,0,0,0,0,0,0,0,0,0,0,0,0,0,0,0,0,0,0,0,0,0,0,0,0,0,0,0,0,0,0
Table Locks Immediate,58.333333333333336,58.11111111111111,140.22222222222223,257.22222222222223,405.55555555555554,550.3333333333334,712.7777777777778,881.1111111111111,1030.6666666666667,995.733225,1000.0063999999999,922.8860666666666,1337.6954641233226,1190.9409417487839,1062.1908258515034,925.4591075286687,794.0271227825393,734.8841175006223,1265.3906584773601,1265.3906584773601,1265.3906584773601,253.38637274549097,372.8314687975647,329.85,329.85,329.85,329.85,329.85,329.85,1216.1351261251248,1233.2208473940757,1244.3084803642573,273.06297828335056,226.8,226.8,226.8,226.8,226.8,226.8,226.8,188.27683557394002,265.88895287958115,381.95877237851664,503.98296108291026,459.0666666666667,459.0666666666667,459.0666666666667,459.0666666666667,459.0666666666667,421.1412351945854,1209.6684776582767,1217.234069085921,1220.4017666334234
Table Locks Waited,0,0,1,2.7777777777777777,6.111111111111112,7.222222222222223,11.777777777777779,14.666666666666668,18,17.45955,17.639485714285712,16.8861,24.731063546634136,21.523700885618062,20.905670158187256,16.854584233560466,14.782080924855489,13.16118994274334,28.281674046564774,28.281674046564774,28.281674046564774,4.705410821643286,6.951382546930492,6.15,6.15,6.15,6.15,6.15,6.15,25.558395377264137,26.24671916010498,26.89243027888446,4.575129265770424,3.8,3.8,3.8,3.8,3.8,3.8,3.8,3.1545501551189243,6.290366492146597,7.476061381074169,11.271184433164127,10.266666666666667,10.266666666666667,10.266666666666667,10.266666666666667,10.266666666666667,9.418494077834179,25.05821044461692,25.93839630876668,24.932326542242485
bytes_received_rate,12337.777777777777,12356.777777777777,21785.222222222223,36069,54086.55555555556,71082,90922.77777777778,110678.44444444445,128608.11111111112,123948.03982500001,123897.35217142855,114244.06839999999,165201.28645891097,146849.51983659723,131171.5421405159,114072.89434103374,98387.8740233207,90804.0996390341,153093.98657334666,153093.98657334666,153093.98657334666,29244.83406813627,45162.62376966007,39956.1,39956.1,39956.1,39956.1,39956.1,39956.1,149262.14023780418,152344.33195850515,153220.83096186683,27480.634332988622,22824.8,22824.8,22824.8,22824.8,22824.8,22824.8,22824.8,18947.888521199588,31782.07670157068,46282.25708439898,60911.09084602368,55482.53333333334,55482.53333333334,55482.53333333334,55482.53333333334,55482.53333333334,50898.88749576988,148191.1520124182,149084.5491956603,149847.8415728736
bytes_sent_rate,172510.55555555556,169892.6666666667,180681,218041.6666666667,239848.1111111111,251947.22222222225,301187,326657.55555555556,342462.3333333334,324235.159875,311649.5337428571,273525.79356666666,410074.5258955307,372436.640774604,339844.8588641869,289473.56730098056,267460.98296292603,255133.4929673886,402311.0984145122,402311.0984145122,402311.0984145122,88455.37114228457,113105.60632927448,100066.35,100066.35,100066.35,100066.35,100066.35,100066.35,405102.90032225795,408642.4196975377,423792.2595332954,100363.40672182005,83359.6,83359.6,83359.6,83359.6,83359.6,83359.6,83359.6,69200.53660806619,91924.51267015707,130221.43534526855,165751.8425888325,150979.60000000003,150979.60000000003,150979.60000000003,150979.60000000003,150979.60000000003,138506.53913705584,412506.04279853636,415754.08405038033,422851.83074512036
qcache_hits,0,0,0,0,0,0,0,0,0,0,0,0,0,0,0,0,0,0,0,0,0,0,0,0,0,0,0,0,0,0,0,0,0,0,0,0,0,0,0,0,0,0,0,0,0,0,0,0,0,0,0,0,0
qcache_inserts,0,0,0,0,0,0,0,0,0,0,0,0,0,0,0,0,0,0,0,0,0,0,0,0,0,0,0,0,0,0,0,0,0,0,0,0,0,0,0,0,0,0,0,0,0,0,0,0,0,0,0,0,0
qcache_not_cached,26.888888888888893,26.888888888888893,64.88888888888889,114.33333333333334,178.55555555555557,240,312.11111111111114,383.6666666666667,451.6666666666667,436.2732,437.93834285714286,401.84503333333333,583.0098702450925,519.3568654110016,464.8370047741199,403.6791618192898,348.27092385887977,318.9293004729898,557.9202971004141,557.9202971004141,557.9202971004141,113.16513026052102,161.91634956874685,143.25,143.25,143.25,143.25,143.25,143.25,534.9483275919546,541.5573053368328,549.0893568582812,149.7752843846949,124.4,124.4,124.4,124.4,124.4,124.4,124.4,103.27001034126162,115.40403141361256,156.65746803069055,215.76267343485614,196.53333333333336,196.53333333333336,196.53333333333336,196.53333333333336,196.53333333333336,180.29688663282573,534.3164430646412,545.4545454545455,544.5220116825759
qcache_lowmem_prunes,0,0,0,0,0,0,0,0,0,0,0,0,0,0,0,0,0,0,0,0,0,0,0,0,0,0,0,0,0,0,0,0,0,0,0,0,0,0,0,0,0,0,0,0,0,0,0,0,0,0,0,0,0
com admin_commands,1,1,1,1,1,1,1,1,1,0.8622,0.7621999999999999,0.6622,0.9981146722856826,0.8921741299738057,0.7996704432093487,0.7121655309955127,0.637158660554116,0.6121483694299228,0.999857163262391,0.999857163262391,0.999857163262391,0.23527054108216433,0.339091831557585,0.3,0.3,0.3,0.3,0.3,0.3,1.0001111234581619,0.9998750156230469,0.9960159362549801,0.24079627714581178,0.2,0.2,0.2,0.2,0.2,0.2,0.2,0.16602895553257496,0.2419371727748691,0.33982097186700766,0.4391370558375634,0.4,0.4,0.4,0.4,0.4,0.3669543147208122,0.9978933362900543,0.9976306272602569,0.9972930616896993
com alter_db,0,0,0,0,0,0,0,0,0,0,0,0,0,0,0,0,0,0,0,0,0,0,0,0,0,0,0,0,0,0,0,0,0,0,0,0,0,0,0,0,0,0,0,0,0,0,0,0,0,0,0,0,0
com alter_db_upgrade,0,0,0,0,0,0,0,0,0,0,0,0,0,0,0,0,0,0,0,0,0,0,0,0,0,0,0,0,0,0,0,0,0,0,0,0,0,0,0,0,0,0,0,0,0,0,0,0,0,0,0,0,0
com alter_event,0,0,0,0,0,0,0,0,0,0,0,0,0,0,0,0,0,0,0,0,0,0,0,0,0,0,0,0,0,0,0,0,0,0,0,0,0,0,0,0,0,0,0,0,0,0,0,0,0,0,0,0,0
com alter_function,0,0,0,0,0,0,0,0,0,0,0,0,0,0,0,0,0,0,0,0,0,0,0,0,0,0,0,0,0,0,0,0,0,0,0,0,0,0,0,0,0,0,0,0,0,0,0,0,0,0,0,0,0
com alter_instance,0,0,0,0,0,0,0,0,0,0,0,0,0,0,0,0,0,0,0,0,0,0,0,0,0,0,0,0,0,0,0,0,0,0,0,0,0,0,0,0,0,0,0,0,0,0,0,0,0,0,0,0,0
com alter_procedure,0,0,0,0,0,0,0,0,0,0,0,0,0,0,0,0,0,0,0,0,0,0,0,0,0,0,0,0,0,0,0,0,0,0,0,0,0,0,0,0,0,0,0,0,0,0,0,0,0,0,0,0,0
com alter_server,0,0,0,0,0,0,0,0,0,0,0,0,0,0,0,0,0,0,0,0,0,0,0,0,0,0,0,0,0,0,0,0,0,0,0,0,0,0,0,0,0,0,0,0,0,0,0,0,0,0,0,0,0
com alter_table,0,0,0,0,0,0,0,0,0,0,0,0,0,0,0,0,0,0,0,0,0,0,0,0,0,0,0,0,0,0,0,0,0,0,0,0,0,0,0,0,0,0,0,0,0,0,0,0,0,0,0,0,0
com alter_tablespace,0,0,0,0,0,0,0,0,0,0,0,0,0,0,0,0,0,0,0,0,0,0,0,0,0,0,0,0,0,0,0,0,0,0,0,0,0,0,0,0,0,0,0,0,0,0,0,0,0,0,0,0,0
com alter_user,0,0,0,0,0,0,0,0,0,0,0,0,0,0,0,0,0,0,0,0,0,0,0,0,0,0,0,0,0,0,0,0,0,0,0,0,0,0,0,0,0,0,0,0,0,0,0,0,0,0,0,0,0
com analyze,0,0,0,0,0,0,0,0,0,0,0,0,0,0,0,0,0,0,0,0,0,0,0,0,0,0,0,0,0,0,0,0,0,0,0,0,0,0,0,0,0,0,0,0,0,0,0,0,0,0,0,0,0
com assign_to_keycache,0,0,0,0,0,0,0,0,0,0,0,0,0,0,0,0,0,0,0,0,0,0,0,0,0,0,0,0,0,0,0,0,0,0,0,0,0,0,0,0,0,0,0,0,0,0,0,0,0,0,0,0,0
com begin,0,0,0,0,0,0,0,0,0,0,0,0,0,0,0,0,0,0,0,0,0,0,0,0,0,0,0,0,0,0,0,0,0,0,0,0,0,0,0,0,0,0,0,0,0,0,0,0,0,0,0,0,0
com binlog,0,0,0,0,0,0,0,0,0,0,0,0,0,0,0,0,0,0,0,0,0,0,0,0,0,0,0,0,0,0,0,0,0,0,0,0,0,0,0,0,0,0,0,0,0,0,0,0,0,0,0,0,0
com call_procedure,0,0,0,0,0,0,0,0,0,0,0,0,0,0,0,0,0,0,0,0,0,0,0,0,0,0,0,0,0,0,0,0,0,0,0,0,0,0,0,0,0,0,0,0,0,0,0,0,0,0,0,0,0
com change_db,0,0,0,0,0,0,0,0,0,0,0,0,0,0,0,0,0,0,0,0,0,0,0,0,0,0,0,0,0,0,0,0,0,0,0,0,0,0,0,0,0,0,0,0,0,0,0,0,0,0,0,0,0
com change_master,0,0,0,0,0,0,0,0,0,0,0,0,0,0,0,0,0,0,0,0,0,0,0,0,0,0,0,0,0,0,0,0,0,0,0,0,0,0,0,0,0,0,0,0,0,0,0,0,0,0,0,0,0
com change_repl_filter,0,0,0,0,0,0,0,0,0,0,0,0,0,0,0,0,0,0,0,0,0,0,0,0,0,0,0,0,0,0,0,0,0,0,0,0,0,0,0,0,0,0,0,0,0,0,0,0,0,0,0,0,0
com check,0,0,0,0,0,0,0,0,0,0,0,0,0,0,0,0,0,0,0,0,0,0,0,0,0,0,0,0,0,0,0,0,0,0,0,0,0,0,0,0,0,0,0,0,0,0,0,0,0,0,0,0,0
com checksum,0,0,0,0,0,0,0,0,0,0,0,0,0,0,0,0,0,0,0,0,0,0,0,0,0,0,0,0,0,0,0,0,0,0,0,0,0,0,0,0,0,0,0,0,0,0,0,0,0,0,0,0,0
com commit,0,0,2.666666666666667,7,11.777777777777779,16.555555555555557,21.22222222222222,26.444444444444446,30.888888888888893,29.961450000000003,30.270228571428568,28.033133333333332,40.922701563712984,36.356095796432584,32.32953363260653,28.605315494986428,24.721756029499698,23.56771222305203,38.28024567918869,38.28024567918869,38.28024567918869,8.469739478957916,11.868214104515475,10.5,10.5,10.5,10.5,10.5,10.5,38.3375930658962,38.62017247844019,39.12919749573136,9.150258531540848,7.6,7.6,7.6,7.6,7.6,7.6,7.6,6.309100310237849,9.193612565445026,14.782212276214835,18.297377326565144,16.666666666666668,16.666666666666668,16.666666666666668,16.666666666666668,16.666666666666668,15.289763113367176,39.250471227408795,38.034667664297295,38.039606781592816
com create_compression_dictionary,0,0,0,0,0,0,0,0,0,0,0,0,0,0,0,0,0,0,0,0,0,0,0,0,0,0,0,0,0,0,0,0,0,0,0,0,0,0,0,0,0,0,0,0,0,0,0,0,0,0,0,0,0
com create_db,0,0,0,0,0,0,0,0,0,0,0,0,0,0,0,0,0,0,0,0,0,0,0,0,0,0,0,0,0,0,0,0,0,0,0,0,0,0,0,0,0,0,0,0,0,0,0,0,0,0,0,0,0
com create_event,0,0,0,0,0,0,0,0,0,0,0,0,0,0,0,0,0,0,0,0,0,0,0,0,0,0,0,0,0,0,0,0,0,0,0,0,0,0,0,0,0,0,0,0,0,0,0,0,0,0,0,0,0
com create_function,0,0,0,0,0,0,0,0,0,0,0,0,0,0,0,0,0,0,0,0,0,0,0,0,0,0,0,0,0,0,0,0,0,0,0,0,0,0,0,0,0,0,0,0,0,0,0,0,0,0,0,0,0
com create_index,0,0,0,0,0,0,0,0,0,0,0,0,0,0,0,0,0,0,0,0,0,0,0,0,0,0,0,0,0,0,0,0,0,0,0,0,0,0,0,0,0,0,0,0,0,0,0,0,0,0,0,0,0
com create_procedure,0,0,0,0,0,0,0,0,0,0,0,0,0,0,0,0,0,0,0,0,0,0,0,0,0,0,0,0,0,0,0,0,0,0,0,0,0,0,0,0,0,0,0,0,0,0,0,0,0,0,0,0,0
com create_server,0,0,0,0,0,0,0,0,0,0,0,0,0,0,0,0,0,0,0,0,0,0,0,0,0,0,0,0,0,0,0,0,0,0,0,0,0,0,0,0,0,0,0,0,0,0,0,0,0,0,0,0,0
com create_table,0,0,0,0,0,0,0,0,0,0,0,0,0,0,0,0,0,0,0,0,0,0,0,0,0,0,0,0,0,0,0,0,0,0,0,0,0,0,0,0,0,0,0,0,0,0,0,0,0,0,0,0,0
com create_trigger,0,0,0,0,0,0,0,0,0,0,0,0,0,0,0,0,0,0,0,0,0,0,0,0,0,0,0,0,0,0,0,0,0,0,0,0,0,0,0,0,0,0,0,0,0,0,0,0,0,0,0,0,0
com create_udf,0,0,0,0,0,0,0,0,0,0,0,0,0,0,0,0,0,0,0,0,0,0,0,0,0,0,0,0,0,0,0,0,0,0,0,0,0,0,0,0,0,0,0,0,0,0,0,0,0,0,0,0,0
com create_user,0,0,0,0,0,0,0,0,0,0,0,0,0,0,0,0,0,0,0,0,0,0,0,0,0,0,0,0,0,0,0,0,0,0,0,0,0,0,0,0,0,0,0,0,0,0,0,0,0,0,0,0,0
com create_view,0,0,0,0,0,0,0,0,0,0,0,0,0,0,0,0,0,0,0,0,0,0,0,0,0,0,0,0,0,0,0,0,0,0,0,0,0,0,0,0,0,0,0,0,0,0,0,0,0,0,0,0,0
com dealloc_sql,0,0,0,0,0,0,0,0,0,0,0,0,0,0,0,0,0,0,0,0,0,0,0,0,0,0,0,0,0,0,0,0,0,0,0,0,0,0,0,0,0,0,0,0,0,0,0,0,0,0,0,0,0
com delete,0,0,0.6666666666666667,1.1111111111111112,4.111111111111112,6.666666666666667,9.333333333333334,15.555555555555557,16.666666666666668,16.166249999999998,16.332857142857144,15.8928,21.404014639015195,18.51261319695647,16.336124768419552,14.124616364744336,8.028199122981862,8.110965894946478,24.85359234395086,24.85359234395086,24.85359234395086,6.352304609218437,7.629566210045662,6.75,6.75,6.75,6.75,6.75,6.75,16.112901433492606,14.748156480439942,14.228799089356858,10.113443640124094,8.4,8.4,8.4,8.4,8.4,8.4,8.4,6.973216132368149,5.32261780104712,9.854808184143222,10.24653130287648,9.333333333333334,9.333333333333334,9.333333333333334,9.333333333333334,9.333333333333334,8.562267343485619,17.51857190375873,15.213867065718919,15.671748112266704
com delete_multi,0,0,0,0,0,0,0,0,0,0,0,0,0,0,0,0,0,0,0,0,0,0,0,0,0,0,0,0,0,0,0,0,0,0,0,0,0,0,0,0,0,0,0,0,0,0,0,0,0,0,0,0,0
com do,0,0,0,0,0,0,0,0,0,0,0,0,0,0,0,0,0,0,0,0,0,0,0,0,0,0,0,0,0,0,0,0,0,0,0,0,0,0,0,0,0,0,0,0,0,0,0,0,0,0,0,0,0
com drop_compression_dictionary,0,0,0,0,0,0,0,0,0,0,0,0,0,0,0,0,0,0,0,0,0,0,0,0,0,0,0,0,0,0,0,0,0,0,0,0,0,0,0,0,0,0,0,0,0,0,0,0,0,0,0,0,0
com drop_db,0,0,0,0,0,0,0,0,0,0,0,0,0,0,0,0,0,0,0,0,0,0,0,0,0,0,0,0,0,0,0,0,0,0,0,0,0,0,0,0,0,0,0,0,0,0,0,0,0,0,0,0,0
com drop_event,0,0,0,0,0,0,0,0,0,0,0,0,0,0,0,0,0,0,0,0,0,0,0,0,0,0,0,0,0,0,0,0,0,0,0,0,0,0,0,0,0,0,0,0,0,0,0,0,0,0,0,0,0
com drop_function,0,0,0,0,0,0,0,0,0,0,0,0,0,0,0,0,0,0,0,0,0,0,0,0,0,0,0,0,0,0,0,0,0,0,0,0,0,0,0,0,0,0,0,0,0,0,0,0,0,0,0,0,0
com drop_index,0,0,0,0,0,0,0,0,0,0,0,0,0,0,0,0,0,0,0,0,0,0,0,0,0,0,0,0,0,0,0,0,0,0,0,0,0,0,0,0,0,0,0,0,0,0,0,0,0,0,0,0,0
com drop_procedure,0,0,0,0,0,0,0,0,0,0,0,0,0,0,0,0,0,0,0,0,0,0,0,0,0,0,0,0,0,0,0,0,0,0,0,0,0,0,0,0,0,0,0,0,0,0,0,0,0,0,0,0,0
com drop_server,0,0,0,0,0,0,0,0,0,0,0,0,0,0,0,0,0,0,0,0,0,0,0,0,0,0,0,0,0,0,0,0,0,0,0,0,0,0,0,0,0,0,0,0,0,0,0,0,0,0,0,0,0
com drop_table,0,0,0,0,0,0,0,0,0,0,0,0,0,0,0,0,0,0,0,0,0,0,0,0,0,0,0,0,0,0,0,0,0,0,0,0,0,0,0,0,0,0,0,0,0,0,0,0,0,0,0,0,0
com drop_trigger,0,0,0,0,0,0,0,0,0,0,0,0,0,0,0,0,0,0,0,0,0,0,0,0,0,0,0,0,0,0,0,0,0,0,0,0,0,0,0,0,0,0,0,0,0,0,0,0,0,0,0,0,0
com drop_user,0,0,0,0,0,0,0,0,0,0,0,0,0,0,0,0,0,0,0,0,0,0,0,0,0,0,0,0,0,0,0,0,0,0,0,0,0,0,0,0,0,0,0,0,0,0,0,0,0,0,0,0,0
com drop_view,0,0,0,0,0,0,0,0,0,0,0,0,0,0,0,0,0,0,0,0,0,0,0,0,0,0,0,0,0,0,0,0,0,0,0,0,0,0,0,0,0,0,0,0,0,0,0,0,0,0,0,0,0
com empty_query,0,0,0,0,0,0,0,0,0,0,0,0,0,0,0,0,0,0,0,0,0,0,0,0,0,0,0,0,0,0,0,0,0,0,0,0,0,0,0,0,0,0,0,0,0,0,0,0,0,0,0,0,0
com execute_sql,0,0,0,0,0,0,0,0,0,0,0,0,0,0,0,0,0,0,0,0,0,0,0,0,0,0,0,0,0,0,0,0,0,0,0,0,0,0,0,0,0,0,0,0,0,0,0,0,0,0,0,0,0
com explain_other,0,0,0,0,0,0,0,0,0,0,0,0,0,0,0,0,0,0,0,0,0,0,0,0,0,0,0,0,0,0,0,0,0,0,0,0,0,0,0,0,0,0,0,0,0,0,0,0,0,0,0,0,0
com flush,0,0,0,0,0,0,0,0,0,0,0,0,0,0,0,0,0,0,0,0,0,0,0,0,0,0,0,0,0,0,0,0,0,0,0,0,0,0,0,0,0,0,0,0,0,0,0,0,0,0,0,0,0
com get_diagnostics,0,0,0,0,0,0,0,0,0,0,0,0,0,0,0,0,0,0,0,0,0,0,0,0,0,0,0,0,0,0,0,0,0,0,0,0,0,0,0,0,0,0,0,0,0,0,0,0,0,0,0,0,0
com grant,0,0,0,0,0,0,0,0,0,0,0,0,0,0,0,0,0,0,0,0,0,0,0,0,0,0,0,0,0,0,0,0,0,0,0,0,0,0,0,0,0,0,0,0,0,0,0,0,0,0,0,0,0
com group_replication_start,0,0,0,0,0,0,0,0,0,0,0,0,0,0,0,0,0,0,0,0,0,0,0,0,0,0,0,0,0,0,0,0,0,0,0,0,0,0,0,0,0,0,0,0,0,0,0,0,0,0,0,0,0
com group_replication_stop,0,0,0,0,0,0,0,0,0,0,0,0,0,0,0,0,0,0,0,0,0,0,0,0,0,0,0,0,0,0,0,0,0,0,0,0,0,0,0,0,0,0,0,0,0,0,0,0,0,0,0,0,0
com ha_close,0,0,0,0,0,0,0,0,0,0,0,0,0,0,0,0,0,0,0,0,0,0,0,0,0,0,0,0,0,0,0,0,0,0,0,0,0,0,0,0,0,0,0,0,0,0,0,0,0,0,0,0,0
com ha_open,0,0,0,0,0,0,0,0,0,0,0,0,0,0,0,0,0,0,0,0,0,0,0,0,0,0,0,0,0,0,0,0,0,0,0,0,0,0,0,0,0,0,0,0,0,0,0,0,0,0,0,0,0
com ha_read,0,0,0,0,0,0,0,0,0,0,0,0,0,0,0,0,0,0,0,0,0,0,0,0,0,0,0,0,0,0,0,0,0,0,0,0,0,0,0,0,0,0,0,0,0,0,0,0,0,0,0,0,0
com help,0,0,0,0,0,0,0,0,0,0,0,0,0,0,0,0,0,0,0,0,0,0,0,0,0,0,0,0,0,0,0,0,0,0,0,0,0,0,0,0,0,0,0,0,0,0,0,0,0,0,0,0,0
com insert,0,0,14.222222222222223,35.22222222222222,61.55555555555556,88.66666666666667,118.11111111111111,143.66666666666669,173.11111111111111,167.91344999999998,169.64394285714283,157.8243333333333,227.0156371298658,201.85439690657353,178.89770200940572,154.42122597086035,136.47938509069164,123.34789644012945,198.25739180117125,198.25739180117125,198.25739180117125,31.996793587174345,56.289244038559104,49.8,49.8,49.8,49.8,49.8,49.8,200.02222469163237,207.97400324959375,208.8787706317587,14.92936918304033,12.4,12.4,12.4,12.4,12.4,12.4,12.4,10.293795243019648,39.19382198952879,53.86162404092072,75.09243654822335,68.4,68.4,68.4,68.4,68.4,62.749187817258886,194.8109546512917,199.77553310886645,200.31343496224534
com insert_select,0,0,0,0,0,0,0,0,0,0,0,0,0,0,0,0,0,0,0,0,0,0,0,0,0,0,0,0,0,0,0,0,0,0,0,0,0,0,0,0,0,0,0,0,0,0,0,0,0,0,0,0,0
com install_plugin,0,0,0,0,0,0,0,0,0,0,0,0,0,0,0,0,0,0,0,0,0,0,0,0,0,0,0,0,0,0,0,0,0,0,0,0,0,0,0,0,0,0,0,0,0,0,0,0,0,0,0,0,0
com kill,0,0,0,0,0,0,0,0,0,0,0,0,0,0,0,0,0,0,0,0,0,0,0,0,0,0,0,0,0,0,0,0,0,0,0,0,0,0,0,0,0,0,0,0,0,0,0,0,0,0,0,0,0
com load,0,0,0,0,0,0,0,0,0,0,0,0,0,0,0,0,0,0,0,0,0,0,0,0,0,0,0,0,0,0,0,0,0,0,0,0,0,0,0,0,0,0,0,0,0,0,0,0,0,0,0,0,0
com lock_binlog_for_backup,0,0,0,0,0,0,0,0,0,0,0,0,0,0,0,0,0,0,0,0,0,0,0,0,0,0,0,0,0,0,0,0,0,0,0,0,0,0,0,0,0,0,0,0,0,0,0,0,0,0,0,0,0
com lock_tables,0,0,0,0,0,0,0,0,0,0,0,0,0,0,0,0,0,0,0,0,0,0,0,0,0,0,0,0,0,0,0,0,0,0,0,0,0,0,0,0,0,0,0,0,0,0,0,0,0,0,0,0,0
com lock_tables_for_backup,0,0,0,0,0,0,0,0,0,0,0,0,0,0,0,0,0,0,0,0,0,0,0,0,0,0,0,0,0,0,0,0,0,0,0,0,0,0,0,0,0,0,0,0,0,0,0,0,0,0,0,0,0
com optimize,0,0,0,0,0,0,0,0,0,0,0,0,0,0,0,0,0,0,0,0,0,0,0,0,0,0,0,0,0,0,0,0,0,0,0,0,0,0,0,0,0,0,0,0,0,0,0,0,0,0,0,0,0
com preload_keys,0,0,0,0,0,0,0,0,0,0,0,0,0,0,0,0,0,0,0,0,0,0,0,0,0,0,0,0,0,0,0,0,0,0,0,0,0,0,0,0,0,0,0,0,0,0,0,0,0,0,0,0,0
com prepare_sql,0,0,0,0,0,0,0,0,0,0,0,0,0,0,0,0,0,0,0,0,0,0,0,0,0,0,0,0,0,0,0,0,0,0,0,0,0,0,0,0,0,0,0,0,0,0,0,0,0,0,0,0,0
com purge,0,0,0,0,0,0,0,0,0,0,0,0,0,0,0,0,0,0,0,0,0,0,0,0,0,0,0,0,0,0,0,0,0,0,0,0,0,0,0,0,0,0,0,0,0,0,0,0,0,0,0,0,0
com purge_before_date,0,0,0,0,0,0,0,0,0,0,0,0,0,0,0,0,0,0,0,0,0,0,0,0,0,0,0,0,0,0,0,0,0,0,0,0,0,0,0,0,0,0,0,0,0,0,0,0,0,0,0,0,0
com release_savepoint,0,0,0,0,0,0,0,0,0,0,0,0,0,0,0,0,0,0,0,0,0,0,0,0,0,0,0,0,0,0,0,0,0,0,0,0,0,0,0,0,0,0,0,0,0,0,0,0,0,0,0,0,0
com rename_table,0,0,0,0,0,0,0,0,0,0,0,0,0,0,0,0,0,0,0,0,0,0,0,0,0,0,0,0,0,0,0,0,0,0,0,0,0,0,0,0,0,0,0,0,0,0,0,0,0,0,0,0,0
com rename_user,0,0,0,0,0,0,0,0,0,0,0,0,0,0,0,0,0,0,0,0,0,0,0,0,0,0,0,0,0,0,0,0,0,0,0,0,0,0,0,0,0,0,0,0,0,0,0,0,0,0,0,0,0
com repair,0,0,0,0,0,0,0,0,0,0,0,0,0,0,0,0,0,0,0,0,0,0,0,0,0,0,0,0,0,0,0,0,0,0,0,0,0,0,0,0,0,0,0,0,0,0,0,0,0,0,0,0,0
com replace,0,0,0,0,0,0,0,0,0,0,0,0,0,0,0,0,0,0,0,0,0,0,0,0,0,0,0,0,0,0,0,0,0,0,0,0,0,0,0,0,0,0,0,0,0,0,0,0,0,0,0,0,0
com replace_select,0,0,0,0,0,0,0,0,0,0,0,0,0,0,0,0,0,0,0,0,0,0,0,0,0,0,0,0,0,0,0,0,0,0,0,0,0,0,0,0,0,0,0,0,0,0,0,0,0,0,0,0,0
com reset,0,0,0,0,0,0,0,0,0,0,0,0,0,0,0,0,0,0,0,0,0,0,0,0,0,0,0,0,0,0,0,0,0,0,0,0,0,0,0,0,0,0,0,0,0,0,0,0,0,0,0,0,0
com resignal,0,0,0,0,0,0,0,0,0,0,0,0,0,0,0,0,0,0,0,0,0,0,0,0,0,0,0,0,0,0,0,0,0,0,0,0,0,0,0,0,0,0,0,0,0,0,0,0,0,0,0,0,0
com revoke,0,0,0,0,0,0,0,0,0,0,0,0,0,0,0,0,0,0,0,0,0,0,0,0,0,0,0,0,0,0,0,0,0,0,0,0,0,0,0,0,0,0,0,0,0,0,0,0,0,0,0,0,0
com revoke_all,0,0,0,0,0,0,0,0,0,0,0,0,0,0,0,0,0,0,0,0,0,0,0,0,0,0,0,0,0,0,0,0,0,0,0,0,0,0,0,0,0,0,0,0,0,0,0,0,0,0,0,0,0
com rollback,0,0,0.11111111111111112,0.5555555555555556,0.7777777777777779,0.888888888888889,1,1.1111111111111112,1.3333333333333335,1.2933,1.3066285714285713,1.2140333333333333,2.439835865587224,2.2304353249345144,2.1705340601396608,2.1364965929865383,2.1663394458839944,2.2955563853622105,3.8565919154406507,3.8565919154406507,3.8565919154406507,0.47054108216432866,1.0172754946727551,0.9,0.9,0.9,0.9,0.9,0.9,4.556061784642738,4.874390701162354,4.9800796812749,2.889555325749741,2.4,2.4,2.4,2.4,2.4,2.4,2.4,1.9923474663908998,0.9677486910994764,1.0194629156010229,1.4637901861252114,1.3333333333333335,1.3333333333333335,1.3333333333333335,1.3333333333333335,1.3333333333333335,1.223181049069374,3.2154340836012856,3.3670033670033668,3.2768200598375836
com rollback_to_savepoint,0,0,0,0,0,0,0,0,0,0,0,0,0,0,0,0,0,0,0,0,0,0,0,0,0,0,0,0,0,0,0,0,0,0,0,0,0,0,0,0,0,0,0,0,0,0,0,0,0,0,0,0,0
com savepoint,0,0,0,0,0,0,0,0,0,0,0,0,0,0,0,0,0,0,0,0,0,0,0,0,0,0,0,0,0,0,0,0,0,0,0,0,0,0,0,0,0,0,0,0,0,0,0,0,0,0,0,0,0
com select,26.888888888888893,26.888888888888893,64.88888888888889,114.33333333333334,178.55555555555557,240,312.11111111111114,383.6666666666667,451.6666666666667,436.2732,437.93834285714286,401.84503333333333,583.0098702450925,519.3568654110016,464.8370047741199,403.6791618192898,348.27092385887977,318.9293004729898,557.9202971004141,557.9202971004141,557.9202971004141,113.16513026052102,161.91634956874685,143.25,143.25,143.25,143.25,143.25,143.25,534.9483275919546,541.5573053368328,549.0893568582812,141.1066184074457,117.2,117.2,117.2,117.2,117.2,117.2,117.2,97.29296794208894,115.1620942408377,156.65746803069055,215.76267343485614,196.53333333333336,196.53333333333336,196.53333333333336,196.53333333333336,196.53333333333336,180.29688663282573,534.4273201020068,545.4545454545455,544.5220116825759
com set_option,1,1,4.555555555555555,9.444444444444445,14.222222222222223,18.666666666666668,24.11111111111111,29.111111111111114,34.44444444444444,33.302475,33.53679999999999,30.350833333333334,45.136963513363646,40.48240114756143,36.78484038763004,32.284837405129906,28.79957145704604,27.087565347274086,44.85073560919868,44.85073560919868,44.85073560919868,10.35190380761523,14.072311009639776,12.45,12.45,12.45,12.45,12.45,12.45,44.11601289032114,44.11948506436695,44.67842914058053,10.354239917269906,8.6,8.6,8.6,8.6,8.6,8.6,8.6,7.139245087900724,9.677486910994764,14.272480818414323,19.614788494077835,17.866666666666667,17.866666666666667,17.866666666666667,17.866666666666667,17.866666666666667,16.39062605752961,46.568355693535864,46.888639481232076,46.44536258726314
com show_binlog_events,0,0,0,0,0,0,0,0,0,0,0,0,0,0,0,0,0,0,0,0,0,0,0,0,0,0,0,0,0,0,0,0,0,0,0,0,0,0,0,0,0,0,0,0,0,0,0,0,0,0,0,0,0
com show_binlogs,0,0,0,0,0,0,0,0,0,0,0,0,0,0,0,0,0,0,0,0,0,0,0,0,0,0,0,0,0,0,0,0,0,0,0,0,0,0,0,0,0,0,0,0,0,0,0,0,0,0,0,0,0
com show_charsets,0,0,0,0,0,0,0,0,0,0,0,0,0,0,0,0,0,0,0,0,0,0,0,0,0,0,0,0,0,0,0,0,0,0,0,0,0,0,0,0,0,0,0,0,0,0,0,0,0,0,0,0,0
com show_client_statistics,0,0,0,0,0,0,0,0,0,0,0,0,0,0,0,0,0,0,0,0,0,0,0,0,0,0,0,0,0,0,0,0,0,0,0,0,0,0,0,0,0,0,0,0,0,0,0,0,0,0,0,0,0
com show_collations,0,0,0,0,0,0,0,0,0,0,0,0,0,0,0,0,0,0,0,0,0,0,0,0,0,0,0,0,0,0,0,0,0,0,0,0,0,0,0,0,0,0,0,0,0,0,0,0,0,0,0,0,0
com show_create_db,0,0,0,0,0,0,0,0,0,0,0,0,0,0,0,0,0,0,0,0,0,0,0,0,0,0,0,0,0,0,0,0,0,0,0,0,0,0,0,0,0,0,0,0,0,0,0,0,0,0,0,0,0
com show_create_event,0,0,0,0,0,0,0,0,0,0,0,0,0,0,0,0,0,0,0,0,0,0,0,0,0,0,0,0,0,0,0,0,0,0,0,0,0,0,0,0,0,0,0,0,0,0,0,0,0,0,0,0,0
com show_create_func,0,0,0,0,0,0,0,0,0,0,0,0,0,0,0,0,0,0,0,0,0,0,0,0,0,0,0,0,0,0,0,0,0,0,0,0,0,0,0,0,0,0,0,0,0,0,0,0,0,0,0,0,0
com show_create_proc,0,0,0,0,0,0,0,0,0,0,0,0,0,0,0,0,0,0,0,0,0,0,0,0,0,0,0,0,0,0,0,0,0,0,0,0,0,0,0,0,0,0,0,0,0,0,0,0,0,0,0,0,0
com show_create_table,0,0,0,0,0,0,0,0,0,0,0,0,0,0,0,0,0,0,0,0,0,0,0,0,0,0,0,0,0,0,0,0,0,0,0,0,0,0,0,0,0,0,0,0,0,0,0,0,0,0,0,0,0
com show_create_trigger,0,0,0,0,0,0,0,0,0,0,0,0,0,0,0,0,0,0,0,0,0,0,0,0,0,0,0,0,0,0,0,0,0,0,0,0,0,0,0,0,0,0,0,0,0,0,0,0,0,0,0,0,0
com show_create_user,0,0,0,0,0,0,0,0,0,0,0,0,0,0,0,0,0,0,0,0,0,0,0,0,0,0,0,0,0,0,0,0,0,0,0,0,0,0,0,0,0,0,0,0,0,0,0,0,0,0,0,0,0
com show_databases,0,0,0,0,0,0,0,0,0,0,0,0,0,0,0,0,0,0,0,0,0,0,0,0,0,0,0,0,0,0,0,0,0,0,0,0,0,0,0,0,0,0,0,0,0,0,0,0,0,0,0,0,0
com show_engine_logs,0,0,0,0,0,0,0,0,0,0,0,0,0,0,0,0,0,0,0,0,0,0,0,0,0,0,0,0,0,0,0,0,0,0,0,0,0,0,0,0,0,0,0,0,0,0,0,0,0,0,0,0,0
com show_engine_mutex,0,0,0,0,0,0,0,0,0,0,0,0,0,0,0,0,0,0,0,0,0,0,0,0,0,0,0,0,0,0,0,0,0,0,0,0,0,0,0,0,0,0,0,0,0,0,0,0,0,0,0,0,0
com show_engine_status,1.1111111111111112,1,0.888888888888889,1.1111111111111112,1,0.888888888888889,1,1,0.888888888888889,0.754425,0.7621999999999999,0.6622,0.9981146722856826,1.0036958962205316,0.9139090779535414,0.8308597861614315,0.7645903926649391,0.7651854617874035,0.8570204256534779,0.8570204256534779,0.8570204256534779,0.47054108216432866,0.5086377473363776,0.45,0.45,0.45,0.45,0.45,0.45,1.1112345816201799,0.9998750156230469,0.9960159362549801,0.24079627714581178,0.2,0.2,0.2,0.2,0.2,0.2,0.2,0.16602895553257496,0.2419371727748691,0.33982097186700766,0.4391370558375634,0.4,0.4,0.4,0.4,0.4,0.3669543147208122,1.1087703736556158,1.122334455667789,1.139763499073942
com show_errors,0,0,0,0,0,0,0,0,0,0,0,0,0,0,0,0,0,0,0,0,0,0,0,0,0,0,0,0,0,0,0,0,0,0,0,0,0,0,0,0,0,0,0,0,0,0,0,0,0,0,0,0,0
com show_events,0,0,0,0,0,0,0,0,0,0,0,0,0,0,0,0,0,0,0,0,0,0,0,0,0,0,0,0,0,0,0,0,0,0,0,0,0,0,0,0,0,0,0,0,0,0,0,0,0,0,0,0,0
com show_fields,0,0,0,0,0,0,0,0,0,0,0,0,0,0,0,0,0,0,0,0,0,0,0,0,0,0,0,0,0,0,0,0,0,0,0,0,0,0,0,0,0,0,0,0,0,0,0,0,0,0,0,0,0
com show_function_code,0,0,0,0,0,0,0,0,0,0,0,0,0,0,0,0,0,0,0,0,0,0,0,0,0,0,0,0,0,0,0,0,0,0,0,0,0,0,0,0,0,0,0,0,0,0,0,0,0,0,0,0,0
com show_function_status,0,0,0,0,0,0,0,0,0,0,0,0,0,0,0,0,0,0,0,0,0,0,0,0,0,0,0,0,0,0,0,0,0,0,0,0,0,0,0,0,0,0,0,0,0,0,0,0,0,0,0,0,0
com show_grants,0,0,0,0,0,0,0,0,0,0,0,0,0,0,0,0,0,0,0,0,0,0,0,0,0,0,0,0,0,0,0,0,0,0,0,0,0,0,0,0,0,0,0,0,0,0,0,0,0,0,0,0,0
com show_index_statistics,0,0,0,0,0,0,0,0,0,0,0,0,0,0,0,0,0,0,0,0,0,0,0,0,0,0,0,0,0,0,0,0,0,0,0,0,0,0,0,0,0,0,0,0,0,0,0,0,0,0,0,0,0
com show_keys,0,0,0,0,0,0,0,0,0,0,0,0,0,0,0,0,0,0,0,0,0,0,0,0,0,0,0,0,0,0,0,0,0,0,0,0,0,0,0,0,0,0,0,0,0,0,0,0,0,0,0,0,0
com show_master_status,0,0,0,0,0,0,0,0,0,0,0,0,0,0,0,0,0,0,0,0,0,0,0,0,0,0,0,0,0,0,0,0,0,0,0,0,0,0,0,0,0,0,0,0,0,0,0,0,0,0,0,0,0
com show_open_tables,0,0,0,0,0,0,0,0,0,0,0,0,0,0,0,0,0,0,0,0,0,0,0,0,0,0,0,0,0,0,0,0,0,0,0,0,0,0,0,0,0,0,0,0,0,0,0,0,0,0,0,0,0
com show_plugins,0,0,0,0,0,0,0,0,0,0,0,0,0,0,0,0,0,0,0,0,0,0,0,0,0,0,0,0,0,0,0,0,0,0,0,0,0,0,0,0,0,0,0,0,0,0,0,0,0,0,0,0,0
com show_privileges,0,0,0,0,0,0,0,0,0,0,0,0,0,0,0,0,0,0,0,0,0,0,0,0,0,0,0,0,0,0,0,0,0,0,0,0,0,0,0,0,0,0,0,0,0,0,0,0,0,0,0,0,0
com show_procedure_code,0,0,0,0,0,0,0,0,0,0,0,0,0,0,0,0,0,0,0,0,0,0,0,0,0,0,0,0,0,0,0,0,0,0,0,0,0,0,0,0,0,0,0,0,0,0,0,0,0,0,0,0,0
com show_procedure_status,0,0,0,0,0,0,0,0,0,0,0,0,0,0,0,0,0,0,0,0,0,0,0,0,0,0,0,0,0,0,0,0,0,0,0,0,0,0,0,0,0,0,0,0,0,0,0,0,0,0,0,0,0
com show_processlist,0,0,0,0,0,0,0,0,0,0,0,0,0,0,0,0,0,0,0,0,0,0,0,0,0,0,0,0,0,0,0,0,0,0,0,0,0,0,0,0,0,0,0,0,0,0,0,0,0,0,0,0,0
com show_profile,0,0,0,0,0,0,0,0,0,0,0,0,0,0,0,0,0,0,0,0,0,0,0,0,0,0,0,0,0,0,0,0,0,0,0,0,0,0,0,0,0,0,0,0,0,0,0,0,0,0,0,0,0
com show_profiles,0,0,0,0,0,0,0,0,0,0,0,0,0,0,0,0,0,0,0,0,0,0,0,0,0,0,0,0,0,0,0,0,0,0,0,0,0,0,0,0,0,0,0,0,0,0,0,0,0,0,0,0,0
com show_relaylog_events,0,0,0,0,0,0,0,0,0,0,0,0,0,0,0,0,0,0,0,0,0,0,0,0,0,0,0,0,0,0,0,0,0,0,0,0,0,0,0,0,0,0,0,0,0,0,0,0,0,0,0,0,0
com show_slave_hosts,0,0,0,0,0,0,0,0,0,0,0,0,0,0,0,0,0,0,0,0,0,0,0,0,0,0,0,0,0,0,0,0,0,0,0,0,0,0,0,0,0,0,0,0,0,0,0,0,0,0,0,0,0
com show_slave_status,1,1,1,1,1,1,1,1,1,0.8622,0.7621999999999999,0.6622,0.9981146722856826,0.8921741299738057,0.7996704432093487,0.7121655309955127,0.637158660554116,0.6121483694299228,0.999857163262391,0.999857163262391,0.999857163262391,0.23527054108216433,0.339091831557585,0.3,0.3,0.3,0.3,0.3,0.3,1.0001111234581619,0.9998750156230469,0.9960159362549801,0.24079627714581178,0.2,0.2,0.2,0.2,0.2,0.2,0.2,0.16602895553257496,0.2419371727748691,0.33982097186700766,0.4391370558375634,0.4,0.4,0.4,0.4,0.4,0.3669543147208122,0.9978933362900543,0.9976306272602569,0.9972930616896993
com show_status,1,1,1,1,1,1,1,1,1,0.8622,0.7621999999999999,0.6622,0.9981146722856826,0.8921741299738057,0.7996704432093487,0.7121655309955127,0.637158660554116,0.6121483694299228,0.999857163262391,0.999857163262391,0.999857163262391,0.23527054108216433,0.339091831557585,0.3,0.3,0.3,0.3,0.3,0.3,1.0001111234581619,0.9998750156230469,0.9960159362549801,0.24079627714581178,0.2,0.2,0.2,0.2,0.2,0.2,0.2,0.16602895553257496,0.2419371727748691,0.33982097186700766,0.4391370558375634,0.4,0.4,0.4,0.4,0.4,0.3669543147208122,0.9978933362900543,0.9976306272602569,0.9972930616896993
com show_storage_engines,0,0,0,0,0,0,0,0,0,0,0,0,0,0,0,0,0,0,0,0,0,0,0,0,0,0,0,0,0,0,0,0,0,0,0,0,0,0,0,0,0,0,0,0,0,0,0,0,0,0,0,0,0
com show_table_statistics,0,0,0,0,0,0,0,0,0,0,0,0,0,0,0,0,0,0,0,0,0,0,0,0,0,0,0,0,0,0,0,0,0,0,0,0,0,0,0,0,0,0,0,0,0,0,0,0,0,0,0,0,0
com show_table_status,0,0,0,0,0,0,0,0,0,0,0,0,0,0,0,0,0,0,0,0,0,0,0,0,0,0,0,0,0,0,0,0,0,0,0,0,0,0,0,0,0,0,0,0,0,0,0,0,0,0,0,0,0
com show_tables,0,0,0,0,0,0,0,0,0,0,0,0,0,0,0,0,0,0,0,0,0,0,0,0,0,0,0,0,0,0,0,0,0,0,0,0,0,0,0,0,0,0,0,0,0,0,0,0,0,0,0,0,0
com show_thread_statistics,0,0,0,0,0,0,0,0,0,0,0,0,0,0,0,0,0,0,0,0,0,0,0,0,0,0,0,0,0,0,0,0,0,0,0,0,0,0,0,0,0,0,0,0,0,0,0,0,0,0,0,0,0
com show_triggers,0,0,0,0,0,0,0,0,0,0,0,0,0,0,0,0,0,0,0,0,0,0,0,0,0,0,0,0,0,0,0,0,0,0,0,0,0,0,0,0,0,0,0,0,0,0,0,0,0,0,0,0,0
com show_user_statistics,0,0,0,0,0,0,0,0,0,0,0,0,0,0,0,0,0,0,0,0,0,0,0,0,0,0,0,0,0,0,0,0,0,0,0,0,0,0,0,0,0,0,0,0,0,0,0,0,0,0,0,0,0
com show_variables,1,1,1.1111111111111112,1,1,0.888888888888889,1.1111111111111112,1,0.888888888888889,0.8622,0.7621999999999999,0.5518333333333333,0.9981146722856826,1.0036958962205316,0.9139090779535414,0.7121655309955127,0.7645903926649391,0.7651854617874035,0.8570204256534779,0.8570204256534779,0.8570204256534779,0,0.1695459157787925,0.15,0.15,0.15,0.15,0.15,0.15,1.0001111234581619,1.1248593925759278,1.1383039271485487,0,0,0,0,0,0,0,0,0,0.2419371727748691,0.33982097186700766,0.4391370558375634,0.4,0.4,0.4,0.4,0.4,0.3669543147208122,0.9978933362900543,0.9976306272602569,0.9972930616896993
com show_warnings,0,0,0,0,0,0,0,0,0,0,0,0,0,0,0,0,0,0,0,0,0,0,0,0,0,0,0,0,0,0,0,0,0,0,0,0,0,0,0,0,0,0,0,0,0,0,0,0,0,0,0,0,0
com shutdown,0,0,0,0,0,0,0,0,0,0,0,0,0,0,0,0,0,0,0,0,0,0,0,0,0,0,0,0,0,0,0,0,0,0,0,0,0,0,0,0,0,0,0,0,0,0,0,0,0,0,0,0,0
com signal,0,0,0,0,0,0,0,0,0,0,0,0,0,0,0,0,0,0,0,0,0,0,0,0,0,0,0,0,0,0,0,0,0,0,0,0,0,0,0,0,0,0,0,0,0,0,0,0,0,0,0,0,0
com slave_start,0,0,0,0,0,0,0,0,0,0,0,0,0,0,0,0,0,0,0,0,0,0,0,0,0,0,0,0,0,0,0,0,0,0,0,0,0,0,0,0,0,0,0,0,0,0,0,0,0,0,0,0,0
com slave_stop,0,0,0,0,0,0,0,0,0,0,0,0,0,0,0,0,0,0,0,0,0,0,0,0,0,0,0,0,0,0,0,0,0,0,0,0,0,0,0,0,0,0,0,0,0,0,0,0,0,0,0,0,0
com stmt_close,1,1,0.888888888888889,1.1111111111111112,1,0.888888888888889,1,1,0.888888888888889,0.8622,0.7621999999999999,0.6622,0.8872130420317179,0.78065236372708,0.7996704432093487,0.5934712758295939,0.637158660554116,0.6121483694299228,1.142693900871304,1.142693900871304,1.142693900871304,0.47054108216432866,0.339091831557585,0.3,0.3,0.3,0.3,0.3,0.3,1.1112345816201799,0.9998750156230469,1.1383039271485487,0.48159255429162356,0.4,0.4,0.4,0.4,0.4,0.4,0.4,0.3320579110651499,0.2419371727748691,0.33982097186700766,0.4391370558375634,0.4,0.4,0.4,0.4,0.4,0.3669543147208122,1.1087703736556158,1.122334455667789,1.139763499073942
com stmt_execute,1,1,0.888888888888889,1.1111111111111112,1,0.888888888888889,1,1,0.888888888888889,0.8622,0.7621999999999999,0.6622,0.8872130420317179,0.78065236372708,0.7996704432093487,0.5934712758295939,0.637158660554116,0.6121483694299228,1.142693900871304,1.142693900871304,1.142693900871304,0.47054108216432866,0.339091831557585,0.3,0.3,0.3,0.3,0.3,0.3,1.1112345816201799,0.9998750156230469,1.1383039271485487,0.48159255429162356,0.4,0.4,0.4,0.4,0.4,0.4,0.4,0.3320579110651499,0.2419371727748691,0.33982097186700766,0.4391370558375634,0.4,0.4,0.4,0.4,0.4,0.3669543147208122,1.1087703736556158,1.122334455667789,1.139763499073942
com stmt_fetch,0,0,0,0,0,0,0,0,0,0,0,0,0,0,0,0,0,0,0,0,0,0,0,0,0,0,0,0,0,0,0,0,0,0,0,0,0,0,0,0,0,0,0,0,0,0,0,0,0,0,0,0,0
com stmt_prepare,1,1,0.888888888888889,1.1111111111111112,1,0.888888888888889,1,1,0.888888888888889,0.8622,0.7621999999999999,0.6622,0.8872130420317179,0.78065236372708,0.7996704432093487,0.5934712758295939,0.637158660554116,0.6121483694299228,1.142693900871304,1.142693900871304,1.142693900871304,0.47054108216432866,0.339091831557585,0.3,0.3,0.3,0.3,0.3,0.3,1.1112345816201799,0.9998750156230469,1.1383039271485487,0.48159255429162356,0.4,0.4,0.4,0.4,0.4,0.4,0.4,0.3320579110651499,0.2419371727748691,0.33982097186700766,0.4391370558375634,0.4,0.4,0.4,0.4,0.4,0.3669543147208122,1.1087703736556158,1.122334455667789,1.139763499073942
com stmt_reprepare,0,0,0,0,0,0,0,0,0,0,0,0,0,0,0,0,0,0,0,0,0,0,0,0,0,0,0,0,0,0,0,0,0,0,0,0,0,0,0,0,0,0,0,0,0,0,0,0,0,0,0,0,0
com stmt_reset,0,0,0,0,0,0,0,0,0,0,0,0,0,0,0,0,0,0,0,0,0,0,0,0,0,0,0,0,0,0,0,0,0,0,0,0,0,0,0,0,0,0,0,0,0,0,0,0,0,0,0,0,0
com stmt_send_long_data,0,0,0,0,0,0,0,0,0,0,0,0,0,0,0,0,0,0,0,0,0,0,0,0,0,0,0,0,0,0,0,0,0,0,0,0,0,0,0,0,0,0,0,0,0,0,0,0,0,0,0,0,0
com truncate,0,0,0,0,0,0,0,0,0,0,0,0,0,0,0,0,0,0,0,0,0,0,0,0,0,0,0,0,0,0,0,0,0,0,0,0,0,0,0,0,0,0,0,0,0,0,0,0,0,0,0,0,0
com uninstall_plugin,0,0,0,0,0,0,0,0,0,0,0,0,0,0,0,0,0,0,0,0,0,0,0,0,0,0,0,0,0,0,0,0,0,0,0,0,0,0,0,0,0,0,0,0,0,0,0,0,0,0,0,0,0
com unlock_binlog,0,0,0,0,0,0,0,0,0,0,0,0,0,0,0,0,0,0,0,0,0,0,0,0,0,0,0,0,0,0,0,0,0,0,0,0,0,0,0,0,0,0,0,0,0,0,0,0,0,0,0,0,0
com unlock_tables,0,0,0,0,0,0,0,0,0,0,0,0,0,0,0,0,0,0,0,0,0,0,0,0,0,0,0,0,0,0,0,0,0,0,0,0,0,0,0,0,0,0,0,0,0,0,0,0,0,0,0,0,0
com update,0,0,17.444444444444446,43,80.66666666666667,117,155.33333333333334,201.77777777777777,237,229.884075,232.25322857142856,218.08453333333333,312.74259731618054,276.6855020581265,246.07001923899102,214.71790759514707,177.25753936615507,164.36183719193428,292.67247536066276,292.67247536066276,292.67247536066276,57.641282565130254,85.62068746829021,75.75,75.75,75.75,75.75,75.75,75.75,269.2521391265696,272.21597300337453,272.9083665338645,56.827921406411576,47.2,47.2,47.2,47.2,47.2,47.2,47.2,39.1828335056877,61.45204188481675,94.13040920716114,117.24959390862944,106.80000000000003,106.80000000000003,106.80000000000003,106.80000000000003,106.80000000000003,97.97680203045685,269.43120079831465,265.6191545080434,268.2718335945291
com update_multi,0,0,0,0,0,0,0,0,0,0,0,0,0,0,0,0,0,0,0,0,0,0,0,0,0,0,0,0,0,0,0,0,0,0,0,0,0,0,0,0,0,0,0,0,0,0,0,0,0,0,0,0,0
com xa_commit,0,0,0,0,0,0,0,0,0,0,0,0,0,0,0,0,0,0,0,0,0,0,0,0,0,0,0,0,0,0,0,0,0,0,0,0,0,0,0,0,0,0,0,0,0,0,0,0,0,0,0,0,0
com xa_end,0,0,0,0,0,0,0,0,0,0,0,0,0,0,0,0,0,0,0,0,0,0,0,0,0,0,0,0,0,0,0,0,0,0,0,0,0,0,0,0,0,0,0,0,0,0,0,0,0,0,0,0,0
com xa_prepare,0,0,0,0,0,0,0,0,0,0,0,0,0,0,0,0,0,0,0,0,0,0,0,0,0,0,0,0,0,0,0,0,0,0,0,0,0,0,0,0,0,0,0,0,0,0,0,0,0,0,0,0,0
com xa_recover,0,0,0,0,0,0,0,0,0,0,0,0,0,0,0,0,0,0,0,0,0,0,0,0,0,0,0,0,0,0,0,0,0,0,0,0,0,0,0,0,0,0,0,0,0,0,0,0,0,0,0,0,0
com xa_rollback,0,0,0,0,0,0,0,0,0,0,0,0,0,0,0,0,0,0,0,0,0,0,0,0,0,0,0,0,0,0,0,0,0,0,0,0,0,0,0,0,0,0,0,0,0,0,0,0,0,0,0,0,0
com xa_start,0,0,0,0,0,0,0,0,0,0,0,0,0,0,0,0,0,0,0,0,0,0,0,0,0,0,0,0,0,0,0,0,0,0,0,0,0,0,0,0,0,0,0,0,0,0,0,0,0,0,0,0,0
handler delete,0,0,0.6666666666666667,1.1111111111111112,4.111111111111112,6.666666666666667,9.222222222222223,13.333333333333334,14.444444444444446,14.010749999999998,14.155142857142854,13.685466666666665,19.185982033935897,16.282177872021954,14.0513520735357,11.869425516591878,8.028199122981862,8.110965894946478,21.996857591772603,21.996857591772603,21.996857591772603,6.352304609218437,7.629566210045662,6.75,6.75,6.75,6.75,6.75,6.75,12.779197688632069,10.998625171853517,9.9601593625498,8.427869700103411,7,7,7,7,7,7,7,5.811013443640124,5.32261780104712,9.854808184143222,10.24653130287648,9.333333333333334,9.333333333333334,9.333333333333334,9.333333333333334,9.333333333333334,8.562267343485619,15.301031156447499,12.719790497568276,12.822339364581847
handler discover,0,0,0,0,0,0,0,0,0,0,0,0,0,0,0,0,0,0,0,0,0,0,0,0,0,0,0,0,0,0,0,0,0,0,0,0,0,0,0,0,0,0,0,0,0,0,0,0,0,0,0,0,0
handler external_lock,116.66666666666667,116.22222222222221,425.11111111111114,854.2222222222223,1420.5555555555557,1970.4444444444446,2586.777777777778,3229.1111111111113,3805.3333333333335,3683.10285,3709.082971428571,3434.389933333333,4962.958855495175,4411.578029187976,3935.8636828416697,3421.7179879231066,2923.9210932828382,2692.381565845158,4684.759320097129,4684.759320097129,4684.759320097129,922.4957915831662,1366.3705352612888,1208.85,1208.85,1208.85,1208.85,1208.85,1208.85,4474.163795977331,4542.182227221597,4582.242458736482,1003.3980868665976,833.4,833.4,833.4,833.4,833.4,833.4,833.4,691.8426577042399,972.8293717277487,1388.5084910485934,1845.6930456852792,1681.2000000000003,1681.2000000000003,1681.2000000000003,1681.2000000000003,1681.2000000000003,1542.3089847715737,4448.719370218428,4485.846115475745,4492.805242912096
handler mrr_init,0,0,0,0,0,0,0,0,0,0,0,0,0,0,0,0,0,0,0,0,0,0,0,0,0,0,0,0,0,0,0,0,0,0,0,0,0,0,0,0,0,0,0,0,0,0,0,0,0,0,0,0,0
handler read_first,1.8888888888888888,2,1.8888888888888888,1.8888888888888888,2,1.777777777777778,2.111111111111111,2.111111111111111,1.8888888888888888,1.832175,1.633285714285714,1.3244,1.9962293445713652,1.7843482599476115,1.71357952116289,1.4243310619910254,1.274317321108232,1.2242967388598456,1.999714326524782,1.999714326524782,1.999714326524782,0.23527054108216433,0.339091831557585,0.3,0.3,0.3,0.3,0.3,0.3,2.0002222469163238,2.1247344081989747,2.2766078542970973,0.7223888314374353,0.6,0.6,0.6,0.6,0.6,0.6,0.6,0.49808686659772494,0.4838743455497382,0.6796419437340153,0.8782741116751268,0.8,0.8,0.8,0.8,0.8,0.7339086294416244,1.9957866725801086,1.9952612545205137,1.9945861233793987
handler read_key,182.77777777777777,183,287.6666666666667,463.88888888888886,592.1111111111111,720.2222222222223,916.8888888888889,1061.4444444444446,1194.2222222222222,1157.5035,1149.5064857142856,1021.6642333333333,1324.387268492847,1201.9815966072097,1058.877905443922,889.1386654478977,765.482414789715,681.627209360219,1509.7843165262104,1509.7843165262104,1509.7843165262104,271.7374749498998,453.8744165398275,401.55,401.55,401.55,401.55,401.55,401.55,1430.4922769196576,1464.5669291338581,1450.7683551508253,343.3754912099276,285.2,285.2,285.2,285.2,285.2,285.2,285.2,236.75729058945188,321.2925654450262,419.50898976982097,662.6578172588831,603.6000000000001,603.6000000000001,603.6000000000001,603.6000000000001,603.6000000000001,553.7340609137057,1408.9145138041908,1442.3244793615163,1354.6089186493803
handler read_last,0,0,0,0,0,0,0,0,0,0,0,0,0,0,0,0,0,0,0,0,0,0,0,0,0,0,0,0,0,0,0,0,0,0,0,0,0,0,0,0,0,0,0,0,0,0,0,0,0,0,0,0,0
handler read_next,0,0,84.33333333333334,182.22222222222223,276.55555555555554,377.77777777777777,494.11111111111114,646,714.5555555555555,693.101025,700.2440285714285,625.9997333333333,702.1182211378507,611.3623225645504,522.1847994157047,418.27855520469774,274.87024616304564,235.6771222305203,1007.9988573060991,1007.9988573060991,1007.9988573060991,229.85931863727455,333.1577245053273,294.75,294.75,294.75,294.75,294.75,294.75,786.0873430381153,762.0297462817147,726.9493454752419,242.00025853154085,201,201,201,201,201,201,201,166.85910031023784,223.54994764397907,322.66001278772376,473.5361252115059,431.33333333333337,431.33333333333337,431.33333333333337,431.33333333333337,431.33333333333337,395.6990693739425,814.835347599512,794.8622022696097,717.766063541815
handler read_prev,0,0,0,0,0,0,0,0,0,0,0,0,0,0,0,0,0,0,0,0,0,0,0,0,0,0,0,0,0,0,0,0,0,0,0,0,0,0,0,0,0,0,0,0,0,0,0,0,0,0,0,0,0
handler read_rnd,86,86,76.44444444444444,86,86,76.44444444444444,86,86,76.44444444444444,74.1492,65.5492,56.9492,85.8378618165687,86.31784707496571,78.59618070400455,71.45394160988312,65.75477376918477,65.8059497137167,73.70375660619911,73.70375660619911,73.70375660619911,0,14.580948756976156,12.9,12.9,12.9,12.9,12.9,12.9,86.00955661740191,96.73790776152978,97.89413773477519,20.708479834539812,17.2,17.2,17.2,17.2,17.2,17.2,17.2,14.278490175801448,21.048534031413613,29.56442455242967,38.20492385786802,34.800000000000004,34.800000000000004,34.800000000000004,34.800000000000004,34.800000000000004,31.92502538071066,86.81672025723472,86.79386457164235,86.76449636700384
handler read_rnd_next,3530.666666666667,3494.111111111111,3537.111111111111,3536,3489.7777777777783,3227.666666666667,3698.111111111111,3541.4444444444443,3263.1111111111113,2987.30745,2673.7976,2133.9394999999995,3436.730619940113,3263.0153586129477,2987.11182129115,2426.466658356878,2397.2457444688057,2396.2547921334326,3415.5120697043276,3415.5120697043276,3415.5120697043276,543.7102204408818,861.6323439878236,762.3,762.3,762.3,762.3,762.3,762.3,3561.8402044671625,3717.285339332583,3837.649402390438,614.0305067218201,510,510,510,510,510,510,510,423.3738366080662,939.4420418848167,1288.94094629156,1551.4712182741116,1413.2000000000003,1413.2000000000003,1413.2000000000003,1413.2000000000003,1413.2000000000003,1296.4495939086296,3599.9556491850535,3587.105624142661,3668.89870351902
handler update,0,0,23,54.66666666666667,123.77777777777779,183.11111111111111,243.8888888888889,347.77777777777777,392.55555555555554,380.769075,384.6932285714285,367.0795333333333,507.0422535211268,440.5109766745666,390.23917628616215,340.533818071021,246.45296990233206,234.29978839930294,527.067561776889,527.067561776889,527.067561776889,115.51783567134268,152.08268645357686,134.55,134.55,134.55,134.55,134.55,134.55,426.04733859317696,417.82277215348074,417.8998292544109,182.0419855222337,151.2,151.2,151.2,151.2,151.2,151.2,151.2,125.51789038262669,118.30727748691099,193.35813299232737,218.10473773265647,198.66666666666669,198.66666666666669,198.66666666666669,198.66666666666669,198.66666666666669,182.25397631133671,443.9516576117086,418.38134430727024,427.83872346488107
handler write,1190.3333333333335,1190.3333333333335,1354,1428.7777777777778,1607.7777777777778,1716.4444444444446,2041.2222222222222,2172.4444444444443,2292.888888888889,2162.074275,2054.782314285714,1786.0637666666667,2721.1933015415325,2489.946474990645,2236.1070364828274,1906.1110437094896,1742.5015048833964,1651.8823749066469,2547.636051992572,2547.636051992572,2547.636051992572,422.3106212424849,723.9610603754439,640.5,640.5,640.5,640.5,640.5,640.5,2578.2864762751415,2675.540557430321,2693.7962435970403,429.821354705274,357,357,357,357,357,357,357,296.3616856256463,585.729895287958,832.3914705882353,1089.3526565143825,992.2666666666668,992.2666666666668,992.2666666666668,992.2666666666668,992.2666666666668,910.2913367174281,2565.9163987138263,2576.8799102132434,2581.706795839863
handler total commit,0,0,73.55555555555556,173,308.6666666666667,442.2222222222223,587.5555555555555,742.5555555555555,881.6666666666667,855.1946249999999,864.0081428571427,802.6967666666666,1155.9276921370742,1026.22329300237,913.9090779535414,794.3019555703285,675.0058849910304,619.0350385860095,1080.417083273818,1080.417083273818,1080.417083273818,210.3318637274549,313.3208523592085,277.2,277.2,277.2,277.2,277.2,277.2,1026.8918768752083,1043.2445944256965,1051.9351166761526,235.98035160289555,196,196,196,196,196,196,196,162.70837642192348,221.85638743455496,318.2423401534527,423.03536379018607,385.33333333333337,385.33333333333337,385.33333333333337,385.33333333333337,385.33333333333337,353.4993231810491,1022.8406696973055,1031.1759571018831,1033.1956119105284
handler total prepare,0,0,0,0,0,0,0,0,0,0,0,0,0,0,0,0,0,0,0,0,0,0,0,0,0,0,0,0,0,0,0,0,0,0,0,0,0,0,0,0,0,0,0,0,0,0,0,0,0,0,0,0,0
handler total rollback,0,0,0.22222222222222224,1.1111111111111112,1.5555555555555558,1.777777777777778,2,2.2222222222222223,2.666666666666667,2.5866,2.6132571428571425,2.4280666666666666,4.879671731174448,4.460870649869029,4.3410681202793215,4.2729931859730765,4.332678891767989,4.591112770724421,7.713183830881301,7.713183830881301,7.713183830881301,0.9410821643286573,2.0345509893455103,1.8,1.8,1.8,1.8,1.8,1.8,9.112123569285476,9.748781402324708,9.9601593625498,4.334332988624611,3.6,3.6,3.6,3.6,3.6,3.6,3.6,2.9885211995863497,1.9354973821989527,2.0389258312020457,2.927580372250423,2.666666666666667,2.666666666666667,2.666666666666667,2.666666666666667,2.666666666666667,2.446362098138748,6.430868167202571,6.7340067340067336,6.553640119675167
handler total savepoint,0,0,0,0,0,0,0,0,0,0,0,0,0,0,0,0,0,0,0,0,0,0,0,0,0,0,0,0,0,0,0,0,0,0,0,0,0,0,0,0,0,0,0,0,0,0,0,0,0,0,0,0,0
handler total savepoint_rollback,0,0,0,0,0,0,0,0,0,0,0,0,0,0,0,0,0,0,0,0,0,0,0,0,0,0,0,0,0,0,0,0,0,0,0,0,0,0,0,0,0,0,0,0,0,0,0,0,0,0,0,0,0
cpu System,99.58333333333435,99.44444444445,99.19444444444707,99.00000000000091,98.7500000000005,98.44444444444333,97.94444444444505,97.80555555555313,97.52777777777939,97.277777777779,97.19444444443879,97.05555555555192,97.23976874999866,97.51024642856913,97.00099966677794,97.08333333333283,97.02777777778111,97.02777777777605,97.00000000000273,97.16004062500583,97.05653670998697,97.52119062931827,97.25410846031475,97.24531453759373,96.94444444444596,96.83333333333243,97.07398124999875,96.77885149394181,96.96778739944291,96.66555518506219,96.69444444444302,96.61111111111293,97.02770312499692,96.74999999999727,96.80555555555657,97.45714285714452,96.80449038568513,96.83333333333495,96.86111111111082,96.86111111110827,97.18950491070974,96.91735169962321,97.16008029242752,97.44814910025738,97.15731600649802,97.15731600649802,97.11207375319096,97.15731600649802,97.13984227480053,97.21805451363022,97.16603689708703,97.60231742175303,97.28245097119546,97.27383836646867,97.42637499999844,97.41737499999843,97.51187414051788,97.50344496187054,97.2228393690291,97.277777777779,97.24999999999966,97.1117529437929,96.90508940852888,96.97121262643316,96.99641316579353,96.74927761724554,96.94273925623769,96.66592576127826,96.55555555555615,96.96684639909998,96.66592576127826,96.80555555555657,96.69444444444302,96.74999999999727,96.66666666666717,96.69444444444808,96.7499999999998,96.80555555555657,96.80555555555657,96.80555555555657,96.83333333333243,96.86111111111082,96.91666666666505,97.2960999999999,97.11207375319096,97.05555555555698,97.16666666666292,97.24999999999808,97.2500000000006,97.1388888888896,97.16666666666546,97.25000000000314,97.7714285714319,97.13793486718119,97.11111111111121,97.30306026786025,97.5421845238111,97.02876818838246,97.05555555555698,97.1388888888896,97.05555555555192,97.42553124999844,97.19444444444636,97.24999999999808,97.91762056187211,97.61277959703793,97.24908302767649,97.24999999999808,97.1388888888896,97.16666666666798,97.08333333333283,97.08333333332777,97.35243124999856,97.53886428571262,97.05555555555192,97.11111111110868,97.22222222222221,97.277777777779,97.53296458333426,97.82942142857208,97.36228342958736
cpu User,0.9444444444448488,1.388888888883836,2.2222222222151484,3.0277777777832346,4.0555555555581835,4.972222222224648,6.0555555555563645,6.833333333320804,7.833333333332525,8.694444444442222,9.138888888896368,9.250000000009903,8.506018750006353,7.469260714292586,9.441297345333375,9.472222222226872,9.777777777778992,9.972222222222626,10.250000000001414,9.609963541662491,10.579806731083172,8.93524308036358,10.077705032237642,10.109979635213739,11.249999999992927,11.166666666667881,10.183692708331245,11.162945684778006,10.35529208870222,11.392686451040248,11.250000000003032,11.583333333343642,10.219039732149653,11.138888888884443,11.194444444451317,8.857142857143895,10.94809380904382,10.833333333332323,10.72222222222384,10.694444444445455,9.283150446424647,10.247722728284018,9.437712967604375,8.388843187662374,10.089966262650142,10.089966262650142,10.163278907035636,10.058727977012257,10.302121515048112,10.34633658413876,10.307846188039361,8.479609118197768,9.439907152685379,9.469824621736281,9.350837499990845,9.383537499990812,8.980132412383215,9.010554965202314,10.0255498778116,9.944444444444242,9.93750000000091,10.358809153520227,10.785294485439998,10.33677892631706,9.897533758431909,10.807957323848127,9.70963365841028,10.780173371853136,10.916666666662424,9.54881689172191,10.641253611913557,10.388888888888284,10.777777777780608,10.722222222233944,10.72222222222384,10.833333333332321,10.805555555558993,10.94444444444586,11.083333333327674,11.055555555554344,10.833333333332323,10.861111111105656,10.66666666666202,9.604478124999591,10.246584471839082,10.166666666666263,9.888888888882422,9.61111111111374,9.527777777773533,9.69444444444889,9.583333333330303,9.444444444443434,7.657142857143687,9.725464043575133,9.888888888882422,9.056039732144303,8.154164285713444,10.191047428635102,10.16666666666121,10.277777777784852,10.3611111111099,9.29669270832813,10.166666666666263,10.000000000006064,7.787528583682662,8.818673018010228,9.975547404690857,10.027777777779395,9.972222222217574,10.138888888892932,10.416666666661616,10.305555555558184,9.294656250003074,8.385032142863182,10.194444444449699,10.111111111114548,10.000000000006064,9.944444444449296,9.007547916670214,7.919678571441377,9.884495779652074
cpu Iowait,0.05555555555487343,0.08333333333325754,0.1666666666658835,0.22222222222202012,0.30555555555464603,0.3888888888880615,0.4166666666664456,0.47222222222258226,0.4999999999997032,0.5277777777780873,0.5277777777768241,0.5000000000009663,0.4224843750004163,0.3434142857154375,0.36099078085113057,0.3888888888891668,0.3611111111114143,0.3611111111114143,0.3888888888891668,0.3729239583342987,0.41652782405763683,0.34588037730489984,0.36800608263779744,0.3691846496004073,0.4166666666662877,0.3888888888879036,0.3729239583329942,0.4442963456623107,0.4004809095075305,0.4168056018676997,0.4444444444441981,0.44444444444546133,0.339691071429067,0.38888888888932466,0.44444444444546133,0.3142857142860781,0.38901856174244936,0.38888888888979845,0.4166666666662877,0.4166666666662877,0.39744374999899307,0.444345700954939,0.40160480713118507,0.35197943444631363,0.46857428464283263,0.46857428464283263,0.4442963456621528,0.43733599900068737,0.3887593024545415,0.40635158789749304,0.41675927983974337,0.32164034586371587,0.34326935100712835,0.34435725897261693,0.3431500000005006,0.3443500000005024,0.42898721715240407,0.430440523815738,0.4443457009550969,0.4166666666677088,0.40624999999980815,0.4165740946462026,0.43766412404647487,0.4168056018665941,0.3432670667667047,0.33340742387198424,0.3113876683455355,0.3611913758617637,0.3888888888880615,0.365101822329612,0.4167592798402171,0.4166666666662877,0.4166666666675509,0.4166666666675509,0.5000000000008085,0.4722222222224244,0.44444444444467185,0.44444444444467185,0.5000000000001769,0.4722222222217927,0.4722222222224244,0.47222222222116117,0.44444444444404024,0.36615312499966696,0.44429634566278425,0.44444444444340864,0.44444444444467185,0.38888888888853523,0.38888888888853523,0.38888888888853523,0.38888888888979845,0.38888888888853523,0.2857142857140259,0.4168056018675418,0.44444444444530345,0.39744375000028404,0.34698571428671365,0.444296345662942,0.4166666666664456,0.4999999999990716,0.5277777777774557,0.4576833333324292,0.47222222222195065,0.47222222222131904,0.3993604401876405,0.4212741887579013,0.47237968211583137,0.5000000000008085,0.4444444444453034,0.44444444444482983,0.44444444444482983,0.44444444444482983,0.39431875000108224,0.3434142857154375,0.4999999999997032,0.4999999999997032,0.47222222222195065,0.47222222222195065,0.43029687500026087,0.38131785714317723,0.4442470013317057
cpu Total,96.08333333356616,95.33333333351443,93.88888888901825,92.61111111134394,91.02777777782953,89.4444444443151,87.58333333341095,86.38888888850084,84.94444444400466,83.49999999950847,82.77777777726037,82.24999999963782,73.79393749986885,65.67798214272389,82.19482394718511,82.41666666645972,81.86111111168024,81.61111111144743,81.27777777780365,74.32661354209414,81.36176829958505,64.88139410940704,72.7802798816359,73.01336416324118,80.13888888914758,80.27777777687233,73.72419791586518,80.38987004383611,73.28800644023468,80.22118483905449,80.47222222214462,80.27777777816584,73.17511830317598,80.86111111139569,80.86111111139569,64.74285714195243,80.99922196197076,81.13888888878542,81.25000000064675,81.3888888883715,74.29359240984179,81.78738058261014,75.12878499109188,67.40406169796931,82.25040609867342,82.25040609867342,82.25036099044465,82.25040609721876,82.0282128193461,81.8954738675938,81.99044231924775,67.04739209642221,74.975747415591,75.21336464705244,75.26423333351974,75.5274333335204,75.70194425270257,75.95840443522286,82.50944234604182,82.33333333369552,82.43749999965075,81.84292379463469,83.43753907770713,81.249305323971,73.45915228855155,80.26783729818631,72.52501875434595,80.18448544149379,80.13888888979434,72.29016082142921,80.57346076905979,78.7499999989652,80.5833333333592,80.75000000018107,80.77777777733799,80.77777777798474,80.6666666661234,80.41666666589056,80.1944444447549,80.1111111106972,80.36111111157678,80.30555555596949,80.63888888831976,72.6954781245016,81.27846273534225,81.4444444452723,81.9166666666408,82.3888888880093,82.58333333392834,82.38888888930282,82.69444444449618,82.86111111067132,66.0571428561317,82.58308324989459,82.36111111085242,74.77620267880938,66.47667976255107,82.00044429642325,82.02777777850214,82.08333333216919,81.97222222289484,75.06006666664003,82.08333333216919,82.47222222206702,66.12267859676373,74.34085184280012,82.49972213009045,82.41666666516619,82.19444444532404,81.94444444444446,81.66666666640796,81.75000000111241,73.54044687528855,65.19147857150853,81.80555555542621,81.47222222113568,81.75000000111243,82.02777777785539,75.47407187516029,67.69858571450426,82.07463349573258
network receive eth0,720699.5555555556,797016.8888888889,1291306.6666666667,1721496.8888888888,2311565.3333333335,2859476.4444444445,3491158.2222222225,4016192.888888889,4590792,5069065.777777778,5460577.777777778,5461204.444444445,5020686.2422,4410094.2051428575,5308537.154281906,5148917.333333334,5101474.666666667,4999393.777777778,4994164.444444445,4592492.682766667,4983535.266022437,4032803.7885284163,4527109.825098698,4541608.232401436,4999144,4990695.111111111,4581775.421933332,4991093.635454848,4561046.4129882045,4983251.305990886,4974488.888888889,4981999.111111111,4507523.8785,4979403.555555556,4985017.777777778,3987258.5142857144,4985211.95954207,4987268.444444445,4983652.444444445,4979103.111111111,4512954.249728572,5002074.20573206,4592348.674664667,4107608.4475064264,4992094.964388354,4992094.964388354,4989814.950572032,4995972.510308634,5003021.215150505,4968633.158289572,4962907.312736163,4077116.766877233,4555300.541744822,4569737.448884998,4568687.204133334,4584663.962533333,4560132.745568195,4575581.3907488445,4996355.476560764,4995328,4981257,5001107.30948678,5104661.247967988,4943508.280537957,4563741.144936234,4978927.761724828,4503305.217933054,4975580.351189153,4976789.333333334,4455709.829419855,4958776.617026006,4867728.888888889,5019325.333333334,4980635.555555556,4982264,4986782.222222222,4988272.888888889,4989637.333333334,4991594.666666667,4992130.666666667,4979190.222222222,4985105.777777778,4990344.888888889,4504596.4544,4994005.55370432,4984636.444444445,4974784.888888889,4987013.333333334,4990487.111111111,4994360,4982831.111111111,4991989.333333334,3989973.0285714283,4976269.423141047,4986088,4545901.655271428,4037866.280076191,4975401.977118738,4976257.777777778,4973007.111111111,4958416.888888889,4556867.355599999,4979098.666666667,4978064,3969315.9845321462,4473654.1806677515,4980674.447037902,4981181.333333334,4972081.777777778,4978763.555555556,4974572.444444445,4960448.888888889,4465526.902,3980980.1976000005,4964091.555555556,4979088,4971948.444444445,4972272,4559197.1137999995,4072679.335314286,4988015.992892048
network receive lo,1501527.1111111112,1501526.2222222222,1503173.3333333335,1504090.6666666667,1505954.6666666667,1506656,1508745.7777777778,1509727.1111111112,1513362.6666666667,1517173.3333333335,1519271.1111111112,1521355.5555555555,1372497.8374,1220784.6709714285,1532255.470398756,1363744,1534536,1534465.7777777778,1542412.4444444445,1418412.7184,1550992.3358880372,1257514.0595493305,1416679.8391682594,1421216.8621518784,1734886.2222222225,1573680.888888889,1449180.2071666666,1572950.3498833722,1440847.9277645785,1578104.701567189,1575856.888888889,1566418.6666666667,1417630.4837857143,1562104,1558842.6666666667,1244674.7428571428,1549832.1662776482,1551995.5555555555,1548143.1111111112,1552042.6666666667,1413669.7183714285,1556860.2532770494,1431526.0722319419,1279861.987866324,1601044.608271898,1601044.608271898,1626493.3910918583,1633395.4766962389,1640709.9855603687,1661494.3735933984,1652300.5112247167,1339176.5977876233,1486484.4437497396,1491195.4913926055,1451400.9659999998,1456476.534,1430868.9025461515,1435716.346076593,1572181.2930459897,1580000,1585000,1610976.227504999,1641535.5758409405,1645151.0503501168,1516885.2681170292,1648701.4892198266,1503014.6031936556,1659502.1115803511,1666284.4444444445,1503459.1974993749,1681062.4583240722,1676383.1111111112,1686852.4444444445,1712792,1733139.5555555555,1736795.5555555555,1745767.1111111112,1742609.777777778,1728577.777777778,1715720.8888888888,1708922.6666666667,1690352,1666469.3333333335,1491310.8085999999,1631957.3475508164,1620395.5555555555,1610676.4444444445,1610191.1111111112,1612173.3333333335,1604644.4444444445,1596471.1111111112,1590928.888888889,1272970.057142857,1583632.7664777148,1572935.1111111112,1426476.9457714285,1265649.361409524,1550949.6834388538,1549753.7777777778,1556229.3333333335,1560953.7777777778,1436404.3577333333,1565281.7777777778,1568628.4444444445,1255078.0425896812,1411169.2239714896,1567157.0523507835,1563465.7777777778,1558419.5555555555,1550704,1540688.888888889,1538745.7777777778,1383484.6844000001,1228554.0757714286,1533973.3333333335,1533027.5555555555,1537049.7777777778,1545119.1111111112,1421618.258,1274757.0946285713,1564621.945801866
network transmit eth0,700802.6666666667,767381.3333333334,1264390.2222222222,1697160,2288606.2222222225,2838234.666666667,3472219.555555556,3998627.555555556,4605563.555555556,5124565.333333334,5613287.111111111,5654911.111111111,5216832.556,4609997.034514287,5680751.749416861,5566940.444444445,5588767.111111111,5558813.333333334,5615826.666666667,5146642.5384,5678003.332222592,4641954.473822114,5217590.692574,5234300.416420443,5802833.777777778,5814625.777777778,5326932.1097,5792646.895479284,5277944.771789422,5743895.965321774,5734928.888888889,5715880.888888889,5156726.054885714,5661713.777777778,5615680,4449879.771428571,5633243.970212293,5630295.111111111,5656160.888888889,5642095.111111111,5125192.045757143,5650466.118640302,5215352.015779388,4705032.058406169,5782447.582156691,5782447.582156691,5804479.395756969,5807030.363613645,5877136.065755859,5955476.8692173045,5890695.7101578135,4756904.924419037,5312036.452961528,5328871.648859989,5300806.422266667,5319343.411066666,5265654.961003458,5283493.74765179,5786347.922683848,5847067.555555556,5879524,5937950.677627193,6140939.852444667,5924454.818272757,5448360.514328582,5904067.570571238,5284341.58196692,5849921.315847966,5875111.111111111,5209838.989684922,5767959.102022672,5567105.777777778,5759440,5723850.666666667,5746232,5749587.555555556,5758480.888888889,5696889.777777778,5694027.555555556,5750227.555555556,5742248,5698556.444444445,5723729.777777778,5160343.5785,5716339.886704432,5698952.888888889,5722518.222222222,5748397.333333334,5695808.888888889,5717897.777777778,5738344.888888889,5728183.111111111,4594890.971428571,5739124.597087918,5719597.333333334,5186382.031285714,4602759.948228572,5775210.929690103,5805231.111111111,5826798.222222222,5844010.666666667,5363463.747366666,5828930.666666667,5858916.444444445,4632757.281193981,5197347.067062649,5764265.421807269,5725349.333333334,5642564.444444445,5566466.666666667,5550814.222222222,5526336.888888889,4928985.2763,4363980.534857144,5521646.222222222,5528159.111111111,5549699.555555556,5593568,5181217.7529,4644608.250971428,5718568.636161706
network transmit lo,1501527.1111111112,1501526.2222222222,1503173.3333333335,1504090.6666666667,1505954.6666666667,1506656,1508745.7777777778,1509727.1111111112,1513362.6666666667,1517173.3333333335,1519271.1111111112,1521355.5555555555,1372497.8374,1220784.6709714285,1532255.470398756,1363744,1534536,1534465.7777777778,1542412.4444444445,1418412.7184,1550992.3358880372,1257514.0595493305,1416679.8391682594,1421216.8621518784,1734886.2222222225,1573680.888888889,1449180.2071666666,1572950.3498833722,1440847.9277645785,1578104.701567189,1575856.888888889,1566418.6666666667,1417630.4837857143,1562104,1558842.6666666667,1244674.7428571428,1549832.1662776482,1551995.5555555555,1548143.1111111112,1552042.6666666667,1413669.7183714285,1556860.2532770494,1431526.0722319419,1279861.987866324,1601044.608271898,1601044.608271898,1626493.3910918583,1633395.4766962389,1640709.9855603687,1661494.3735933984,1652300.5112247167,1339176.5977876233,1486484.4437497396,1491195.4913926055,1451400.9659999998,1456476.534,1430868.9025461515,1435716.346076593,1572181.2930459897,1580000,1585000,1610976.227504999,1641535.5758409405,1645151.0503501168,1516885.2681170292,1648701.4892198266,1503014.6031936556,1659502.1115803511,1666284.4444444445,1503459.1974993749,1681062.4583240722,1676383.1111111112,1686852.4444444445,1712792,1733139.5555555555,1736795.5555555555,1745767.1111111112,1742609.777777778,1728577.777777778,1715720.8888888888,1708922.6666666667,1690352,1666469.3333333335,1491310.8085999999,1631957.3475508164,1620395.5555555555,1610676.4444444445,1610191.1111111112,1612173.3333333335,1604644.4444444445,1596471.1111111112,1590928.888888889,1272970.057142857,1583632.7664777148,1572935.1111111112,1426476.9457714285,1265649.361409524,1550949.6834388538,1549753.7777777778,1556229.3333333335,1560953.7777777778,1436404.3577333333,1565281.7777777778,1568628.4444444445,1255078.0425896812,1411169.2239714896,1567157.0523507835,1563465.7777777778,1558419.5555555555,1550704,1540688.888888889,1538745.7777777778,1383484.6844000001,1228554.0757714286,1533973.3333333335,1533027.5555555555,1537049.7777777778,1545119.1111111112,1421618.258,1274757.0946285713,1564621.945801866
Reads completed vda,0.5555555555555556,0.6666666666666667,0.888888888888889,1.2222222222222223,1.5555555555555558,2.2222222222222223,2.3333333333333335,2.4444444444444446,2.2222222222222223,2.3333333333333335,2.666666666666667,2.666666666666667,2.3659125,2.0604857142857145,1.7771853826502277,2.3333333333333335,2.3333333333333335,2.2222222222222223,2.3333333333333335,1.9506791666666665,5.109407975119405,5.1882056595683865,5.888097322210114,5.90695439361189,5.777777777777778,6,6.081529166666666,6.331222925691436,3.432693510066275,3.4455929754362566,3.444444444444444,2.666666666666667,2.1513767857142856,2.888888888888889,3.3333333333333335,2.742857142857143,3.334444814938313,3.555555555555556,3.444444444444444,3.2222222222222223,3.2931053571428572,3.2215063319262383,2.5243730733983165,1.7598971722365035,2.2491565662876423,2.2491565662876423,1.9993335554815062,2.2491565662876423,2.6657780739753414,2.750687671917979,2.444987775061125,2.1052822638273545,2.1740392230419743,2.180929306823392,1.8301333333333332,1.8365333333333331,3.3175011459765806,3.3287400508396887,3.3325927571650746,3.7777777777777777,3.625,3.665852032881582,4.376641240465174,4.001333777925976,2.8605588897224306,3.4452100466770395,3.7366520201478943,4.223160702378307,4,4.60589991247812,5.001111358079573,4.666666666666667,5.111111111111112,5.222222222222222,4.555555555555555,4.888888888888889,4.888888888888889,5.666666666666667,5,4.666666666666667,5.888888888888889,5.555555555555555,5.888888888888889,5.9711125,6.109074752860158,5.555555555555555,4.888888888888889,4.666666666666667,4.777777777777778,3.7777777777777777,3.555555555555556,2.4444444444444446,1.6,1.5560742469712125,2.2222222222222223,1.9304410714285711,1.7349285714285714,1.8882594690658667,1.5555555555555558,1.777777777777778,1.777777777777778,2.1739958333333336,3,2.666666666666667,3.0807805385981744,3.707212861072903,4.112481938423919,4.333333333333334,4.444444444444445,4.666666666666667,4.666666666666667,4.222222222222222,3.9431874999999996,3.2052,3.7777777777777777,6.111111111111112,6.222222222222223,6,5.622545833333333,5.397114285714286,5.775211017325633
Writes completed vda,8.666666666666668,8.88888888888889,43.77777777777778,75,107.88888888888889,143,179,185.66666666666669,208,229.33333333333334,246.22222222222223,232.22222222222223,203.46847499999998,172.50844285714285,198.04509607908474,197.66666666666669,205.44444444444443,195.66666666666669,199.55555555555557,188.0684208333333,208.26391202932354,168.44374374732027,190.91023240858178,191.5216366851855,199.77777777777777,200.33333333333334,193.5762208333333,200.82194823947572,175.29621524738445,186.06202067355784,192,190.22222222222223,165.08986071428572,191.44444444444446,187,152.22857142857143,193.0643547849283,196.44444444444446,203.44444444444446,213,193.95255,209.1757387247278,185.6561651253853,172.46992287917735,199.17530925902787,199.17530925902787,194.04642896812172,192.677745845308,179.495723647673,192.79819954988747,201.04467659479886,165.03073745891098,184.22121837355678,184.8050623150348,188.16058333333334,188.81858333333332,188.75437554694335,189.3938304788099,191.62408353699178,186.88888888888889,193.875,188.4025772050655,193.57258972114545,185.72857619206403,172.09122280570142,181.48477439430985,169.28165970063944,183.81862636141366,172.44444444444446,159.8584286696674,180.37341631473663,172,178.88888888888889,177.77777777777777,195.44444444444446,187.66666666666669,185.22222222222223,199.33333333333334,202.66666666666669,197.77777777777777,207.11111111111114,202.77777777777777,200.33333333333334,170.6836875,199.15583694324113,207.44444444444443,196.33333333333334,190.11111111111111,195.44444444444446,191.22222222222223,193.44444444444446,187.66666666666669,144.1142857142857,176.0586862287429,175,161.92993928571428,143.0737761904762,184.0497611907142,181.33333333333334,184,194,185.8194333333333,200.55555555555557,200.55555555555557,159.85827905837195,176.59813992747283,197.1768367233522,200,200.55555555555557,194.55555555555557,197.88888888888889,201.11111111111114,181.1613,158.88634285714286,199.44444444444446,204.77777777777777,197.55555555555557,197.11111111111111,182.33112916666664,159.3322,187.47223456241673
Read time vda,0.0004000000000814907,0.0004999999994955335,0.0005000000001018634,0.0004545454543073323,0.00042857142865874,0.0003999999997176928,0.00038095238102999114,0.0004090909090088892,0.0003999999997176928,0.000428571428485503,0.0003749999999248151,0.0003749999999248151,0.00038095238102999114,0.00038888888876600604,0.0004375000003165041,0.000428571428485503,0.00038095238102999114,0.00045000000027357596,0.000428571428485503,0.0004705882353899891,0.0005869565217796227,0.0005777777777337986,0.0005576923075960412,0.0005576923075960412,0.0005576923077359635,0.0005740740741236584,0.0005660377358270915,0.0005614035087586544,0.00046666666651920725,0.00045161290308310374,0.0004516129033178122,0.0004583333335782906,0.00047368421043134535,0.000538461538291393,0.0004999999999805975,0.0005000000001018634,0.0004666666667617392,0.0004375000000891305,0.0004516129033178122,0.0004827586205371109,0.00048275862053711097,0.00048275862078800603,0.0004090909093396146,0.00040000000008149077,0.0004444444445349897,0.0004444444445349897,0.0004999999998997535,0.0004999999998997534,0.00045833333327512565,0.00045454545430733236,0.00045454545430733236,0.00044444444413076987,0.00042105263128178194,0.00042105263128178194,0.0004374999998617568,0.00043749999986175686,0.0005862068965457026,0.0005862068965457026,0.0005666666666608458,0.0005588235294186127,0.0005862068965457026,0.0005757575757646312,0.0005714285715449868,0.000555555555668737,0.00044000000023515886,0.0004516129033178121,0.0004848484849472614,0.0004473684210480362,0.0004444444445349897,0.00048780487814815943,0.0004888888889884888,0.0004761904761142519,0.0004782608695044789,0.0004680851063235326,0.0004634146341520203,0.000454545454472695,0.0004772727272872792,0.0004901960784599057,0.0004444444443733018,0.00045238095238649595,0.0004528301887714989,0.00046000000002095477,0.0004716981132350036,0.0004716981132350036,0.00045454545457191255,0.00046000000002095477,0.000454545454472695,0.000476190476287489,0.00046511627899531585,0.0004411764705711155,0.0004375000000891305,0.0004090909090088892,0.00042857142865874,0.0004285714286587401,0.00045000000027357596,0.00041176470618023924,0.00040000000008149077,0.00035294117654249184,0.0004285714281390288,0.00043749999986175675,0.00043749999986175675,0.000421052631664727,0.0004444444445349897,0.00041666666644838796,0.0004444444445349897,0.0004848484849472615,0.0004864864863889493,0.00046153846163248923,0.0004499999999097781,0.000476190476287489,0.0004761904761142519,0.0004473684210480362,0.0004571428572359894,0.0004642857142503739,0.0004117647057522417,0.0006545454545465129,0.0006428571428581822,0.0006666666666677447,0.0006734693876695724,0.0006956521738965934,0.0006923076923088117
Write time vda,0.0009743589743709143,0.0009500000000116415,0.0011522842639725393,0.001091851851853318,0.0010916580844466239,0.0011064491064483827,0.0010744878957168013,0.0010305206463205095,0.0009962606837595955,0.0009728682170550533,0.000954422382670561,0.0008976076555007492,0.0008809523809525743,0.0008407431984073162,0.0007565900168266848,0.0007211916807171495,0.0007463493780407684,0.0007734241908012433,0.0007672605790629026,0.0007742525930446815,0.0007615999999999381,0.000766598220393801,0.0007698695136389245,0.0007698695136389246,0.0007569521690792124,0.0007432057681662693,0.0007196206283342868,0.0006985619469021076,0.0007016971279354371,0.000693548387096809,0.000673032407407677,0.000659462616822906,0.0006563786008195319,0.0006744051073689054,0.0006660724896014172,0.0006839339339339775,0.0006960276338529425,0.0006923076923088116,0.0007061714909873546,0.0007276995305185574,0.0007324355971919447,0.0007249070631998081,0.0007169344870231721,0.0007285714285738441,0.000743412797991011,0.000743412797991011,0.0007258156840318645,0.0007217898832716156,0.0007747524752432744,0.0008138780804133467,0.0007971254836901381,0.0007831325301227508,0.0007913043478246045,0.0007913043478246046,0.0008267477203650953,0.0008267477203650954,0.0007915151515176563,0.0007915151515176561,0.0007907246376819692,0.0007954815695620548,0.0008143133462276018,0.000817216981135542,0.0007990956072310811,0.0007965290245351956,0.0007726063829764787,0.0007703612982251255,0.0007444816053495354,0.0007370012091882239,0.000724226804121236,0.0006914968376646104,0.0006974738139234676,0.0006918604651185729,0.0006975155279500575,0.0007012500000018919,0.0007168845935182507,0.0006950858496146055,0.0006976604679066981,0.0007073578595319024,0.0007905701754400962,0.0007831460674158613,0.0007902360515011466,0.0007852054794505558,0.0007809206877443622,0.0007742574257442264,0.0007791411042969783,0.0007718264595602005,0.0007719298245621941,0.0006849795441254595,0.0006770892552580409,0.0006879721092394572,0.0006743251005164094,0.0006737714624032033,0.000663758921490511,0.0006508838383809353,0.0006577777777778147,0.00065988779803569,0.0006531932093753147,0.0006801448400726659,0.0006519607843127981,0.0006654589372018287,0.0006764032073292422,0.000698891625617018,0.0006914127423820457,0.0006886426592810038,0.0006766595289055547,0.0006793893129766549,0.0006826381059768708,0.0006916666666681219,0.0006869806094171539,0.0007909765848098442,0.0007810218978120492,0.0007872928176811658,0.0007997512437811306,0.0008234870317029302,0.000776601671309322,0.0007829625610414007,0.000780089988752781,0.0007897406989842283,0.000679043423535497,0.0006811487481558427,0.0006640995260658679
IO time vda,0.00455555555557415,0.004777777777841645,0.015555555555591936,0.025999999999940987,0.037222222222226264,0.04844444444451155,0.06011111111112971,0.06688888888887354,0.0785555555554917,0.08855555555550786,0.09633333333335435,0.09577777777778668,0.08607415000001394,0.0755511428571262,0.08685993557694582,0.08666666666663837,0.08655555555550462,0.08388888888890102,0.08277777777776565,0.07687970833323732,0.0836387870709432,0.07194311847942966,0.08028194233560271,0.08053905125144642,0.08833333333334142,0.0904444444444784,0.08353496666667418,0.09263578807072555,0.08295675982664327,0.0890296765588958,0.09099999999994503,0.09244444444438057,0.08084647499999341,0.0892222222222093,0.0888888888889091,0.06982857142855728,0.08858508391681347,0.09000000000004446,0.0907777777777786,0.0891111111111766,0.0799429714286433,0.08764718951341478,0.08032096142628921,0.07192113110532503,0.083718605522938,0.083718605522938,0.08574919471286621,0.08609271523182625,0.08730423192259787,0.09102275568893041,0.0933540786841682,0.07894808489354707,0.08638945333668041,0.08666324350799468,0.08475804999999834,0.08505444999999832,0.08270873546703242,0.08298893299172336,0.0865363252611032,0.08622222222220444,0.08724999999992633,0.08420351033101653,0.08690759034634352,0.08324997221293723,0.07895142535629329,0.08390753500769056,0.07846969242312966,0.08657479439870433,0.0828888888888994,0.07919901069016437,0.08868637474991936,0.0861111111110707,0.08944444444447679,0.08700000000003962,0.08988888888891072,0.09088888888881128,0.08955555555561054,0.09611111111118792,0.09911111111109171,0.09700000000005579,0.09911111111119278,0.0978888888888226,0.09755555555552241,0.08866538750002952,0.09696767744090881,0.0999999999999596,0.09266666666664808,0.0873333333333398,0.0917777777777802,0.08855555555550786,0.09100000000004609,0.08911111111107554,0.06971428571424829,0.08736245415139027,0.0856666666667378,0.07971586071431133,0.0721730285715102,0.08619349105851826,0.08777777777777374,0.08666666666663837,0.08722222222220606,0.08066668749999167,0.08833333333334142,0.08833333333324037,0.07314001204593572,0.07931188727024106,0.0890296765588958,0.08988888888891072,0.09066666666664484,0.09133333333334627,0.08988888888891072,0.08977777777777697,0.08134232500007459,0.06982757142863807,0.09099999999994503,0.0907777777777786,0.08833333333334142,0.08633333333333819,0.07894513333334502,0.0709837857142345,0.08818302976453454
mem_Used%,36.52100263109105,36.83801009682456,36.79069706183014,36.8275748878215,36.858070013160514,36.89525177727819,36.93152172701696,36.964245731948864,37.02792076940924,37.065811722488284,37.10810977839871,37.16940396720305,37.224670049835716,37.223555610039284,37.2044581644366,37.20856132914169,37.24817459826978,37.26018015425873,37.261091968637636,37.2852043933243,37.30045195599381,37.32816098184172,37.31043125780741,37.304403151635746,37.287230647499655,37.27456655890371,37.271273895868774,37.35531278779142,37.352678657363455,37.35612328946155,37.079286312754355,37.09032939801001,37.08941758363111,37.09053202342755,37.09965016721662,37.14726714033735,37.161552232273564,37.23074881236177,37.2365742931159,36.7967251680018,36.788873433072325,36.82286384686382,36.80786956596622,36.80214539792086,36.836591718901815,36.81334045223967,36.92280883406296,36.821546781649836,36.828182764074114,36.79915667301222,36.80498215376635,36.788772120363554,36.7627347542103,36.76764842058553,36.76759776423114,36.763849194006745,36.79165953256343,36.801689490731405,36.82407959936902,36.82559929000053,36.80082833270688,36.802094741566485,36.76481166474004,36.75235020156163,36.75569352095096,36.753920548547526,36.90285023043576,36.90183710334808,36.90092528896918,36.924936400947075,36.93010334909421,36.932382885041484,36.94631338249701,36.96794364581888,36.94763044771099,36.94889685657059,36.92412589927693,36.92584821532597,36.93283879223094,36.96201685235597,36.969108741969706,36.946262726142635,36.95482365003349,36.92377130479625,36.92620280980666,36.917641885915806,36.92711462418558,36.918857638421024,36.916730071536904,36.91181640516168,36.932028290560794,36.94155168518493,36.94423647196729,36.93299076129408,36.913488064856345,36.91480513007031,36.92807709491886,36.94925145105127
descriptor_used /dev/vda1,0.9953928956025299,0.995392870171044,0.995392870171044,0.995392870171044,0.995392870171044,0.995392870171044,0.995392870171044,0.995392870171044,0.995392870171044,0.995392870171044,0.995392870171044,0.995392870171044,0.995392870171044,0.995392870171044,0.995392870171044,0.995392870171044,0.995392870171044,0.995392870171044,0.995392870171044,0.995392870171044,0.995392870171044,0.995392870171044,0.995392870171044,0.995392870171044,0.995392870171044,0.995392870171044,0.995392870171044,0.995392870171044,0.995392870171044,0.995392870171044,0.995392870171044,0.995392870171044,0.995392870171044,0.995392870171044,0.995392870171044,0.995392870171044,0.995392870171044,0.995392870171044,0.995392870171044,0.995392870171044,0.995392870171044,0.995392870171044,0.995392870171044,0.995392870171044,0.995392870171044,0.995392870171044,0.995392870171044,0.9953928574553011,0.9953928574553011,0.9953928447395581,0.9953928447395581,0.995392870171044,0.995392870171044,0.995392870171044,0.995392870171044,0.995392870171044,0.995392870171044,0.995392870171044,0.995392870171044,0.995392870171044,0.995392870171044,0.995392870171044,0.995392870171044,0.995392870171044,0.995392870171044,0.995392870171044,0.995392870171044,0.995392870171044,0.995392870171044,0.995392870171044,0.995392870171044,0.995392870171044,0.995392870171044,0.995392870171044,0.995392870171044,0.995392870171044,0.995392870171044,0.995392870171044,0.995392870171044,0.995392870171044,0.995392870171044,0.995392870171044,0.995392870171044,0.995392870171044,0.995392870171044,0.995392870171044,0.995392870171044,0.995392870171044,0.995392870171044,0.995392870171044,0.995392870171044,0.995392870171044,0.995392870171044,0.995392870171044,0.995392870171044,0.995392870171044,0.995392870171044,0.995392870171044
thread_connect,2,9,10,9,5,10,8,13,18,32,13,17,20,15,98,92,51,21,18,11,18,47
threads_running,1,1,2,2,1,2,1,3,4,8,1,3,4,2,79,16,28,3,5,1,3,17
lock_wait,106061,106070,106086,106116,106126,106167,106193,106223,106309,106507,106801,106821,106842,107031,107587,107606,107988,108702,108728,108746,108779,108954
bytes_received,1416150498,1416253232,1416392091,1416564932,1416733487,1416920646,1417109628,1417288364,1417881711,1418953522,1420771556,1420895859,1421037930,1422114766,1425533112,1425647236,1427611620,1432057426,1432188791,1432329818,1432473545,1433525327
questions,7322070,7322838,7323870,7325215,7326535,7327984,7329507,7330892,7335466,7343954,7358453,7359476,7360544,7368895,7395978,7397055,7412502,7447439,7448486,7449581,7450728,7458928
queries,7527015,7527786,7528822,7530170,7531492,7532946,7534470,7535858,7540444,7548955,7563488,7564516,7565585,7573959,7601109,7602191,7617677,7652702,7653751,7654850,7656000,7664223
abort,3121,3121,3121,3121,3121,3121,3121,3121,3121,3121,3121,3121,3121,3121,3121,3121,3121,3121,3121,3121,3121,3121
mysql_global_status_threads_cached,10,3,2,3,7,2,5,2,2,2,5,6,3,10,1,6,11,4,7,7,3,2
select_full_range_join,0,0,0,0,0,0,0,0,0,0,0,0,0,0,0,0,0,0,0,0,0,0
select_full_join,0,0,0,0,0,0,0,0,0,0,0,0,0,0,0,0,0,0,0,0,0,0
Thread Cache Size,11,11,11,11,11,11,11,11,11,11,11,11,11,11,11,11,11,11,11,11,11,11
Threads Cached,10,3,2,3,7,2,5,2,2,2,5,6,3,10,1,6,11,4,7,7,3,2
Created Tmp Tables,9023272,9023412,9023549,9023680,9023810,9023948,9024080,9024215,9024744,9025686,9027290,9027422,9027557,9028498,9031557,9031692,9033436,9037448,9037582,9037719,9037852,9038793
Free Memory,1031832,1031832,1031832,1031832,1031832,1031832,1031832,1031832,1031832,1031832,1031832,1031832,1031832,1031832,1031832,1031832,1031832,1031832,1031832,1031832,1031832,1031832
open_files,55,55,55,55,55,55,55,55,57,60,64,64,65,68,70,70,70,71,71,71,71,71
innodb_num_open_files,28,28,28,28,28,28,28,28,28,28,28,28,28,28,28,29,27,28,28,28,28,28
Query Cache Size,1048576,1048576,1048576,1048576,1048576,1048576,1048576,1048576,1048576,1048576,1048576,1048576,1048576,1048576,1048576,1048576,1048576,1048576,1048576,1048576,1048576,1048576
table_open_cache,2000,2000,2000,2000,2000,2000,2000,2000,2000,2000,2000,2000,2000,2000,2000,2000,2000,2000,2000,2000,2000,2000
process state after create,0,0,0,0,0,0,0,0,0,0,0,0,0,0,0,0,0,0,0,0,0,0
process state altering table,0,0,0,0,0,0,0,0,0,0,0,0,0,0,0,0,0,0,0,0,0,0
process state analyzing,0,0,0,0,0,0,0,0,0,0,0,0,0,0,0,0,0,0,0,0,0,0
process state checking permissions,0,0,0,0,0,0,0,0,0,0,0,0,0,0,0,0,0,0,0,0,0,0
process state checking table,0,0,0,0,0,0,0,0,0,0,0,0,0,0,0,0,0,0,0,0,0,0
process state cleaning up,0,0,0,0,0,0,0,0,0,0,0,0,0,0,0,0,0,0,0,0,0,0
process state closing tables,0,0,0,0,0,0,0,0,0,0,0,0,0,0,0,0,0,0,0,0,0,0
process state converting heap to myisam,0,0,0,0,0,0,0,0,0,0,0,0,0,0,0,0,0,0,0,0,0,0
process state copying to tmp table,0,0,0,0,0,0,0,0,0,0,0,0,0,0,0,0,0,0,0,0,0,0
process state creating sort index,0,0,0,0,0,0,0,0,0,0,0,0,0,0,0,0,0,0,0,0,0,0
process state creating table,0,0,0,0,0,0,0,0,0,0,0,0,0,0,0,0,0,0,0,0,0,0
process state creating tmp table,0,0,0,0,0,0,0,0,0,0,0,0,0,0,0,0,0,0,0,0,0,0
process state deleting,0,0,0,0,0,0,0,0,0,0,0,0,0,0,0,0,0,0,0,0,0,0
process state end,0,0,0,0,0,0,0,0,0,0,0,0,0,0,0,0,0,0,0,0,0,0
process state executing,0,0,0,0,0,0,0,0,0,0,1,0,0,0,0,0,0,0,0,0,0,0
process state execution of init_command,0,0,0,0,0,0,0,0,0,0,0,0,0,0,0,0,0,0,0,0,0,0
process state flushing tables,0,0,0,0,0,0,0,0,0,0,0,0,0,0,0,0,0,0,0,0,0,0
process state freeing items,0,0,0,0,0,0,0,0,0,0,0,0,0,0,0,0,0,0,0,0,0,0
process state fulltext initialization,0,0,0,0,0,0,0,0,0,0,0,0,0,0,0,0,0,0,0,0,0,0
process state idle,1,8,9,6,4,8,6,10,14,22,10,15,14,12,19,75,22,18,13,8,16,30
process state init,0,0,0,0,0,0,0,0,0,0,0,0,0,0,0,0,0,0,0,0,0,0
process state killed,0,0,0,0,0,0,0,0,0,0,0,0,0,0,0,0,0,0,0,0,0,0
process state logging slow query,0,0,0,0,0,0,0,0,0,0,0,0,0,0,0,0,0,0,0,0,0,0
process state login,0,0,0,0,0,0,0,0,0,0,0,0,0,0,0,0,0,0,0,0,0,0
process state manage keys,0,0,0,0,0,0,0,0,0,0,0,0,0,0,0,0,0,0,0,0,0,0
process state opening tables,0,0,0,0,0,0,0,0,0,0,0,0,0,0,0,0,0,0,0,0,0,0
process state optimizing,0,0,0,0,0,0,0,0,0,0,0,0,0,0,0,0,0,0,0,0,0,0
process state other,0,0,0,1,0,0,0,0,0,1,0,0,1,0,0,2,1,0,0,1,0,0
process state preparing,0,0,0,0,0,0,0,0,0,0,0,0,0,0,0,0,0,0,0,0,0,0
process state reading from net,0,0,0,0,0,0,0,0,0,0,0,0,0,0,0,0,0,0,0,0,0,0
process state removing duplicates,0,0,0,0,0,0,0,0,0,0,0,0,0,0,0,0,0,0,0,0,0,0
process state removing tmp table,0,0,0,0,0,0,0,0,0,0,0,0,0,0,0,0,0,0,0,0,0,0
process state reopen tables,0,0,0,0,0,0,0,0,0,0,0,0,0,0,0,0,0,0,0,0,0,0
process state repair by sorting,0,0,0,0,0,0,0,0,0,0,0,0,0,0,0,0,0,0,0,0,0,0
process state repair done,0,0,0,0,0,0,0,0,0,0,0,0,0,0,0,0,0,0,0,0,0,0
process state repair with keycache,0,0,0,0,0,0,0,0,0,0,0,0,0,0,0,0,0,0,0,0,0,0
process state replication master,0,0,0,0,0,0,0,0,0,0,0,0,0,0,0,0,0,0,0,0,0,0
process state rolling back,0,0,0,0,0,0,0,0,0,0,0,0,0,0,0,0,0,0,0,0,0,0
process state searching rows for update,0,0,0,0,0,0,0,0,0,0,0,0,0,0,0,0,0,0,0,0,0,0
process state sending data,0,0,0,0,0,0,0,0,0,0,0,0,0,0,0,0,0,0,0,0,0,0
process state sorting for group,0,0,0,0,0,0,0,0,0,0,0,0,0,0,0,0,0,0,0,0,0,0
process state sorting for order,0,0,0,0,0,0,0,0,0,0,0,0,0,0,0,0,0,0,0,0,0,0
process state sorting index,0,0,0,0,0,0,0,0,0,0,0,0,0,0,0,0,0,0,0,0,0,0
process state sorting result,0,0,0,0,0,0,0,0,0,0,0,0,0,0,0,0,0,0,0,0,0,0
process state statistics,0,0,0,0,0,0,0,0,0,0,0,0,0,0,0,0,0,0,0,0,0,0
process state updating,0,0,0,1,0,1,0,2,3,7,0,1,3,2,30,2,27,2,4,0,1,15
process state waiting for lock,0,0,0,0,0,0,1,0,0,0,0,0,0,0,48,12,0,0,0,0,0,0
process state waiting for table flush,0,0,0,0,0,0,0,0,0,0,0,0,0,0,0,0,0,0,0,0,0,0
process state waiting for tables,0,0,0,0,0,0,0,0,0,0,0,0,0,0,0,0,0,0,0,0,0,0
process state waiting on cond,0,0,0,0,0,0,0,0,0,0,0,0,0,0,0,0,0,0,0,0,0,0
process state writing to net,0,0,0,0,0,0,0,0,0,0,0,0,0,0,0,0,0,0,0,0,0,0
qcache_queries_in_cache,0,0,0,0,0,0,0,0,0,0,0,0,0,0,0,0,0,0,0,0,0,0
disk_io_now vda,0,0,0,0,0,0,0,0,0,0,0,0,0,0,0,0,0,0,0,0,0,0,0,0,0,0,0,0,0,0,0,0,0,0,0,0,0,0,0,0,0,0,0,0,0,0,0,0,0,0,0,0,0,0,0,0,0,0,0,0,0,0,0,0,0,0,0,0,0,0,0,0,0,0,0,0,0,0,0,0,0,0,0,0,0,0,0,0,0,0,0,0,0,0,0,0,0
mem_buffer,0,0,0,0,0,0,0,0,0,0,0,0,0,0,0,0,0,0,0,0,0,0,0,0,0,0,0,0,0,0,0,0,0,0,0,0,0,0,0,0,0,0,0,0,0,0,0,0,0,0,0,0,0,0,0,0,0,0,0,0,0,0,0,0,0,0,0,0,0,0,0,0,0,0,0,0,0,0,0,0,0,0,0,0,0,0,0,0,0,0,0,0,0,0,0,0,0
mem_cached,4081319936,4081799168,4082192384,4082761728,4083380224,4083949568,4084527104,4084998144,4085473280,4085895168,4086341632,4087549952,4088209408,4088512512,4088983552,4089331712,4090720256,4091174912,4091715584,4092600320,4092952576,4093915136,4094619648,4094996480,4095488000,4095918080,4096237568,4097187840,4097798144,4098715648,4099153920,4099579904,4099895296,4100788224,4106391552,4107202560,4108083200,4108492800,4075343872,4075814912,4076236800,4076974080,4078284800,4079095808,4079542272,4080414720,4081000448,4081188864,4081958912,4082442240,4082761728,4083200000,4083585024,4084228096,4084817920,4085211136,4085616640,4086280192,4086648832,4087050240,4087525376,4088066048,4088500224,4089016320,4089667584,4090085376,4090888192,4091707392,4092121088,4092579840,4093046784,4093419520,4093980672,4094394368,4094734336,4095569920,4096008192,4097327104,4097769472,4098056192,4098650112,4099022848,4099563520,4100050944,4100640768,4101042176,4101574656,4101996544,4102459392,4102914048,4103335936,4103831552,4105330688,4106215424,4106776576,4107194368,4108546048
Read bytes vda,822817756160,822817788928,822817887232,822817936384,822818083840,822818165760,822818182144,822818214912,822818264064,822818329600,822818362368,822818444288,822818608128,822818624512,822818640896,822818673664,822819312640,822819361792,822819509248,822819640320,822819738624,822819836928,822819951616,822819968000,822820017152,822820017152,822820049920,822820475904,822820606976,822820754432,822820840448,822820840448,822820856832,822820889600,822821037056,822821135360,822821250048,822821250048,822821250048,822821381120,822821397504,822821446656,822821889024,822821905408,822822036480,822822167552,822822245376,822822261760,822822425600,822822573056,822822622208,822822704128,822822736896,822823015424,822823228416,822823261184,822823343104,822823588864,822823588864,822823687168,822823769088,822823916544,822823982080,822823998464,822824309760,822824342528,822824727552,822824858624,822824858624,822824973312,822825022464,822825055232,822825137152,822825137152,822825186304,822825186304,822825300992,822825366528,822825382912,822825464832,822825530368,822825579520,822825759744,822825808896,822826021888,822826120192,822826202112,822826251264,822826300416,822826382336,822826406912,822826472448,822826701824,822827312128,822827426816,822827443200,822827656192
