Avg Threads Running,2,2,2.3,3.5,4.1000000000000005,4.6,5.1000000000000005,5.8,6.8,7.333333333333333,8,9.249999999999998,9.625,9,9.166666666666668,9.6,10.25,10.666666666666666,10,10,10,8,31,31,31,31,31,24.5,24.5,24,21,21,17.666666666666668,17.666666666666668,17.666666666666668,17.666666666666668,18.25,16,13.8,10.2,9.75,9.75,9.75,9.75,9.75,9.75,6.333333333333333,5,5,43,43,43,43,43,43,43,43,43,43,57,57,57,57,57,57,57,57,57,57,30,21,16.666666666666664,16.75,16.75,16.75,16.75,16.75,16.75,16.75,12.333333333333334,12.5,17
Peak Threads Connected,2,2,5,14,14,14,14,14,14,14,14,14,14,12,12,12,12,12,12,12,12,8,31,31,31,31,31,31,31,31,31,31,23,23,23,23,23,23,23,20,20,20,20,20,20,20,9,5,5,43,43,43,43,43,43,43,43,43,43,57,57,57,57,57,57,57,57,57,57,30,30,30,30,30,30,30,30,30,30,17,17,17
Peak Threads Running,1,1,1,2,3,3,3,4,4,4,4,4,4,4,4,4,4,1,1,1,1,1,8,8,8,8,8,8,8,8,8,8,8,8,8,8,8,8,8,4,4,4,4,4,4,4,2,1,1,11,11,11,11,11,11,11,11,11,11,35,35,35,35,35,35,35,35,35,35,11,11,11,11,11,11,11,11,11,11,2,1,1
Questions,39.77777777777778,37.88888888888889,124.66666666666667,245.8888888888889,388.8888888888889,540.3333333333334,682.6666666666667,796.5555555555555,927.5555555555557,894.4247250000001,901.0292857142856,1242.2091604746588,1244.3333333333335,1083.8623166666666,946.1267714285714,817.5389333333334,725.4787066666665,624.1157000000001,225,225,184.65793489318415,1118.9427312775329,1118.9427312775329,1121.7279359176086,1114.1065830721004,1114.1065830721004,494.55,494.55,494.55,538.3201358604495,1137.034980566352,1120.61623246493,1096.5048975957257,1125.6666666666667,425.2,425.2,425.2,425.2,425.2,387.6949596774193,291.9597,214.5906,249.2204819277108,340.2826722338205,457.50205761316874,415.6,415.6,415.6,415.6,415.6,385.6699588477366,275.649375,182.47499999999997
Threads Created,0,0,0,0.22222222222222224,0.22222222222222224,0.22222222222222224,0.22222222222222224,0.22222222222222224,0.5555555555555556,0.538875,0.5444285714285714,1.8853277143174005,1.6666666666666667,1.6478749999999998,1.6761428571428572,1.718,1.7865999999999995,1.5366,0,0,0,3.2038446135362433,3.2038446135362433,2.5747389500786726,2.2570532915360504,2.2570532915360504,0.3,0.3,0.3,0.32655149278765516,3.997779011660188,4.258517034068136,3.7845057880676753,3.7777777777777777,0,0,0,0,0,0,0,0,0,0,0.1467764060356653,0.13333333333333333,0.13333333333333333,0.13333333333333333,0.13333333333333333,0.13333333333333333,0.12373113854595334,0.13552083333333334,0.16219999999999998
Created Tmp Disk Tables,9.222222222222223,9,9.11111111111111,9.222222222222223,8.88888888888889,9.11111111111111,8.777777777777779,9.11111111111111,9,7.652025,6.8598,8.872130420317179,9,8.019658333333332,7.0398,6.413866666666666,5.478906666666665,4.73785,2,2,1.641403865717192,9.010812975570683,9.010812975570683,9.011586325275356,9.028213166144202,9.028213166144202,4.05,4.05,4.05,4.408445152633345,8.995002776235424,9.01803607214429,9.127337488869099,9.222222222222223,3.8666666666666663,3.8666666666666663,3.8666666666666663,3.8666666666666663,3.8666666666666663,3.525604838709677,2.622,1.6219999999999999,2.301204819277108,2.9040187891440503,4.109739368998628,3.733333333333333,3.733333333333333,3.733333333333333,3.733333333333333,3.733333333333333,3.4644718792866938,2.439375,1.7841999999999998
Created Tmp Files,0,0,0,0,0,0,0,0,0,0,0,0,0,0,0,0,0,0,0,0,0,0,0,0,0,0,0,0,0,0,0,0,0,0,0,0,0,0,0,0,0,0,0,0,0,0,0,0,0,0,0,0,0
Select Full Join,0,0,0,0,0,0,0,0,0,0,0,0,0,0,0,0,0,0,0,0,0,0,0,0,0,0,0,0,0,0,0,0,0,0,0,0,0,0,0,0,0,0,0,0,0,0,0,0,0,0,0,0,0
Select Full Range Join,0,0,0,0,0,0,0,0,0,0,0,0,0,0,0,0,0,0,0,0,0,0,0,0,0,0,0,0,0,0,0,0,0,0,0,0,0,0,0,0,0,0,0,0,0,0,0,0,0,0,0,0,0
Select Range,0,0,0,0.11111111111111112,0.4444444444444445,2.7777777777777777,5.222222222222222,6.444444444444445,8.777777777777779,8.514225,8.601971428571428,16.302539647332814,18.666666666666668,18.126624999999997,16.09097142857143,13.973066666666664,13.220839999999999,11.5245,4.4,4.4,3.611088504577823,13.616339607529033,13.616339607529033,15.877556858818483,15.924764890282134,15.924764890282134,8.85,8.85,8.85,9.633269037235827,17.545807884508605,16.53306613226453,15.360641139804097,16.88888888888889,7.0666666666666655,7.0666666666666655,7.0666666666666655,7.0666666666666655,7.0666666666666655,6.4433467741935475,4.7196,4.866,0.9204819277108433,1.0249478079331942,2.7887517146776406,2.533333333333333,2.533333333333333,2.533333333333333,2.533333333333333,2.533333333333333,2.3508916323731137,2.0328125,2.1086
Select Range Check,0,0,0,0,0,0,0,0,0,0,0,0,0,0,0,0,0,0,0,0,0,0,0,0,0,0,0,0,0,0,0,0,0,0,0,0,0,0,0,0,0,0,0,0,0,0,0,0,0,0,0,0,0
Select Scan,30.444444444444446,29,29.333333333333336,29.111111111111114,28.22222222222222,29.77777777777778,27.333333333333336,29.444444444444446,29.111111111111114,24.249375,22.539342857142856,28.83442386603083,29.111111111111114,25.706849999999996,21.56637142857143,20.616,17.03225333333333,14.853800000000001,5.2,5.2,4.267650050864701,29.034841810172207,29.034841810172207,29.46645687312259,29.216300940438874,29.216300940438874,13.2,13.2,13.2,14.368265682656826,29.09494725152693,29.183366733466936,29.608192341941226,30.333333333333336,13.2,13.2,13.2,13.2,13.2,12.035685483870967,8.7837,5.514799999999999,8.5144578313253,8.882881002087682,14.237311385459535,12.933333333333332,12.933333333333332,12.933333333333332,12.933333333333332,12.933333333333332,12.001920438957473,8.13125,7.2989999999999995
Sort Rows,100,90,90,100,80,100,80,100,90,67.89824999999999,68.59799999999998,79.8491737828546,90,88.98525,70.398,72.15599999999999,53.59799999999999,57.6225,36,36,29.545269582909462,90.10812975570686,90.10812975570686,90.11586325275354,90.28213166144201,90.28213166144201,40.5,40.5,40.5,44.084451526333446,89.95002776235424,90.1803607214429,90.16028495102404,100,48,48,48,48,48,43.766129032258064,35.397,29.195999999999998,41.421686746987945,30.748434237995827,52.83950617283951,48,48,48,48,48,44.5432098765432,24.39375,29.195999999999998
Sort Range,0,0,0,0,0,0,0,0,0,0,0,0,0,0,0,0,0,0,0,0,0,0,0,0,0,0,0,0,0,0,0,0,0,0,0,0,0,0,0,0,0,0,0,0,0,0,0,0,0,0,0,0,0
Sort Merge Passes,0,0,0,0,0,0,0,0,0,0,0,0,0,0,0,0,0,0,0,0,0,0,0,0,0,0,0,0,0,0,0,0,0,0,0,0,0,0,0,0,0,0,0,0,0,0,0,0,0,0,0,0,0
opened_tables,0,0,0,0,0.11111111111111112,0.11111111111111112,0.11111111111111112,0.11111111111111112,0.11111111111111112,0.107775,0.10888571428571428,0.22180326050792948,0.22222222222222224,0.10985833333333332,0.11174285714285714,0.11453333333333333,0.11910666666666665,0.12805,0,0,0,0.2002402883460152,0.2002402883460152,0.42912315834644554,0.5015673981191223,0.5015673981191223,0.45,0.45,0.45,0.48982723918148274,0.44419766796224314,0.25050100200400804,0.22261798753339268,0.11111111111111112,0,0,0,0,0,0,0,0,0,0,0,0,0,0,0,0,0,0,0
table_open_cache_hits,282.33333333333337,278.8888888888889,447.6666666666667,683.7777777777778,961.6666666666667,1255.111111111111,1533.6666666666667,1751,2003.5555555555554,1911.28185,1903.4311714285711,2611.5115892203617,2615.4444444444443,2279.2308416666665,1992.1516571428572,1721.3214666666668,1526.47104,1314.5612999999998,478.2,478.2,392.4596642929807,2366.639967961554,2366.639967961554,2375.48276355314,2358.996865203762,2358.996865203762,1049.1,1049.1,1049.1,1141.9505702784302,2409.6612992781784,2374.1232464929863,2326.13535173642,2384.777777777778,901.0666666666666,901.0666666666666,901.0666666666666,901.0666666666666,901.0666666666666,821.5874999999999,618.0054,449.45619999999997,521.4530120481927,724.4672755741128,972.3936899862827,883.3333333333333,883.3333333333333,883.3333333333333,883.3333333333333,883.3333333333333,819.7187928669409,590.7353125,386.6848
table_open_cache_misses,0,0,0,0,0.11111111111111112,0.11111111111111112,0.11111111111111112,0.11111111111111112,0.11111111111111112,0.107775,0.10888571428571428,0.22180326050792948,0.22222222222222224,0.10985833333333332,0.11174285714285714,0.11453333333333333,0.11910666666666665,0.12805,0,0,0,0.2002402883460152,0.2002402883460152,0.42912315834644554,0.5015673981191223,0.5015673981191223,0.45,0.45,0.45,0.48982723918148274,0.44419766796224314,0.25050100200400804,0.22261798753339268,0.11111111111111112,0,0,0,0,0,0,0,0,0,0,0,0,0,0,0,0,0,0,0
table_open_cache_overflows,0,0,0,0,0,0,0,0,0,0,0,0,0,0,0,0,0,0,0,0,0,0,0,0,0,0,0,0,0,0,0,0,0,0,0,0,0,0,0,0,0,0,0,0,0,0,0,0,0,0,0,0,0
Sort Scan,1.1111111111111112,1,1,1.1111111111111112,0.888888888888889,1.1111111111111112,0.888888888888889,1.1111111111111112,1,0.754425,0.7621999999999999,0.8872130420317179,1,0.988725,0.7822,0.8017333333333333,0.5955333333333332,0.64025,0.4,0.4,0.32828077314343845,1.001201441730076,1.001201441730076,1.0012873694750395,1.0031347962382446,1.0031347962382446,0.45,0.45,0.45,0.48982723918148274,0.999444752915047,1.0020040080160322,1.001780943900267,1.1111111111111112,0.5333333333333333,0.5333333333333333,0.5333333333333333,0.5333333333333333,0.5333333333333333,0.4862903225806451,0.3933,0.32439999999999997,0.4602409638554216,0.34164926931106476,0.5871056241426612,0.5333333333333333,0.5333333333333333,0.5333333333333333,0.5333333333333333,0.5333333333333333,0.49492455418381337,0.2710416666666667,0.32439999999999997
Slow Queries,4.444444444444445,3.8888888888888893,5.222222222222222,7.555555555555555,9.444444444444445,10.777777777777779,12,13.11111111111111,13.88888888888889,12.932999999999998,12.957399999999998,15.969834756570922,15,12.413991666666664,10.839057142857143,9.162666666666667,8.218359999999999,7.426900000000001,3,3,2.462105798575789,14.617541049259112,14.617541049259112,16.163638964382777,16.426332288401255,16.426332288401255,8.7,8.7,8.7,9.469993290842,19.211549139367015,18.537074148296593,18.699910952804984,18.77777777777778,7.2,7.2,7.2,7.2,7.2,6.564919354838709,5.1129,3.0818,5.062650602409638,6.832985386221294,8.659807956104252,7.866666666666665,7.866666666666665,7.866666666666665,7.866666666666665,7.866666666666665,7.300137174211247,5.014270833333333,3.0818
Aborted Connects (attempts),0,0,0,0,0,0,0,0,0,0,0,0,0,0,0,0,0,0,0,0,0,0,0,0,0,0,0,0,0,0,0,0,0,0,0,0,0,0,0,0,0,0,0,0,0,0,0,0,0,0,0,0,0
Aborted Clients (timeout),0,0,0,0,0,0,0,0,0,0,0,0,0,0,0,0,0,0,0,0,0,0,0,0,0,0,0,0,0,0,0,0,0,0,0,0,0,0,0,0,0,0,0,0,0,0,0,0,0,0,0,0,0
Table Locks Immediate,61.22222222222223,57.88888888888889,147.77777777777777,273.11111111111114,419.33333333333337,574.1111111111111,719.7777777777778,838.5555555555557,973.4444444444446,936.0258749999999,942.0791999999999,1296.7727625596096,1297.7777777777778,1130.8816833333333,988.3655714285715,854.7622666666666,757.2801866666666,651.3903499999999,233.8,233.8,191.8801119023398,1168.4020824989989,1168.4020824989989,1172.7935917608354,1165.76802507837,1165.76802507837,519.3,519.3,519.3,565.260634015431,1188.2287617990005,1172.3446893787575,1149.3766696349064,1177.888888888889,448.4,448.4,448.4,448.4,448.4,408.84858870967736,306.6429,222.70059999999998,263.71807228915657,359.41503131524007,483.6282578875172,439.3333333333333,439.3333333333333,439.3333333333333,439.3333333333333,439.3333333333333,407.6941015089163,291.23427083333337,193.18019999999999
Table Locks Waited,0,0,1.777777777777778,4.333333333333334,8,11.555555555555555,13.11111111111111,15.444444444444446,17.11111111111111,16.59735,16.768399999999996,21.847621160031053,21.77777777777778,17.90690833333333,14.638314285714287,13.4004,11.434239999999999,10.37205,4.4,4.4,3.611088504577823,22.026431718061673,22.026431718061673,22.88656844514376,22.06896551724138,22.06896551724138,9.9,9.9,9.9,10.77619926199262,25.985563575791225,24.04809619238477,23.37488869100623,24.888888888888893,7.466666666666666,7.466666666666666,7.466666666666666,7.466666666666666,7.466666666666666,6.808064516129032,6.2928,4.866,4.602409638554216,5.6372129436325675,7.9259259259259265,7.2,7.2,7.2,7.2,7.2,6.681481481481481,4.607708333333333,3.4061999999999997
bytes_received_rate,12946.111111111113,12483.222222222223,23347.666666666668,38283.333333333336,56166.88888888889,75947.55555555556,92864,107496.77777777778,123346.66666666667,117891.084825,118150.69082857142,160463.4579128313,160683.44444444444,139465.15416666665,120850.01174285714,104629.86506666667,92140.44090666666,79279.98065,29137.6,29137.6,23913.284638860634,146390.06808169803,146390.06808169803,146057.0733800601,144677.7429467085,144677.7429467085,63409.95,63409.95,63409.95,69022.04610030192,145003.66463076067,143521.54308617234,141359.86197684772,145057.33333333334,56332.133333333324,56332.133333333324,56332.133333333324,56332.133333333324,56332.133333333324,51363.32116935483,38328.39599999999,27291.6098,32315.819277108432,45128.6228079332,60645.36899862826,55090.93333333333,55090.93333333333,55090.93333333333,55090.93333333333,55090.93333333333,51123.4792866941,36963.57833333333,24167.962199999998
bytes_sent_rate,190592.33333333334,174257.6666666667,200843.22222222222,218699,241341.8888888889,283308,289705.6666666667,335599.44444444444,355335.22222222225,314330.42182499997,313773.67625714286,417162.02728180104,416613.5555555556,365255.88808333327,306132.7428,282166.2670666667,233708.60009333328,209213.85225,59114.8,59114.8,48515.63062054934,410276.73207849415,410276.73207849415,407437.1334573023,407277.4921630094,407277.4921630094,179867.4,179867.4,179867.4,195786.55991278094,409560.3553581344,412459.16833667335,415199.3544078361,421196,173571.86666666664,173571.86666666664,173571.86666666664,173571.86666666664,173571.86666666664,158261.84818548386,117640.61850000001,74653.8476,108105.99999999997,124059.68267223383,186100.8875171468,169056.13333333333,169056.13333333333,169056.13333333333,169056.13333333333,169056.13333333333,156881.3089163237,108164.7334375,87860.65819999999
qcache_hits,0,0,0,0,0,0,0,0,0,0,0,0,0,0,0,0,0,0,0,0,0,0,0,0,0,0,0,0,0,0,0,0,0,0,0,0,0,0,0,0,0,0,0,0,0,0,0,0,0,0,0,0,0
qcache_inserts,0,0,0,0,0,0,0,0,0,0,0,0,0,0,0,0,0,0,0,0,0,0,0,0,0,0,0,0,0,0,0,0,0,0,0,0,0,0,0,0,0,0,0,0,0,0,0,0,0,0,0,0,0
qcache_not_cached,28.333333333333336,27,68.22222222222223,125.44444444444446,189.22222222222223,256,318.55555555555554,367.22222222222223,426,409.54499999999996,411.91465714285715,567.3727403792835,566.2222222222223,493.15405833333324,431.77439999999996,374.29493333333335,335.0470533333333,288.8808,104.4,104.4,85.68128179043744,501.4016820184221,501.4016820184221,505.6501215848949,498.8087774294671,498.8087774294671,221.1,221.1,221.1,240.66845018450186,526.9294836202109,514.1533066132265,501.5583259127337,516.7777777777778,184,184,184,184,184,167.77016129032256,129.65789999999998,95.37359999999998,117.13132530120481,152.20474947807935,209.4499314128944,190.26666666666665,190.26666666666665,190.26666666666665,190.26666666666665,190.26666666666665,176.56433470507542,124.408125,86.9392
qcache_lowmem_prunes,0,0,0,0,0,0,0,0,0,0,0,0,0,0,0,0,0,0,0,0,0,0,0,0,0,0,0,0,0,0,0,0,0,0,0,0,0,0,0,0,0,0,0,0,0,0,0,0,0,0,0,0,0
com admin_commands,1,1,1,1,1,1,1,1,1,0.8622,0.7621999999999999,0.9981146722856826,1,0.8788666666666666,0.7822,0.6872,0.5955333333333332,0.5122,0.2,0.2,0.16414038657171923,1.001201441730076,1.001201441730076,1.0012873694750395,1.0031347962382446,1.0031347962382446,0.45,0.45,0.45,0.48982723918148274,0.999444752915047,1.0020040080160322,1.001780943900267,1,0.4,0.4,0.4,0.4,0.4,0.3647177419354838,0.2622,0.16219999999999998,0.2301204819277108,0.34164926931106476,0.44032921810699593,0.4,0.4,0.4,0.4,0.4,0.37119341563786,0.2710416666666667,0.16219999999999998
com alter_db,0,0,0,0,0,0,0,0,0,0,0,0,0,0,0,0,0,0,0,0,0,0,0,0,0,0,0,0,0,0,0,0,0,0,0,0,0,0,0,0,0,0,0,0,0,0,0,0,0,0,0,0,0
com alter_db_upgrade,0,0,0,0,0,0,0,0,0,0,0,0,0,0,0,0,0,0,0,0,0,0,0,0,0,0,0,0,0,0,0,0,0,0,0,0,0,0,0,0,0,0,0,0,0,0,0,0,0,0,0,0,0
com alter_event,0,0,0,0,0,0,0,0,0,0,0,0,0,0,0,0,0,0,0,0,0,0,0,0,0,0,0,0,0,0,0,0,0,0,0,0,0,0,0,0,0,0,0,0,0,0,0,0,0,0,0,0,0
com alter_function,0,0,0,0,0,0,0,0,0,0,0,0,0,0,0,0,0,0,0,0,0,0,0,0,0,0,0,0,0,0,0,0,0,0,0,0,0,0,0,0,0,0,0,0,0,0,0,0,0,0,0,0,0
com alter_instance,0,0,0,0,0,0,0,0,0,0,0,0,0,0,0,0,0,0,0,0,0,0,0,0,0,0,0,0,0,0,0,0,0,0,0,0,0,0,0,0,0,0,0,0,0,0,0,0,0,0,0,0,0
com alter_procedure,0,0,0,0,0,0,0,0,0,0,0,0,0,0,0,0,0,0,0,0,0,0,0,0,0,0,0,0,0,0,0,0,0,0,0,0,0,0,0,0,0,0,0,0,0,0,0,0,0,0,0,0,0
com alter_server,0,0,0,0,0,0,0,0,0,0,0,0,0,0,0,0,0,0,0,0,0,0,0,0,0,0,0,0,0,0,0,0,0,0,0,0,0,0,0,0,0,0,0,0,0,0,0,0,0,0,0,0,0
com alter_table,0,0,0,0,0,0,0,0,0,0,0,0,0,0,0,0,0,0,0,0,0,0,0,0,0,0,0,0,0,0,0,0,0,0,0,0,0,0,0,0,0,0,0,0,0,0,0,0,0,0,0,0,0
com alter_tablespace,0,0,0,0,0,0,0,0,0,0,0,0,0,0,0,0,0,0,0,0,0,0,0,0,0,0,0,0,0,0,0,0,0,0,0,0,0,0,0,0,0,0,0,0,0,0,0,0,0,0,0,0,0
com alter_user,0,0,0,0,0,0,0,0,0,0,0,0,0,0,0,0,0,0,0,0,0,0,0,0,0,0,0,0,0,0,0,0,0,0,0,0,0,0,0,0,0,0,0,0,0,0,0,0,0,0,0,0,0
com analyze,0,0,0,0,0,0,0,0,0,0,0,0,0,0,0,0,0,0,0,0,0,0,0,0,0,0,0,0,0,0,0,0,0,0,0,0,0,0,0,0,0,0,0,0,0,0,0,0,0,0,0,0,0
com assign_to_keycache,0,0,0,0,0,0,0,0,0,0,0,0,0,0,0,0,0,0,0,0,0,0,0,0,0,0,0,0,0,0,0,0,0,0,0,0,0,0,0,0,0,0,0,0,0,0,0,0,0,0,0,0,0
com begin,0,0,0,0,0,0,0,0,0,0,0,0,0,0,0,0,0,0,0,0,0,0,0,0,0,0,0,0,0,0,0,0,0,0,0,0,0,0,0,0,0,0,0,0,0,0,0,0,0,0,0,0,0
com binlog,0,0,0,0,0,0,0,0,0,0,0,0,0,0,0,0,0,0,0,0,0,0,0,0,0,0,0,0,0,0,0,0,0,0,0,0,0,0,0,0,0,0,0,0,0,0,0,0,0,0,0,0,0
com call_procedure,0,0,0,0,0,0,0,0,0,0,0,0,0,0,0,0,0,0,0,0,0,0,0,0,0,0,0,0,0,0,0,0,0,0,0,0,0,0,0,0,0,0,0,0,0,0,0,0,0,0,0,0,0
com change_db,0,0,0,0,0,0,0,0,0,0,0,0,0,0,0,0,0,0,0,0,0,0,0,0,0,0,0,0,0,0,0,0,0,0,0,0,0,0,0,0,0,0,0,0,0,0,0,0,0,0,0,0,0
com change_master,0,0,0,0,0,0,0,0,0,0,0,0,0,0,0,0,0,0,0,0,0,0,0,0,0,0,0,0,0,0,0,0,0,0,0,0,0,0,0,0,0,0,0,0,0,0,0,0,0,0,0,0,0
com change_repl_filter,0,0,0,0,0,0,0,0,0,0,0,0,0,0,0,0,0,0,0,0,0,0,0,0,0,0,0,0,0,0,0,0,0,0,0,0,0,0,0,0,0,0,0,0,0,0,0,0,0,0,0,0,0
com check,0,0,0,0,0,0,0,0,0,0,0,0,0,0,0,0,0,0,0,0,0,0,0,0,0,0,0,0,0,0,0,0,0,0,0,0,0,0,0,0,0,0,0,0,0,0,0,0,0,0,0,0,0
com checksum,0,0,0,0,0,0,0,0,0,0,0,0,0,0,0,0,0,0,0,0,0,0,0,0,0,0,0,0,0,0,0,0,0,0,0,0,0,0,0,0,0,0,0,0,0,0,0,0,0,0,0,0,0
com commit,0,0,2.555555555555556,6.555555555555555,11.666666666666668,16.666666666666668,21.444444444444446,26.333333333333336,31.22222222222222,30.284775000000003,30.596885714285712,41.92081623599867,42.111111111111114,36.582825,32.18194285714286,28.06066666666667,23.940439999999995,20.10385,7.4,7.4,6.0731943031536115,39.447336804165,39.447336804165,38.90716635674439,39.87460815047022,39.87460815047022,18.15,18.15,18.15,19.756365313653138,37.534702942809545,38.57715430861724,38.95814781834372,38.44444444444444,17.2,17.2,17.2,17.2,17.2,15.682862903225805,11.0124,6.812399999999999,11.966265060240962,15.374217118997914,17.906721536351167,16.266666666666666,16.266666666666666,16.266666666666666,16.266666666666666,16.266666666666666,15.095198902606308,9.486458333333333,5.1903999999999995
com create_compression_dictionary,0,0,0,0,0,0,0,0,0,0,0,0,0,0,0,0,0,0,0,0,0,0,0,0,0,0,0,0,0,0,0,0,0,0,0,0,0,0,0,0,0,0,0,0,0,0,0,0,0,0,0,0,0
com create_db,0,0,0,0,0,0,0,0,0,0,0,0,0,0,0,0,0,0,0,0,0,0,0,0,0,0,0,0,0,0,0,0,0,0,0,0,0,0,0,0,0,0,0,0,0,0,0,0,0,0,0,0,0
com create_event,0,0,0,0,0,0,0,0,0,0,0,0,0,0,0,0,0,0,0,0,0,0,0,0,0,0,0,0,0,0,0,0,0,0,0,0,0,0,0,0,0,0,0,0,0,0,0,0,0,0,0,0,0
com create_function,0,0,0,0,0,0,0,0,0,0,0,0,0,0,0,0,0,0,0,0,0,0,0,0,0,0,0,0,0,0,0,0,0,0,0,0,0,0,0,0,0,0,0,0,0,0,0,0,0,0,0,0,0
com create_index,0,0,0,0,0,0,0,0,0,0,0,0,0,0,0,0,0,0,0,0,0,0,0,0,0,0,0,0,0,0,0,0,0,0,0,0,0,0,0,0,0,0,0,0,0,0,0,0,0,0,0,0,0
com create_procedure,0,0,0,0,0,0,0,0,0,0,0,0,0,0,0,0,0,0,0,0,0,0,0,0,0,0,0,0,0,0,0,0,0,0,0,0,0,0,0,0,0,0,0,0,0,0,0,0,0,0,0,0,0
com create_server,0,0,0,0,0,0,0,0,0,0,0,0,0,0,0,0,0,0,0,0,0,0,0,0,0,0,0,0,0,0,0,0,0,0,0,0,0,0,0,0,0,0,0,0,0,0,0,0,0,0,0,0,0
com create_table,0,0,0,0,0,0,0,0,0,0,0,0,0,0,0,0,0,0,0,0,0,0,0,0,0,0,0,0,0,0,0,0,0,0,0,0,0,0,0,0,0,0,0,0,0,0,0,0,0,0,0,0,0
com create_trigger,0,0,0,0,0,0,0,0,0,0,0,0,0,0,0,0,0,0,0,0,0,0,0,0,0,0,0,0,0,0,0,0,0,0,0,0,0,0,0,0,0,0,0,0,0,0,0,0,0,0,0,0,0
com create_udf,0,0,0,0,0,0,0,0,0,0,0,0,0,0,0,0,0,0,0,0,0,0,0,0,0,0,0,0,0,0,0,0,0,0,0,0,0,0,0,0,0,0,0,0,0,0,0,0,0,0,0,0,0
com create_user,0,0,0,0,0,0,0,0,0,0,0,0,0,0,0,0,0,0,0,0,0,0,0,0,0,0,0,0,0,0,0,0,0,0,0,0,0,0,0,0,0,0,0,0,0,0,0,0,0,0,0,0,0
com create_view,0,0,0,0,0,0,0,0,0,0,0,0,0,0,0,0,0,0,0,0,0,0,0,0,0,0,0,0,0,0,0,0,0,0,0,0,0,0,0,0,0,0,0,0,0,0,0,0,0,0,0,0,0
com dealloc_sql,0,0,0,0,0,0,0,0,0,0,0,0,0,0,0,0,0,0,0,0,0,0,0,0,0,0,0,0,0,0,0,0,0,0,0,0,0,0,0,0,0,0,0,0,0,0,0,0,0,0,0,0,0
com delete,0,0,0,0,0,2.2222222222222223,4.444444444444445,5.555555555555555,7.777777777777779,7.54425,7.622,14.306310302761451,16.666666666666668,16.478749999999998,14.52657142857143,12.598666666666666,11.910666666666666,10.244,4.2,4.2,3.446948118006104,12.014417300760913,12.014417300760913,14.018023172650553,14.169278996865206,14.169278996865206,7.95,7.95,7.95,8.653614558872862,15.991116046640752,15.280561122244489,13.579697239536952,15.222222222222223,6.133333333333333,6.133333333333333,6.133333333333333,6.133333333333333,6.133333333333333,5.592338709677419,3.933,4.866,0,0,1.7613168724279837,1.6,1.6,1.6,1.6,1.6,1.48477366255144,1.62625,1.9464
com delete_multi,0,0,0,0,0,0,0,0,0,0,0,0,0,0,0,0,0,0,0,0,0,0,0,0,0,0,0,0,0,0,0,0,0,0,0,0,0,0,0,0,0,0,0,0,0,0,0,0,0,0,0,0,0
com do,0,0,0,0,0,0,0,0,0,0,0,0,0,0,0,0,0,0,0,0,0,0,0,0,0,0,0,0,0,0,0,0,0,0,0,0,0,0,0,0,0,0,0,0,0,0,0,0,0,0,0,0,0
com drop_compression_dictionary,0,0,0,0,0,0,0,0,0,0,0,0,0,0,0,0,0,0,0,0,0,0,0,0,0,0,0,0,0,0,0,0,0,0,0,0,0,0,0,0,0,0,0,0,0,0,0,0,0,0,0,0,0
com drop_db,0,0,0,0,0,0,0,0,0,0,0,0,0,0,0,0,0,0,0,0,0,0,0,0,0,0,0,0,0,0,0,0,0,0,0,0,0,0,0,0,0,0,0,0,0,0,0,0,0,0,0,0,0
com drop_event,0,0,0,0,0,0,0,0,0,0,0,0,0,0,0,0,0,0,0,0,0,0,0,0,0,0,0,0,0,0,0,0,0,0,0,0,0,0,0,0,0,0,0,0,0,0,0,0,0,0,0,0,0
com drop_function,0,0,0,0,0,0,0,0,0,0,0,0,0,0,0,0,0,0,0,0,0,0,0,0,0,0,0,0,0,0,0,0,0,0,0,0,0,0,0,0,0,0,0,0,0,0,0,0,0,0,0,0,0
com drop_index,0,0,0,0,0,0,0,0,0,0,0,0,0,0,0,0,0,0,0,0,0,0,0,0,0,0,0,0,0,0,0,0,0,0,0,0,0,0,0,0,0,0,0,0,0,0,0,0,0,0,0,0,0
com drop_procedure,0,0,0,0,0,0,0,0,0,0,0,0,0,0,0,0,0,0,0,0,0,0,0,0,0,0,0,0,0,0,0,0,0,0,0,0,0,0,0,0,0,0,0,0,0,0,0,0,0,0,0,0,0
com drop_server,0,0,0,0,0,0,0,0,0,0,0,0,0,0,0,0,0,0,0,0,0,0,0,0,0,0,0,0,0,0,0,0,0,0,0,0,0,0,0,0,0,0,0,0,0,0,0,0,0,0,0,0,0
com drop_table,0,0,0,0,0,0,0,0,0,0,0,0,0,0,0,0,0,0,0,0,0,0,0,0,0,0,0,0,0,0,0,0,0,0,0,0,0,0,0,0,0,0,0,0,0,0,0,0,0,0,0,0,0
com drop_trigger,0,0,0,0,0,0,0,0,0,0,0,0,0,0,0,0,0,0,0,0,0,0,0,0,0,0,0,0,0,0,0,0,0,0,0,0,0,0,0,0,0,0,0,0,0,0,0,0,0,0,0,0,0
com drop_user,0,0,0,0,0,0,0,0,0,0,0,0,0,0,0,0,0,0,0,0,0,0,0,0,0,0,0,0,0,0,0,0,0,0,0,0,0,0,0,0,0,0,0,0,0,0,0,0,0,0,0,0,0
com drop_view,0,0,0,0,0,0,0,0,0,0,0,0,0,0,0,0,0,0,0,0,0,0,0,0,0,0,0,0,0,0,0,0,0,0,0,0,0,0,0,0,0,0,0,0,0,0,0,0,0,0,0,0,0
com empty_query,0,0,0,0,0,0,0,0,0,0,0,0,0,0,0,0,0,0,0,0,0,0,0,0,0,0,0,0,0,0,0,0,0,0,0,0,0,0,0,0,0,0,0,0,0,0,0,0,0,0,0,0,0
com execute_sql,0,0,0,0,0,0,0,0,0,0,0,0,0,0,0,0,0,0,0,0,0,0,0,0,0,0,0,0,0,0,0,0,0,0,0,0,0,0,0,0,0,0,0,0,0,0,0,0,0,0,0,0,0
com explain_other,0,0,0,0,0,0,0,0,0,0,0,0,0,0,0,0,0,0,0,0,0,0,0,0,0,0,0,0,0,0,0,0,0,0,0,0,0,0,0,0,0,0,0,0,0,0,0,0,0,0,0,0,0
com flush,0,0,0,0,0,0,0,0,0,0,0,0,0,0,0,0,0,0,0,0,0,0,0,0,0,0,0,0,0,0,0,0,0,0,0,0,0,0,0,0,0,0,0,0,0,0,0,0,0,0,0,0,0
com get_diagnostics,0,0,0,0,0,0,0,0,0,0,0,0,0,0,0,0,0,0,0,0,0,0,0,0,0,0,0,0,0,0,0,0,0,0,0,0,0,0,0,0,0,0,0,0,0,0,0,0,0,0,0,0,0
com grant,0,0,0,0,0,0,0,0,0,0,0,0,0,0,0,0,0,0,0,0,0,0,0,0,0,0,0,0,0,0,0,0,0,0,0,0,0,0,0,0,0,0,0,0,0,0,0,0,0,0,0,0,0
com group_replication_start,0,0,0,0,0,0,0,0,0,0,0,0,0,0,0,0,0,0,0,0,0,0,0,0,0,0,0,0,0,0,0,0,0,0,0,0,0,0,0,0,0,0,0,0,0,0,0,0,0,0,0,0,0
com group_replication_stop,0,0,0,0,0,0,0,0,0,0,0,0,0,0,0,0,0,0,0,0,0,0,0,0,0,0,0,0,0,0,0,0,0,0,0,0,0,0,0,0,0,0,0,0,0,0,0,0,0,0,0,0,0
com ha_close,0,0,0,0,0,0,0,0,0,0,0,0,0,0,0,0,0,0,0,0,0,0,0,0,0,0,0,0,0,0,0,0,0,0,0,0,0,0,0,0,0,0,0,0,0,0,0,0,0,0,0,0,0
com ha_open,0,0,0,0,0,0,0,0,0,0,0,0,0,0,0,0,0,0,0,0,0,0,0,0,0,0,0,0,0,0,0,0,0,0,0,0,0,0,0,0,0,0,0,0,0,0,0,0,0,0,0,0,0
com ha_read,0,0,0,0,0,0,0,0,0,0,0,0,0,0,0,0,0,0,0,0,0,0,0,0,0,0,0,0,0,0,0,0,0,0,0,0,0,0,0,0,0,0,0,0,0,0,0,0,0,0,0,0,0
com help,0,0,0,0,0,0,0,0,0,0,0,0,0,0,0,0,0,0,0,0,0,0,0,0,0,0,0,0,0,0,0,0,0,0,0,0,0,0,0,0,0,0,0,0,0,0,0,0,0,0,0,0,0
com insert,0,0,17.444444444444446,41.77777777777778,72.44444444444444,101.77777777777779,130,150.88888888888889,173.22222222222223,168.02122500000002,169.75282857142855,227.57014528113564,225.11111111111114,192.25208333333333,166.04988571428572,141.10506666666666,124.34735999999998,107.94614999999999,38.6,38.6,31.679094608341813,202.8434120945134,202.8434120945134,198.11185810327567,196.48902821316616,196.48902821316616,83.1,83.1,83.1,90.45476350218048,193.00388672959465,191.25751503006012,188.11219946571683,192.33333333333334,72.93333333333332,72.93333333333332,72.93333333333332,72.93333333333332,72.93333333333332,66.50020161290323,50.6046,36.17059999999999,43.722891566265055,65.4258350730689,85.27709190672155,77.46666666666667,77.46666666666667,77.46666666666667,77.46666666666667,77.46666666666667,71.8877914951989,52.98864583333334,32.11559999999999
com insert_select,0,0,0,0,0,0,0,0,0,0,0,0,0,0,0,0,0,0,0,0,0,0,0,0,0,0,0,0,0,0,0,0,0,0,0,0,0,0,0,0,0,0,0,0,0,0,0,0,0,0,0,0,0
com install_plugin,0,0,0,0,0,0,0,0,0,0,0,0,0,0,0,0,0,0,0,0,0,0,0,0,0,0,0,0,0,0,0,0,0,0,0,0,0,0,0,0,0,0,0,0,0,0,0,0,0,0,0,0,0
com kill,0,0,0,0,0,0,0,0,0,0,0,0,0,0,0,0,0,0,0,0,0,0,0,0,0,0,0,0,0,0,0,0,0,0,0,0,0,0,0,0,0,0,0,0,0,0,0,0,0,0,0,0,0
com load,0,0,0,0,0,0,0,0,0,0,0,0,0,0,0,0,0,0,0,0,0,0,0,0,0,0,0,0,0,0,0,0,0,0,0,0,0,0,0,0,0,0,0,0,0,0,0,0,0,0,0,0,0
com lock_binlog_for_backup,0,0,0,0,0,0,0,0,0,0,0,0,0,0,0,0,0,0,0,0,0,0,0,0,0,0,0,0,0,0,0,0,0,0,0,0,0,0,0,0,0,0,0,0,0,0,0,0,0,0,0,0,0
com lock_tables,0,0,0,0,0,0,0,0,0,0,0,0,0,0,0,0,0,0,0,0,0,0,0,0,0,0,0,0,0,0,0,0,0,0,0,0,0,0,0,0,0,0,0,0,0,0,0,0,0,0,0,0,0
com lock_tables_for_backup,0,0,0,0,0,0,0,0,0,0,0,0,0,0,0,0,0,0,0,0,0,0,0,0,0,0,0,0,0,0,0,0,0,0,0,0,0,0,0,0,0,0,0,0,0,0,0,0,0,0,0,0,0
com optimize,0,0,0,0,0,0,0,0,0,0,0,0,0,0,0,0,0,0,0,0,0,0,0,0,0,0,0,0,0,0,0,0,0,0,0,0,0,0,0,0,0,0,0,0,0,0,0,0,0,0,0,0,0
com preload_keys,0,0,0,0,0,0,0,0,0,0,0,0,0,0,0,0,0,0,0,0,0,0,0,0,0,0,0,0,0,0,0,0,0,0,0,0,0,0,0,0,0,0,0,0,0,0,0,0,0,0,0,0,0
com prepare_sql,0,0,0,0,0,0,0,0,0,0,0,0,0,0,0,0,0,0,0,0,0,0,0,0,0,0,0,0,0,0,0,0,0,0,0,0,0,0,0,0,0,0,0,0,0,0,0,0,0,0,0,0,0
com purge,0,0,0,0,0,0,0,0,0,0,0,0,0,0,0,0,0,0,0,0,0,0,0,0,0,0,0,0,0,0,0,0,0,0,0,0,0,0,0,0,0,0,0,0,0,0,0,0,0,0,0,0,0
com purge_before_date,0,0,0,0,0,0,0,0,0,0,0,0,0,0,0,0,0,0,0,0,0,0,0,0,0,0,0,0,0,0,0,0,0,0,0,0,0,0,0,0,0,0,0,0,0,0,0,0,0,0,0,0,0
com release_savepoint,0,0,0,0,0,0,0,0,0,0,0,0,0,0,0,0,0,0,0,0,0,0,0,0,0,0,0,0,0,0,0,0,0,0,0,0,0,0,0,0,0,0,0,0,0,0,0,0,0,0,0,0,0
com rename_table,0,0,0,0,0,0,0,0,0,0,0,0,0,0,0,0,0,0,0,0,0,0,0,0,0,0,0,0,0,0,0,0,0,0,0,0,0,0,0,0,0,0,0,0,0,0,0,0,0,0,0,0,0
com rename_user,0,0,0,0,0,0,0,0,0,0,0,0,0,0,0,0,0,0,0,0,0,0,0,0,0,0,0,0,0,0,0,0,0,0,0,0,0,0,0,0,0,0,0,0,0,0,0,0,0,0,0,0,0
com repair,0,0,0,0,0,0,0,0,0,0,0,0,0,0,0,0,0,0,0,0,0,0,0,0,0,0,0,0,0,0,0,0,0,0,0,0,0,0,0,0,0,0,0,0,0,0,0,0,0,0,0,0,0
com replace,0,0,0,0,0,0,0,0,0,0,0,0,0,0,0,0,0,0,0,0,0,0,0,0,0,0,0,0,0,0,0,0,0,0,0,0,0,0,0,0,0,0,0,0,0,0,0,0,0,0,0,0,0
com replace_select,0,0,0,0,0,0,0,0,0,0,0,0,0,0,0,0,0,0,0,0,0,0,0,0,0,0,0,0,0,0,0,0,0,0,0,0,0,0,0,0,0,0,0,0,0,0,0,0,0,0,0,0,0
com reset,0,0,0,0,0,0,0,0,0,0,0,0,0,0,0,0,0,0,0,0,0,0,0,0,0,0,0,0,0,0,0,0,0,0,0,0,0,0,0,0,0,0,0,0,0,0,0,0,0,0,0,0,0
com resignal,0,0,0,0,0,0,0,0,0,0,0,0,0,0,0,0,0,0,0,0,0,0,0,0,0,0,0,0,0,0,0,0,0,0,0,0,0,0,0,0,0,0,0,0,0,0,0,0,0,0,0,0,0
com revoke,0,0,0,0,0,0,0,0,0,0,0,0,0,0,0,0,0,0,0,0,0,0,0,0,0,0,0,0,0,0,0,0,0,0,0,0,0,0,0,0,0,0,0,0,0,0,0,0,0,0,0,0,0
com revoke_all,0,0,0,0,0,0,0,0,0,0,0,0,0,0,0,0,0,0,0,0,0,0,0,0,0,0,0,0,0,0,0,0,0,0,0,0,0,0,0,0,0,0,0,0,0,0,0,0,0,0,0,0,0
com rollback,0,0,0.33333333333333337,0.6666666666666667,1,1,1.1111111111111112,1.1111111111111112,1.2222222222222223,1.185525,1.197742857142857,2.439835865587224,2.3333333333333335,1.97745,2.0113714285714286,1.9470666666666667,2.0248133333333334,2.0488,0.4,0.4,0.32828077314343845,3.804565478574289,3.804565478574289,3.4329852667715643,3.5109717868338564,3.5109717868338564,1.35,1.35,1.35,1.4694817175444483,4.21987784564131,4.509018036072145,4.229741763134461,4,0.9333333333333332,0.9333333333333332,0.9333333333333332,0.9333333333333332,0.9333333333333332,0.851008064516129,0.5244,0.32439999999999997,1.3807228915662648,1.0249478079331942,1.467764060356653,1.3333333333333333,1.3333333333333333,1.3333333333333333,1.3333333333333333,1.3333333333333333,1.2373113854595335,0.5420833333333334,0.6487999999999999
com rollback_to_savepoint,0,0,0,0,0,0,0,0,0,0,0,0,0,0,0,0,0,0,0,0,0,0,0,0,0,0,0,0,0,0,0,0,0,0,0,0,0,0,0,0,0,0,0,0,0,0,0,0,0,0,0,0,0
com savepoint,0,0,0,0,0,0,0,0,0,0,0,0,0,0,0,0,0,0,0,0,0,0,0,0,0,0,0,0,0,0,0,0,0,0,0,0,0,0,0,0,0,0,0,0,0,0,0,0,0,0,0,0,0
com select,28.333333333333336,27,68.22222222222223,125.44444444444446,189.22222222222223,256,318.55555555555554,367.11111111111114,426,409.54499999999996,411.91465714285715,567.3727403792835,566.2222222222223,493.15405833333324,431.77439999999996,374.29493333333335,335.16615999999993,288.8808,104.4,104.4,85.68128179043744,501.60192230676813,501.60192230676813,505.793162637677,498.9341692789969,498.9341692789969,221.1,221.1,221.1,240.66845018450186,526.9294836202109,514.1533066132265,501.5583259127337,516.7777777777778,184,184,184,184,184,167.77016129032256,129.65789999999998,95.37359999999998,117.13132530120481,152.20474947807935,209.4499314128944,190.26666666666665,190.26666666666665,190.26666666666665,190.26666666666665,190.26666666666665,176.56433470507542,124.408125,86.9392
com set_option,1,1,4.222222222222222,9.11111111111111,14.333333333333334,19.11111111111111,23.88888888888889,29,34.333333333333336,33.1947,33.42791428571428,46.024176555395364,45.22222222222222,39.439141666666664,35.199,31.038533333333334,26.679893333333332,22.40875,7.4,7.4,6.0731943031536115,42.050460552663196,42.050460552663196,42.4831926762981,42.13166144200627,42.13166144200627,18.9,18.9,18.9,20.572744045622276,42.865074958356466,42.20941883767535,42.18610863757791,42.66666666666667,16.53333333333333,16.53333333333333,16.53333333333333,16.53333333333333,16.53333333333333,15.074999999999998,11.2746,7.136799999999999,9.434939759036144,13.153496868475992,18.053497942386834,16.4,16.4,16.4,16.4,16.4,15.218930041152262,11.112708333333334,7.4612
com show_binlog_events,0,0,0,0,0,0,0,0,0,0,0,0,0,0,0,0,0,0,0,0,0,0,0,0,0,0,0,0,0,0,0,0,0,0,0,0,0,0,0,0,0,0,0,0,0,0,0,0,0,0,0,0,0
com show_binlogs,0,0,0,0,0,0,0,0,0,0,0,0,0,0,0,0,0,0,0,0,0,0,0,0,0,0,0,0,0,0,0,0,0,0,0,0,0,0,0,0,0,0,0,0,0,0,0,0,0,0,0,0,0
com show_charsets,0,0,0,0,0,0,0,0,0,0,0,0,0,0,0,0,0,0,0,0,0,0,0,0,0,0,0,0,0,0,0,0,0,0,0,0,0,0,0,0,0,0,0,0,0,0,0,0,0,0,0,0,0
com show_client_statistics,0,0,0,0,0,0,0,0,0,0,0,0,0,0,0,0,0,0,0,0,0,0,0,0,0,0,0,0,0,0,0,0,0,0,0,0,0,0,0,0,0,0,0,0,0,0,0,0,0,0,0,0,0
com show_collations,0,0,0,0,0,0,0,0,0,0,0,0,0,0,0,0,0,0,0,0,0,0,0,0,0,0,0,0,0,0,0,0,0,0,0,0,0,0,0,0,0,0,0,0,0,0,0,0,0,0,0,0,0
com show_create_db,0,0,0,0,0,0,0,0,0,0,0,0,0,0,0,0,0,0,0,0,0,0,0,0,0,0,0,0,0,0,0,0,0,0,0,0,0,0,0,0,0,0,0,0,0,0,0,0,0,0,0,0,0
com show_create_event,0,0,0,0,0,0,0,0,0,0,0,0,0,0,0,0,0,0,0,0,0,0,0,0,0,0,0,0,0,0,0,0,0,0,0,0,0,0,0,0,0,0,0,0,0,0,0,0,0,0,0,0,0
com show_create_func,0,0,0,0,0,0,0,0,0,0,0,0,0,0,0,0,0,0,0,0,0,0,0,0,0,0,0,0,0,0,0,0,0,0,0,0,0,0,0,0,0,0,0,0,0,0,0,0,0,0,0,0,0
com show_create_proc,0,0,0,0,0,0,0,0,0,0,0,0,0,0,0,0,0,0,0,0,0,0,0,0,0,0,0,0,0,0,0,0,0,0,0,0,0,0,0,0,0,0,0,0,0,0,0,0,0,0,0,0,0
com show_create_table,0,0,0,0,0,0,0,0,0,0,0,0,0,0,0,0,0,0,0,0,0,0,0,0,0,0,0,0,0,0,0,0,0,0,0,0,0,0,0,0,0,0,0,0,0,0,0,0,0,0,0,0,0
com show_create_trigger,0,0,0,0,0,0,0,0,0,0,0,0,0,0,0,0,0,0,0,0,0,0,0,0,0,0,0,0,0,0,0,0,0,0,0,0,0,0,0,0,0,0,0,0,0,0,0,0,0,0,0,0,0
com show_create_user,0,0,0,0,0,0,0,0,0,0,0,0,0,0,0,0,0,0,0,0,0,0,0,0,0,0,0,0,0,0,0,0,0,0,0,0,0,0,0,0,0,0,0,0,0,0,0,0,0,0,0,0,0
com show_databases,0,0,0,0,0,0,0,0,0,0,0,0,0,0,0,0,0,0,0,0,0,0,0,0,0,0,0,0,0,0,0,0,0,0,0,0,0,0,0,0,0,0,0,0,0,0,0,0,0,0,0,0,0
com show_engine_logs,0,0,0,0,0,0,0,0,0,0,0,0,0,0,0,0,0,0,0,0,0,0,0,0,0,0,0,0,0,0,0,0,0,0,0,0,0,0,0,0,0,0,0,0,0,0,0,0,0,0,0,0,0
com show_engine_mutex,0,0,0,0,0,0,0,0,0,0,0,0,0,0,0,0,0,0,0,0,0,0,0,0,0,0,0,0,0,0,0,0,0,0,0,0,0,0,0,0,0,0,0,0,0,0,0,0,0,0,0,0,0
com show_engine_status,1.1111111111111112,0.888888888888889,1,1,0.888888888888889,1,0.888888888888889,1.1111111111111112,1,0.754425,0.7621999999999999,0.9981146722856826,1.1111111111111112,0.988725,0.7822,0.8017333333333333,0.5955333333333332,0.64025,0.2,0.2,0.16414038657171923,1.001201441730076,1.001201441730076,1.0012873694750395,1.0031347962382446,1.0031347962382446,0.45,0.45,0.45,0.48982723918148274,0.999444752915047,1.0020040080160322,1.001780943900267,1.1111111111111112,0.5333333333333333,0.5333333333333333,0.5333333333333333,0.5333333333333333,0.5333333333333333,0.4862903225806451,0.3933,0.32439999999999997,0.2301204819277108,0.17082463465553238,0.44032921810699593,0.4,0.4,0.4,0.4,0.4,0.37119341563786,0.2710416666666667,0.32439999999999997
com show_errors,0,0,0,0,0,0,0,0,0,0,0,0,0,0,0,0,0,0,0,0,0,0,0,0,0,0,0,0,0,0,0,0,0,0,0,0,0,0,0,0,0,0,0,0,0,0,0,0,0,0,0,0,0
com show_events,0,0,0,0,0,0,0,0,0,0,0,0,0,0,0,0,0,0,0,0,0,0,0,0,0,0,0,0,0,0,0,0,0,0,0,0,0,0,0,0,0,0,0,0,0,0,0,0,0,0,0,0,0
com show_fields,0,0,0,0,0,0,0,0,0,0,0,0,0,0,0,0,0,0,0,0,0,0,0,0,0,0,0,0,0,0,0,0,0,0,0,0,0,0,0,0,0,0,0,0,0,0,0,0,0,0,0,0,0
com show_function_code,0,0,0,0,0,0,0,0,0,0,0,0,0,0,0,0,0,0,0,0,0,0,0,0,0,0,0,0,0,0,0,0,0,0,0,0,0,0,0,0,0,0,0,0,0,0,0,0,0,0,0,0,0
com show_function_status,0,0,0,0,0,0,0,0,0,0,0,0,0,0,0,0,0,0,0,0,0,0,0,0,0,0,0,0,0,0,0,0,0,0,0,0,0,0,0,0,0,0,0,0,0,0,0,0,0,0,0,0,0
com show_grants,0,0,0,0,0,0,0,0,0,0,0,0,0,0,0,0,0,0,0,0,0,0,0,0,0,0,0,0,0,0,0,0,0,0,0,0,0,0,0,0,0,0,0,0,0,0,0,0,0,0,0,0,0
com show_index_statistics,0,0,0,0,0,0,0,0,0,0,0,0,0,0,0,0,0,0,0,0,0,0,0,0,0,0,0,0,0,0,0,0,0,0,0,0,0,0,0,0,0,0,0,0,0,0,0,0,0,0,0,0,0
com show_keys,0,0,0,0,0,0,0,0,0,0,0,0,0,0,0,0,0,0,0,0,0,0,0,0,0,0,0,0,0,0,0,0,0,0,0,0,0,0,0,0,0,0,0,0,0,0,0,0,0,0,0,0,0
com show_master_status,0,0,0,0,0,0,0,0,0,0,0,0,0,0,0,0,0,0,0,0,0,0,0,0,0,0,0,0,0,0,0,0,0,0,0,0,0,0,0,0,0,0,0,0,0,0,0,0,0,0,0,0,0
com show_open_tables,0,0,0,0,0,0,0,0,0,0,0,0,0,0,0,0,0,0,0,0,0,0,0,0,0,0,0,0,0,0,0,0,0,0,0,0,0,0,0,0,0,0,0,0,0,0,0,0,0,0,0,0,0
com show_plugins,0,0,0,0,0,0,0,0,0,0,0,0,0,0,0,0,0,0,0,0,0,0,0,0,0,0,0,0,0,0,0,0,0,0,0,0,0,0,0,0,0,0,0,0,0,0,0,0,0,0,0,0,0
com show_privileges,0,0,0,0,0,0,0,0,0,0,0,0,0,0,0,0,0,0,0,0,0,0,0,0,0,0,0,0,0,0,0,0,0,0,0,0,0,0,0,0,0,0,0,0,0,0,0,0,0,0,0,0,0
com show_procedure_code,0,0,0,0,0,0,0,0,0,0,0,0,0,0,0,0,0,0,0,0,0,0,0,0,0,0,0,0,0,0,0,0,0,0,0,0,0,0,0,0,0,0,0,0,0,0,0,0,0,0,0,0,0
com show_procedure_status,0,0,0,0,0,0,0,0,0,0,0,0,0,0,0,0,0,0,0,0,0,0,0,0,0,0,0,0,0,0,0,0,0,0,0,0,0,0,0,0,0,0,0,0,0,0,0,0,0,0,0,0,0
com show_processlist,0,0,0,0,0,0,0,0,0,0,0,0,0,0,0,0,0,0,0,0,0,0,0,0,0,0,0,0,0,0,0.11104941699056078,0.12525050100200402,0.11130899376669634,0.11111111111111112,0,0,0,0,0,0,0,0,0,0,0,0,0,0,0,0,0,0,0
com show_profile,0,0,0,0,0,0,0,0,0,0,0,0,0,0,0,0,0,0,0,0,0,0,0,0,0,0,0,0,0,0,0,0,0,0,0,0,0,0,0,0,0,0,0,0,0,0,0,0,0,0,0,0,0
com show_profiles,0,0,0,0,0,0,0,0,0,0,0,0,0,0,0,0,0,0,0,0,0,0,0,0,0,0,0,0,0,0,0,0,0,0,0,0,0,0,0,0,0,0,0,0,0,0,0,0,0,0,0,0,0
com show_relaylog_events,0,0,0,0,0,0,0,0,0,0,0,0,0,0,0,0,0,0,0,0,0,0,0,0,0,0,0,0,0,0,0,0,0,0,0,0,0,0,0,0,0,0,0,0,0,0,0,0,0,0,0,0,0
com show_slave_hosts,0,0,0,0,0,0,0,0,0,0,0,0,0,0,0,0,0,0,0,0,0,0,0,0,0,0,0,0,0,0,0,0,0,0,0,0,0,0,0,0,0,0,0,0,0,0,0,0,0,0,0,0,0
com show_slave_status,1,1,1,1,1,1,0.888888888888889,1,1,0.8622,0.7621999999999999,0.9981146722856826,1,0.8788666666666666,0.7822,0.6872,0.5955333333333332,0.5122,0.2,0.2,0.16414038657171923,1.001201441730076,1.001201441730076,1.0012873694750395,1.0031347962382446,1.0031347962382446,0.45,0.45,0.45,0.48982723918148274,0.999444752915047,1.0020040080160322,1.001780943900267,1,0.4,0.4,0.4,0.4,0.4,0.3647177419354838,0.2622,0.16219999999999998,0.4602409638554216,0.34164926931106476,0.44032921810699593,0.4,0.4,0.4,0.4,0.4,0.37119341563786,0.13552083333333334,0.16219999999999998
com show_status,1,1,1,1,1,1,1,1,1,0.8622,0.7621999999999999,0.9981146722856826,1,0.8788666666666666,0.7822,0.6872,0.5955333333333332,0.5122,0.2,0.2,0.16414038657171923,1.001201441730076,1.001201441730076,1.0012873694750395,1.0031347962382446,1.0031347962382446,0.45,0.45,0.45,0.48982723918148274,0.999444752915047,1.0020040080160322,1.001780943900267,1,0.4,0.4,0.4,0.4,0.4,0.3647177419354838,0.2622,0.16219999999999998,0.2301204819277108,0.34164926931106476,0.44032921810699593,0.4,0.4,0.4,0.4,0.4,0.37119341563786,0.2710416666666667,0.16219999999999998
com show_storage_engines,0,0,0,0,0,0,0,0,0,0,0,0,0,0,0,0,0,0,0,0,0,0,0,0,0,0,0,0,0,0,0,0,0,0,0,0,0,0,0,0,0,0,0,0,0,0,0,0,0,0,0,0,0
com show_table_statistics,0,0,0,0,0,0,0,0,0,0,0,0,0,0,0,0,0,0,0,0,0,0,0,0,0,0,0,0,0,0,0,0,0,0,0,0,0,0,0,0,0,0,0,0,0,0,0,0,0,0,0,0,0
com show_table_status,0,0,0,0,0,0,0,0,0,0,0,0,0,0,0,0,0,0,0,0,0,0,0,0,0,0,0,0,0,0,0,0,0,0,0,0,0,0,0,0,0,0,0,0,0,0,0,0,0,0,0,0,0
com show_tables,0,0,0,0,0,0,0,0,0,0,0,0,0,0,0,0,0,0,0,0,0,0,0,0,0,0,0,0,0,0,0,0,0,0,0,0,0,0,0,0,0,0,0,0,0,0,0,0,0,0,0,0,0
com show_thread_statistics,0,0,0,0,0,0,0,0,0,0,0,0,0,0,0,0,0,0,0,0,0,0,0,0,0,0,0,0,0,0,0,0,0,0,0,0,0,0,0,0,0,0,0,0,0,0,0,0,0,0,0,0,0
com show_triggers,0,0,0,0,0,0,0,0,0,0,0,0,0,0,0,0,0,0,0,0,0,0,0,0,0,0,0,0,0,0,0,0,0,0,0,0,0,0,0,0,0,0,0,0,0,0,0,0,0,0,0,0,0
com show_user_statistics,0,0,0,0,0,0,0,0,0,0,0,0,0,0,0,0,0,0,0,0,0,0,0,0,0,0,0,0,0,0,0,0,0,0,0,0,0,0,0,0,0,0,0,0,0,0,0,0,0,0,0,0,0
com show_variables,1.1111111111111112,1,0.888888888888889,1,1,1,0.888888888888889,1.1111111111111112,1,0.754425,0.7621999999999999,1.1090163025396473,1,0.8788666666666666,0.6704571428571429,0.6872,0.4764266666666666,0.5122,0,0,0,1.001201441730076,1.001201441730076,1.0012873694750395,1.0031347962382446,1.0031347962382446,0.45,0.45,0.45,0.48982723918148274,0.999444752915047,1.1272545090180361,1.1130899376669634,1.1111111111111112,0.5333333333333333,0.5333333333333333,0.5333333333333333,0.5333333333333333,0.5333333333333333,0.4862903225806451,0.2622,0.16219999999999998,0,0.17082463465553238,0.44032921810699593,0.4,0.4,0.4,0.4,0.4,0.37119341563786,0.4065625,0.32439999999999997
com show_warnings,0,0,0,0,0,0,0,0,0,0,0,0,0,0,0,0,0,0,0,0,0,0,0,0,0,0,0,0,0,0,0,0,0,0,0,0,0,0,0,0,0,0,0,0,0,0,0,0,0,0,0,0,0
com shutdown,0,0,0,0,0,0,0,0,0,0,0,0,0,0,0,0,0,0,0,0,0,0,0,0,0,0,0,0,0,0,0,0,0,0,0,0,0,0,0,0,0,0,0,0,0,0,0,0,0,0,0,0,0
com signal,0,0,0,0,0,0,0,0,0,0,0,0,0,0,0,0,0,0,0,0,0,0,0,0,0,0,0,0,0,0,0,0,0,0,0,0,0,0,0,0,0,0,0,0,0,0,0,0,0,0,0,0,0
com slave_start,0,0,0,0,0,0,0,0,0,0,0,0,0,0,0,0,0,0,0,0,0,0,0,0,0,0,0,0,0,0,0,0,0,0,0,0,0,0,0,0,0,0,0,0,0,0,0,0,0,0,0,0,0
com slave_stop,0,0,0,0,0,0,0,0,0,0,0,0,0,0,0,0,0,0,0,0,0,0,0,0,0,0,0,0,0,0,0,0,0,0,0,0,0,0,0,0,0,0,0,0,0,0,0,0,0,0,0,0,0
com stmt_close,1.1111111111111112,1,1.1111111111111112,1,1,1,0.888888888888889,1,1,0.754425,0.7621999999999999,0.9981146722856826,1,0.8788666666666666,0.6704571428571429,0.6872,0.4764266666666666,0.5122,0,0,0,1.001201441730076,1.001201441730076,1.0012873694750395,1.0031347962382446,1.0031347962382446,0.45,0.45,0.45,0.48982723918148274,0.999444752915047,1.0020040080160322,1.1130899376669634,1.1111111111111112,0.5333333333333333,0.5333333333333333,0.5333333333333333,0.5333333333333333,0.5333333333333333,0.4862903225806451,0.3933,0.16219999999999998,0.4602409638554216,0.34164926931106476,0.5871056241426612,0.5333333333333333,0.5333333333333333,0.5333333333333333,0.5333333333333333,0.5333333333333333,0.49492455418381337,0.2710416666666667,0.32439999999999997
com stmt_execute,1.1111111111111112,1,1.1111111111111112,1,1,1,0.888888888888889,1,1,0.754425,0.7621999999999999,0.9981146722856826,1,0.8788666666666666,0.6704571428571429,0.6872,0.4764266666666666,0.5122,0,0,0,1.001201441730076,1.001201441730076,1.0012873694750395,1.0031347962382446,1.0031347962382446,0.45,0.45,0.45,0.48982723918148274,0.999444752915047,1.0020040080160322,1.1130899376669634,1.1111111111111112,0.5333333333333333,0.5333333333333333,0.5333333333333333,0.5333333333333333,0.5333333333333333,0.4862903225806451,0.3933,0.16219999999999998,0.4602409638554216,0.34164926931106476,0.5871056241426612,0.5333333333333333,0.5333333333333333,0.5333333333333333,0.5333333333333333,0.5333333333333333,0.49492455418381337,0.2710416666666667,0.32439999999999997
com stmt_fetch,0,0,0,0,0,0,0,0,0,0,0,0,0,0,0,0,0,0,0,0,0,0,0,0,0,0,0,0,0,0,0,0,0,0,0,0,0,0,0,0,0,0,0,0,0,0,0,0,0,0,0,0,0
com stmt_prepare,1.1111111111111112,1,1.1111111111111112,1,1,1,0.888888888888889,1,1,0.754425,0.7621999999999999,0.9981146722856826,1,0.8788666666666666,0.6704571428571429,0.6872,0.4764266666666666,0.5122,0,0,0,1.001201441730076,1.001201441730076,1.0012873694750395,1.0031347962382446,1.0031347962382446,0.45,0.45,0.45,0.48982723918148274,0.999444752915047,1.0020040080160322,1.1130899376669634,1.1111111111111112,0.5333333333333333,0.5333333333333333,0.5333333333333333,0.5333333333333333,0.5333333333333333,0.4862903225806451,0.3933,0.16219999999999998,0.4602409638554216,0.34164926931106476,0.5871056241426612,0.5333333333333333,0.5333333333333333,0.5333333333333333,0.5333333333333333,0.5333333333333333,0.49492455418381337,0.2710416666666667,0.32439999999999997
com stmt_reprepare,0,0,0,0,0,0,0,0,0,0,0,0,0,0,0,0,0,0,0,0,0,0,0,0,0,0,0,0,0,0,0,0,0,0,0,0,0,0,0,0,0,0,0,0,0,0,0,0,0,0,0,0,0
com stmt_reset,0,0,0,0,0,0,0,0,0,0,0,0,0,0,0,0,0,0,0,0,0,0,0,0,0,0,0,0,0,0,0,0,0,0,0,0,0,0,0,0,0,0,0,0,0,0,0,0,0,0,0,0,0
com stmt_send_long_data,0,0,0,0,0,0,0,0,0,0,0,0,0,0,0,0,0,0,0,0,0,0,0,0,0,0,0,0,0,0,0,0,0,0,0,0,0,0,0,0,0,0,0,0,0,0,0,0,0,0,0,0,0
com truncate,0,0,0,0,0,0,0,0,0,0,0,0,0,0,0,0,0,0,0,0,0,0,0,0,0,0,0,0,0,0,0,0,0,0,0,0,0,0,0,0,0,0,0,0,0,0,0,0,0,0,0,0,0
com uninstall_plugin,0,0,0,0,0,0,0,0,0,0,0,0,0,0,0,0,0,0,0,0,0,0,0,0,0,0,0,0,0,0,0,0,0,0,0,0,0,0,0,0,0,0,0,0,0,0,0,0,0,0,0,0,0
com unlock_binlog,0,0,0,0,0,0,0,0,0,0,0,0,0,0,0,0,0,0,0,0,0,0,0,0,0,0,0,0,0,0,0,0,0,0,0,0,0,0,0,0,0,0,0,0,0,0,0,0,0,0,0,0,0
com unlock_tables,0,0,0,0,0,0,0,0,0,0,0,0,0,0,0,0,0,0,0,0,0,0,0,0,0,0,0,0,0,0,0,0,0,0,0,0,0,0,0,0,0,0,0,0,0,0,0,0,0,0,0,0,0
com update,0,0,19,45,77.77777777777779,115.77777777777779,151.66666666666669,179,211.33333333333334,204.98805,207.10062857142856,287.90063213929244,292.22222222222223,256.51920833333327,222.7035142857143,191.27066666666667,169.6078933333333,145.08065,53.6,53.6,43.98962360122076,263.91670004004806,263.91670004004806,266.6285223859248,265.705329153605,265.705329153605,120.15,120.15,120.15,130.7838728614559,264.63076068850637,261.3977955911824,254.34105075690113,263.22222222222223,104.93333333333332,104.93333333333332,104.93333333333332,104.93333333333332,104.93333333333332,95.67762096774193,70.4007,54.9858,49.245783132530114,73.79624217118999,99.36762688614542,90.26666666666667,90.26666666666667,90.26666666666667,90.26666666666667,90.26666666666667,83.76598079561042,62.74614583333333,39.739
com update_multi,0,0,0,0,0,0,0,0,0,0,0,0,0,0,0,0,0,0,0,0,0,0,0,0,0,0,0,0,0,0,0,0,0,0,0,0,0,0,0,0,0,0,0,0,0,0,0,0,0,0,0,0,0
com xa_commit,0,0,0,0,0,0,0,0,0,0,0,0,0,0,0,0,0,0,0,0,0,0,0,0,0,0,0,0,0,0,0,0,0,0,0,0,0,0,0,0,0,0,0,0,0,0,0,0,0,0,0,0,0
com xa_end,0,0,0,0,0,0,0,0,0,0,0,0,0,0,0,0,0,0,0,0,0,0,0,0,0,0,0,0,0,0,0,0,0,0,0,0,0,0,0,0,0,0,0,0,0,0,0,0,0,0,0,0,0
com xa_prepare,0,0,0,0,0,0,0,0,0,0,0,0,0,0,0,0,0,0,0,0,0,0,0,0,0,0,0,0,0,0,0,0,0,0,0,0,0,0,0,0,0,0,0,0,0,0,0,0,0,0,0,0,0
com xa_recover,0,0,0,0,0,0,0,0,0,0,0,0,0,0,0,0,0,0,0,0,0,0,0,0,0,0,0,0,0,0,0,0,0,0,0,0,0,0,0,0,0,0,0,0,0,0,0,0,0,0,0,0,0
com xa_rollback,0,0,0,0,0,0,0,0,0,0,0,0,0,0,0,0,0,0,0,0,0,0,0,0,0,0,0,0,0,0,0,0,0,0,0,0,0,0,0,0,0,0,0,0,0,0,0,0,0,0,0,0,0
com xa_start,0,0,0,0,0,0,0,0,0,0,0,0,0,0,0,0,0,0,0,0,0,0,0,0,0,0,0,0,0,0,0,0,0,0,0,0,0,0,0,0,0,0,0,0,0,0,0,0,0,0,0,0,0
handler delete,0,0,0,0,0,2.2222222222222223,4.444444444444445,5.555555555555555,6.666666666666667,6.466499999999999,6.533142857142856,12.088277697682155,14.444444444444446,14.281583333333334,12.291714285714287,10.308,9.528533333333332,8.9635,4.2,4.2,3.446948118006104,8.009611533840609,8.009611533840609,10.012873694750393,10.031347962382446,10.031347962382446,6,6,6,6.531029855753102,13.770127706829538,13.777555110220442,12.243989314336599,14.444444444444446,6.133333333333333,6.133333333333333,6.133333333333333,6.133333333333333,6.133333333333333,5.592338709677419,3.933,4.866,0,0,1.7613168724279837,1.6,1.6,1.6,1.6,1.6,1.48477366255144,1.62625,1.9464
handler discover,0,0,0,0,0,0,0,0,0,0,0,0,0,0,0,0,0,0,0,0,0,0,0,0,0,0,0,0,0,0,0,0,0,0,0,0,0,0,0,0,0,0,0,0,0,0,0,0,0,0,0,0,0
handler external_lock,122.44444444444446,115.77777777777779,453.11111111111114,925.5555555555557,1481.5555555555557,2068.4444444444443,2625.777777777778,3060.1111111111113,3565.3333333333335,3441.9024,3470.1877142857143,4782.300099811468,4789.333333333334,4170.222333333333,3639.0178857142855,3139.1295999999998,2790.3118799999997,2402.9863,868.4,868.4,712.6975584944049,4292.150580696836,4292.150580696836,4309.254756115005,4276.489028213166,4276.489028213166,1900.5,1900.5,1900.5,2068.703706809795,4378.23431426985,4306.613226452906,4210.485307212823,4327.555555555556,1625.6,1625.6,1625.6,1625.6,1625.6,1482.2129032258063,1119.9873,827.2199999999999,943.0337349397589,1299.6338204592903,1751.3360768175585,1590.9333333333332,1590.9333333333332,1590.9333333333332,1590.9333333333332,1590.9333333333332,1476.3599451303153,1061.6702083333334,701.3527999999999
handler mrr_init,0,0,0,0,0,0,0,0,0,0,0,0,0,0,0,0,0,0,0,0,0,0,0,0,0,0,0,0,0,0,0,0,0,0,0,0,0,0,0,0,0,0,0,0,0,0,0,0,0,0,0,0,0
handler read_first,2.2222222222222223,2,2.111111111111111,2.2222222222222223,1.8888888888888888,2.111111111111111,1.777777777777778,2.111111111111111,2,1.6166249999999998,1.5243999999999998,1.8853277143174005,2,1.8675916666666665,1.5644,1.6034666666666666,1.3101733333333332,1.15245,0.6,0.6,0.49242115971515765,2.002402883460152,2.002402883460152,2.002574738950079,2.0062695924764893,2.0062695924764893,0.9,0.9,0.9,0.9796544783629655,1.998889505830094,2.0040080160320644,2.1148708815672306,2.2222222222222223,1.0666666666666667,1.0666666666666667,1.0666666666666667,1.0666666666666667,1.0666666666666667,0.9725806451612902,0.7866,0.4866,0.6903614457831324,0.5124739039665971,1.027434842249657,0.9333333333333332,0.9333333333333332,0.9333333333333332,0.9333333333333332,0.9333333333333332,0.8661179698216734,0.5420833333333334,0.6487999999999999
handler read_key,211.33333333333334,191,251.11111111111114,378.44444444444446,508,675.6666666666667,781.1111111111111,917.8888888888889,1011.5555555555557,941.0913,949.7011999999999,1396.584229788178,1446.3333333333335,1260.8440916666666,1112.7353714285714,989.2244000000001,881.1511199999999,814.6541,316,316,259.3418107833164,1281.7380857028434,1281.7380857028434,1309.5408382205694,1311.473354231975,1311.473354231975,608.7,608.7,608.7,662.5729788661523,1303.8312048861742,1255.5110220440881,1323.5752448797862,1320.6666666666667,560.4,560.4,560.4,560.4,560.4,510.9695564516129,415.06260000000003,210.6978,438.14939759036145,490.2667014613779,623.6529492455419,566.5333333333333,566.5333333333333,566.5333333333333,566.5333333333333,566.5333333333333,525.7336076817558,317.7963541666667,223.67379999999997
handler read_last,0,0,0,0,0,0,0,0,0,0,0,0,0,0,0,0,0,0,0,0,0,0,0,0,0,0,0,0,0,0,0,0,0,0,0,0,0,0,0,0,0,0,0,0,0,0,0,0,0,0,0,0,0
handler read_next,0,0,2.2222222222222223,29.444444444444446,104.66666666666667,179.88888888888889,271.55555555555554,326.8888888888889,399.55555555555554,387.5589,391.5530285714285,729.621825440834,802.7777777777778,719.3523666666666,656.0423142857143,577.9352,541.6971199999999,498.62669999999997,178.2,178.2,146.24908443540184,604.1249499399279,604.1249499399279,668.8599628093264,683.5109717868339,683.5109717868339,365.1,365.1,365.1,397.41316672257636,690.3942254303164,647.7955911823648,706.2555654496883,689.8888888888889,323.46666666666664,323.46666666666664,323.46666666666664,323.46666666666664,323.46666666666664,294.9350806451613,237.55319999999998,103.64579999999998,211.02048192771082,228.73418580375784,267.5733882030178,243.06666666666666,243.06666666666666,243.06666666666666,243.06666666666666,243.06666666666666,225.56186556927295,122.78187499999999,78.5048
handler read_prev,0,0,0,0,0,0,0,0,0,0,0,0,0,0,0,0,0,0,0,0,0,0,0,0,0,0,0,0,0,0,0,0,0,0,0,0,0,0,0,0,0,0,0,0,0,0,0,0,0,0,0,0,0
handler read_rnd,100,90,90,100,80,100,80,100,90,67.89824999999999,68.59799999999998,79.8491737828546,90,88.98525,70.398,72.15599999999999,53.59799999999999,57.6225,36,36,29.545269582909462,90.10812975570686,90.10812975570686,90.11586325275354,90.28213166144201,90.28213166144201,40.5,40.5,40.5,44.084451526333446,89.95002776235424,90.1803607214429,90.16028495102404,100,48,48,48,48,48,43.766129032258064,35.397,29.195999999999998,41.421686746987945,30.748434237995827,52.83950617283951,48,48,48,48,48,44.5432098765432,24.39375,29.195999999999998
handler read_rnd_next,3828,3556,3520.666666666667,3529.7777777777783,3441.5555555555557,3601,3262.888888888889,3703.4444444444443,3529.2222222222226,2828.339325,2735.753571428571,3627.9250304979482,3552.111111111111,3158.756658333333,2535.1102,2486.1750666666667,1923.9299866666665,1818.9502499999999,386.6,386.6,317.2833672431333,3575.2903484181015,3575.2903484181015,3590.616506937492,3583.824451410658,3583.824451410658,1608.9,1608.9,1608.9,1751.2956558201945,3573.5702387562465,3752.880761523046,3775.0445235975067,3844.666666666667,1753.0666666666664,1753.0666666666664,1753.0666666666664,1753.0666666666664,1753.0666666666664,1598.4362903225806,1064.2698,675.7252,781.489156626506,945.5143528183717,1712.5871056241426,1555.7333333333331,1555.7333333333331,1555.7333333333331,1555.7333333333331,1555.7333333333331,1443.6949245541837,1121.0283333333332,994.7725999999999
handler update,0,0,19.22222222222222,46.22222222222222,79.55555555555556,136.77777777777777,192.55555555555557,231.33333333333334,285.44444444444446,276.87397500000003,279.7274,425.9731618054785,451.33333333333337,413.28705,362.82905714285715,314.394,285.37957333333327,244.44744999999998,92.8,92.8,76.16113936927772,393.2719263115739,393.2719263115739,414.81905306823063,414.7962382445141,414.7962382445141,201.6,201.6,201.6,219.44260315330425,434.3142698500833,425.97695390781564,401.71415850400706,424.44444444444446,167.06666666666666,167.06666666666666,167.06666666666666,167.06666666666666,167.06666666666666,152.33044354838708,108.41969999999999,100.4018,53.848192771084335,77.21273486430063,118.59533607681757,107.73333333333332,107.73333333333332,107.73333333333332,107.73333333333332,107.73333333333332,99.9747599451303,77.78895833333334,57.7432
handler write,1260.6666666666667,1190,1235.6666666666667,1452.5555555555557,1633,1822.3333333333335,1931.6666666666667,2204,2299.222222222222,2037.8096999999998,1995.8751428571427,2745.813463457913,2682.1111111111113,2340.421933333333,1993.1573428571428,1792.1030666666666,1501.5777466666664,1351.9519,388,388,318.4323499491353,2532.0384461353624,2532.0384461353624,2532.255757402375,2525.0156739811914,2525.0156739811914,1123.8,1123.8,1123.8,1223.261891982556,2543.1426985008325,2598.5721442885774,2565.2270703472836,2597.888888888889,1062.9333333333332,1062.9333333333332,1062.9333333333332,1062.9333333333332,1062.9333333333332,969.1766129032258,664.4148,449.13179999999994,440.45060240963846,717.2926409185804,1077.485596707819,978.8,978.8,978.8,978.8,978.8,908.3102880658435,735.4715625,509.63239999999996
handler total commit,0,0,79.22222222222223,191,323.8888888888889,463.6666666666667,599.5555555555555,700.3333333333334,821.1111111111111,796.45725,804.6654285714285,1110.125318842187,1113,969.0603583333332,845.1112285714286,726.1413333333333,647.1065199999999,556.5053,202.6,202.6,166.27421159715158,989.9879855826991,989.9879855826991,992.5618652553283,985.3291536050158,985.3291536050158,437.1,437.1,437.1,475.7855249916136,1006.5519156024429,989.9799599198398,965.7168299198574,993.7777777777777,372.5333333333333,372.5333333333333,372.5333333333333,372.5333333333333,372.5333333333333,339.6737903225806,256.82489999999996,192.5314,214.24216867469877,298.94311064718164,400.2592592592593,363.6,363.6,363.6,363.6,363.6,337.4148148148148,243.39541666666668,158.4694
handler total prepare,0,0,0,0,0,0,0,0,0,0,0,0,0,0,0,0,0,0,0,0,0,0,0,0,0,0,0,0,0,0,0,0,0,0,0,0,0,0,0,0,0,0,0,0,0,0,0,0,0,0,0,0,0
handler total rollback,0,0,0.6666666666666667,1.3333333333333335,2,2,2.2222222222222223,2.2222222222222223,2.4444444444444446,2.37105,2.395485714285714,4.879671731174448,4.666666666666667,3.9549,4.022742857142857,3.8941333333333334,4.049626666666667,4.0976,0.8,0.8,0.6565615462868769,7.609130957148578,7.609130957148578,6.865970533543129,7.021943573667713,7.021943573667713,2.7,2.7,2.7,2.9389634350888967,8.43975569128262,9.01803607214429,8.459483526268922,8,1.8666666666666665,1.8666666666666665,1.8666666666666665,1.8666666666666665,1.8666666666666665,1.702016129032258,1.0488,0.6487999999999999,2.7614457831325296,2.0498956158663884,2.935528120713306,2.6666666666666665,2.6666666666666665,2.6666666666666665,2.6666666666666665,2.6666666666666665,2.474622770919067,1.0841666666666667,1.2975999999999999
handler total savepoint,0,0,0,0,0,0,0,0,0,0,0,0,0,0,0,0,0,0,0,0,0,0,0,0,0,0,0,0,0,0,0,0,0,0,0,0,0,0,0,0,0,0,0,0,0,0,0,0,0,0,0,0,0
handler total savepoint_rollback,0,0,0,0,0,0,0,0,0,0,0,0,0,0,0,0,0,0,0,0,0,0,0,0,0,0,0,0,0,0,0,0,0,0,0,0,0,0,0,0,0,0,0,0,0,0,0,0,0,0,0,0,0
cpu System,99.47222222222081,99.36111111111232,99.08333333333101,98.80555555555475,98.52777777777848,98.19444444444294,98.02777777777769,97.80555555555819,97.50000000000605,97.19444444444636,97.05555555555698,97.0555555555595,97.13888888888707,97.2222222222197,97.30555555555485,97.5495906250003,97.30555555555485,97.30555555555233,97.58694866071583,97.306154187955,97.36111111110657,97.33333333333323,97.33333333333576,97.33333333333071,97.50893214285684,97.2222222222197,97.277777777779,97.5847110215063,97.24938875305938,97.4932593750042,97.27868488281553,97.22222222221717,97.19444444444636,97.19444444444385,97.16666666666798,97.13888888888707,97.05555555555698,97.35983794642775,97.22742439390277,96.94342558630807,97.00000000000273,97.05555555555698,97.05555555555443,97.0000000000002,96.97222222222182,97.05555555555192,97.65714285714108,97.08236078692846,97.11111111111121,97.08333333333535,97.02777777777605,97.30306026785766,97.1388888888896,97.19444444444636,97.0555555555595,97.57916666666954,97.0836573714052,97.0277777777786,97.05555555555443,97.08333333333283,97.60833333333153,97.62893095237916,96.94580186583892,96.7222222222214,96.22403713892534,95.49849949983106,95.22222222222152,94.91666666666434,95.06592916666594,94.92838906354133,94.86666666666603,94.33270363373467,94.66666666666393,95.08333333333212,95.16827724092029,95.1111111111105,94.97222222222616,95.44241685421191,94.94332073794006,95.60000000000011,95.5910783192798,95.82142083333514,96.33207000000196,97.02152004628527,97.65908333333394,98.34284999999808,98.94317499999981,96.6144966144959,99.45235872855864,99.17796961326212,98.83669759277713,98.65944860310893,98.41321228210856,98.10748935903698,98.10416666666507,97.56539991419011,97.24724724724786,97.22222222222221,97.16666666666546,97.16666666666798,97.02777777777605,97.24628258928499,96.91769410196945,97.08431830356957,96.77777777777818,96.83333333333243,97.10433839285591,96.91666666666505,96.91666666666505,97.18872708333197,97.2252394126983,97.08236078692595,97.08333333333789,97.36084583333573,96.94546262356891,96.8584892189058,97.41884049692958,96.8343885371559,96.78124999999511,96.72222222221889,96.58333333333708
cpu User,3.9444444444496995,4.250000000001819,4.8611111111161645,5.44444444444202,5.9722222222212125,6.666666666670709,7.222222222228286,7.638888888893942,8.361111111121824,8.94444444444768,9.166666666669698,9.055555555556163,8.972222222226062,9.055555555556161,8.972222222226064,8.111699999997747,9.2499999999998,9.027777777772727,8.204374553564612,9.41457453899477,9.527777777778587,9.694444444438785,9.583333333330302,9.777777777773938,8.831967857139974,9.6666666666604,9.749999999995554,8.537765691409984,9.502111580336232,8.534184374991598,9.524602910141873,10.111111111119598,9.972222222222626,10.111111111109494,10.250000000001416,10.333333333331513,10.527777777785255,9.680594196438486,9.845472560440378,10.83694564855356,10.194444444434541,10.138888888897984,10.055555555562831,10.194444444444645,10.194444444454751,10.00000000000101,7.799999999998752,9.753251083685061,9.583333333335355,9.666666666670508,9.888888888882422,8.99926205356647,9.861111111114143,10.055555555547674,10.222222222223031,8.458333333342884,10.165537162547196,10.250000000001416,10.194444444439595,9.916666666660806,7.962499999993419,7.893924999993479,10.162150155491098,11.33333333332808,12.987023779742831,16.005335111699452,18.805555555551713,22.22222222222222,21.94514062500417,26.97174907115962,27.299999999996395,29.197688632065784,28.16666666666505,27.94444444444303,27.99066977673583,27.833333333334547,27.722222222221017,23.863618583223207,27.64503222937622,25.142857142849866,25.19383817553733,24.31173333332717,21.586669999995404,18.623337815857788,15.383166666655715,11.562387499992052,7.649399999974735,13.625263625273318,1.8420660948576681,2.765011300859823,3.689330491482403,4.551639626662935,5.3890903626560425,6.347189534297002,6.358333333328877,8.634337513629347,9.565120676228146,9.750000000000608,9.999999999995959,10.111111111109494,10.333333333331515,9.595427678569155,10.774186382324883,9.737810714282007,10.861111111110707,10.916666666667476,9.907704910708501,10.500000000001819,10.583333333326866,9.696022916664369,9.783176503689093,10.50350116705245,10.583333333347076,9.581277083344187,10.440964123075744,10.745394830787584,8.828738754820003,10.690880817506287,10.49999999999045,10.583333333326864,10.944444444440807
cpu Iowait,0.11111111111101006,0.22222222222202012,0.27777777777752516,0.3611111111120459,0.4166666666662877,0.49999999999954525,0.6111111111118185,0.6388888888889395,0.7500000000001075,0.7500000000001075,0.6944444444452339,0.6666666666668498,0.6111111111107131,0.6111111111113448,0.5555555555552082,0.42248437499913544,0.47222222222195065,0.4166666666675509,0.39744375000028404,0.41657409464525536,0.44444444444530345,0.44444444444404024,0.4166666666662877,0.44444444444467185,0.4246138392866153,0.47222222222305593,0.4722222222217928,0.4212713334579814,0.4723271838181968,0.42248437499897534,0.4998333888707111,0.49999999999986106,0.47222222222274013,0.4722222222221085,0.47222222222274013,0.47222222222274013,0.44444444444498765,0.3974437500006068,0.39608222944308324,0.4445926419915286,0.4166666666675509,0.4722222222224244,0.4722222222224244,0.44444444444340864,0.44444444444340864,0.44444444444467185,0.342857142856831,0.47237968211583137,0.4722222222217928,0.49999999999891365,0.44444444444404024,0.39744374999963855,0.47222222222305593,0.44444444444467185,0.4722222222224244,0.3500000000003449,0.4166203755134529,0.4166666666669193,0.4166666666675509,0.44444444444467185,0.3499999999996816,0.3469857142853987,0.44424700133296835,0.7500000000002653,0.8009618190163617,0.8891852839843207,0.9444444444451645,0.9722222222216538,0.946653124999465,1.0373749642748915,1.0499999999993768,1.0556728525385264,0.6944444444431813,0.7777777777777021,0.8052871265126521,0.8055555555548229,0.8611111111117491,0.7926231557896745,0.8335185596805923,0.8000000000007341,0.8016221237680643,0.818183333334084,0.6313649999995965,0.5016387290472198,0.40130000000058547,0.26363749999976027,0.10064999999990845,0.5550005550006811,0.09957114026227071,0.18682508789451036,0.2658976930782401,0.31175613881133535,0.35927269084251084,0.4076176765144014,0.40833333333296196,0.5095674598204065,0.5839172505835443,0.5833333333329607,0.5277777777787188,0.5000000000009663,0.5277777777788767,0.4826102678583176,0.5553704320780067,0.5095366071427155,0.5555555555553661,0.5000000000003347,0.45422142857182224,0.4999999999990715,0.527777777776824,0.45898333333226365,0.4862982472602476,0.5001667222409238,0.5000000000001769,0.45898333333356817,0.555370432077691,0.6068827645297471,0.4986330858205761,0.5553704320789538,0.49999999999954525,0.49999999999891365,0.5277777777772978
cpu Total,92.38888888891476,91.9722222225068,90.83333333385075,89.58333333268659,88.7499999992239,87.30555555537447,86.30555555573666,85.5000000000776,84.13888888963912,82.99999999904281,82.47222222142025,82.55555555547794,82.77777777790713,82.83333333351443,83.19444444496185,74.94872812528854,83.13888888870781,83.33333333268658,75.74142321476162,83.31481892977347,83.13888888870781,83.05555555529686,83.16666666715821,83.19444444366836,75.2132647323274,82.77777777855388,82.77777777790713,74.19992419959071,82.54612135955189,74.46991249984261,82.83349994466984,82.08333333281594,81.86111111168024,81.55555555584012,81.69444444356486,81.4722222224292,81.19444444503947,73.64064910830619,72.79425545328223,80.3601200398063,81.1666666672358,81.13888888878542,81.24999999935325,81.08333333382487,81.13888888878542,81.44444444397878,65.2000000008515,81.99955540803084,82.41666666710647,82.30555555589186,82.27777777744147,74.80459151812153,82.55555555547794,82.66666666669254,82.4444444449101,67.05416666731858,82.1297633591611,82.00000000005174,82.08333333281594,82.47222222271375,67.37500000027164,66.7947500002693,81.49155930787974,79.72222222144613,69.5692551381957,73.80237857078993,70.27777777726037,66.36111111082654,58.89329895774558,43.51211655603808,44.041666665580124,59.11767974033072,60.61111111064545,61.111111111111114,61.14628457250766,61.388888888500844,61.444444445401636,56.64424766908649,61.18026228120543,45.257142858712804,45.34890871755345,37.19812083463961,31.117275000280003,25.364108237690857,19.964675001463814,15.064999999999998,10.11532500121859,77.94982794876834,16.08073915227861,24.511451532972284,32.83836509646213,41.27651277872316,49.669449510064446,57.881710066128065,57.98333333436555,74.90641659356243,82.4991658329394,82.50000000116415,82.05555555501228,81.80555555477945,81.41666666682188,73.69742678494755,80.91747195286216,72.86373482206129,80.36111111222353,80.58333333335919,73.1012611600533,81.19444444503947,81.02777777757082,74.44135937486641,76.69209417089053,81.36045348521944,81.44444444462553,74.95771562467941,81.4173053428446,80.9296015990486,66.49418856182629,80.91747195415525,77.90624999979627,78.1388888892252,80.19444444410814
network receive eth0,795133.3333333334,794802.6666666667,1310716.4444444445,1827672,2330179.5555555555,2981915.5555555555,3466704.888888889,3920030.2222222225,4521495.111111111,5041897.777777778,5505199.111111111,5463236.444444445,5412248,5323897.777777778,5145893.333333334,4643959.9669,5156853.333333334,5016797.333333334,4512490.943871428,4982536.325261053,4978700.444444445,4990074.666666667,4979522.666666667,4979032,4513083.036114286,4988571.555555556,4997993.777777778,4497634.752525631,5002940.2089353185,4512377.3773,4989196.490058869,4996608,4980063.111111111,4991369.777777778,4971160,4967930.666666667,4991952.888888889,4536239.457042857,4528789.7261541765,4996426.36434367,4968905.777777778,4952610.666666667,4952984.888888889,5007152,5003096.888888889,4975723.555555556,3979160.685714286,4995861.731688341,4984760.888888889,5019335.111111111,5055096.888888889,4579913.755842857,4996376,5002764.444444445,4993569.777777778,4061401.866666667,4984381.290967671,5001341.333333334,4988333.333333334,4989756.444444445,4074839.0666666664,4039745.554704762,4995250.999555754,4998340.444444445,4559927.812596391,4987520.284539292,4996259.555555556,5003425.777777778,4590195.0122,4031658.671715728,4080724.666666667,4992737.859762195,4991172.444444445,4997791.111111111,4990014.883927579,4984750.222222222,4980870.222222222,4525361.882184831,4982611.246943765,3986460.3428571424,3994543.507944221,3498028.296,3000385.9815999996,2506050.6445834376,2000471.938933333,1504765.7172,979947.7248,4994508.602508603,997444.7370332998,1491635.4153691612,1971048.546439318,2478514.1773991482,2983805.6843598476,3474090.5182774165,3480190,4510966.54723707,4992193.08197086,4984528.888888889,4985745.777777778,4991011.555555556,4984880,4522224.000642857,4989265.800288793,4511262.291971428,4970547.555555556,4965065.777777778,4508253.966385714,4983608.888888889,4984941.333333334,4574898.933633333,4683345.50197991,4969525.841947315,4980304,4581716.672066666,4989618.571587249,4967525.917463943,4081468.3195659006,4984071.087415306,4843242,4851476.444444445,4987654.222222222
network receive lo,1541709.3333333335,1541711.1111111112,1542151.1111111112,1544267.5555555555,1545388.4444444445,1546618.6666666667,1547879.1111111112,1549727.1111111112,1550998.2222222222,1553768,1559259.5555555555,1560630.2222222222,1559983.1111111112,1561016.888888889,1563503.1111111112,1410408.318,1569172.4444444445,1574832.888888889,1431467.9308285713,1572759.8311486335,1575823.1111111112,1580856.888888889,1584703.1111111112,1589798.2222222222,1444207.0073714287,1595554.6666666667,1597482.6666666667,1443704.7234933735,1604537.0082240498,1448294.4635,1600329.6678884816,1598108.4444444445,1594656.888888889,1589049.7777777778,1587703.1111111112,1581817.7777777778,1578451.5555555555,1433041.3538571429,1444448.0649551898,1594763.5878626208,1591936.888888889,1587438.2222222222,1586543.1111111112,1582511.1111111112,1581909.3333333335,1578477.3333333335,1246826.9714285713,1565021.2292986552,1570398.2222222222,1577080,1583105.7777777778,1441982.2484571426,1587815.1111111112,1594594.6666666667,1600787.5555555555,1310904.9333333333,1606574.380624375,1603904.888888889,1604330.6666666667,1605664.888888889,1318584.4,1307228.4282285715,1613917.3700577521,1624426.6666666667,1498585.8326038932,1647217.5169500946,1653665.7777777778,1659810.6666666667,1528767.9171666666,1166373.6937220157,1180568.6666666667,1494917.213023669,1493389.3333333335,1498688,1490905.698100633,1483968,1478128.888888889,1500393.9645768586,1649288.2862858414,1315050.9714285713,1317717.4407235754,1147692.4110666667,970492.42752,804175.039979985,642710.3085333332,480086.59919999994,319999.36319999996,1645610.3896103897,320252.64984863775,484383.3483676544,637777.9522567702,791985.2950388375,947168.3189901824,1104968.1341011517,1106908.1333333333,1434572.3605913795,1584886.2195528862,1587414.2222222222,1589489.7777777778,1599303.1111111112,1613562.6666666667,1472133.4668857143,1631422.4147506387,1489750.9745428571,1642112.888888889,1640149.3333333335,1489411.1415857142,1452290.6666666667,1645749.3333333335,1506564.1394333332,1500697.625651286,1641318.6617761475,1648712.888888889,1516505.718433333,1678546.262356992,1928615.7361130943,1584608.5472626018,1677894.9239142507,1691929,1696854.2222222225,1702632
network transmit eth0,763069.3333333334,762834.6666666667,1281955.5555555555,1801901.3333333335,2317951.111111111,2959989.3333333335,3445363.555555556,3900990.2222222225,4506173.333333334,5074838.222222222,5642301.333333334,5650408,5624552,5585648.888888889,5501188.444444445,5005926.553400001,5681877.333333334,5647358.222222222,5109997.430528572,5644846.034214619,5672667.555555556,5740755.555555556,5793512,5765456,5197450.032214286,5742633.777777778,5703496,5123057.544348587,5710764.169815515,5145932.6928,5697947.795179384,5629729.777777778,5641439.111111111,5646335.111111111,5626814.222222222,5651837.333333334,5633637.333333334,5101000.212471428,5181585.749462634,5724585.528509503,5690525.333333334,5590921.777777778,5546057.777777778,5549214.222222222,5564816,5576246.222222222,4334513.371428571,5540767.81149272,5500030.222222222,5544375.111111111,5657936.888888889,5194617.974228571,5721908.444444445,5704537.777777778,5687384.888888889,4580702.933333334,5632019.553382957,5674788.444444445,5719095.111111111,5725785.777777778,4683615.999999999,4643279.552,5795075.966237228,5767414.222222222,5267750.129756993,5748020.895854173,5770830.222222222,5800660.444444445,5328880.952933333,4641776.233704868,4698267.466666667,5764761.417935325,5792056,5802253.333333334,5779476.174608463,5722454.222222222,5662014.222222222,5121248.723866681,5621820.849077573,4454733.714285715,4463766.376079544,3893589.5480000004,3326224.1980799995,2780180.1575681763,2238017.996,1687143.8123999997,1078397.9184,5776856.032856033,1188586.277295661,1749302.1852335508,2259099.771715145,2778295.88762215,3323486.0377960326,3877634.8131196797,3884442.8,5092811.961456639,5667669.447225003,5648382.222222222,5632068.444444445,5669896,5737480.888888889,5242276.703399999,5847717.427524159,5288820.589528571,5805873.777777778,5750188.444444445,5212843.154828572,5781730.666666667,5826181.333333334,5340295.868433333,5446808.57709141,5790481.271534956,5817061.333333334,5371159.7436999995,5842088.192824614,5837169.213194345,4795993.34063687,5876195.046095746,5664508,5675223.111111111,5806859.555555556
network transmit lo,1541709.3333333335,1541711.1111111112,1542151.1111111112,1544267.5555555555,1545388.4444444445,1546618.6666666667,1547879.1111111112,1549727.1111111112,1550998.2222222222,1553768,1559259.5555555555,1560630.2222222222,1559983.1111111112,1561016.888888889,1563503.1111111112,1410408.318,1569172.4444444445,1574832.888888889,1431467.9308285713,1572759.8311486335,1575823.1111111112,1580856.888888889,1584703.1111111112,1589798.2222222222,1444207.0073714287,1595554.6666666667,1597482.6666666667,1443704.7234933735,1604537.0082240498,1448294.4635,1600329.6678884816,1598108.4444444445,1594656.888888889,1589049.7777777778,1587703.1111111112,1581817.7777777778,1578451.5555555555,1433041.3538571429,1444448.0649551898,1594763.5878626208,1591936.888888889,1587438.2222222222,1586543.1111111112,1582511.1111111112,1581909.3333333335,1578477.3333333335,1246826.9714285713,1565021.2292986552,1570398.2222222222,1577080,1583105.7777777778,1441982.2484571426,1587815.1111111112,1594594.6666666667,1600787.5555555555,1310904.9333333333,1606574.380624375,1603904.888888889,1604330.6666666667,1605664.888888889,1318584.4,1307228.4282285715,1613917.3700577521,1624426.6666666667,1498585.8326038932,1647217.5169500946,1653665.7777777778,1659810.6666666667,1528767.9171666666,1166373.6937220157,1180568.6666666667,1494917.213023669,1493389.3333333335,1498688,1490905.698100633,1483968,1478128.888888889,1500393.9645768586,1649288.2862858414,1315050.9714285713,1317717.4407235754,1147692.4110666667,970492.42752,804175.039979985,642710.3085333332,480086.59919999994,319999.36319999996,1645610.3896103897,320252.64984863775,484383.3483676544,637777.9522567702,791985.2950388375,947168.3189901824,1104968.1341011517,1106908.1333333333,1434572.3605913795,1584886.2195528862,1587414.2222222222,1589489.7777777778,1599303.1111111112,1613562.6666666667,1472133.4668857143,1631422.4147506387,1489750.9745428571,1642112.888888889,1640149.3333333335,1489411.1415857142,1452290.6666666667,1645749.3333333335,1506564.1394333332,1500697.625651286,1641318.6617761475,1648712.888888889,1516505.718433333,1678546.262356992,1928615.7361130943,1584608.5472626018,1677894.9239142507,1691929,1696854.2222222225,1702632
Reads completed vda,3.3333333333333335,20.666666666666668,28,34.44444444444444,43.66666666666667,49.22222222222222,54.66666666666667,60.88888888888889,66.33333333333334,68.44444444444444,56,52,50.111111111111114,43.111111111111114,40.66666666666667,35.601350000000004,39,36,32.5903875,33.325927571650745,35.22222222222222,33.77777777777778,34.22222222222222,33,26.948825,27.888888888888893,30.111111111111114,28.3094336084021,31.895976883751946,26.9263375,27.10207708541597,25,27,27.666666666666668,27.444444444444446,24.11111111111111,22,18.509523214285714,21.7279394437105,23.34111370456819,23.444444444444446,20.666666666666668,18.77777777777778,19,24,23.444444444444446,16.914285714285715,21.56274313660109,20.333333333333336,20.11111111111111,20.666666666666668,18.73663392857143,21.22222222222222,15.333333333333334,15,10.383333333333335,15.553827352516388,15.222222222222223,17,16.555555555555557,12.833333333333332,12.722809523809524,19.88005330964016,21.11111111111111,16.70577508232254,19.117483605646328,20.444444444444446,19.11111111111111,18.474079166666666,11.872180146708583,12.016666666666667,14.001555728414266,12.555555555555555,13,11.996001332889037,12.11111111111111,12.11111111111111,10.417332904654735,10.780173371860414,8.457142857142857,8.474291022683191,7.597416666666668,6.49404,4.6401582436827615,2.675333333333333,1.05455,1.0065,20.424020424020423,1.3939959636730577,1.9429809141135106,4.786158475426278,4.863395765472314,6.107635744339811,6.7548072108162245,6.7666666666666675,7.133944437492178,8.23045267489712,8.11111111111111,7.666666666666667,6.444444444444445,7.555555555555555,6.3591,6.553371098522715,6.567360714285714,6.444444444444445,5.666666666666667,5.1099910714285715,6.111111111111112,4.888888888888889,3.5571208333333333,2.975001042057438,3.4455929754362566,3.7777777777777777,3.901358333333333,3.9986671109630123,3.427102670284164,2.815810366985578,6.331222925691436,8.75,8,8
Writes completed vda,15.777777777777777,13.11111111111111,33.77777777777778,70.66666666666667,110.22222222222221,152.77777777777777,200.77777777777777,220.44444444444443,244.22222222222223,263.44444444444446,292.6666666666667,287.55555555555554,271.55555555555554,252.66666666666669,235.8888888888889,187.92104999999998,194.44444444444446,191.11111111111111,174.76169464285712,180.8487002888247,182.33333333333334,176.66666666666669,179.33333333333334,173.88888888888889,175.05413214285713,184.33333333333334,199.55555555555557,175.36121374093523,203.6008001778173,188.2590375,210.3743196712207,197.44444444444446,196.77777777777777,191.88888888888889,196.44444444444446,179.33333333333334,184.44444444444446,157.72839107142858,156.16956475166924,175.61409358675115,186.66666666666669,187.66666666666669,188.22222222222223,188.66666666666669,193.33333333333334,195,159.54285714285714,203.40113371123707,198.77777777777777,200.44444444444446,202,181.91568214285715,193.88888888888889,189.77777777777777,186.44444444444446,145.13333333333335,181.09098989001222,186,179.22222222222223,179.88888888888889,153.76666666666665,152.4423904761905,189.47134606841405,283,293.4952951106665,323.9968878515061,338.8888888888889,359.44444444444446,345.84394166666664,351.439585119558,355.7166666666667,367.92976997444157,266.22222222222223,302.33333333333337,312.2292569143618,321.33333333333337,324.6666666666667,298.25277033544097,332.6294732162703,312.1142857142857,312.7471457155107,309.1564166666667,230.41816,185.10469101826368,141.39136666666667,102.89394999999999,72.26669999999999,172.7161727161727,32.85847628657921,58.88726770467101,84.42251755265798,99.51255950889502,112.93138248847927,130.67058087130698,130.9,163.74101042243953,178.9567345122901,178.22222222222223,170.33333333333334,163,165,152.16417857142855,173.05342663556593,159.20188214285713,182.66666666666669,178.66666666666669,164.42815714285715,177.22222222222223,182.44444444444446,167.64366249999998,167.74428952523866,179.28198288318328,176.55555555555557,155.02162083333332,181.60613128957013,189.91860631158073,156.0428245037841,191.26957680773074,182.625,185.77777777777777,191.88888888888889
Read time vda,0.0004999999999805975,0.0004193548386777571,0.000547619047615121,0.0005258064516144055,0.0005089058524098972,0.0005011286681751052,0.0004939024390288859,0.0004945255474464238,0.0004907872696781344,0.00048376623375848544,0.0005079365079389333,0.0004423076923122942,0.00044789356983923964,0.0004510309278425525,0.00044808743168587813,0.0004525316455581997,0.00045584045585040587,0.0004567901234600239,0.0004634146341520203,0.0005900000000110594,0.0005993690851808464,0.0006052631578983748,0.0006038961039010176,0.0006161616161769031,0.0006470588235083787,0.0006374501991881134,0.0006199261992540455,0.0004920634920482471,0.0004982578397086799,0.0004937238493511964,0.0004959016393409225,0.000493333333320657,0.0004897119341513484,0.0004979919678852781,0.0004939271255183271,0.0005069124423989958,0.0004898989899069273,0.00047852760737017647,0.0006302083333290891,0.0006142857142895948,0.0006208530805745135,0.0006397849462299873,0.0006390532544389031,0.0006374269005657332,0.0006435185185317231,0.0006492890995376527,0.0005202702703025204,0.0005154639175557772,0.0005191256830664707,0.000508287292840834,0.0005107526881783018,0.0005151515151462235,0.000523560209416465,0.00047826086955720336,0.00048148148149872817,0.00047191011237393896,0.0004571428571320472,0.00045985401461256094,0.0004575163398673788,0.0004630872482944111,0.00044545454544607884,0.0004454545454460789,0.0005307262569897439,0.0005578947368408798,0.0005958904109557147,0.0005639534883812303,0.0005543478260812623,0.0005697674418496359,0.0005714285714546022,0.0004854368932321396,0.0004854368932321397,0.0004920634920482472,0.00044247787606756125,0.0004444444444106144,0.0004722222222173716,0.00046788990825207466,0.00045871559629022407,0.0004673913043244165,0.00046391752575519345,0.00044594594598763523,0.0004459459459876352,0.0004461538461887707,0.0004444444445349897,0.0004054054053896736,0.0004000000000814907,0.00042857142917845123,0.0004000000000814907,0.0005326086956420509,0.0004285714281390288,0.0003846153844138966,0.0005277777777842453,0.0005128205129249882,0.0004901960784599058,0.00048275862066255847,0.0004827586206625585,0.00047619047617199754,0.0004864864864872732,0.0004931506849323043,0.0005072463768622096,0.0004482758620348438,0.0004705882352829897,0.0004821428571761186,0.00047457627128312454,0.0005000000000391396,0.0005000000000391397,0.0004901960784599057,0.0004888888889884887,0.0004727272726912898,0.0005000000001018634,0.00048387096772315884,0.0004999999999619413,0.00048387096772315884,0.0004117647059662405,0.00041176470596624045,0.0004166666666504979,0.0004166666667515529,0.0004166666667515528,0.0008421052630741574,0.0007999999999550969,0.000791666666676368,0.0007916666665753131
Write time vda,0.000633802816979292,0.0006101694915264104,0.0007236842105301453,0.0007578616352258002,0.0008407258064541947,0.0008996363636423749,0.0009352517985624396,0.0009097782258029311,0.0009003639672393467,0.0008831716575273397,0.0008716780561891023,0.000860510046367447,0.0008535188216021656,0.0008592788038689113,0.0008243052284503062,0.0007703836930476576,0.0007445714285713621,0.0007284883720912634,0.0007368421052572577,0.0007125307125328578,0.000711151736746667,0.0007069182389912945,0.000643122676580214,0.0006255591054262516,0.0006545924967674288,0.000638336347202159,0.0006681514476679518,0.0006720051249193267,0.0006812227074193868,0.0006929982046653555,0.0007090813094023404,0.000700619020827178,0.0007069452286886977,0.0007035321366595596,0.0008218325791821622,0.0008042131350651965,0.0008054216867467074,0.0008192944564480104,0.0008036231884034348,0.0007879746835413565,0.0007886904761887437,0.0007850799289525939,0.000782172373079746,0.0006737338044759911,0.0006764367816069206,0.0006792022791996923,0.0006840974212046893,0.0007021857923516354,0.0006987143655673561,0.0007195121951193054,0.0007051705170472867,0.000708489388261399,0.0007020057306623615,0.0007043325526982522,0.00069427890345268,0.0006712218649452177,0.0006680981595047031,0.0006678614097982151,0.0006497210167360365,0.0006534898085265845,0.0006555386949934726,0.0006555386949934727,0.0007022274325846461,0.001415783274440427,0.0014612085770007285,0.0013461406518007096,0.0013026229508190613,0.0012534775888740548,0.0012956204379558182,0.0012328632338489576,0.0012328632338489576,0.001170945333738352,0.0005868113522548738,0.000553840499815431,0.0005524724297402646,0.000609266943292685,0.0006040383299108207,0.0006123766135146376,0.0006030738389552338,0.0006177224459871121,0.0006177224459871121,0.0006241965973527489,0.0006022964509368445,0.0006314363143636168,0.0005146641437979299,0.0005241581259046832,0.0005348189414915316,0.0005147814910069101,0.0005939393939281053,0.0006675126903343516,0.0006440944881884263,0.0006290726816956534,0.0006086956521667527,0.0006087344028560963,0.0006087344028560965,0.000697786998620658,0.000683032939715338,0.0006758104738170581,0.0006666666666743366,0.0006680299931805901,0.0006619528619578793,0.00067985074627413,0.0006630295250294024,0.0005675675675641728,0.0005705596107023387,0.0005696517412919396,0.0005752762430930382,0.0005711598746036252,0.0005834348355656026,0.000590006844622665,0.0005920873124162428,0.0005951642901375393,0.0006098174952783653,0.0006136195410791299,0.0006152905198739733,0.0006203007518775109,0.0006203007518775109,0.0006277584204445924,0.0006310746064280529,0.0006309808612398415,0.0006369426751626062
IO time vda,0.011555555555484414,0.023444444444471125,0.03666666666665858,0.052555555555550706,0.06944444444444445,0.08555555555550301,0.09977777777779315,0.11177777777781255,0.12466666666659876,0.13777777777785458,0.13533333333331637,0.13177777777784488,0.12711111111103593,0.11933333333329048,0.11388888888894952,0.09925566250003524,0.1072222222222384,0.10577777777780284,0.09356961428567048,0.10375472117309445,0.10422222222213248,0.10244444444449781,0.10433333333336729,0.10344444444439838,0.09488703928568462,0.10444444444439997,0.10599999999996927,0.09144396411596116,0.10435652367185999,0.09463650000001639,0.1057425302677136,0.10422222222223354,0.10455555555553372,0.10333333333336567,0.10088888888892851,0.09744444444448971,0.09988888888892689,0.08789184642861025,0.08589326061341972,0.09814382571966332,0.09877777777779154,0.0981111111110901,0.09766666666665616,0.09833333333335759,0.09922222222222546,0.09888888888892527,0.0801142857142882,0.09803267755914272,0.09477777777778505,0.0923333333333479,0.09466666666675236,0.08584785000003552,0.09455555555551756,0.09311111111108201,0.09244444444438057,0.07594999999998134,0.09443395178317562,0.09422222222221738,0.0965555555555208,0.09633333333325331,0.08003333333329768,0.07934406666663132,0.09651266103960425,0.11688888888895436,0.11865677233121681,0.1357119039679392,0.14244444444446142,0.1496666666666392,0.14148161250002003,0.14557828665332032,0.14734999999999068,0.16001777975326142,0.13933333333332282,0.14233333333332768,0.1459513495501839,0.14866666666663758,0.14855555555560487,0.13384008144890977,0.14969993331848774,0.13371428571429403,0.13398541211540474,0.12716906666663605,0.105468020000049,0.08277039029270129,0.06447553333332944,0.047605399999970405,0.033214499999992673,0.11033411033407561,0.018520232088768764,0.02884579357110135,0.041745937813480946,0.05125270922075394,0.06251344820676434,0.0725559464196879,0.07268333333339191,0.0922883288342819,0.10110110110116341,0.10233333333336406,0.10055555555552727,0.09755555555552241,0.09833333333335759,0.08789184642861025,0.09685660335436952,0.08922552142852117,0.10055555555552727,0.0996666666666594,0.08993584285718499,0.09622222222222061,0.09766666666665616,0.08892802083329159,0.09165291671881368,0.09736578859622139,0.09433333333335112,0.08399394999999665,0.09585693657662715,0.10067114093958691,0.0827144295301928,0.09941130734204559,0.09450000000003911,0.09533333333335274,0.09922222222222546
mem_Used%,36.923923273859394,37.13333664288182,37.25460795527652,37.28839574365048,37.325628164122534,37.44360681348229,37.47253159183541,37.511435672002136,37.572679204452086,37.61578776203266,37.66487376943051,37.70484163303929,37.72986587210486,37.75215466803371,37.73832548328695,37.75696702170017,37.769023234043495,37.77287311697667,37.752610575223166,37.77986369388162,37.791717280807426,37.79318631508455,37.92575399450683,37.92975584650314,37.84110722633158,37.69901615228516,37.641723815477135,37.64248366079289,37.85073193366449,37.64030543755439,37.642888911627956,37.64820782883825,37.65251361896088,37.87565486002129,37.96962239740316,37.9548307419231,37.94231862239032,37.899564659290434,37.83239433337757,37.66765986892162,37.60363023698056,37.56280121534725,37.548617436119805,37.55662114011243,37.55707704730189,37.53706778732031,37.5339777497029,37.54000585587457,37.56097758658944,37.83680143620896,37.88077115181405,37.863142740488506,37.860457953706174,37.85640544535547,37.86121779902193,37.86927215936894,37.86841100134441,37.904579638374415,37.74526540383752,37.7144663403722,37.73710973078174,37.74389768226916,37.74561999831821,37.72930865220664,37.72956193397856,37.851086528145174,37.86765115602866,37.86537162008139,37.76502138204718,37.66872365236368,37.60074282478069,37.60363023698056,37.606922900015505,37.61117803378373,37.6178646725624,37.605656491155905,37.67774048344399,37.82601163272522,37.871602351670596,37.87732651971596,37.870994475417994,37.87661733075459,37.865270307372626,37.85392328399067,37.85204899887847,37.92534874367175,37.77829334689573,37.76451481850335,37.807623376083924,37.82130059176754,37.856202819937934,37.88522891099982,37.927780248682176,37.91617994352829,37.91177284069691
descriptor_used /dev/vda1,0.9953933533692751,0.9953933533692751,0.9953933279377893,0.9953933279377893,0.9953933279377893,0.9953933279377893,0.9953933279377893,0.9953933279377893,0.9953933279377893,0.9953933279377893,0.9953933279377893,0.9953933279377893,0.9953933279377893,0.9953933279377893,0.9953933279377893,0.9953933279377893,0.9953933279377893,0.9953933279377893,0.9953933279377893,0.9953933279377893,0.9953933279377893,0.9953933279377893,0.9953933279377893,0.9953933279377893,0.9953933279377893,0.9953933279377893,0.9953933279377893,0.9953933279377893,0.9953933279377893,0.9953933279377893,0.9953933279377893,0.9953933279377893,0.9953933279377893,0.9953933279377893,0.9953933279377893,0.9953933279377893,0.9953933279377893,0.9953933279377893,0.9953933279377893,0.9953933279377893,0.9953933279377893,0.9953933279377893,0.9953933279377893,0.9953933279377893,0.9953933279377893,0.9953933279377893,0.9953933279377893,0.9953933279377893,0.9953933279377893,0.9953933279377893,0.9953933279377893,0.9953933279377893,0.9953933279377893,0.9953933279377893,0.9953933152220463,0.9953933152220463,0.9953933152220463,0.9953933152220463,0.9953933152220463,0.9953933152220463,0.9953933279377893,0.9953933279377893,0.9953933152220463,0.9953933152220463,0.9953933152220463,0.9953933152220463,0.9953933152220463,0.9953933152220463,0.9953933279377893,0.9953933279377893,0.9953933279377893,0.9953933279377893,0.9953933279377893,0.9953933279377893,0.9953933279377893,0.9953933279377893,0.9953933279377893,0.9953933279377893,0.9953933279377893,0.9953933279377893,0.9953933279377893,0.9953933279377893,0.9953933279377893,0.9953933279377893,0.9953933279377893,0.9953933279377893,0.9953933279377893,0.9953933279377893,0.9953933279377893,0.9953933279377893,0.9953933279377893,0.9953933279377893,0.9953933279377893,0.9953933279377893,0.9953933279377893
thread_connect,2,5,14,8,7,7,9,12,12,8,31,18,23,12,20,9,5,5,43,57,30,12,8,17
threads_running,1,1,2,3,2,1,4,1,1,1,8,3,8,1,4,2,1,1,11,35,11,2,1,1
lock_wait,153211,153227,153250,153283,153315,153329,153350,153365,153424,153446,153750,153860,153910,153926,154094,154102,154120,154150,154623,154896,155304,155324,155337,155358
bytes_received,2453889494,2454001129,2454147565,2454324216,2454512215,2454680184,2454820120,2454974583,2455448028,2455593716,2457516238,2458247310,2458537323,2458670043,2459553068,2459683199,2459807300,2459975559,2462978802,2464610329,2467022477,2467162907,2467286658,2467435659
questions,11841080,11841903,11843030,11844363,11845762,11847091,11848138,11849355,11853104,11854229,11869226,11874814,11877068,11878111,11885053,11886015,11886919,11888242,11911697,11924435,11943291,11944374,11945283,11946408
queries,12235710,12236538,12237666,12239002,12240406,12241736,12242786,12244006,12247766,12248892,12263928,12269531,12271791,12272837,12279796,12280762,12281671,12282997,12306509,12319280,12338182,12339270,12340180,12341310
abort,4693,4693,4693,4693,4693,4693,4693,4693,4693,4693,4693,4693,4693,4693,4693,4693,4693,4693,4693,4693,4693,4693,4693,4693
mysql_global_status_threads_cached,10,7,0,6,6,6,4,4,8,8,0,10,1,8,9,6,8,8,0,1,3,9,9,1
select_full_range_join,0,0,0,0,0,0,0,0,0,0,0,0,0,0,0,0,0,0,0,0,0,0,0,0
select_full_join,0,0,0,0,0,0,0,0,0,0,0,0,0,0,0,0,0,0,0,0,0,0,0,0
Thread Cache Size,11,11,11,11,11,11,11,11,11,11,11,11,11,11,11,11,11,11,11,11,11,11,11,11
Threads Cached,10,7,0,6,6,6,4,4,8,8,0,10,1,8,9,6,8,8,0,1,3,9,9,1
Created Tmp Tables,17371843,17371978,17372110,17372245,17372383,17372508,17372645,17372779,17373184,17373318,17375046,17375714,17375982,17376116,17376916,17377050,17377191,17377326,17380002,17381339,17383484,17383624,17383750,17383892
Free Memory,1031832,1031832,1031832,1031832,1031832,1031832,1031832,1031832,1031832,1031832,1031832,1031832,1031832,1031832,1031832,1031832,1031832,1031832,1031832,1031832,1031832,1031832,1031832,1031832
open_files,55,55,55,56,56,56,56,56,57,57,65,66,68,69,70,70,70,70,70,73,72,72,72,72
innodb_num_open_files,28,28,28,28,28,28,28,28,28,28,28,28,28,28,28,28,28,28,28,28,28,28,28,28
Query Cache Size,1048576,1048576,1048576,1048576,1048576,1048576,1048576,1048576,1048576,1048576,1048576,1048576,1048576,1048576,1048576,1048576,1048576,1048576,1048576,1048576,1048576,1048576,1048576,1048576
table_open_cache,2000,2000,2000,2000,2000,2000,2000,2000,2000,2000,2000,2000,2000,2000,2000,2000,2000,2000,2000,2000,2000,2000,2000,2000
process state after create,0,0,0,0,0,0,0,0,0,0,0,0,0,0,0,0,0,0,0,0,0,0,0,0
process state altering table,0,0,0,0,0,0,0,0,0,0,0,0,0,0,0,0,0,0,0,0,0,0,0,0
process state analyzing,0,0,0,0,0,0,0,0,0,0,0,0,0,0,0,0,0,0,0,0,0,0,0,0
process state checking permissions,0,0,0,0,0,0,0,0,0,0,0,0,0,0,0,0,0,0,0,0,0,0,0,0
process state checking table,0,0,0,0,0,0,0,0,0,0,0,0,0,0,0,0,0,0,0,0,0,0,0,0
process state cleaning up,0,0,0,0,0,0,0,0,0,0,0,0,0,0,0,0,0,0,0,0,0,0,0,0
process state closing tables,0,0,0,0,0,0,0,0,0,0,0,0,0,0,0,0,0,0,0,0,0,0,0,0
process state converting heap to myisam,0,0,0,0,0,0,0,0,0,0,0,0,0,0,0,0,0,0,0,0,0,0,0,0
process state copying to tmp table,0,0,0,0,0,0,0,0,0,0,0,0,0,0,0,0,0,0,0,0,0,0,0,0
process state creating sort index,0,0,0,0,0,0,0,0,0,0,0,0,0,0,0,0,0,0,0,0,0,0,0,0
process state creating table,0,0,0,0,0,0,0,0,0,0,0,0,0,0,0,0,0,0,0,0,0,0,0,0
process state creating tmp table,0,0,0,0,0,0,0,0,0,0,0,0,0,0,0,0,0,0,0,0,0,0,0,0
process state deleting,0,0,0,0,0,0,0,0,0,0,0,0,0,0,0,0,0,0,0,0,0,0,0,0
process state end,0,0,0,0,0,0,0,0,0,0,0,0,0,0,0,0,0,0,0,0,0,0,0,0
process state executing,0,0,0,0,0,0,0,0,0,0,1,1,0,0,0,0,0,0,1,0,0,0,0,1
process state execution of init_command,0,0,0,0,0,0,0,0,0,0,0,0,0,0,0,0,0,0,0,0,0,0,0,0
process state flushing tables,0,0,0,0,0,0,0,0,0,0,0,0,0,0,0,0,0,0,0,0,0,0,0,0
process state freeing items,0,0,0,0,0,0,0,0,0,0,0,0,0,0,0,0,0,0,0,1,0,0,0,0
process state fulltext initialization,0,0,0,0,0,0,0,0,0,0,0,0,0,0,0,0,0,0,0,0,0,0,0,0
process state idle,1,4,10,7,5,5,6,9,10,7,21,14,16,12,15,9,4,3,30,19,17,12,7,14
process state init,0,0,0,0,0,0,0,0,0,0,0,0,0,0,0,0,0,0,0,0,0,0,0,0
process state killed,0,0,0,0,0,0,0,0,0,0,0,0,0,0,0,0,0,0,0,0,0,0,0,0
process state logging slow query,0,0,0,0,0,0,0,0,0,0,0,0,0,0,0,0,0,0,0,0,0,0,0,0
process state login,0,0,0,0,0,0,0,0,0,0,0,0,0,0,0,0,0,0,0,0,0,0,0,0
process state manage keys,0,0,0,0,0,0,0,0,0,0,0,0,0,0,0,0,0,0,0,0,0,0,0,0
process state opening tables,0,0,0,0,0,0,0,0,0,0,0,0,0,0,0,0,0,0,0,0,0,0,0,0
process state optimizing,0,0,0,0,0,0,0,0,0,0,0,0,0,0,0,0,0,0,0,1,0,0,0,0
process state other,0,0,2,0,0,0,0,0,0,0,1,1,0,0,1,0,0,1,0,1,1,0,1,0
process state preparing,0,0,0,0,0,0,0,0,0,0,0,0,0,0,0,0,0,0,0,0,0,0,0,0
process state reading from net,0,0,0,0,0,0,0,0,0,0,0,0,0,0,0,0,0,0,0,0,0,0,0,0
process state removing duplicates,0,0,0,0,0,0,0,0,0,0,0,0,0,0,0,0,0,0,0,0,0,0,0,0
process state removing tmp table,0,0,0,0,0,0,0,0,0,0,0,0,0,0,0,0,0,0,0,0,0,0,0,0
process state reopen tables,0,0,0,0,0,0,0,0,0,0,0,0,0,0,0,0,0,0,0,0,0,0,0,0
process state repair by sorting,0,0,0,0,0,0,0,0,0,0,0,0,0,0,0,0,0,0,0,0,0,0,0,0
process state repair done,0,0,0,0,0,0,0,0,0,0,0,0,0,0,0,0,0,0,0,0,0,0,0,0
process state repair with keycache,0,0,0,0,0,0,0,0,0,0,0,0,0,0,0,0,0,0,0,0,0,0,0,0
process state replication master,0,0,0,0,0,0,0,0,0,0,0,0,0,0,0,0,0,0,0,0,0,0,0,0
process state rolling back,0,0,0,0,0,0,0,0,0,0,0,0,0,0,0,0,0,0,0,0,0,0,0,0
process state searching rows for update,0,0,0,0,0,0,0,0,0,0,0,0,0,0,0,0,0,0,0,6,0,0,0,0
process state sending data,0,0,0,0,0,0,0,0,0,0,0,0,0,0,0,0,0,0,0,0,0,0,0,0
process state sorting for group,0,0,0,0,0,0,0,0,0,0,0,0,0,0,0,0,0,0,0,0,0,0,0,0
process state sorting for order,0,0,0,0,0,0,0,0,0,0,0,0,0,0,0,0,0,0,0,0,0,0,0,0
process state sorting index,0,0,0,0,0,0,0,0,0,0,0,0,0,0,0,0,0,0,0,0,0,0,0,0
process state sorting result,0,0,0,0,0,0,0,0,0,0,0,0,0,0,0,0,0,0,0,0,0,0,0,0
process state statistics,0,0,0,0,0,0,0,0,0,0,0,0,0,0,0,0,0,0,0,0,0,0,0,0
process state updating,0,0,1,0,0,0,1,1,0,0,7,2,5,0,3,0,0,0,10,29,11,0,0,0
process state waiting for lock,0,0,0,0,1,0,0,0,0,0,0,0,0,0,0,0,1,0,1,0,0,0,0,0
process state waiting for table flush,0,0,0,0,0,0,0,0,0,0,0,0,0,0,0,0,0,0,0,0,0,0,0,0
process state waiting for tables,0,0,0,0,0,0,0,0,0,0,0,0,0,0,0,0,0,0,0,0,0,0,0,0
process state waiting on cond,0,0,0,0,0,0,0,0,0,0,0,0,0,0,0,0,0,0,0,0,0,0,0,0
process state writing to net,0,0,0,0,0,0,0,0,0,0,0,0,0,0,0,0,0,0,0,0,0,0,0,0
qcache_queries_in_cache,0,0,0,0,0,0,0,0,0,0,0,0,0,0,0,0,0,0,0,0,0,0,0,0
disk_io_now vda,0,0,0,0,0,0,0,0,0,0,0,0,0,0,0,0,0,0,0,0,0,0,0,0,0,0,0,0,0,0,0,0,0,0,0,0,0,0,0,0,0,0,0,0,0,0,0,0,0,0,0,0,0,0,0,0,0,0,0,0,0,0,0,0,0,0,0,0,0,0,0,0,0,0,0,0,0,0,0,0,0,0,0,0,0,0,0,0,0,0,0,0,0,0
mem_buffer,0,0,0,0,0,0,0,0,0,0,0,0,0,0,0,0,0,0,0,0,0,0,0,0,0,0,0,0,0,0,0,0,0,0,0,0,0,0,0,0,0,0,0,0,0,0,0,0,0,0,0,0,0,0,0,0,0,0,0,0,0,0,0,0,0,0,0,0,0,0,0,0,0,0,0,0,0,0,0,0,0,0,0,0,0,0,0,0,0,0,0,0,0,0
mem_cached,4743536640,4751630336,4753248256,4755812352,4757196800,4758708224,4760399872,4761980928,4763041792,4764168192,4765097984,4766433280,4767256576,4768329728,4770766848,4771700736,4777488384,4779024384,4779593728,4780908544,4781654016,4782424064,4783300608,4784586752,4785696768,4786819072,4788178944,4788903936,4789813248,4791390208,4792004608,4792819712,4793507840,4798304256,4798967808,4799619072,4800266240,4801052672,4801880064,4803809280,4804268032,4805861376,4806443008,4806938624,4807606272,4809400320,4809863168,4810694656,4812472320,4812877824,4813692928,4814331904,4817338368,4822011904,4827648000,4833300480,4834545664,4835160064,4836339712,4825612288,4826083328,4831121408,4837285888,4840620032,4841381888,4841873408,4842414080,4837842944,4838293504,4838985728,4839874560,4840480768,4841107456,4841644032,4842606592,4842913792,4843761664,4844113920,4844793856,4845424640,4846415872,4847132672,4847558656,4847988736,4848836608,4849369088,4850319360,4850769920,4851318784,4852510720,4857245696,4857982976,4858552320,4859052032
Read bytes vda,855545871360,855553485824,855554677760,855556803584,855557762048,855558663168,855560096768,855561038848,855561706496,855562525696,855563078656,855563848704,855564422144,855564930048,855566765056,855567232000,855572175872,855573232640,855573752832,855574293504,855574572032,855575243776,855575493632,855576550400,855577312256,855577951232,855578541056,855578745856,855579483136,855580273664,855580466176,855580875776,855581223936,855585115136,855585467392,855585778688,855586024448,855586470912,855586757632,855588080640,855588310016,855589133312,855589260288,855589420032,855589682176,855590456320,855590632448,855590861824,855591808000,855591906304,855592348672,855592537088,855594273792,855596452864,855596567552,855597145088,855597440000,855597714432,855598140416,855598611456,855598775296,855599086592,855599373312,855599672320,855599889408,855599922176,855600004096,855603899392,855604014080,855604112384,855604571136,855604653056,855604923392,855605033984,855605132288,855605328896,855605558272,855605591040,855605771264,855606008832,855606238208,855606369280,855606369280,855606451200,855606664192,855606680576,855606750208,855606856704,855607004160,855607151616,855610747904,855611190272,855611223040,855611304960
