Avg Threads Running,1,1,1.5,2.8,3.4,3.9,4.4,5,5.5,5.9,6.199999999999999,6.699999999999999,6.777777777777778,5.875,5.714285714285714,5.666666666666666,5.6,5.25,5,5,6,30,35.5,35.5,35.5,35.5,35.5,35.5,35.5,35.5,35.5,41,22,22,22,22,22,22,22,22,22,22,39,51.5,65.33333333333333,82.5,100.6,119.16666666666666,137.14285714285714,150.625,161.11111111111111,169.5,190.1,208.2,221.7,230.5,235.5,236,233.4,231.4,231.4,231.4,231.4,231.4,233,234.3,235,235.2,235.1,233.60000000000002
Peak Threads Connected,1,1,6,14,14,14,14,14,14,14,14,14,14,7,7,7,7,6,6,6,6,30,41,41,41,41,41,41,41,41,41,41,22,22,22,22,22,22,22,22,22,22,39,64,93,134,173,212,245,245,245,245,245,245,245,245,245,245,245,245,245,245,245,245,245,245,245,245,245,245
Peak Threads Running,1,1,1,4,4,4,4,4,4,4,4,4,4,2,1,1,1,1,1,1,1,5,17,17,17,17,17,17,17,17,17,17,5,5,5,5,5,5,5,5,5,5,18,50,79,123,157,198,232,236,236,236,236,236,236,236,236,236,236,236,239,239,241,241,241,241,241,241,241,241
Questions,38.77777777777778,37.66666666666667,85.22222222222223,205.22222222222223,359.11111111111114,495.11111111111114,645.4444444444445,768.6666666666667,871.2222222222223,966.6666666666667,1082,1150.4444444444446,995.517675,850.3974285714285,722.9016666666666,579.96552,463.47105,366.6671333333333,280.8162,175.0138,231.21620689655174,200.2,200.2,200.2,200.2,200.2,200.2,200.2,166.2251724137931,132.43076923076924,167.2780020975354,211.3453904368765,253.66479044211601,293.2759136280302,336.36199740596624,338.4693871641606,337.51034842544584,326.2602447513192,266.3109925530733,227.0354326335666,198.11111111111111,193.17929349033548,192.4872193820849,185.41574032903515,230.33333333333334,268.44444444444446,299.77777777777777,299.44444444444446,294.20918083805714,276.0688506385341,242.1040925266904,212,193.92056800532504,168.61046317894036,169.38798178384982,180.6064645118294
Threads Created,0,0,0,0.33333333333333337,0.33333333333333337,0.33333333333333337,0.33333333333333337,0.33333333333333337,0.33333333333333337,0.33333333333333337,0.33333333333333337,0.33333333333333337,0,0,0,0,0,0,0,0,2.540837438423645,2.2,2.2,2.2,2.2,2.2,2.2,2.2,1.8266502463054188,4.430769230769231,8.03892239119035,12.92452700378397,17.117655890621005,21.22223263393767,24.500745784695198,23.85106517197874,23.353462912609082,22.341978219378014,20.11781705012782,16.88326113517716,12.333333333333334,9.442346145301043,7.334963325183374,5.780346820809249,8.222222222222223,10.777777777777779,12.666666666666668,12.666666666666668,12.670890296765588,12.65963353692393,11.232206405693951,9,7.100066563124029,5.77585249361324,5.220482061535043,5.331556147950683
Created Tmp Disk Tables,9.11111111111111,8.88888888888889,9,9.222222222222223,8.88888888888889,9.222222222222223,8.88888888888889,9,9,9,9.222222222222223,9,7.652025,6.968685714285714,5.849433333333333,5.059800000000001,4.27535,3.139066666666667,2.2287,1.2975999999999999,2.078866995073892,1.8,1.8,1.8,1.8,1.8,1.8,1.8,1.4945320197044336,2.4615384615384617,3.0787362349239644,4.11234950120399,4.852248913876821,5.880859645548992,6.525324254215304,7.550839727812365,8.56684820412293,9.206242281351745,9.003001000333445,8.885926913251138,9,9.109086869584536,8.890864636585908,9.004001778568252,9.11111111111111,8.88888888888889,9,8.777777777777779,9.225297321329332,8.995002776235424,8.7855871886121,9,9.207898824051476,8.774852826835499,8.885926913251138,8.997000999666778
Created Tmp Files,0,0,0,0,0,0,0,0,0,0,0,0,0,0,0,0,0,0,0,0,0,0,0,0,0,0,0,0,0,0,0,0,0,0,0,0,0,0,0,0,0,0,0,0,0,0,0,0,0,0,0,0,0,0,0,0
Select Full Join,0,0,0,0,0,0,0,0,0,0,0,0,0,0,0,0,0,0,0,0,0,0,0,0,0,0,0,0,0,0,0,0,0,0,0,0,0,0,0,0,0,0,0,0,0,0,0,0,0,0,0,0,0,0,0,0
Select Full Range Join,0,0,0,0,0,0,0,0,0,0,0,0,0,0,0,0,0,0,0,0,0,0,0,0,0,0,0,0,0,0,0,0,0,0,0,0,0,0,0,0,0,0,0,0,0,0,0,0,0,0,0,0,0,0,0,0
Select Range,0,0,0,2.888888888888889,4.222222222222222,6,8.444444444444445,10.666666666666668,10.666666666666668,11.333333333333334,13.555555555555557,15.88888888888889,12.609675,11.432999999999998,9.822633333333332,7.53348,5.4308499999999995,5.6744666666666665,5.3751,3.4061999999999997,4.157733990147784,3.6,3.6,3.6,3.6,3.6,3.6,3.6,2.9890640394088672,0.7384615384615385,0.8552045097011012,1.3218266253869968,1.7522009966777408,2.42905072316154,2.7086251621271074,2.7566557736457837,2.6991439547236626,2.582238688671831,2.222963209958875,1.9993335554815062,1.5555555555555558,1.3330371028660297,1.0002222716159146,1.0004446420631392,1.1111111111111112,1.2222222222222223,1.3333333333333335,1.3333333333333335,1.333777925975325,1.3325930038867295,1.112099644128114,1,0.7765697803416908,0.8885926913251139,1.2218149505720315,1.44396312340331
Select Range Check,0,0,0,0,0,0,0,0,0,0,0,0,0,0,0,0,0,0,0,0,0,0,0,0,0,0,0,0,0,0,0,0,0,0,0,0,0,0,0,0,0,0,0,0,0,0,0,0,0,0,0,0,0,0,0,0
Select Scan,29.555555555555554,28.77777777777778,29.555555555555554,30.444444444444446,28.555555555555554,30,29,28.666666666666668,28.666666666666668,29.111111111111114,29.666666666666668,29,24.249375,22.757114285714284,18.651966666666663,16.52868,14.097100000000001,10.1416,6.8172,4.5416,6.467586206896551,5.6,5.6,5.6,5.6,5.6,5.6,5.6,4.649655172413793,9.353846153846154,9.578290508652334,13.07139662882697,16.57851712241247,19.43240578529232,21.422762645914396,24.809901962812056,28.869104907044395,30.42550802739418,28.00933644548183,28.76818838165056,29.666666666666668,29.215729837813818,29.006445876861523,29.124055135615826,29,28,29.444444444444446,29.333333333333336,29.454262531955095,28.20655191560244,28.247330960854093,28.22222222222222,28.84402041269137,28.101743863156724,28.101743863156724,27.768521603909807
Sort Rows,82.22222222222223,65.77777777777779,74,82.22222222222223,74,82.22222222222223,65.77777777777779,74,74,74,82.22222222222223,65.77777777777779,55.82745,56.40279999999999,40.83566666666666,41.6028,34.2028,17.868533333333335,9.7014,0,17.092906403940887,14.8,14.8,14.8,14.8,14.8,14.8,14.8,12.288374384236453,36.43076923076923,37.971080230728894,43.4734090127279,49.87033605928954,56.763080057038096,54.664980544747074,62.08468220645722,78.15782060199824,83.08072302683283,74.02467489163055,65.75585915805843,74,73.98355920906465,65.79239831073572,74.0329035126723,82.22222222222223,74,74,65.77777777777779,82.24963876847838,73.95891171571348,65.83629893238434,82.22222222222223,82.09451963612159,65.75585915805843,65.75585915805843,73.97534155281572
Sort Range,0,0,0,0,0,0,0,0,0,0,0,0,0,0,0,0,0,0,0,0,0,0,0,0,0,0,0,0,0,0,0,0,0,0,0,0,0,0,0,0,0,0,0,0,0,0,0,0,0,0,0,0,0,0,0,0
Sort Merge Passes,0,0,0,0,0,0,0,0,0,0,0,0,0,0,0,0,0,0,0,0,0,0,0,0,0,0,0,0,0,0,0,0,0,0,0,0,0,0,0,0,0,0,0,0,0,0,0,0,0,0,0,0,0,0,0,0
opened_tables,0,0,0,0,0,0,0,0,0,0,0,0,0,0,0,0,0,0,0,0,0,0,0,0,0,0,0,0,0,0,0,0,0,0,0,0,0,0,0,0,0,0,0,0,0,0,0,0,0,0,0,0,0,0,0,0
table_open_cache_hits,286.77777777777777,285,377.6666666666667,610.2222222222223,910,1173.7777777777778,1465.2222222222222,1705.5555555555554,1904.1111111111113,2088,2311.777777777778,2444.777777777778,2115.4077,1811.640514285714,1543.1467333333333,1244.5983600000002,996.38765,788.0264666666667,602.0112,375.0064,499.62103448275866,432.6,432.6,432.6,432.6,432.6,432.6,432.6,359.18586206896555,309.1692307692308,400.5777923439958,508.7563811489508,613.4051335292613,716.0585842330413,822.6833333333332,847.4918684977972,866.1905012963198,859.7732120803861,742.1362676447704,662.4458513828724,600.4444444444445,585.3143745834259,576.3503000666815,557.025344597599,639.5555555555555,710.8888888888889,771.5555555555555,771.1111111111111,762.5875291763921,731.3714602998333,668.1494661921708,611.1111111111111,575.7710228533393,526.9354659557924,527.9351327335332,543.1522825724758
table_open_cache_misses,0,0,0,0,0,0,0,0,0,0,0,0,0,0,0,0,0,0,0,0,0,0,0,0,0,0,0,0,0,0,0,0,0,0,0,0,0,0,0,0,0,0,0,0,0,0,0,0,0,0,0,0,0,0,0,0
table_open_cache_overflows,0,0,0,0,0,0,0,0,0,0,0,0,0,0,0,0,0,0,0,0,0,0,0,0,0,0,0,0,0,0,0,0,0,0,0,0,0,0,0,0,0,0,0,0,0,0,0,0,0,0,0,0,0,0,0,0
Sort Scan,1.1111111111111112,0.888888888888889,1,1.1111111111111112,1,1.1111111111111112,0.888888888888889,1,1,1,1.1111111111111112,0.888888888888889,0.754425,0.7621999999999999,0.5518333333333333,0.5622,0.4622,0.24146666666666666,0.1311,0,0.23098522167487684,0.2,0.2,0.2,0.2,0.2,0.2,0.2,0.1660591133004926,0.49230769230769234,0.5131227058206607,0.5874785001719987,0.6739234602606695,0.7670686494194336,0.7387159533073928,0.8389821919791516,1.056186764891868,1.1227124733355787,1.000333444481494,0.8885926913251139,1,0.9997778271495223,0.8890864636585908,1.0004446420631392,1.1111111111111112,1,1,0.888888888888889,1.1114816049794376,0.999444752915047,0.8896797153024911,1.1111111111111112,1.1093854004881296,0.8885926913251139,0.8885926913251139,0.9996667777407531
Slow Queries,4.777777777777778,4.444444444444445,5.333333333333334,6.444444444444445,8.555555555555555,10.333333333333334,11.555555555555555,13.555555555555557,15.555555555555557,17.444444444444446,20.444444444444446,21.555555555555557,19.507275,17.09505714285714,15.009866666666664,13.380360000000001,11.20835,8.6928,6.686099999999999,3.5683999999999996,3.2337931034482756,2.8,2.8,2.8,2.8,2.8,2.8,2.8,2.3248275862068963,7.138461538461539,6.841636077608809,7.4903508771929825,8.491435599284436,9.971892442452639,10.95761997405966,11.985459885416452,12.791595263690402,12.911193443359156,10.225630765810825,9.552371431744973,10.11111111111111,10.553210397689401,9.891086908201823,10.226767452200978,10.555555555555555,10.444444444444445,11.333333333333334,11.222222222222223,11.337112370790264,10.327595780122154,9.341637010676155,9.777777777777779,9.318837364100288,8.330556481172943,8.663778740419861,8.997000999666778
Aborted Connects (attempts),0,0,0,0,0,0,0,0,0,0,0,0,0,0,0,0,0,0,0,0,0,0,0,0,0,0,0,0,0,0,0,0,0,0,0,0,0,0,0,0,0,0,0,0,0,0,0,0,0,0,0,0,0,0,0,0
Aborted Clients (timeout),0,0,0,0,0,0,0,0,0,0,0,0,0,0,0,0,0,0,0,0,0,0,0,0,0,0,0,0,0,0,0,0,0,0,0,0,0,0,0,0,0,0,0,0,0,0,0,0,0,0,0,0,0,0,0,0
Table Locks Immediate,59.777777777777786,58,108.44444444444446,233,389.77777777777777,529.8888888888889,682.7777777777778,809.4444444444446,917,1017.4444444444446,1139,1209.4444444444446,1046.387475,896.4560857142857,763.4062333333333,615.94632,494.78509999999994,390.3308666666667,298.2525,185.23239999999998,244.38236453201972,211.6,211.6,211.6,211.6,211.6,211.6,211.6,175.6905418719212,153.35384615384618,190.36852385946514,240.27870657034742,287.0913940710452,334.69762069667956,382.65486381322955,386.65093590353473,388.2073131402555,377.1191197934209,309.43647882627545,267.13317782961235,235.22222222222223,228.2826038658076,224.27206045787952,216.98532681191642,265.6666666666667,306.55555555555554,340.8888888888889,340.44444444444446,335.0005557408025,315.3803442531927,281.1387900355872,249.66666666666669,229.1990237408476,200.04442963456626,200.71087415306008,212.15150505387092
Table Locks Waited,0,0,0.5555555555555556,2.3333333333333335,5.555555555555555,8.555555555555555,11.666666666666668,15.11111111111111,16.444444444444446,18,19.333333333333336,20.666666666666668,18.32175,15.352885714285714,12.581799999999998,9.66984,6.35525,5.191533333333334,3.8019,2.7573999999999996,4.619704433497537,4,4,4,4,4,4,4,3.321182266009852,2.2153846153846155,2.5656135291033033,3.524871001031992,6.20009583439816,6.392238745161948,7.264040207522697,7.0714213323957065,6.923891014291135,6.624003592679914,5.557408024897188,4.998333888703765,4.888888888888889,5.109975560986447,5.890197821738164,6.113828368163629,7.222222222222223,7.777777777777779,8.333333333333334,8.333333333333334,8.224963876847838,7.329261521377012,4.782028469750889,3.8888888888888893,3.8828489017084538,4.442963456625569,4.442963456625569,5.77585249361324
bytes_received_rate,12603.555555555557,12251.777777777777,18595.444444444445,33119.77777777778,52004,69463.77777777778,87556.88888888889,102798,116073.11111111112,128017.66666666667,142087.55555555556,150079.22222222222,130267.2114,111658.59788571429,94561.38743333332,76475.84112000001,61458.2718,47729.025733333336,36153.1848,22877.1746,29221.709408867,25301.8,25301.8,25301.8,25301.8,25301.8,25301.8,25301.8,21007.97236453202,16618.338461538464,19535.265574200315,24920.25049879601,30125.996089956556,34856.366498268486,39356.569844357975,40356.721398581154,41605.42639670546,41005.72583361401,34098.69956652218,30439.964456292346,27174.333333333336,25733.72583870251,24574.572127139363,23343.597154290797,27183.111111111113,29855.222222222226,33018.555555555555,32749.111111111113,32749.694342558632,31218.434203220433,28615.435943060496,26425.666666666668,25242.067894386513,22695.990225480396,22523.492169276906,23024.103076752195
bytes_sent_rate,168019.55555555556,162295.77777777778,179236.55555555556,218237.1111111111,235863.8888888889,272423,296856.44444444444,325943.44444444444,350382.8888888889,379774.55555555556,408571.1111111111,427997.7777777778,360985.141575,327018.8612,277125.51276666665,237436.84944000002,196207.94425,145456.2602,108808.8048,77030.07759999999,99945.45753694582,86538.4,86538.4,86538.4,86538.4,86538.4,86538.4,86538.4,71852.44985221674,37745403.07692308,49274192.86246722,65675325.84693842,82843641.51640685,98350565.2351314,114171746.02263293,130631553.91256592,148595867.81162027,161477210.95767373,160723413.3600089,163538124.84727314,165769210,159431191.73516995,159251845.96577018,146565918.1858604,133210003.55555555,117525940,107561808.55555555,93507586.11111112,93846287.98488386,93238335.03609106,100629360.43149467,101361788.66666667,114103409.91790548,126953799.84449628,140818821.94823948,149919066.53337777
qcache_hits,0,0,0,0,0,0,0,0,0,0,0,0,0,0,0,0,0,0,0,0,0,0,0,0,0,0,0,0,0,0,0,0,0,0,0,0,0,0,0,0,0,0,0,0,0,0,0,0,0,0,0,0,0,0,0,0
qcache_inserts,0,0,0,0,0,0,0,0,0,0,0,0,0,0,0,0,0,0,0,0,0,0,0,0,0,0,0,0,0,0,0,0,0,0,0,0,0,0,0,0,0,0,0,0,0,0,0,0,0,0,0,0,0,0,0,0
qcache_not_cached,27.666666666666668,26.666666666666668,49.22222222222222,104.55555555555557,171.66666666666669,233.22222222222223,301.22222222222223,355.33333333333337,398,440.33333333333337,491,519.4444444444445,447.37402499999996,382.84217142857136,324.3676333333333,258.38712,206.25675,164.68026666666668,125.4627,78.34259999999999,110.17995073891625,95.4,95.4,95.4,95.4,95.4,95.4,95.4,79.21019704433498,79.50769230769231,109.1240954378605,142.31666666666666,174.141822131357,204.42379507027908,238.11277561608298,240.0687615048915,239.5196874604781,231.72785449646344,195.620762476381,166.27790736421193,142.55555555555557,135.08109309042433,131.58479662147144,120.1645175633615,149.55555555555557,174.55555555555557,198.88888888888889,198.55555555555557,196.0653551183728,186.0077734591893,163.25622775800713,140.55555555555557,128.57776791657423,108.7415306009108,109.51904920582028,111.07408641563923
qcache_lowmem_prunes,0,0,0,0,0,0,0,0,0,0,0,0,0,0,0,0,0,0,0,0,0,0,0,0,0,0,0,0,0,0,0,0,0,0,0,0,0,0,0,0,0,0,0,0,0,0,0,0,0,0,0,0,0,0,0,0
com admin_commands,1,1,1,1,1,1,1,1,1,1,1,1,0.8622,0.7621999999999999,0.6622,0.5622,0.4622,0.36219999999999997,0.2622,0.16219999999999998,0.23098522167487684,0.2,0.2,0.2,0.2,0.2,0.2,0.2,0.1660591133004926,0.24615384615384617,0.34208180388044046,0.440608875128999,0.5391387682085356,0.6392238745161948,0.7387159533073928,0.8389821919791516,0.9388326799038827,1.0104412260020208,1.000333444481494,0.9996667777407531,1,0.9997778271495223,1.0002222716159146,1.0004446420631392,1,1,1,1,1.000333444481494,0.999444752915047,1.0008896797153024,1,0.9984468604393166,0.9996667777407531,0.9996667777407531,0.9996667777407531
com alter_db,0,0,0,0,0,0,0,0,0,0,0,0,0,0,0,0,0,0,0,0,0,0,0,0,0,0,0,0,0,0,0,0,0,0,0,0,0,0,0,0,0,0,0,0,0,0,0,0,0,0,0,0,0,0,0,0
com alter_db_upgrade,0,0,0,0,0,0,0,0,0,0,0,0,0,0,0,0,0,0,0,0,0,0,0,0,0,0,0,0,0,0,0,0,0,0,0,0,0,0,0,0,0,0,0,0,0,0,0,0,0,0,0,0,0,0,0,0
com alter_event,0,0,0,0,0,0,0,0,0,0,0,0,0,0,0,0,0,0,0,0,0,0,0,0,0,0,0,0,0,0,0,0,0,0,0,0,0,0,0,0,0,0,0,0,0,0,0,0,0,0,0,0,0,0,0,0
com alter_function,0,0,0,0,0,0,0,0,0,0,0,0,0,0,0,0,0,0,0,0,0,0,0,0,0,0,0,0,0,0,0,0,0,0,0,0,0,0,0,0,0,0,0,0,0,0,0,0,0,0,0,0,0,0,0,0
com alter_instance,0,0,0,0,0,0,0,0,0,0,0,0,0,0,0,0,0,0,0,0,0,0,0,0,0,0,0,0,0,0,0,0,0,0,0,0,0,0,0,0,0,0,0,0,0,0,0,0,0,0,0,0,0,0,0,0
com alter_procedure,0,0,0,0,0,0,0,0,0,0,0,0,0,0,0,0,0,0,0,0,0,0,0,0,0,0,0,0,0,0,0,0,0,0,0,0,0,0,0,0,0,0,0,0,0,0,0,0,0,0,0,0,0,0,0,0
com alter_server,0,0,0,0,0,0,0,0,0,0,0,0,0,0,0,0,0,0,0,0,0,0,0,0,0,0,0,0,0,0,0,0,0,0,0,0,0,0,0,0,0,0,0,0,0,0,0,0,0,0,0,0,0,0,0,0
com alter_table,0,0,0,0,0,0,0,0,0,0,0,0,0,0,0,0,0,0,0,0,0,0,0,0,0,0,0,0,0,0,0,0,0,0,0,0,0,0,0,0,0,0,0,0,0,0,0,0,0,0,0,0,0,0,0,0
com alter_tablespace,0,0,0,0,0,0,0,0,0,0,0,0,0,0,0,0,0,0,0,0,0,0,0,0,0,0,0,0,0,0,0,0,0,0,0,0,0,0,0,0,0,0,0,0,0,0,0,0,0,0,0,0,0,0,0,0
com alter_user,0,0,0,0,0,0,0,0,0,0,0,0,0,0,0,0,0,0,0,0,0,0,0,0,0,0,0,0,0,0,0,0,0,0,0,0,0,0,0,0,0,0,0,0,0,0,0,0,0,0,0,0,0,0,0,0
com analyze,0,0,0,0,0,0,0,0,0,0,0,0,0,0,0,0,0,0,0,0,0,0,0,0,0,0,0,0,0,0,0,0,0,0,0,0,0,0,0,0,0,0,0,0,0,0,0,0,0,0,0,0,0,0,0,0
com assign_to_keycache,0,0,0,0,0,0,0,0,0,0,0,0,0,0,0,0,0,0,0,0,0,0,0,0,0,0,0,0,0,0,0,0,0,0,0,0,0,0,0,0,0,0,0,0,0,0,0,0,0,0,0,0,0,0,0,0
com begin,0,0,0,0,0,0,0,0,0,0,0,0,0,0,0,0,0,0,0,0,0,0,0,0,0,0,0,0,0,0,0,0,0,0,0,0,0,0,0,0,0,0,0,0,0,0,0,0,0,0,0,0,0,0,0,0
com binlog,0,0,0,0,0,0,0,0,0,0,0,0,0,0,0,0,0,0,0,0,0,0,0,0,0,0,0,0,0,0,0,0,0,0,0,0,0,0,0,0,0,0,0,0,0,0,0,0,0,0,0,0,0,0,0,0
com call_procedure,0,0,0,0,0,0,0,0,0,0,0,0,0,0,0,0,0,0,0,0,0,0,0,0,0,0,0,0,0,0,0,0,0,0,0,0,0,0,0,0,0,0,0,0,0,0,0,0,0,0,0,0,0,0,0,0
com change_db,0,0,0,0,0,0,0,0,0,0,0,0,0,0,0,0,0,0,0,0,0,0,0,0,0,0,0,0,0,0,0,0,0,0,0,0,0,0,0,0,0,0,0,0,0,0,0,0,0,0,0,0,0,0,0,0
com change_master,0,0,0,0,0,0,0,0,0,0,0,0,0,0,0,0,0,0,0,0,0,0,0,0,0,0,0,0,0,0,0,0,0,0,0,0,0,0,0,0,0,0,0,0,0,0,0,0,0,0,0,0,0,0,0,0
com change_repl_filter,0,0,0,0,0,0,0,0,0,0,0,0,0,0,0,0,0,0,0,0,0,0,0,0,0,0,0,0,0,0,0,0,0,0,0,0,0,0,0,0,0,0,0,0,0,0,0,0,0,0,0,0,0,0,0,0
com check,0,0,0,0,0,0,0,0,0,0,0,0,0,0,0,0,0,0,0,0,0,0,0,0,0,0,0,0,0,0,0,0,0,0,0,0,0,0,0,0,0,0,0,0,0,0,0,0,0,0,0,0,0,0,0,0
com checksum,0,0,0,0,0,0,0,0,0,0,0,0,0,0,0,0,0,0,0,0,0,0,0,0,0,0,0,0,0,0,0,0,0,0,0,0,0,0,0,0,0,0,0,0,0,0,0,0,0,0,0,0,0,0,0,0
com commit,0,0,1.5555555555555558,5.222222222222222,10.555555555555555,15.11111111111111,19.88888888888889,24.333333333333336,28.666666666666668,32.88888888888889,37.44444444444444,40.111111111111114,35.3502,30.488,26.37763333333333,22.038240000000002,18.025799999999997,14.125800000000002,10.3569,6.1636,6.929556650246306,6,6,6,6,6,6,6,4.981773399014779,4.430769230769231,4.276022548505506,4.11234950120399,4.447894837720419,4.730256671419841,5.2941309987029825,5.273602349583238,5.163579739471355,4.939934882676546,2.889852172946538,2.110407641897145,1.777777777777778,1.2219506776271938,0.8890864636585908,0.33348154735437974,0.5555555555555556,0.5555555555555556,1,1,1.000333444481494,0.999444752915047,1.112099644128114,1.2222222222222223,1.2203239405369426,0.9996667777407531,1.2218149505720315,0.8885926913251139
com create_compression_dictionary,0,0,0,0,0,0,0,0,0,0,0,0,0,0,0,0,0,0,0,0,0,0,0,0,0,0,0,0,0,0,0,0,0,0,0,0,0,0,0,0,0,0,0,0,0,0,0,0,0,0,0,0,0,0,0,0
com create_db,0,0,0,0,0,0,0,0,0,0,0,0,0,0,0,0,0,0,0,0,0,0,0,0,0,0,0,0,0,0,0,0,0,0,0,0,0,0,0,0,0,0,0,0,0,0,0,0,0,0,0,0,0,0,0,0
com create_event,0,0,0,0,0,0,0,0,0,0,0,0,0,0,0,0,0,0,0,0,0,0,0,0,0,0,0,0,0,0,0,0,0,0,0,0,0,0,0,0,0,0,0,0,0,0,0,0,0,0,0,0,0,0,0,0
com create_function,0,0,0,0,0,0,0,0,0,0,0,0,0,0,0,0,0,0,0,0,0,0,0,0,0,0,0,0,0,0,0,0,0,0,0,0,0,0,0,0,0,0,0,0,0,0,0,0,0,0,0,0,0,0,0,0
com create_index,0,0,0,0,0,0,0,0,0,0,0,0,0,0,0,0,0,0,0,0,0,0,0,0,0,0,0,0,0,0,0,0,0,0,0,0,0,0,0,0,0,0,0,0,0,0,0,0,0,0,0,0,0,0,0,0
com create_procedure,0,0,0,0,0,0,0,0,0,0,0,0,0,0,0,0,0,0,0,0,0,0,0,0,0,0,0,0,0,0,0,0,0,0,0,0,0,0,0,0,0,0,0,0,0,0,0,0,0,0,0,0,0,0,0,0
com create_server,0,0,0,0,0,0,0,0,0,0,0,0,0,0,0,0,0,0,0,0,0,0,0,0,0,0,0,0,0,0,0,0,0,0,0,0,0,0,0,0,0,0,0,0,0,0,0,0,0,0,0,0,0,0,0,0
com create_table,0,0,0,0,0,0,0,0,0,0,0,0,0,0,0,0,0,0,0,0,0,0,0,0,0,0,0,0,0,0,0,0,0,0,0,0,0,0,0,0,0,0,0,0,0,0,0,0,0,0,0,0,0,0,0,0
com create_trigger,0,0,0,0,0,0,0,0,0,0,0,0,0,0,0,0,0,0,0,0,0,0,0,0,0,0,0,0,0,0,0,0,0,0,0,0,0,0,0,0,0,0,0,0,0,0,0,0,0,0,0,0,0,0,0,0
com create_udf,0,0,0,0,0,0,0,0,0,0,0,0,0,0,0,0,0,0,0,0,0,0,0,0,0,0,0,0,0,0,0,0,0,0,0,0,0,0,0,0,0,0,0,0,0,0,0,0,0,0,0,0,0,0,0,0
com create_user,0,0,0,0,0,0,0,0,0,0,0,0,0,0,0,0,0,0,0,0,0,0,0,0,0,0,0,0,0,0,0,0,0,0,0,0,0,0,0,0,0,0,0,0,0,0,0,0,0,0,0,0,0,0,0,0
com create_view,0,0,0,0,0,0,0,0,0,0,0,0,0,0,0,0,0,0,0,0,0,0,0,0,0,0,0,0,0,0,0,0,0,0,0,0,0,0,0,0,0,0,0,0,0,0,0,0,0,0,0,0,0,0,0,0
com dealloc_sql,0,0,0,0,0,0,0,0,0,0,0,0,0,0,0,0,0,0,0,0,0,0,0,0,0,0,0,0,0,0,0,0,0,0,0,0,0,0,0,0,0,0,0,0,0,0,0,0,0,0,0,0,0,0,0,0
com delete,0,0,0,2.7777777777777777,3.7777777777777777,5.555555555555555,7.777777777777779,10,10,10.444444444444445,12.222222222222223,14.444444444444446,11.316374999999999,10.45302857142857,8.829333333333333,6.7463999999999995,4.622,4.8293333333333335,4.7196,3.2439999999999998,3.6957635467980294,3.2,3.2,3.2,3.2,3.2,3.2,3.2,2.656945812807882,0,0.17104090194022023,0.440608875128999,0.5391387682085356,0.7670686494194336,0.7387159533073928,0.8389821919791516,0.8214785949158975,0.7858987313349051,0.7780371234856063,0.6664445184938353,0.4444444444444445,0.555432126194179,0.4445432318292954,0.7781236104935527,0.6666666666666667,0.888888888888889,0.888888888888889,0.888888888888889,0.8891852839835501,0.8883953359244863,0.6672597864768683,0.5555555555555556,0.2218770800976259,0.44429634566255694,0.44429634566255694,0.6664445184938353
com delete_multi,0,0,0,0,0,0,0,0,0,0,0,0,0,0,0,0,0,0,0,0,0,0,0,0,0,0,0,0,0,0,0,0,0,0,0,0,0,0,0,0,0,0,0,0,0,0,0,0,0,0,0,0,0,0,0,0
com do,0,0,0,0,0,0,0,0,0,0,0,0,0,0,0,0,0,0,0,0,0,0,0,0,0,0,0,0,0,0,0,0,0,0,0,0,0,0,0,0,0,0,0,0,0,0,0,0,0,0,0,0,0,0,0,0
com drop_compression_dictionary,0,0,0,0,0,0,0,0,0,0,0,0,0,0,0,0,0,0,0,0,0,0,0,0,0,0,0,0,0,0,0,0,0,0,0,0,0,0,0,0,0,0,0,0,0,0,0,0,0,0,0,0,0,0,0,0
com drop_db,0,0,0,0,0,0,0,0,0,0,0,0,0,0,0,0,0,0,0,0,0,0,0,0,0,0,0,0,0,0,0,0,0,0,0,0,0,0,0,0,0,0,0,0,0,0,0,0,0,0,0,0,0,0,0,0
com drop_event,0,0,0,0,0,0,0,0,0,0,0,0,0,0,0,0,0,0,0,0,0,0,0,0,0,0,0,0,0,0,0,0,0,0,0,0,0,0,0,0,0,0,0,0,0,0,0,0,0,0,0,0,0,0,0,0
com drop_function,0,0,0,0,0,0,0,0,0,0,0,0,0,0,0,0,0,0,0,0,0,0,0,0,0,0,0,0,0,0,0,0,0,0,0,0,0,0,0,0,0,0,0,0,0,0,0,0,0,0,0,0,0,0,0,0
com drop_index,0,0,0,0,0,0,0,0,0,0,0,0,0,0,0,0,0,0,0,0,0,0,0,0,0,0,0,0,0,0,0,0,0,0,0,0,0,0,0,0,0,0,0,0,0,0,0,0,0,0,0,0,0,0,0,0
com drop_procedure,0,0,0,0,0,0,0,0,0,0,0,0,0,0,0,0,0,0,0,0,0,0,0,0,0,0,0,0,0,0,0,0,0,0,0,0,0,0,0,0,0,0,0,0,0,0,0,0,0,0,0,0,0,0,0,0
com drop_server,0,0,0,0,0,0,0,0,0,0,0,0,0,0,0,0,0,0,0,0,0,0,0,0,0,0,0,0,0,0,0,0,0,0,0,0,0,0,0,0,0,0,0,0,0,0,0,0,0,0,0,0,0,0,0,0
com drop_table,0,0,0,0,0,0,0,0,0,0,0,0,0,0,0,0,0,0,0,0,0,0,0,0,0,0,0,0,0,0,0,0,0,0,0,0,0,0,0,0,0,0,0,0,0,0,0,0,0,0,0,0,0,0,0,0
com drop_trigger,0,0,0,0,0,0,0,0,0,0,0,0,0,0,0,0,0,0,0,0,0,0,0,0,0,0,0,0,0,0,0,0,0,0,0,0,0,0,0,0,0,0,0,0,0,0,0,0,0,0,0,0,0,0,0,0
com drop_user,0,0,0,0,0,0,0,0,0,0,0,0,0,0,0,0,0,0,0,0,0,0,0,0,0,0,0,0,0,0,0,0,0,0,0,0,0,0,0,0,0,0,0,0,0,0,0,0,0,0,0,0,0,0,0,0
com drop_view,0,0,0,0,0,0,0,0,0,0,0,0,0,0,0,0,0,0,0,0,0,0,0,0,0,0,0,0,0,0,0,0,0,0,0,0,0,0,0,0,0,0,0,0,0,0,0,0,0,0,0,0,0,0,0,0
com empty_query,0,0,0,0,0,0,0,0,0,0,0,0,0,0,0,0,0,0,0,0,0,0,0,0,0,0,0,0,0,0,0,0,0,0,0,0,0,0,0,0,0,0,0,0,0,0,0,0,0,0,0,0,0,0,0,0
com execute_sql,0,0,0,0,0,0,0,0,0,0,0,0,0,0,0,0,0,0,0,0,0,0,0,0,0,0,0,0,0,0,0,0,0,0,0,0,0,0,0,0,0,0,0,0,0,0,0,0,0,0,0,0,0,0,0,0
com explain_other,0,0,0,0,0,0,0,0,0,0,0,0,0,0,0,0,0,0,0,0,0,0,0,0,0,0,0,0,0,0,0,0,0,0,0,0,0,0,0,0,0,0,0,0,0,0,0,0,0,0,0,0,0,0,0,0
com flush,0,0,0,0,0,0,0,0,0,0,0,0,0,0,0,0,0,0,0,0,0,0,0,0,0,0,0,0,0,0,0,0,0,0,0,0,0,0,0,0,0,0,0,0,0,0,0,0,0,0,0,0,0,0,0,0
com get_diagnostics,0,0,0,0,0,0,0,0,0,0,0,0,0,0,0,0,0,0,0,0,0,0,0,0,0,0,0,0,0,0,0,0,0,0,0,0,0,0,0,0,0,0,0,0,0,0,0,0,0,0,0,0,0,0,0,0
com grant,0,0,0,0,0,0,0,0,0,0,0,0,0,0,0,0,0,0,0,0,0,0,0,0,0,0,0,0,0,0,0,0,0,0,0,0,0,0,0,0,0,0,0,0,0,0,0,0,0,0,0,0,0,0,0,0
com group_replication_start,0,0,0,0,0,0,0,0,0,0,0,0,0,0,0,0,0,0,0,0,0,0,0,0,0,0,0,0,0,0,0,0,0,0,0,0,0,0,0,0,0,0,0,0,0,0,0,0,0,0,0,0,0,0,0,0
com group_replication_stop,0,0,0,0,0,0,0,0,0,0,0,0,0,0,0,0,0,0,0,0,0,0,0,0,0,0,0,0,0,0,0,0,0,0,0,0,0,0,0,0,0,0,0,0,0,0,0,0,0,0,0,0,0,0,0,0
com ha_close,0,0,0,0,0,0,0,0,0,0,0,0,0,0,0,0,0,0,0,0,0,0,0,0,0,0,0,0,0,0,0,0,0,0,0,0,0,0,0,0,0,0,0,0,0,0,0,0,0,0,0,0,0,0,0,0
com ha_open,0,0,0,0,0,0,0,0,0,0,0,0,0,0,0,0,0,0,0,0,0,0,0,0,0,0,0,0,0,0,0,0,0,0,0,0,0,0,0,0,0,0,0,0,0,0,0,0,0,0,0,0,0,0,0,0
com ha_read,0,0,0,0,0,0,0,0,0,0,0,0,0,0,0,0,0,0,0,0,0,0,0,0,0,0,0,0,0,0,0,0,0,0,0,0,0,0,0,0,0,0,0,0,0,0,0,0,0,0,0,0,0,0,0,0
com help,0,0,0,0,0,0,0,0,0,0,0,0,0,0,0,0,0,0,0,0,0,0,0,0,0,0,0,0,0,0,0,0,0,0,0,0,0,0,0,0,0,0,0,0,0,0,0,0,0,0,0,0,0,0,0,0
com insert,0,0,9.444444444444445,28.555555555555554,60.777777777777786,86.11111111111111,114,135.88888888888889,157.66666666666669,175.33333333333334,195.55555555555557,206,181.27755,151.56891428571427,128.46679999999998,102.65772,82.7338,62.781333333333336,47.327099999999994,29.033799999999996,36.49566502463054,31.6,31.6,31.6,31.6,31.6,31.6,31.6,26.23733990147783,11.076923076923077,10.604535920293655,11.308961128310973,12.265406976744185,12.017408840904462,12.435051880674447,12.105314484270616,11.852762583786518,11.339395980689345,6.22429698788485,4.331889370209931,3,2.777160630970895,2.444987775061125,1.6674077367718987,1.6666666666666667,1.6666666666666667,1.6666666666666667,1.6666666666666667,1.6672224074691564,1.3325930038867295,0,0,0,0,0,0
com insert_select,0,0,0,0,0,0,0,0,0,0,0,0,0,0,0,0,0,0,0,0,0,0,0,0,0,0,0,0,0,0,0,0,0,0,0,0,0,0,0,0,0,0,0,0,0,0,0,0,0,0,0,0,0,0,0,0
com install_plugin,0,0,0,0,0,0,0,0,0,0,0,0,0,0,0,0,0,0,0,0,0,0,0,0,0,0,0,0,0,0,0,0,0,0,0,0,0,0,0,0,0,0,0,0,0,0,0,0,0,0,0,0,0,0,0,0
com kill,0,0,0,0,0,0,0,0,0,0,0,0,0,0,0,0,0,0,0,0,0,0,0,0,0,0,0,0,0,0,0,0,0,0,0,0,0,0,0,0,0,0,0,0,0,0,0,0,0,0,0,0,0,0,0,0
com load,0,0,0,0,0,0,0,0,0,0,0,0,0,0,0,0,0,0,0,0,0,0,0,0,0,0,0,0,0,0,0,0,0,0,0,0,0,0,0,0,0,0,0,0,0,0,0,0,0,0,0,0,0,0,0,0
com lock_binlog_for_backup,0,0,0,0,0,0,0,0,0,0,0,0,0,0,0,0,0,0,0,0,0,0,0,0,0,0,0,0,0,0,0,0,0,0,0,0,0,0,0,0,0,0,0,0,0,0,0,0,0,0,0,0,0,0,0,0
com lock_tables,0,0,0,0,0,0,0,0,0,0,0,0,0,0,0,0,0,0,0,0,0,0,0,0,0,0,0,0,0,0,0,0,0,0,0,0,0,0,0,0,0,0,0,0,0,0,0,0,0,0,0,0,0,0,0,0
com lock_tables_for_backup,0,0,0,0,0,0,0,0,0,0,0,0,0,0,0,0,0,0,0,0,0,0,0,0,0,0,0,0,0,0,0,0,0,0,0,0,0,0,0,0,0,0,0,0,0,0,0,0,0,0,0,0,0,0,0,0
com optimize,0,0,0,0,0,0,0,0,0,0,0,0,0,0,0,0,0,0,0,0,0,0,0,0,0,0,0,0,0,0,0,0,0,0,0,0,0,0,0,0,0,0,0,0,0,0,0,0,0,0,0,0,0,0,0,0
com preload_keys,0,0,0,0,0,0,0,0,0,0,0,0,0,0,0,0,0,0,0,0,0,0,0,0,0,0,0,0,0,0,0,0,0,0,0,0,0,0,0,0,0,0,0,0,0,0,0,0,0,0,0,0,0,0,0,0
com prepare_sql,0,0,0,0,0,0,0,0,0,0,0,0,0,0,0,0,0,0,0,0,0,0,0,0,0,0,0,0,0,0,0,0,0,0,0,0,0,0,0,0,0,0,0,0,0,0,0,0,0,0,0,0,0,0,0,0
com purge,0,0,0,0,0,0,0,0,0,0,0,0,0,0,0,0,0,0,0,0,0,0,0,0,0,0,0,0,0,0,0,0,0,0,0,0,0,0,0,0,0,0,0,0,0,0,0,0,0,0,0,0,0,0,0,0
com purge_before_date,0,0,0,0,0,0,0,0,0,0,0,0,0,0,0,0,0,0,0,0,0,0,0,0,0,0,0,0,0,0,0,0,0,0,0,0,0,0,0,0,0,0,0,0,0,0,0,0,0,0,0,0,0,0,0,0
com release_savepoint,0,0,0,0,0,0,0,0,0,0,0,0,0,0,0,0,0,0,0,0,0,0,0,0,0,0,0,0,0,0,0,0,0,0,0,0,0,0,0,0,0,0,0,0,0,0,0,0,0,0,0,0,0,0,0,0
com rename_table,0,0,0,0,0,0,0,0,0,0,0,0,0,0,0,0,0,0,0,0,0,0,0,0,0,0,0,0,0,0,0,0,0,0,0,0,0,0,0,0,0,0,0,0,0,0,0,0,0,0,0,0,0,0,0,0
com rename_user,0,0,0,0,0,0,0,0,0,0,0,0,0,0,0,0,0,0,0,0,0,0,0,0,0,0,0,0,0,0,0,0,0,0,0,0,0,0,0,0,0,0,0,0,0,0,0,0,0,0,0,0,0,0,0,0
com repair,0,0,0,0,0,0,0,0,0,0,0,0,0,0,0,0,0,0,0,0,0,0,0,0,0,0,0,0,0,0,0,0,0,0,0,0,0,0,0,0,0,0,0,0,0,0,0,0,0,0,0,0,0,0,0,0
com replace,0,0,0,0,0,0,0,0,0,0,0,0,0,0,0,0,0,0,0,0,0,0,0,0,0,0,0,0,0,0,0,0,0,0,0,0,0,0,0,0,0,0,0,0,0,0,0,0,0,0,0,0,0,0,0,0
com replace_select,0,0,0,0,0,0,0,0,0,0,0,0,0,0,0,0,0,0,0,0,0,0,0,0,0,0,0,0,0,0,0,0,0,0,0,0,0,0,0,0,0,0,0,0,0,0,0,0,0,0,0,0,0,0,0,0
com reset,0,0,0,0,0,0,0,0,0,0,0,0,0,0,0,0,0,0,0,0,0,0,0,0,0,0,0,0,0,0,0,0,0,0,0,0,0,0,0,0,0,0,0,0,0,0,0,0,0,0,0,0,0,0,0,0
com resignal,0,0,0,0,0,0,0,0,0,0,0,0,0,0,0,0,0,0,0,0,0,0,0,0,0,0,0,0,0,0,0,0,0,0,0,0,0,0,0,0,0,0,0,0,0,0,0,0,0,0,0,0,0,0,0,0
com revoke,0,0,0,0,0,0,0,0,0,0,0,0,0,0,0,0,0,0,0,0,0,0,0,0,0,0,0,0,0,0,0,0,0,0,0,0,0,0,0,0,0,0,0,0,0,0,0,0,0,0,0,0,0,0,0,0
com revoke_all,0,0,0,0,0,0,0,0,0,0,0,0,0,0,0,0,0,0,0,0,0,0,0,0,0,0,0,0,0,0,0,0,0,0,0,0,0,0,0,0,0,0,0,0,0,0,0,0,0,0,0,0,0,0,0,0
com rollback,0,0,0,0.22222222222222224,0.7777777777777779,0.7777777777777779,1.3333333333333335,1.4444444444444444,1.4444444444444444,1.6666666666666667,1.8888888888888888,2,1.7244,1.197742857142857,1.2140333333333333,0.67464,0.57775,0.6036666666666667,0.3933,0.16219999999999998,0.4619704433497537,0.4,0.4,0.4,0.4,0.4,0.4,0.4,0.3321182266009852,0,0,0,0,0,0,0,0,0,0,0.7775186049094746,3.444444444444444,6.887358364807819,10.224494332073794,14.117385504668743,17.88888888888889,20.88888888888889,20.88888888888889,20.88888888888889,20.11781705012782,17.434758467518044,14.902135231316725,13.222222222222223,11.759485245174174,11.218482727979563,11.440630900810842,15.883594357436412
com rollback_to_savepoint,0,0,0,0,0,0,0,0,0,0,0,0,0,0,0,0,0,0,0,0,0,0,0,0,0,0,0,0,0,0,0,0,0,0,0,0,0,0,0,0,0,0,0,0,0,0,0,0,0,0,0,0,0,0,0,0
com savepoint,0,0,0,0,0,0,0,0,0,0,0,0,0,0,0,0,0,0,0,0,0,0,0,0,0,0,0,0,0,0,0,0,0,0,0,0,0,0,0,0,0,0,0,0,0,0,0,0,0,0,0,0,0,0,0,0
com select,27.666666666666668,26.666666666666668,49.22222222222222,104.55555555555557,171.66666666666669,233.22222222222223,301.22222222222223,355.33333333333337,398,440.33333333333337,491,519.4444444444445,447.37402499999996,382.84217142857136,324.3676333333333,258.38712,206.25675,164.68026666666668,125.4627,78.34259999999999,110.17995073891625,95.4,95.4,95.4,95.4,95.4,95.4,95.4,79.21019704433498,79.26153846153846,109.1240954378605,142.31666666666666,174.141822131357,204.42379507027908,238.11277561608298,240.0687615048915,239.5196874604781,231.72785449646344,195.73191063687895,166.27790736421193,142.55555555555557,135.08109309042433,131.58479662147144,120.1645175633615,149.55555555555557,174.55555555555557,198.88888888888889,198.55555555555557,196.0653551183728,186.0077734591893,163.25622775800713,140.55555555555557,128.57776791657423,108.7415306009108,109.51904920582028,111.07408641563923
com set_option,1,1,2.888888888888889,7.777777777777779,12.666666666666668,17.333333333333336,22.666666666666668,27.22222222222222,31.555555555555554,36,40.55555555555556,43.22222222222222,37.0746,32.55682857142857,28.253866666666664,23.275080000000003,19.06575,15.091666666666665,11.0124,6.812399999999999,10.16334975369458,8.8,8.8,8.8,8.8,8.8,8.8,8.8,7.306600985221675,11.323076923076924,14.19639486103828,18.799312005503957,23.18296703296703,27.614471379099616,31.272308690012967,31.04234110322861,30.51206209687619,29.302795554058605,24.00800266755585,20.770854159724536,16.555555555555557,14.663408131526328,13.22516114692154,12.449977767896844,16.555555555555557,20.22222222222222,22.88888888888889,22.88888888888889,22.118483939090808,21.432537479178233,19.350533807829184,17,15.420457066785001,13.217816283461067,12.884594024214149,13.773186715539264
com show_binlog_events,0,0,0,0,0,0,0,0,0,0,0,0,0,0,0,0,0,0,0,0,0,0,0,0,0,0,0,0,0,0,0,0,0,0,0,0,0,0,0,0,0,0,0,0,0,0,0,0,0,0,0,0,0,0,0,0
com show_binlogs,0,0,0,0,0,0,0,0,0,0,0,0,0,0,0,0,0,0,0,0,0,0,0,0,0,0,0,0,0,0,0,0,0,0,0,0,0,0,0,0,0,0,0,0,0,0,0,0,0,0,0,0,0,0,0,0
com show_charsets,0,0,0,0,0,0,0,0,0,0,0,0,0,0,0,0,0,0,0,0,0,0,0,0,0,0,0,0,0,0,0,0,0,0,0,0,0,0,0,0,0,0,0,0,0,0,0,0,0,0,0,0,0,0,0,0
com show_client_statistics,0,0,0,0,0,0,0,0,0,0,0,0,0,0,0,0,0,0,0,0,0,0,0,0,0,0,0,0,0,0,0,0,0,0,0,0,0,0,0,0,0,0,0,0,0,0,0,0,0,0,0,0,0,0,0,0
com show_collations,0,0,0,0,0,0,0,0,0,0,0,0,0,0,0,0,0,0,0,0,0,0,0,0,0,0,0,0,0,0,0,0,0,0,0,0,0,0,0,0,0,0,0,0,0,0,0,0,0,0,0,0,0,0,0,0
com show_create_db,0,0,0,0,0,0,0,0,0,0,0,0,0,0,0,0,0,0,0,0,0,0,0,0,0,0,0,0,0,0,0,0,0,0,0,0,0,0,0,0,0,0,0,0,0,0,0,0,0,0,0,0,0,0,0,0
com show_create_event,0,0,0,0,0,0,0,0,0,0,0,0,0,0,0,0,0,0,0,0,0,0,0,0,0,0,0,0,0,0,0,0,0,0,0,0,0,0,0,0,0,0,0,0,0,0,0,0,0,0,0,0,0,0,0,0
com show_create_func,0,0,0,0,0,0,0,0,0,0,0,0,0,0,0,0,0,0,0,0,0,0,0,0,0,0,0,0,0,0,0,0,0,0,0,0,0,0,0,0,0,0,0,0,0,0,0,0,0,0,0,0,0,0,0,0
com show_create_proc,0,0,0,0,0,0,0,0,0,0,0,0,0,0,0,0,0,0,0,0,0,0,0,0,0,0,0,0,0,0,0,0,0,0,0,0,0,0,0,0,0,0,0,0,0,0,0,0,0,0,0,0,0,0,0,0
com show_create_table,0,0,0,0,0,0,0,0,0,0,0,0,0,0,0,0,0,0,0,0,0,0,0,0,0,0,0,0,0,0,0,0,0,0,0,0,0,0,0,0,0,0,0,0,0,0,0,0,0,0,0,0,0,0,0,0
com show_create_trigger,0,0,0,0,0,0,0,0,0,0,0,0,0,0,0,0,0,0,0,0,0,0,0,0,0,0,0,0,0,0,0,0,0,0,0,0,0,0,0,0,0,0,0,0,0,0,0,0,0,0,0,0,0,0,0,0
com show_create_user,0,0,0,0,0,0,0,0,0,0,0,0,0,0,0,0,0,0,0,0,0,0,0,0,0,0,0,0,0,0,0,0,0,0,0,0,0,0,0,0,0,0,0,0,0,0,0,0,0,0,0,0,0,0,0,0
com show_databases,0,0,0,0,0,0,0,0,0,0,0,0,0,0,0,0,0,0,0,0,0,0,0,0,0,0,0,0,0,0,0,0,0,0,0,0,0,0,0,0,0,0,0,0,0,0,0,0,0,0,0,0,0,0,0,0
com show_engine_logs,0,0,0,0,0,0,0,0,0,0,0,0,0,0,0,0,0,0,0,0,0,0,0,0,0,0,0,0,0,0,0,0,0,0,0,0,0,0,0,0,0,0,0,0,0,0,0,0,0,0,0,0,0,0,0,0
com show_engine_mutex,0,0,0,0,0,0,0,0,0,0,0,0,0,0,0,0,0,0,0,0,0,0,0,0,0,0,0,0,0,0,0,0,0,0,0,0,0,0,0,0,0,0,0,0,0,0,0,0,0,0,0,0,0,0,0,0
com show_engine_status,1,1,1,1,1,1,1,1,1,1,1,1,0.8622,0.7621999999999999,0.6622,0.5622,0.4622,0.24146666666666666,0.1311,0.16219999999999998,0.4619704433497537,0.4,0.4,0.4,0.4,0.4,0.4,0.4,0.3321182266009852,0.24615384615384617,0.17104090194022023,0.2937392500859993,0.5391387682085356,0.5113790996129558,0.6155966277561608,0.7191275931249871,0.9388326799038827,0.8981699786684629,0.8891852839835501,0.9996667777407531,1.1111111111111112,0.8886914019106864,1.1113580795732385,1.0004446420631392,1.1111111111111112,0.888888888888889,1.1111111111111112,1.1111111111111112,1.000333444481494,0.8883953359244863,1.112099644128114,1,0.9984468604393166,0.8885926913251139,0.9996667777407531,0.9996667777407531
com show_errors,0,0,0,0,0,0,0,0,0,0,0,0,0,0,0,0,0,0,0,0,0,0,0,0,0,0,0,0,0,0,0,0,0,0,0,0,0,0,0,0,0,0,0,0,0,0,0,0,0,0,0,0,0,0,0,0
com show_events,0,0,0,0,0,0,0,0,0,0,0,0,0,0,0,0,0,0,0,0,0,0,0,0,0,0,0,0,0,0,0,0,0,0,0,0,0,0,0,0,0,0,0,0,0,0,0,0,0,0,0,0,0,0,0,0
com show_fields,0,0,0,0,0,0,0,0,0,0,0,0,0,0,0,0,0,0,0,0,0,0,0,0,0,0,0,0,0,0,0,0,0,0,0,0,0,0,0,0,0,0,0,0,0,0,0,0,0,0,0,0,0,0,0,0
com show_function_code,0,0,0,0,0,0,0,0,0,0,0,0,0,0,0,0,0,0,0,0,0,0,0,0,0,0,0,0,0,0,0,0,0,0,0,0,0,0,0,0,0,0,0,0,0,0,0,0,0,0,0,0,0,0,0,0
com show_function_status,0,0,0,0,0,0,0,0,0,0,0,0,0,0,0,0,0,0,0,0,0,0,0,0,0,0,0,0,0,0,0,0,0,0,0,0,0,0,0,0,0,0,0,0,0,0,0,0,0,0,0,0,0,0,0,0
com show_grants,0,0,0,0,0,0,0,0,0,0,0,0,0,0,0,0,0,0,0,0,0,0,0,0,0,0,0,0,0,0,0,0,0,0,0,0,0,0,0,0,0,0,0,0,0,0,0,0,0,0,0,0,0,0,0,0
com show_index_statistics,0,0,0,0,0,0,0,0,0,0,0,0,0,0,0,0,0,0,0,0,0,0,0,0,0,0,0,0,0,0,0,0,0,0,0,0,0,0,0,0,0,0,0,0,0,0,0,0,0,0,0,0,0,0,0,0
com show_keys,0,0,0,0,0,0,0,0,0,0,0,0,0,0,0,0,0,0,0,0,0,0,0,0,0,0,0,0,0,0,0,0,0,0,0,0,0,0,0,0,0,0,0,0,0,0,0,0,0,0,0,0,0,0,0,0
com show_master_status,0,0,0,0,0,0,0,0,0,0,0,0,0,0,0,0,0,0,0,0,0,0,0,0,0,0,0,0,0,0,0,0,0,0,0,0,0,0,0,0,0,0,0,0,0,0,0,0,0,0,0,0,0,0,0,0
com show_open_tables,0,0,0,0,0,0,0,0,0,0,0,0,0,0,0,0,0,0,0,0,0,0,0,0,0,0,0,0,0,0,0,0,0,0,0,0,0,0,0,0,0,0,0,0,0,0,0,0,0,0,0,0,0,0,0,0
com show_plugins,0,0,0,0,0,0,0,0,0,0,0,0,0,0,0,0,0,0,0,0,0,0,0,0,0,0,0,0,0,0,0,0,0,0,0,0,0,0,0,0,0,0,0,0,0,0,0,0,0,0,0,0,0,0,0,0
com show_privileges,0,0,0,0,0,0,0,0,0,0,0,0,0,0,0,0,0,0,0,0,0,0,0,0,0,0,0,0,0,0,0,0,0,0,0,0,0,0,0,0,0,0,0,0,0,0,0,0,0,0,0,0,0,0,0,0
com show_procedure_code,0,0,0,0,0,0,0,0,0,0,0,0,0,0,0,0,0,0,0,0,0,0,0,0,0,0,0,0,0,0,0,0,0,0,0,0,0,0,0,0,0,0,0,0,0,0,0,0,0,0,0,0,0,0,0,0
com show_procedure_status,0,0,0,0,0,0,0,0,0,0,0,0,0,0,0,0,0,0,0,0,0,0,0,0,0,0,0,0,0,0,0,0,0,0,0,0,0,0,0,0,0,0,0,0,0,0,0,0,0,0,0,0,0,0,0,0
com show_processlist,0,0,0,0,0,0,0,0,0,0,0,0,0,0,0,0,0,0,0,0,0,0,0,0,0,0,0,0,0,0,0,0,0,0,0,0,0,0,0,0,0,0,0,0,0,0,0,0,0,0,0,0,0,0,0,0
com show_profile,0,0,0,0,0,0,0,0,0,0,0,0,0,0,0,0,0,0,0,0,0,0,0,0,0,0,0,0,0,0,0,0,0,0,0,0,0,0,0,0,0,0,0,0,0,0,0,0,0,0,0,0,0,0,0,0
com show_profiles,0,0,0,0,0,0,0,0,0,0,0,0,0,0,0,0,0,0,0,0,0,0,0,0,0,0,0,0,0,0,0,0,0,0,0,0,0,0,0,0,0,0,0,0,0,0,0,0,0,0,0,0,0,0,0,0
com show_relaylog_events,0,0,0,0,0,0,0,0,0,0,0,0,0,0,0,0,0,0,0,0,0,0,0,0,0,0,0,0,0,0,0,0,0,0,0,0,0,0,0,0,0,0,0,0,0,0,0,0,0,0,0,0,0,0,0,0
com show_slave_hosts,0,0,0,0,0,0,0,0,0,0,0,0,0,0,0,0,0,0,0,0,0,0,0,0,0,0,0,0,0,0,0,0,0,0,0,0,0,0,0,0,0,0,0,0,0,0,0,0,0,0,0,0,0,0,0,0
com show_slave_status,1,1,1,1,1,1,1,1,1,1,1,1,0.8622,0.7621999999999999,0.6622,0.5622,0.4622,0.36219999999999997,0.2622,0.16219999999999998,0.23098522167487684,0.2,0.2,0.2,0.2,0.2,0.2,0.2,0.1660591133004926,0.24615384615384617,0.34208180388044046,0.440608875128999,0.5391387682085356,0.6392238745161948,0.7387159533073928,0.8389821919791516,0.9388326799038827,1.0104412260020208,1.000333444481494,0.9996667777407531,1,0.9997778271495223,1.0002222716159146,1.0004446420631392,1,1,1,1,1.000333444481494,0.999444752915047,1.0008896797153024,1,0.9984468604393166,0.9996667777407531,0.9996667777407531,0.9996667777407531
com show_status,1,1,1,1,1,1,1,1,1,1,1,1,0.8622,0.7621999999999999,0.6622,0.5622,0.4622,0.36219999999999997,0.2622,0.16219999999999998,0.23098522167487684,0.2,0.2,0.2,0.2,0.2,0.2,0.2,0.1660591133004926,0.24615384615384617,0.34208180388044046,0.440608875128999,0.5391387682085356,0.6392238745161948,0.7387159533073928,0.8389821919791516,0.9388326799038827,1.0104412260020208,1.000333444481494,0.9996667777407531,1,0.9997778271495223,1.0002222716159146,1.0004446420631392,1,1,1,1,1.000333444481494,0.999444752915047,1.0008896797153024,1,0.9984468604393166,0.9996667777407531,0.9996667777407531,0.9996667777407531
com show_storage_engines,0,0,0,0,0,0,0,0,0,0,0,0,0,0,0,0,0,0,0,0,0,0,0,0,0,0,0,0,0,0,0,0,0,0,0,0,0,0,0,0,0,0,0,0,0,0,0,0,0,0,0,0,0,0,0,0
com show_table_statistics,0,0,0,0,0,0,0,0,0,0,0,0,0,0,0,0,0,0,0,0,0,0,0,0,0,0,0,0,0,0,0,0,0,0,0,0,0,0,0,0,0,0,0,0,0,0,0,0,0,0,0,0,0,0,0,0
com show_table_status,0,0,0,0,0,0,0,0,0,0,0,0,0,0,0,0,0,0,0,0,0,0,0,0,0,0,0,0,0,0,0,0,0,0,0,0,0,0,0,0,0,0,0,0,0,0,0,0,0,0,0,0,0,0,0,0
com show_tables,0,0,0,0,0,0,0,0,0,0,0,0,0,0,0,0,0,0,0,0,0,0,0,0,0,0,0,0,0,0,0,0,0,0,0,0,0,0,0,0,0,0,0,0,0,0,0,0,0,0,0,0,0,0,0,0
com show_thread_statistics,0,0,0,0,0,0,0,0,0,0,0,0,0,0,0,0,0,0,0,0,0,0,0,0,0,0,0,0,0,0,0,0,0,0,0,0,0,0,0,0,0,0,0,0,0,0,0,0,0,0,0,0,0,0,0,0
com show_triggers,0,0,0,0,0,0,0,0,0,0,0,0,0,0,0,0,0,0,0,0,0,0,0,0,0,0,0,0,0,0,0,0,0,0,0,0,0,0,0,0,0,0,0,0,0,0,0,0,0,0,0,0,0,0,0,0
com show_user_statistics,0,0,0,0,0,0,0,0,0,0,0,0,0,0,0,0,0,0,0,0,0,0,0,0,0,0,0,0,0,0,0,0,0,0,0,0,0,0,0,0,0,0,0,0,0,0,0,0,0,0,0,0,0,0,0,0
com show_variables,1,1,1,1.1111111111111112,1,1,0.888888888888889,0.888888888888889,1,1,1.1111111111111112,1,0.754425,0.7621999999999999,0.5518333333333333,0.5622,0.4622,0.24146666666666666,0.1311,0,0.23098522167487684,0.2,0.2,0.2,0.2,0.2,0.2,0.2,0.1660591133004926,0.49230769230769234,0.34208180388044046,0.440608875128999,0.6739234602606695,0.7670686494194336,0.7387159533073928,0.9588367908333162,1.056186764891868,1.1227124733355787,0.8891852839835501,0.9996667777407531,1.1111111111111112,0.9997778271495223,0.8890864636585908,1.1116051578479325,0.888888888888889,1,1,1.1111111111111112,1.000333444481494,0.8883953359244863,0.8896797153024911,1,0.8875083203905036,0.9996667777407531,0.8885926913251139,0.8885926913251139
com show_warnings,0,0,0,0,0,0,0,0,0,0,0,0,0,0,0,0,0,0,0,0,0,0,0,0,0,0,0,0,0,0,0,0,0,0,0,0,0,0,0,0,0,0,0,0,0,0,0,0,0,0,0,0,0,0,0,0
com shutdown,0,0,0,0,0,0,0,0,0,0,0,0,0,0,0,0,0,0,0,0,0,0,0,0,0,0,0,0,0,0,0,0,0,0,0,0,0,0,0,0,0,0,0,0,0,0,0,0,0,0,0,0,0,0,0,0
com signal,0,0,0,0,0,0,0,0,0,0,0,0,0,0,0,0,0,0,0,0,0,0,0,0,0,0,0,0,0,0,0,0,0,0,0,0,0,0,0,0,0,0,0,0,0,0,0,0,0,0,0,0,0,0,0,0
com slave_start,0,0,0,0,0,0,0,0,0,0,0,0,0,0,0,0,0,0,0,0,0,0,0,0,0,0,0,0,0,0,0,0,0,0,0,0,0,0,0,0,0,0,0,0,0,0,0,0,0,0,0,0,0,0,0,0
com slave_stop,0,0,0,0,0,0,0,0,0,0,0,0,0,0,0,0,0,0,0,0,0,0,0,0,0,0,0,0,0,0,0,0,0,0,0,0,0,0,0,0,0,0,0,0,0,0,0,0,0,0,0,0,0,0,0,0
com stmt_close,1,1,1,1.1111111111111112,1,1,1,1,1,1.1111111111111112,1,1.1111111111111112,0.8622,0.8710857142857142,0.7725666666666666,0.67464,0.57775,0.36219999999999997,0.2622,0.32439999999999997,0.4619704433497537,0.4,0.4,0.4,0.4,0.4,0.4,0.4,0.3321182266009852,0.24615384615384617,0.17104090194022023,0.2937392500859993,0.40435407615640173,0.6392238745161948,0.7387159533073928,0.7191275931249871,0.9388326799038827,0.8981699786684629,0.8891852839835501,0.9996667777407531,1,1.110864252388358,1.0002222716159146,1.0004446420631392,1,1,1.1111111111111112,1.1111111111111112,1.1114816049794376,0.999444752915047,0.8896797153024911,0.888888888888889,0.8875083203905036,0.9996667777407531,0.8885926913251139,0.8885926913251139
com stmt_execute,1,1,1,1.1111111111111112,1,1,1,1,1,1.1111111111111112,1,1.1111111111111112,0.8622,0.8710857142857142,0.7725666666666666,0.67464,0.57775,0.36219999999999997,0.2622,0.32439999999999997,0.4619704433497537,0.4,0.4,0.4,0.4,0.4,0.4,0.4,0.3321182266009852,0.24615384615384617,0.17104090194022023,0.2937392500859993,0.40435407615640173,0.6392238745161948,0.7387159533073928,0.7191275931249871,0.9388326799038827,0.8981699786684629,0.8891852839835501,0.9996667777407531,1,1.110864252388358,1.0002222716159146,1.0004446420631392,1,1,1.1111111111111112,1.1111111111111112,1.1114816049794376,0.999444752915047,0.8896797153024911,0.888888888888889,0.8875083203905036,0.9996667777407531,0.8885926913251139,0.8885926913251139
com stmt_fetch,0,0,0,0,0,0,0,0,0,0,0,0,0,0,0,0,0,0,0,0,0,0,0,0,0,0,0,0,0,0,0,0,0,0,0,0,0,0,0,0,0,0,0,0,0,0,0,0,0,0,0,0,0,0,0,0
com stmt_prepare,1,1,1,1.1111111111111112,1,1,1,1,1,1.1111111111111112,1,1.1111111111111112,0.8622,0.8710857142857142,0.7725666666666666,0.67464,0.57775,0.36219999999999997,0.2622,0.32439999999999997,0.4619704433497537,0.4,0.4,0.4,0.4,0.4,0.4,0.4,0.3321182266009852,0.24615384615384617,0.17104090194022023,0.2937392500859993,0.40435407615640173,0.6392238745161948,0.7387159533073928,0.7191275931249871,0.9388326799038827,0.8981699786684629,0.8891852839835501,0.9996667777407531,1,1.110864252388358,1.0002222716159146,1.0004446420631392,1,1,1.1111111111111112,1.1111111111111112,1.1114816049794376,0.999444752915047,0.8896797153024911,0.888888888888889,0.8875083203905036,0.9996667777407531,0.8885926913251139,0.8885926913251139
com stmt_reprepare,0,0,0,0,0,0,0,0,0,0,0,0,0,0,0,0,0,0,0,0,0,0,0,0,0,0,0,0,0,0,0,0,0,0,0,0,0,0,0,0,0,0,0,0,0,0,0,0,0,0,0,0,0,0,0,0
com stmt_reset,0,0,0,0,0,0,0,0,0,0,0,0,0,0,0,0,0,0,0,0,0,0,0,0,0,0,0,0,0,0,0,0,0,0,0,0,0,0,0,0,0,0,0,0,0,0,0,0,0,0,0,0,0,0,0,0
com stmt_send_long_data,0,0,0,0,0,0,0,0,0,0,0,0,0,0,0,0,0,0,0,0,0,0,0,0,0,0,0,0,0,0,0,0,0,0,0,0,0,0,0,0,0,0,0,0,0,0,0,0,0,0,0,0,0,0,0,0
com truncate,0,0,0,0,0,0,0,0,0,0,0,0,0,0,0,0,0,0,0,0,0,0,0,0,0,0,0,0,0,0,0,0,0,0,0,0,0,0,0,0,0,0,0,0,0,0,0,0,0,0,0,0,0,0,0,0
com uninstall_plugin,0,0,0,0,0,0,0,0,0,0,0,0,0,0,0,0,0,0,0,0,0,0,0,0,0,0,0,0,0,0,0,0,0,0,0,0,0,0,0,0,0,0,0,0,0,0,0,0,0,0,0,0,0,0,0,0
com unlock_binlog,0,0,0,0,0,0,0,0,0,0,0,0,0,0,0,0,0,0,0,0,0,0,0,0,0,0,0,0,0,0,0,0,0,0,0,0,0,0,0,0,0,0,0,0,0,0,0,0,0,0,0,0,0,0,0,0
com unlock_tables,0,0,0,0,0,0,0,0,0,0,0,0,0,0,0,0,0,0,0,0,0,0,0,0,0,0,0,0,0,0,0,0,0,0,0,0,0,0,0,0,0,0,0,0,0,0,0,0,0,0,0,0,0,0,0,0
com update,0,0,10.666666666666668,40.22222222222222,77.77777777777779,111.11111111111111,147.33333333333334,179,204,225.55555555555557,253.8888888888889,273.11111111111114,236.2428,201.87411428571426,171.50979999999998,138.07632,108.96365,86.68653333333334,68.6964,43.6318,53.357586206896556,46.2,46.2,46.2,46.2,46.2,46.2,46.2,38.359655172413795,18.46153846153846,21.38011274252753,25.70218438252494,28.709139407104523,32.60041760032593,35.827723735408554,35.237252063124366,34.50210098646769,33.007746716066016,24.34144714904968,19.215816949905587,14.88888888888889,13.996889580093313,12.336074683262947,11.449533125833705,15.222222222222223,18.666666666666668,21.333333333333336,21.333333333333336,21.118150494609317,19.87784564131038,17.126334519572953,15.222222222222223,13.756378966052807,11.884927246473397,11.440630900810842,11.884927246473397
com update_multi,0,0,0,0,0,0,0,0,0,0,0,0,0,0,0,0,0,0,0,0,0,0,0,0,0,0,0,0,0,0,0,0,0,0,0,0,0,0,0,0,0,0,0,0,0,0,0,0,0,0,0,0,0,0,0,0
com xa_commit,0,0,0,0,0,0,0,0,0,0,0,0,0,0,0,0,0,0,0,0,0,0,0,0,0,0,0,0,0,0,0,0,0,0,0,0,0,0,0,0,0,0,0,0,0,0,0,0,0,0,0,0,0,0,0,0
com xa_end,0,0,0,0,0,0,0,0,0,0,0,0,0,0,0,0,0,0,0,0,0,0,0,0,0,0,0,0,0,0,0,0,0,0,0,0,0,0,0,0,0,0,0,0,0,0,0,0,0,0,0,0,0,0,0,0
com xa_prepare,0,0,0,0,0,0,0,0,0,0,0,0,0,0,0,0,0,0,0,0,0,0,0,0,0,0,0,0,0,0,0,0,0,0,0,0,0,0,0,0,0,0,0,0,0,0,0,0,0,0,0,0,0,0,0,0
com xa_recover,0,0,0,0,0,0,0,0,0,0,0,0,0,0,0,0,0,0,0,0,0,0,0,0,0,0,0,0,0,0,0,0,0,0,0,0,0,0,0,0,0,0,0,0,0,0,0,0,0,0,0,0,0,0,0,0
com xa_rollback,0,0,0,0,0,0,0,0,0,0,0,0,0,0,0,0,0,0,0,0,0,0,0,0,0,0,0,0,0,0,0,0,0,0,0,0,0,0,0,0,0,0,0,0,0,0,0,0,0,0,0,0,0,0,0,0
com xa_start,0,0,0,0,0,0,0,0,0,0,0,0,0,0,0,0,0,0,0,0,0,0,0,0,0,0,0,0,0,0,0,0,0,0,0,0,0,0,0,0,0,0,0,0,0,0,0,0,0,0,0,0,0,0,0,0
handler delete,0,0,0,2.2222222222222223,2.666666666666667,4.444444444444445,6.666666666666667,8.88888888888889,8.88888888888889,9.333333333333334,11.11111111111111,13.333333333333334,10.7775,10.45302857142857,8.829333333333333,6.7463999999999995,4.622,4.8293333333333335,4.7196,3.2439999999999998,3.6957635467980294,3.2,3.2,3.2,3.2,3.2,3.2,3.2,2.656945812807882,0,0.17104090194022023,0.2937392500859993,0.2695693841042678,0.3835343247097168,0.3693579766536964,0.35956379656249354,0.352062254963956,0.3368137420006736,0.33344448149383127,0.22214817283127847,0.11111111111111112,0.1110864252388358,0,0,0,0,0,0,0,0,0,0,0,0,0,0
handler discover,0,0,0,0,0,0,0,0,0,0,0,0,0,0,0,0,0,0,0,0,0,0,0,0,0,0,0,0,0,0,0,0,0,0,0,0,0,0,0,0,0,0,0,0,0,0,0,0,0,0,0,0,0,0,0,0
handler external_lock,119.55555555555557,116,301.33333333333337,765.8888888888889,1366,1893.5555555555554,2476.4444444444443,2957.1111111111113,3354.2222222222226,3721.7777777777783,4169.555555555556,4435.333333333334,3839.699925,3277.024457142857,2785.433933333333,2233.73304,1782.7054,1411.6141333333333,1084.9836,676.0495999999999,891.140985221675,771.6,771.6,771.6,771.6,771.6,771.6,771.6,640.6560591133004,501.9076923076924,638.6667278447824,805.7267629858961,967.214950166113,1122.6049684253412,1287.4587872892346,1292.0325756478935,1284.3231061085116,1240.14819804648,1011.781705012782,855.7147617460847,737.6666666666667,711.5085536547433,698.1551455879085,663.405958203646,828.6666666666667,970.6666666666667,1089.111111111111,1088.2222222222222,1070.3567855951983,1006.6629650194336,879.3371886120997,766.2222222222223,696.6940315065455,599.3557702987894,602.2436965455959,636.4545151616128
handler mrr_init,0,0,0,0,0,0,0,0,0,0,0,0,0,0,0,0,0,0,0,0,0,0,0,0,0,0,0,0,0,0,0,0,0,0,0,0,0,0,0,0,0,0,0,0,0,0,0,0,0,0,0,0,0,0,0,0
handler read_first,2.111111111111111,1.8888888888888888,2,2.2222222222222223,1.8888888888888888,2.2222222222222223,1.8888888888888888,2,2,2,2.2222222222222223,2,1.6166249999999998,1.633285714285714,1.2140333333333333,1.1244,1.03995,0.6036666666666667,0.3933,0.16219999999999998,0.4619704433497537,0.4,0.4,0.4,0.4,0.4,0.4,0.4,0.3321182266009852,0.7384615384615385,0.6841636077608809,1.0280873753009976,1.0782775364170711,1.4062925239356285,1.3543125810635537,1.6779643839583032,1.9950194447957508,2.1331536993375995,2.000666888962988,1.8882594690658667,2,2.11064207953788,1.8893087352745055,2.0008892841262784,2.111111111111111,1.8888888888888888,2,1.777777777777778,2.222963209958875,1.998889505830094,1.7793594306049823,2,2.2187708009762592,1.7771853826502277,1.8882594690658667,1.9993335554815062
handler read_key,174.55555555555557,141.44444444444446,190.22222222222223,299.33333333333337,448.55555555555554,584.3333333333334,704.2222222222223,809.1111111111111,878,987.2222222222223,1174,1213.6666666666667,1070.4213,917.9065714285713,778.1953666666666,636.86016,544.4716,456.85493333333335,346.4973,154.7388,250.3879802955665,216.8,216.8,216.8,216.8,216.8,216.8,216.8,180.00807881773397,326.8923076923077,345.6736628211851,460.73001375988986,566.5000606951188,753.5171032796904,816.2811284046692,899.1492006039422,945.052446408246,949.2533962052318,836.8345003890187,763.9675663667666,736.6666666666667,689.0690957564985,578.7952878417426,564.9177412183193,610.2222222222223,596.3333333333334,668.1111111111111,624.3333333333334,709.0141158163832,656.635202665186,590.3024911032028,623.3333333333334,657.8655424894608,554.7039875597022,624.680662001555,639.4535154948351
handler read_last,0,0,0,0,0,0,0,0,0,0,0,0,0,0,0,0,0,0,0,0,0,0,0,0,0,0,0,0,0,0,0,0,0,0,0,0,0,0,0,0,0,0,0,0,0,0,0,0,0,0,0,0,0,0,0,0
handler read_next,0,0,2.555555555555556,72.22222222222223,160.66666666666669,227.66666666666669,326.6666666666667,375.77777777777777,382.22222222222223,451.55555555555554,588.8888888888889,673.2222222222223,585.4338,504.79417142857136,445.1087666666666,353.28648000000004,311.985,318.97746666666666,264.5598,126.8404,125.655960591133,108.8,108.8,108.8,108.8,108.8,108.8,108.8,90.33615763546797,165.41538461538462,158.0417933927635,219.2763501891985,292.0784276769742,397.85293949887966,446.553793774319,456.8857308320751,447.35377197420013,427.9779948355226,349.0052239635434,320.78196156836606,257.6666666666667,189.5134414574539,110.80240053345187,87.81680746998667,99.55555555555557,105,132.77777777777777,132.77777777777777,132.8220517950428,132.70405330372014,129.22597864768684,146.22222222222223,137.12003550033282,131.4006442297012,176.60779740086636,176.60779740086636
handler read_prev,0,0,0,0,0,0,0,0,0,0,0,0,0,0,0,0,0,0,0,0,0,0,0,0,0,0,0,0,0,0,0,0,0,0,0,0,0,0,0,0,0,0,0,0,0,0,0,0,0,0,0,0,0,0,0,0
handler read_rnd,82.22222222222223,65.77777777777779,74,82.22222222222223,74,82.22222222222223,65.77777777777779,74,74,74,82.22222222222223,65.77777777777779,55.82745,56.40279999999999,40.83566666666666,41.6028,34.2028,17.868533333333335,9.7014,0,17.092906403940887,14.8,14.8,14.8,14.8,14.8,14.8,14.8,12.288374384236453,36.43076923076923,37.971080230728894,43.4734090127279,49.87033605928954,56.763080057038096,54.664980544747074,62.08468220645722,78.15782060199824,83.08072302683283,74.02467489163055,65.75585915805843,74,73.98355920906465,65.79239831073572,74.0329035126723,82.22222222222223,74,74,65.77777777777779,82.24963876847838,73.95891171571348,65.83629893238434,82.22222222222223,82.09451963612159,65.75585915805843,65.75585915805843,73.97534155281572
handler read_rnd_next,3505,3419.111111111111,3534.3333333333335,3746.666666666667,3429.888888888889,3546.2222222222226,3350.5555555555557,3346.888888888889,3451.3333333333335,3483.888888888889,3669,3483.111111111111,2817.992925,2734.7735999999995,2190.8887,2018.63532,1696.5050999999999,1087.8073333333334,753.6939,405.01339999999993,833.6256650246305,721.8,721.8,721.8,721.8,721.8,721.8,721.8,599.3073399014778,486744.1230769231,635352.9814105926,846456.3536635706,1067444.351578073,1267343.9189529435,1471725.9414721138,1684263.4622556828,1913930.9406293477,2079109.6890086445,2069225.9642102923,2106069.42130401,2135055.3333333335,2053912.2417240613,2051177.261613692,1887167.1854157404,1713949.3333333335,1514281.7777777778,1386000.4444444445,1204968,1208963.9879959987,1199042.5319267074,1293647.6868327402,1303501.4444444445,1468197.581539827,1634940.7975119404,1812963.7898478284,1930695.9902254804
handler update,0,0,10.666666666666668,64.77777777777779,112.66666666666667,163,220.11111111111114,268.11111111111114,293.8888888888889,319.6666666666667,364.8888888888889,405.2222222222223,340.569,297.1491142857143,251.1945333333333,198.11928,153.6815,132.5652,113.5326,74.4498,85.46453201970444,74,74,74,74,74,74,74,61.44187192118227,27.81538461538462,23.432603565810172,53.46054351565188,50.274690135445944,95.62789162762274,92.70885214007781,147.66086578833068,172.7452131023144,192.09610418771751,204.1791708347227,201.48839275796956,227.77777777777777,251.72183959120193,233.9408757501667,233.43708314806582,227.44444444444443,200.77777777777777,225.33333333333334,198.77777777777777,251.86173168834057,226.76290949472514,202.1797153024911,205,254.82582649212335,207.819615683661,232.25591469510164,227.47972897922915
handler write,1199.5555555555557,1196.5555555555557,1258.7777777777778,1468.7777777777778,1594,1766,1886.2222222222222,2034.6666666666667,2230.888888888889,2352.888888888889,2559.777777777778,2577.777777777778,2167.894125,1934.8991428571426,1596.6745666666666,1369.9689600000002,1113.4397999999999,804.4462000000001,573.0381,309.9642,548.1279310344828,474.6,474.6,474.6,474.6,474.6,474.6,474.6,394.05827586206897,588.0615384615385,591.6304798112218,756.8191778465772,996.8675824175823,1154.8218517009575,1242.643352788586,1432.2624563072661,1545.553299291767,1613.0010104412258,1397.2435256196509,1418.638231700544,1450.2222222222222,1379.582315041102,1312.625027783952,1433.0813694975545,1353,1457.7777777777778,1493.7777777777778,1559.2222222222222,1486.7177948204958,1399.8889505830093,1365.4359430604982,1395.6666666666667,1310.6279121366763,1347.550816394535,1283.572142619127,1297.7896256803288
handler total commit,0,0,43.22222222222222,152.55555555555557,297.22222222222223,422.2222222222223,561.6666666666667,676.2222222222223,770.2222222222223,855.7777777777777,960.6666666666667,1024.111111111111,887.311575,754.6868857142856,640.7888666666665,511.71444,406.736,322.84093333333334,249.6144,155.712,201.4191133004926,174.4,174.4,174.4,174.4,174.4,174.4,174.4,144.80354679802957,96.9846153846154,126.22818563188252,156.26928104575163,186.0028750319448,213.62861886331228,246.1155317769131,244.50338166249563,239.40233337549012,229.03334456045803,182.94987217961543,148.06175719204708,121.33333333333334,113.41924016885136,108.91309179817738,96.15384615384616,125.55555555555557,151.77777777777777,175.11111111111111,175.11111111111111,172.16850061131487,162.57634647418098,138.12277580071174,115.88888888888889,103.28378078544488,84.0830834166389,84.97167610796402,86.41563923136732
handler total prepare,0,0,0,0,0,0,0,0,0,0,0,0,0,0,0,0,0,0,0,0,0,0,0,0,0,0,0,0,0,0,0,0,0,0,0,0,0,0,0,0,0,0,0,0,0,0,0,0,0,0,0,0,0,0,0,0
handler total rollback,0,0,0,0.4444444444444445,1.5555555555555558,1.5555555555555558,2.666666666666667,2.888888888888889,2.888888888888889,3.3333333333333335,3.7777777777777777,4,3.4488,2.395485714285714,2.4280666666666666,1.34928,1.1555,1.2073333333333334,0.7866,0.32439999999999997,0.9239408866995074,0.8,0.8,0.8,0.8,0.8,0.8,0.8,0.6642364532019704,0,0,0,0,0,0,0,0,0,0,1.555037209818949,6.888888888888888,13.774716729615639,20.44898866414759,28.234771009337486,35.77777777777778,41.77777777777778,41.77777777777778,41.77777777777778,40.23563410025564,34.86951693503609,29.80427046263345,26.444444444444446,23.518970490348348,22.436965455959125,22.881261801621683,31.767188714872823
handler total savepoint,0,0,0,0,0,0,0,0,0,0,0,0,0,0,0,0,0,0,0,0,0,0,0,0,0,0,0,0,0,0,0,0,0,0,0,0,0,0,0,0,0,0,0,0,0,0,0,0,0,0,0,0,0,0,0,0
handler total savepoint_rollback,0,0,0,0,0,0,0,0,0,0,0,0,0,0,0,0,0,0,0,0,0,0,0,0,0,0,0,0,0,0,0,0,0,0,0,0,0,0,0,0,0,0,0,0,0,0,0,0,0,0,0,0,0,0,0,0
cpu System,99.63888888889616,99.69444444445294,99.38888888889576,99.11111111111191,98.77777777778142,98.47222222223435,98.16666666666707,97.91666666665655,97.66666666665616,97.36111111109899,97.05555555555192,96.99999999999514,96.94444444443839,97.00000000000526,97.02777777776848,97.32426562499795,97.59609999999958,97.8084375,97.1682398667294,97.22048719548191,97.72335653103225,97.38975896923611,97.40722229162382,97.42967299728272,97.5711553693649,96.95681173921992,96.95681173921992,96.94410490055866,96.75054157640879,96.78125000000364,96.77670334556004,97.4017638968307,96.89196913404193,96.94478391290261,97.5730567467073,97.31103885276346,97.16540684749667,97.4522655817319,97.19350894742126,97.50178214285425,97.306154187955,97.67873086335001,97.44359230854204,97.67211517857226,97.9470011904682,97.38975896922601,97.38888888888242,97.36111111111919,97.62573612152539,97.33274060902666,97.22222222223232,97.41821875000626,97.5218477639646,97.49166666666497,97.51232497499474,97.83651449518035,96.9735673034203,96.8765617191518,96.11111111111718,96.00000000000364,95.79026342114705,96.62694856619407,96.47417499999564,95.58333333332789,95.87448431053973,95.97043130279921,96.71428571427896,96.86215705875536,97.80471094219376,98.00000000000485,97.79480896179771,98.09486897379938,98.50796666666602,98.79129999999948,97.2795913835132,97.3427535325679,97.33244414804166,99.28750000000491,99.28750000000491,99.28750000000491,99.28750000000491,99.28750000000491,99.28750000000491,97.36140428843059,97.28362682654132,97.22222222222221,98.65233316605186,98.52574311638203,98.25665675843213,97.81707249275935,97.52521125193032,97.09229614807313,97.16446124762572,96.71875000000227,96.16666666667393,95.77127455877581,95.02667259392756,94.79312857141787,94.0271141237875,93.7673499999763,93.11111111110222,92.70174270174996,92.77777777777172,93.11417147934374,93.16134771489179,93.25149966671971,93.44225853061971,93.72082685041565,94.19250861399215,94.52595309548315,94.85596707817312,95.138888888899,95.44444444444606,95.72079582081663,95.9457958458417,95.83425905356387,95.6125735865875,95.19551210842157,94.77777777776484,94.25574425574507,93.75138858030539
cpu User,15.638888888901823,15.750000000116415,15.63888888882098,15.08333333331393,14.55555555561053,13.749999999951495,13.166666666640797,12.52777777780365,11.666666666537317,11.000000000058208,10.416666666666666,9.805555555633166,10.027777777738972,9.916666666443538,10.000000000097014,8.956668750062299,7.984382142963753,7.217545833421779,9.966685174812335,9.837601498954013,8.32772216265023,9.274686215615361,9.184055979106061,9.138940453978893,7.685796023003759,9.62981490744402,9.62981490744402,9.834426047361234,10.289951674725728,10.343750000083674,10.420140046682228,8.451733531057535,10.110031437611811,10.41550938792663,8.333479845643092,9.26833416722341,9.86549577594893,8.775529662925782,9.72546404365095,8.686984821587206,9.775605420988454,8.35090725989826,9.22529732126787,8.488262946402132,7.51802380937233,9.246917694066406,9.30555555549088,9.333333333213686,8.381437547033247,9.307623916442045,9.472222222070236,8.720683333273222,8.241296971039468,8.34166666671081,8.27296578086961,7.261012995702614,9.940026654784525,10.088705647027329,10.111111111149915,10.093750000123691,9.878292764235344,7.914982077343567,8.814562500077445,11.04166666676368,10.970121265187252,10.977100933861566,11.142857142944456,10.746417860780982,7.50057094758673,6.833333333391541,7.53440271394029,6.509197672923355,5.2221166668046015,4.230450000111741,9.54918942919505,9.190946604984147,9.225297321186998,2.362499999908323,2.362499999908323,2.362499999908323,2.362499999908323,2.362499999908323,2.362499999908323,9.165648261352802,9.522917447197324,9.52777777783922,4.267611640631469,5.38275187727085,6.3652299748790355,7.9209083833013425,8.979947742865653,10.567783891869537,10.508173023459456,16.625000000112777,24.33333333327836,32.65833229277049,41.39808846416783,49.323787499980234,57.89532170248252,66.03240000005228,75.16666666666019,83.74958374956437,87.38888888878542,87.5721901377392,87.79050372508395,87.92490557654826,85.97310214516597,84.01867081571095,76.94231410470803,69.88440591314684,63.48014681352547,57.41666666670224,52.27777777779718,52.62865399570197,52.78795956889677,54.84892246175601,57.20315450398954,64.20795378803416,71.16666666665374,77.53357753350323,83.28704732279128
cpu Iowait,0.1388888888868678,0.11111111111101006,0.13888888888939419,0.27777777777752516,0.5000000000001769,0.583333333334066,0.6388888888883079,0.6666666666666919,0.749999999999318,0.7777777777777021,0.9166666666683594,0.916666666665833,0.8333333333344702,0.6666666666673235,0.6111111111092922,0.5633124999994876,0.5151214285696587,0.438312499998937,0.5552470849541926,0.4684572142406732,0.4193816916504842,0.5276019104750692,0.4998125702863984,0.4997858060850877,0.43253397532135696,0.5419376354848638,0.5419376354848638,0.5833981553500638,0.5832361273106369,0.5312499999980957,0.5557408024892133,0.5375660903096707,0.6430408688174534,0.6388179091199964,0.46784448256170297,0.5435134233772111,0.5835927078702656,0.5661632040581499,0.6113148827387664,0.5393879464274354,0.583203732503989,0.5095468836536222,0.5279537623641208,0.5109991071411014,0.43373214285674844,0.5831389536822069,0.5555555555575767,0.5555555555556818,0.45768942235712384,0.4723271838181968,0.5277777777772977,0.5163562500014871,0.4034201314463276,0.40833333333229876,0.40497035290653227,0.38527824058477306,0.6108396268325946,0.6246876561706358,0.6388888888889395,0.5937499999987494,0.625208402800365,0.5009482327437924,0.4656750000010891,0.5833333333346976,0.5625703212903603,0.5280124499785513,0.5357142857162347,0.5276019104757006,0.3292933586714349,0.29999999999972715,0.33077865573084547,0.2857696539305263,0.2194166666674649,0.1777500000006466,0.5274261603383353,0.5001875703377114,0.5279537623653845,0.14999999999901092,0.14999999999901092,0.14999999999901092,0.14999999999901092,0.14999999999901092,0.14999999999901092,0.5554938340179372,0.5932309229440156,0.5555555555556819,0.2246111389862483,0.3428504380472477,0.40542866082566387,0.43658550144501096,0.49495774961040145,0.5940470235112155,0.583787390193105,0.59374999999946,0.5833333333334344,0.42858703796229786,0.47232718381946026,0.39617500000092654,0.38893210356797253,0.2526750000010469,0.3055555555552777,0.24975024974876067,0.2222222222226517,0.16659262549962636,0.1945957967312457,0.1666296378581022,2.222963209958117,3.278506334738704,6.391019228631639,9.669889963320525,13.068624179734787,15.666666666666945,17.694444444443512,17.672557519171516,17.633011218481208,15.552099533436126,14.495168277241627,11.41413019328947,8.083333333334192,4.689754689755472,2.055098866917856
cpu Total,81.25,81.13888888878542,80.72222222108394,80.66666666935716,80.27777778139958,80.38888888744017,80.38888889002718,80.66666666935717,80.97222222325703,81.08333333705863,81.11111110904152,81.19444444568622,80.97222222067002,81.36111111121458,81.5000000021731,73.4277843758394,65.04838928432837,56.60075416699324,81.76013325723193,81.91755153459823,69.16802328649153,83.19449072521033,83.40622266417263,83.3928316414535,65.84497978478008,82.49958312893352,82.49958312893352,81.92576952798143,81.23646058990168,81.15625000209548,80.97143492440826,67.61386824706959,80.88025149923092,80.90767691930229,66.63859848495741,74.74739869902997,82.00867052219823,74.42215317361695,82.16627764634516,74.94653571269936,82.62052876879768,75.24308981960746,83.22218517335295,75.48592366029125,67.22848214285715,83.11118515967449,83.11111110831715,83.11111111349116,76.03365528637123,83.0184485438104,82.80555555700428,75.84699583450885,65.35406129361188,66.14999999913077,65.60519717016237,57.613915362760615,81.24167036551854,81.05322338888764,80.1111111106972,79.96874999953434,80.40180060035534,64.4219427310347,62.66654999950435,78.49999999937913,79.10363795637437,79.22965762757839,79.71428571535009,80.52871265133844,59.82162682740962,54.500000001862645,60.09145579321198,51.914820465867116,43.3567333328429,35.1233999996027,85.08216744496039,83.06239840033145,82.99988885215005,22.124999997904524,22.124999997904524,22.124999997904524,22.124999997904524,22.124999997904524,22.124999997904524,80.74102877540835,82.64643437201997,82.77777777984738,37.22929628637696,45.290542862761846,53.55712609119203,61.02841616145389,69.18802256507102,81.47823911827857,81.50783942890777,74.81250000128057,66.66666666407967,49.97324862701227,48.677483886653384,31.66570178950937,31.253472610654853,13.475999999477065,13.63888888930281,4.8007547994109006,1.3888888837148747,1.6103953800380548,1.6123651757084072,1.5829815604810689,2.2785372884480957,2.861747055625613,7.335778591932655,11.087029007703109,14.458903350899755,17.88888889002717,21.527777775190774,21.423807930699407,21.520604243030103,20.85647633797068,20.18771520738723,15.82981559963782,11.805555558142562,8.297258295294135,4.8600311041990665
network receive eth0,711392,749920.8888888889,1109976.888888889,1672810.6666666667,2296116.4444444445,2821847.111111111,3386097.7777777775,3889839.111111111,4276054.222222222,4741683.555555556,5192664,5366211.555555556,5398126.222222222,5249033.777777778,5198424.888888889,4618810.091700001,4092642.9552,3689298.987866667,5170268.073292615,5177024.35977514,4304736.903468951,4975910.252138176,4975430.213669874,4973923.175781807,3975371.057195264,4980887.777221944,4980887.777221944,4972873.430381154,4968277.287118813,4967194,4960591.30821385,4154315.5242926553,4969425.5501571875,4969122.541939785,4068661.005488851,4544931.104485576,4949157.847932415,4500415.909423176,4969741.02478604,4521759.786342857,4966794.045767607,4502853.581714571,4973260.420140047,4520020.118271428,4033230.5509333336,4989120.071087415,4975536,4975095.111111111,4552134.141185297,4973141.587019337,4968064,4559373.363399999,4025158.248806973,4074180.133333334,4040625.713644807,3546173.0030256584,4973976.010661928,4973387.306346827,4970265.777777778,4970225,4956005.335111704,3970999.2747582523,3975589.3488,4980069.333333334,4974878.859857483,4971119.608714985,4975724.571428572,4973630.123292236,3627685.3121024207,3304972.8,3644048.200040008,3148203.111022205,2610822.4165333332,2115033.8832,5092584.4992227405,4970235.838439415,4965410.69245304,1313625.6,1313625.6,1313625.6,1313625.6,1313625.6,1313625.6,4852639.484501722,4976636.443112277,4979264.888888889,2221916.277972905,2719499.5486858576,3215871.814017522,3712431.7146542137,4208790.353746941,4975217.608804402,4955955.965751139,4914038,4738791.111111111,4104201.5917082913,4339228.272949545,3611344.758171429,3890271.363484831,3084536.0144,3131125.3333333335,2713168.609168609,2281467.5555555555,1989241.2261217241,1760505.2818859112,1629173.9613419238,1560716.6833388908,1497949.7666148033,1443636.7678114926,1752947.8715127264,1930383.717050384,2035147.5555555555,2044262.2222222225,1999661.2204068024,1859205.1538376096,1746682.0706509664,1645063.2011551703,1591698.7336147523,1482360,1457032.745032745,1553894.6900688733
network receive lo,1465016.888888889,1465008.888888889,1465592.888888889,1469065.7777777778,1470186.6666666667,1471394.6666666667,1472410.6666666667,1473897.7777777778,1475280.888888889,1475826.6666666667,1476582.2222222222,1477303.1111111112,1475613.3333333335,1476078.2222222222,1478868.4444444445,1333457.1266,1185667.5840000003,1037931.4805333333,1508903.942254303,1513519.0505933792,1274769.844496788,1566161.5017216483,1577047.6071473197,1587943.4528059403,1324089.508087377,1659000.1667500415,1659000.1667500415,1663871.096788532,1671480.0866522244,1688707,1693673.891297099,1411872.180651615,1688892.8265218635,1659529.3856238197,1334182.05296741,1479229.7946306488,1613322.365495776,1422628.6291859446,1563456.2631988442,1401055.9893,1533325.0388802488,1380191.7529930866,1525439.1463821274,1388849.2426285713,1238740.8505904763,1515138.5093857604,1513752,1515940.4444444445,1381965.7494373594,1520618.8041787064,1532264,1406209.2695333331,1256580.4022574653,1271884.1333333333,1261409.06040863,1113094.2061446183,1606842.292314527,1621879.0604697654,1633648.888888889,1636305,1655047.6825608537,1326106.9556518837,1334886.3924,1672161.3333333335,1670885.8607325917,1670087.1498443752,1671145.142857143,1677346.6622237032,1228523.5646595987,1119236.2666666666,1234064.892445156,1066145.8686403949,888518.8394666666,719791.3727999999,1646095.4918942929,1634857.0714017758,1637928.1982883182,497226,497226,497226,497226,497226,497226,1692940.7843572937,1696741.351317597,1715674.6666666667,790126.2833918714,947347.87359199,1120261.0150187737,1247572.7581943518,1414375.426639982,1630340.1700850422,1617248.081841432,1573306,1585965.3333333335,1456132.576057276,1644921.0935763502,1576890.5984,1818067.7853094786,1787927.4016,2059436.4444444445,2180184.26018426,2299856.888888889,2401873.8338516215,2487950.183476037,2536530.5487669404,2568765.5885295095,2574000.444543232,2421135.045015005,2546428.365010559,2538089.200311423,2537146.666666667,2539865.777777778,2544409.9144159164,2556372.764634011,2569701.8440346587,2581062.312562479,2732799.8222617195,2598356.4444444445,2594117.882117882,2580035.5476560765
network transmit eth0,690863.1111111111,721439.1111111111,1084136.888888889,1648538.6666666667,2271950.2222222225,2801010.666666667,3366700.444444445,3871302.2222222225,4259701.333333334,4725416,5198385.777777778,5349315.555555556,5411528,5369834.666666667,5441135.111111111,4865829.3827,4345220.041371429,3947430.6866666665,5990794.44752915,6086975.640224859,5201686.500899358,6205556.370098856,6240501.811820568,6261780.379837212,5093963.008170752,6382412.539603135,6382412.539603135,6349503.722635848,6389529.745042493,6392371,6358475.047237968,5205558.7456987705,6226931.123178051,6163327.630263304,4984018.385088622,5563918.7668500915,6005678.968430414,5324947.012258168,5847739.4687117925,5285306.916214285,5840918.906909576,5269658.684263742,5835402.022896521,5280410.409214286,4682903.469980953,5828423.414417417,5838784.888888889,5851086.222222222,5310475.168192048,5811855.078906423,5794076.444444445,5299411.469033333,4727362.855893699,4784936.8,4745528.680497214,4166109.1644651787,6176195.468680587,6243681.159420291,6319746.666666667,6395959,6493968.656218739,5203292.3857952645,5240885.2692,6565057.333333334,6631582.947868484,6586398.399288573,6637720,6590549.816727757,4790351.375848504,4364210.133333333,4811958.537440822,4157196.0649463227,3348454.2069333335,2712591.2736,6581210.748389962,6377315.493309991,6394960.097810382,1670362.8,1670362.8,1670362.8,1670362.8,1670362.8,1670362.8,6106742.80635485,6290383.914075185,6353984.888888889,2999642.229603612,3506201.4210262834,4146165.17571965,4716365.813208805,5346952.20413609,6211847.92396198,6170049.594128767,5885440,5601358.222222222,4729362.646153847,4945539.008668593,3966725.0524571426,4237923.324813867,3227423.8392000003,3270271.111111111,2728175.8241758244,2259433.777777778,1965859.6179475791,1737844.9905482042,1608510.9975560985,1540839.8355007225,1479383.8630806846,1430967.6558852952,1742415.4718239412,1932375.931487043,2029330.6666666667,2038358.2222222225,1992793.1532733135,1850477.3964234143,1736231.0597644965,1633777.1853826502,1599409.0202177293,1467028.4444444445,1439247.8632478632,1546647.411686292
network transmit lo,1465016.888888889,1465008.888888889,1465592.888888889,1469065.7777777778,1470186.6666666667,1471394.6666666667,1472410.6666666667,1473897.7777777778,1475280.888888889,1475826.6666666667,1476582.2222222222,1477303.1111111112,1475613.3333333335,1476078.2222222222,1478868.4444444445,1333457.1266,1185667.5840000003,1037931.4805333333,1508903.942254303,1513519.0505933792,1274769.844496788,1566161.5017216483,1577047.6071473197,1587943.4528059403,1324089.508087377,1659000.1667500415,1659000.1667500415,1663871.096788532,1671480.0866522244,1688707,1693673.891297099,1411872.180651615,1688892.8265218635,1659529.3856238197,1334182.05296741,1479229.7946306488,1613322.365495776,1422628.6291859446,1563456.2631988442,1401055.9893,1533325.0388802488,1380191.7529930866,1525439.1463821274,1388849.2426285713,1238740.8505904763,1515138.5093857604,1513752,1515940.4444444445,1381965.7494373594,1520618.8041787064,1532264,1406209.2695333331,1256580.4022574653,1271884.1333333333,1261409.06040863,1113094.2061446183,1606842.292314527,1621879.0604697654,1633648.888888889,1636305,1655047.6825608537,1326106.9556518837,1334886.3924,1672161.3333333335,1670885.8607325917,1670087.1498443752,1671145.142857143,1677346.6622237032,1228523.5646595987,1119236.2666666666,1234064.892445156,1066145.8686403949,888518.8394666666,719791.3727999999,1646095.4918942929,1634857.0714017758,1637928.1982883182,497226,497226,497226,497226,497226,497226,1692940.7843572937,1696741.351317597,1715674.6666666667,790126.2833918714,947347.87359199,1120261.0150187737,1247572.7581943518,1414375.426639982,1630340.1700850422,1617248.081841432,1573306,1585965.3333333335,1456132.576057276,1644921.0935763502,1576890.5984,1818067.7853094786,1787927.4016,2059436.4444444445,2180184.26018426,2299856.888888889,2401873.8338516215,2487950.183476037,2536530.5487669404,2568765.5885295095,2574000.444543232,2421135.045015005,2546428.365010559,2538089.200311423,2537146.666666667,2539865.777777778,2544409.9144159164,2556372.764634011,2569701.8440346587,2581062.312562479,2732799.8222617195,2598356.4444444445,2594117.882117882,2580035.5476560765
Reads completed vda,11.333333333333334,13.555555555555557,39.66666666666667,57.66666666666667,73.44444444444444,91.44444444444444,103.66666666666667,111.88888888888889,119.22222222222221,132.55555555555557,142.66666666666669,124.11111111111111,114.33333333333334,106.77777777777779,95.44444444444444,84.1588875,74.74984285714285,67.32480000000001,80.62187673514714,76.82698313554029,65.30372055674519,68.42163723203376,65.60039985005622,63.68699128944737,42.45487326996832,53.19326329831582,53.19326329831582,60.22891432381376,64.4892517913681,65.25,62.57641436034233,52.56201771934839,62.875107173478135,59.10454393956228,48.18798170383076,55.95327663831917,57.69230769230769,50.501757802032905,55.79637656996776,52.34901964285714,57.764941124194614,56.95601832830168,59.353117705901965,48.94235892857143,40.944314285714285,51.094079751194045,49.88888888888889,47,40.16224681170293,42.23160702378306,42.333333333333336,40.16104166666666,34.578868409772824,35,34.711744534933565,29.518240586471176,47.64549089293648,50.099950024987514,50.88888888888889,47.75,49.34978326108703,39.54151383794598,32.1981,40.333333333333336,34.5043130391299,35.34904401956425,33.142857142857146,35.43263356658891,23.855474428218976,21.73333333333333,23.96307594852304,20.702423818096953,22.643800000000002,18.343799999999998,37.53053519875639,32.76228585719645,34.67822607535845,9.15,9.15,9.15,9.15,9.15,9.15,37.6624819464504,40.96415636318222,35.44444444444444,9.209056698444554,14.948279098873593,17.676689612015018,19.33450077829664,21.919557482766287,25.887943971985994,23.907483598354276,89.625,170.11111111111111,255.78074425574422,317.07046010224497,387.9119214285714,450.4944993888209,517.2538,575.5555555555555,660.2286602286601,683.6666666666667,654.1537094624612,636.1614589124874,609.6423017107309,595.9764365899744,548.7886196932652,498.94409247526954,452.2618650661331,384.16193971749533,317.11111111111114,279.55555555555554,256.86339891074806,251.47173164500722,240.0577649411242,272.24258580473173,294.49011330815375,313.33333333333337,324.34232434232433,353.0326594090202
Writes completed vda,13.222222222222223,13.444444444444446,20.333333333333336,48.22222222222222,107.66666666666667,128.11111111111111,148.22222222222223,168,188.66666666666669,211.44444444444443,234.55555555555557,254.77777777777777,241.44444444444443,195.88888888888889,197.55555555555557,178.232075,159.00081428571428,138.97428333333335,185.34147695724596,180.7620237351655,142.70959850107067,163.94535154948352,166.6874921904286,160.502641724975,111.66030932132733,139.90328497582124,139.90328497582124,170.90787865318367,185.3024495917347,182.375,187.9515394020229,178.3524828522435,213.34667047727922,237.529163426286,188.19044311034878,202.98796064699016,217.65228990662519,211.74503831794064,219.62876514393687,198.04054285714284,220.72872694956672,181.28545793958446,192.5086139824386,177.37346785714286,161.57968095238095,215.37265355992446,206.44444444444443,217.22222222222223,194.97569392348086,198.26628139586575,198.66666666666669,190.1338458333333,152.60807258179742,154.46666666666667,153.19449921417348,135.85503498833722,207.35228787205688,207.3963018490755,215.22222222222223,209.25,213.57119039679893,171.12391630543513,143.9601,180.33333333333334,186.14826853356672,187.97243219208536,190.57142857142858,183.82761301788292,136.10792158431687,124,136.72184436887378,118.11812362472497,91.80393333333333,74.3706,213.41328003553184,219.20720270101293,224.85272868734023,63.3,63.3,63.3,63.3,63.3,63.3,191.2009776691479,195.9535406519296,206.22222222222223,125.10840441545406,140.02011889862328,165.5770650813517,186.23490104514119,211.13483433400043,238.36918459229614,231.6245969087068,266.125,304.6666666666667,277.2672410922411,307.6239164258724,297.8104071428571,344.37159684409374,327.0176,350.77777777777777,351.64835164835165,302.8888888888889,250.99955575299867,248.86022461914823,222.28393690291045,197.51028120484608,169.1486997110469,168.61175947538067,159.83105479604313,162.8294961628295,171.55555555555557,168.33333333333334,163.16549961098144,155.61479506831057,146.30082203954674,125.84693990891924,106.0875361030882,92.88888888888889,71.48407148407149,47.544990002221724
Read time vda,0.0005882352940948205,0.0005655737705175673,0.0006330532212748195,0.0005606936416135623,0.000600605143717407,0.0005504252733828224,0.0005294748124239032,0.0005153922542206879,0.0005097856477086535,0.000494551550709562,0.000491433021802139,0.00045210384960130405,0.0004528668610304657,0.000405827263266824,0.0004097788125715393,0.00041499330655645465,0.0004211332312315149,0.00042187500000384,0.0004187327823742772,0.0004130081300826258,0.0004073394495308177,0.00040584415584415587,0.0004000000000121959,0.0004013452914881733,0.0004012539184858094,0.00040125391848580945,0.00040125391848580945,0.00045940959408885285,0.0004857881136812529,0.0005134099616789102,0.0005062166962761856,0.0005318181818438461,0.0005318181818438462,0.0005357142857208506,0.0005169902912703303,0.0005030674846609101,0.000502890173407713,0.0004865470852111904,0.000488047808784652,0.000494577006513653,0.0004923076922960508,0.000491053677938423,0.0004925093633076524,0.0004965197215944727,0.0005112994350604766,0.0004913043478470923,0.00046770601337728916,0.0004609929077835295,0.0004615384615288432,0.00046578947367379445,0.0004908136483080187,0.0004885714285774157,0.0005399999999887465,0.0005399999999887465,0.0005399999999887465,0.00057028112446807,0.0006806526806556656,0.0007007481296824877,0.0007532751091728475,0.0007670157067815978,0.0008175675675620613,0.0008175675675620614,0.000636363636342951,0.000636363636342951,0.000612318840559464,0.0006100628930916453,0.0004956896551949943,0.0005078369905850281,0.0005337423312854868,0.0005337423312854868,0.0005337423312854867,0.0005337423312854868,0.0005581395348846234,0.0005581395348846234,0.0005473372780996203,0.0005419847328515319,0.0005480769230836395,0.000540983606488673,0.000540983606488673,0.000540983606488673,0.000540983606488673,0.000540983606488673,0.000540983606488673,0.0005103244837617315,0.0005152439024219879,0.0004984326018797829,0.0004634146341520203,0.0004954128440708743,0.0004954128440708744,0.0005225806451973415,0.0005225806451973415,0.0005072463768622095,0.0005069767442385687,0.0015048814504852225,0.0015277596342307105,0.0015339588918697681,0.0015110410094642528,0.0014916836883553293,0.0014472126295013248,0.0014103343465043823,0.0013722007721994013,0.0013591123066556846,0.0012805135706160922,0.001237351443124018,0.0012039853172507839,0.0012011661807587812,0.002302126072363274,0.0026846901579582394,0.004754733793717381,0.006936593757681451,0.01415026056745802,0.021082340574635233,0.02560214626390843,0.02774253569883061,0.02820848056537164,0.02668718186024412,0.023123215014281075,0.018268200678990466,0.014626595744676762,0.006827515400414662,0.002626179987410464
Write time vda,0.0006890756302090564,0.0006859504133328209,0.0005901639343079058,0.0007880184331893801,0.0010402476780202578,0.0009627059843764355,0.0009152923538159326,0.0008895502645510345,0.0008616018845806406,0.0008449816079913035,0.000834675509231593,0.0008307893589306322,0.0008002761159693498,0.000645490640956487,0.0006653543307030304,0.0006706700379184333,0.0006681065514653217,0.0006686291000703969,0.0006614739364841724,0.0006516931582579832,0.0006431570108934977,0.0006334688346867693,0.0006446776611589431,0.0006281138790085302,0.0005923718712789355,0.0005923718712789355,0.0005923718712789355,0.0006339401820584012,0.0006573741007192152,0.0006586703221454726,0.0006581904198770592,0.0006517079705278884,0.0006517079705278884,0.0006725912067327618,0.0006799254195226067,0.0007779030439710578,0.0007686414708910402,0.0007850267379644281,0.0007672064777344431,0.0007821100917439203,0.0007916456970326915,0.0008151155527933285,0.0008077367205570955,0.0008098591549198886,0.0007007874015691366,0.0007189272821042976,0.0007061356297122473,0.000711508951408317,0.0007112676056335296,0.0007017937219774011,0.0006946308724823098,0.0006928183464185875,0.0006646525679793479,0.000664652567979348,0.000664652567979348,0.0006710296684120706,0.0006973754686641897,0.000698192771092893,0.0006954052658796323,0.000692951015533747,0.0006932084309182564,0.0006932084309182564,0.0007125693160617488,0.000712569316061749,0.0006803223640069084,0.0007587226493174507,0.0007908545727084071,0.0007625377643431375,0.0007731182795826606,0.0007731182795826607,0.0007731182795826606,0.0007731182795826605,0.0009120458890715112,0.0009120458890715113,0.0007721123829327474,0.0007963491158059989,0.0007810182896768651,0.0007180094787071932,0.0007180094787071932,0.0007180094787071932,0.0007180094787071932,0.0007180094787071932,0.0007180094787071932,0.0006908773968698654,0.0006819630337839293,0.0006783405172364869,0.0006696588868802812,0.0007179236042882927,0.0007179236042882927,0.000731413261872128,0.0007314132618721279,0.0007203567680967033,0.0007148343735004305,0.000982151244709158,0.0010382932166334235,0.001089447650457932,0.0011575144508662954,0.0013207905739284762,0.0013175217812240309,0.00140728021977958,0.0014776686727932054,0.0014955808080754428,0.0014574468085099548,0.0015575221238891695,0.0016143878462967411,0.00225987006496612,0.008712436691062555,0.02095597897502597,0.04402702702702028,0.07962656467315506,0.09798428961748173,0.1025252590673569,0.12023234323432466,0.1239584468664785,0.12885510349751073,0.12828777524676327,0.13411297440424683,0.12229109947644028,0.0819904306220029,0.0612267080745685,0.056992990654231176
IO time vda,0.010333333333417412,0.01122222222248739,0.025333333333239554,0.04822222222234511,0.0753333333333204,0.09400000000015199,0.1101111111113116,0.12511111111113377,0.13944444444455764,0.157222222221915,0.17211111111100763,0.17100000000007437,0.16144444444459322,0.14622222222209935,0.1396666666664209,0.12415407499988196,0.10932021428549774,0.0952599166665136,0.12359800111062666,0.12042473454090466,0.10029213597424828,0.11729423525496999,0.11720604773234047,0.11652149079002312,0.09036632899784387,0.11322327830583415,0.11322327830583415,0.12101344593843115,0.12331278120279332,0.1222499999998945,0.12148493942393228,0.10846889111168016,0.12975135753064404,0.12987445839369938,0.1042123584905218,0.11442387860596966,0.1213872832370557,0.11277971024839376,0.12270756918965875,0.11230624821444435,0.12075094423456278,0.10575928651787188,0.11137045681898494,0.09879316071458315,0.08801870952406873,0.11418416083510256,0.1101111111113116,0.11033333333317488,0.09680131282836356,0.10202267170498824,0.10333333333336567,0.09891090833302943,0.08091455207899925,0.08190000000013242,0.08122548221187588,0.07077264911671606,0.10395379831202949,0.10494752623689976,0.10877777777770663,0.1073750000000473,0.11003667889294007,0.08816688896296822,0.08368845000010842,0.10483333333346916,0.10601325165622422,0.10593597154305678,0.10600000000028689,0.10374319671232987,0.07551794358866237,0.06879999999994954,0.07585857171428725,0.06553650730141225,0.05213340000040358,0.042233400000326944,0.10670664001769162,0.10341378016770478,0.1063687895963672,0.02819999999974243,0.02819999999974243,0.02819999999974243,0.02819999999974243,0.02819999999974243,0.02819999999974243,0.09765581602053272,0.1025352816285641,0.10377777777790068,0.05458050677338766,0.0674729662075362,0.0797883604502989,0.09243138759149909,0.10478962641735243,0.11968484242102498,0.11686867563654799,0.13724999999976717,0.1674444444446029,0.1788636571760075,0.20715714603260693,0.21472685000009553,0.24269363262597018,0.25143970000015686,0.27677777777757406,0.2955932955933473,0.2915555555555329,0.27165704131496143,0.25997998443230713,0.24705620973098658,0.24241413804607034,0.23749722160466846,0.2407469156382615,0.24741580526868806,0.2564787009227958,0.2650000000002264,0.26288888888868517,0.2621985106146914,0.2598022881261737,0.25138858031537553,0.24569587915134225,0.22828260386583993,0.21055555555560407,0.18570318570346353,0.16329704510121795
mem_Used%,34.580205725586424,34.56414766124677,34.85587760614279,34.894832342663896,34.931406230528964,34.97284312841488,35.01083539420269,35.04006411068211,35.07218023936141,35.10490424429331,35.13854006360412,35.206115640352046,35.217513320088386,35.250186668665904,35.27105708667201,35.32991977046592,35.372471108148275,35.44080653021196,35.430472633917674,35.42712931452834,35.4269773454652,35.407373336318685,35.41998676856023,35.45012729941857,35.453622587871045,35.4531160243272,35.444960351271426,35.434322516850834,35.448556952432675,35.446682667320474,35.468920806894936,35.456661969134075,35.46213285540751,35.458992161435724,35.45924544320764,35.47449300587715,35.481888833617184,35.24076458675053,35.27769306909628,35.26538357498102,35.30682047286694,35.32009243771548,35.32191606647329,35.33290849537457,35.415731634792,35.40661349100292,35.4173019817779,35.447493168990604,35.4138573496798,35.43123247923343,35.41613688562707,35.393138900736844,35.3876680144634,35.3860976674775,35.39663418918933,35.42890228693177,35.46269007530574,35.49825083608313,35.55478332757539,35.60331211507503,35.573779460469304,35.637555810638446,35.66825356139499,35.64723117432573,35.649763992044925,35.62631009996525,35.61663473627795,35.61476045116575,35.619775430249746,35.632388862491304,35.6367453089683,35.7025479133128,35.708981270319526,35.71475609471928,35.71703563066655,35.721037482662865,35.70979177198967,35.70969045928091,35.70852536313007,35.708981270319526,35.700015095593606
descriptor_used /dev/vda1,0.9953870717922707,0.9953870717922707,0.9953870463607849,0.9953870463607849,0.9953870463607849,0.9953870463607849,0.9953870463607849,0.9953870463607849,0.9953870463607849,0.9953870463607849,0.9953870463607849,0.9953870463607849,0.9953870463607849,0.9953870463607849,0.9953870463607849,0.9953870463607849,0.9953870463607849,0.9953870463607849,0.9953870463607849,0.9953870463607849,0.9953870463607849,0.9953870463607849,0.9953870463607849,0.9953870463607849,0.9953870463607849,0.9953870463607849,0.9953870463607849,0.9953870463607849,0.9953870463607849,0.9953870463607849,0.9953870463607849,0.9953870463607849,0.9953870463607849,0.9953870463607849,0.9953870463607849,0.9953870463607849,0.9953870463607849,0.9953870463607849,0.9953870463607849,0.9953870463607849,0.9953870463607849,0.9953870463607849,0.9953870463607849,0.9953870463607849,0.9953870463607849,0.9953870463607849,0.9953870463607849,0.9953870463607849,0.9953870463607849,0.9953870463607849,0.9953870463607849,0.9953870463607849,0.9953870463607849,0.9953870463607849,0.9953870463607849,0.9953870463607849,0.9953870463607849,0.9953870463607849,0.9953870463607849,0.9953870463607849,0.9953870463607849,0.9953870463607849,0.9953870463607849,0.9953870463607849,0.9953870463607849,0.9953870463607849,0.9953870463607849,0.9953870463607849,0.9953870463607849,0.9953870463607849,0.9953870463607849,0.9953870463607849,0.9953870463607849,0.9953870463607849,0.9953870463607849,0.9953870463607849,0.9953870463607849,0.9953870463607849,0.9953870463607849,0.9953870463607849,0.9953870463607849
thread_connect,1,6,14,7,6,6,7,6,5,4,6,30,41,22,39,64,93,134,173,212,245,245,245,245,245,245,228,222,223,217,219,225,245,245,245,245,244,235,230,219,218,210
threads_running,1,1,4,2,1,1,1,1,1,1,1,5,17,5,18,50,79,123,157,198,232,236,236,236,236,232,216,212,210,206,209,215,239,239,241,241,237,230,222,215,215,205
lock_wait,30484,30489,30505,30534,30561,30589,30620,30632,30646,30658,30675,31199,31219,31416,32463,32472,32478,32487,32509,32513,32522,32522,32522,32522,32522,32523,32531,32555,32566,32577,32587,32592,32597,32597,32597,32597,32598,32601,32612,32627,32632,32649
bytes_received,396527437,396596555,396738572,396921802,397090475,397267120,397415392,397551942,397671500,397806225,397947268,401503362,401629871,403083481,409910788,409978300,410025002,410080464,410134300,410183434,410230450,410247502,410265317,410276026,410285086,410299053,410325033,410365955,410404556,410440449,410492150,410534014,410573193,410579828,410593702,410606155,410623265,410642387,410667981,410696482,410736793,410780479
questions,1872233,1872696,1873813,1875240,1876500,1877892,1879039,1880013,1880908,1881971,1883050,1910909,1911910,1923077,1977125,1977663,1978103,1978564,1979007,1979419,1979857,1979949,1980001,1980031,1980059,1980147,1980347,1980746,1981151,1981525,1982022,1982417,1982729,1982754,1982794,1982833,1982923,1983059,1983273,1983540,1983942,1984355
queries,1933224,1933690,1934812,1936240,1937503,1938898,1940048,1941027,1941925,1942989,1944073,1972002,1973008,1984202,2038394,2038934,2039376,2039840,2040286,2040703,2041143,2041237,2041294,2041325,2041356,2041447,2041650,2042054,2042462,2042839,2043337,2043737,2044052,2044080,2044123,2044163,2044256,2044395,2044612,2044882,2045287,2045703
abort,98990,98990,98990,98990,98990,98990,98990,98990,98990,98990,98990,98990,98990,98990,98990,98990,98990,98990,98990,98990,98990,98990,98990,98990,98990,98990,98990,98990,98990,98990,98990,98990,98990,98990,98990,98990,98990,98990,98990,98990,98990,98990
mysql_global_status_threads_cached,10,5,0,7,5,5,4,5,6,7,5,0,0,9,8,0,0,0,0,0,0,0,0,0,0,0,3,2,2,5,2,3,0,0,0,0,1,7,4,7,8,6
select_full_range_join,0,0,0,0,0,0,0,0,0,0,0,0,0,0,0,0,0,0,0,0,0,0,0,0,0,0,0,0,0,0,0,0,0,0,0,0,0,0,0,0,0,0
select_full_join,72,72,72,72,72,72,72,72,72,72,72,72,72,72,84,84,84,84,84,84,84,84,84,84,84,84,84,84,84,84,84,84,84,84,84,84,84,84,84,84,84,84
Thread Cache Size,11,11,11,11,11,11,11,11,11,11,11,11,11,11,11,11,11,11,11,11,11,11,11,11,11,11,11,11,11,11,11,11,11,11,11,11,11,11,11,11,11,11
Threads Cached,10,5,0,7,5,5,4,5,6,7,5,0,0,9,8,0,0,0,0,0,0,0,0,0,0,0,3,2,2,5,2,3,0,0,0,0,1,7,4,7,8,6
Created Tmp Tables,2684368,2684502,2684640,2684767,2684906,2685038,2685166,2685303,2685439,2685573,2685705,2688917,2689049,2690384,2696739,2696878,2697006,2697143,2697279,2697415,2697545,2697682,2697820,2697950,2698075,2698205,2698344,2698479,2698609,2698736,2698872,2699002,2699144,2699267,2699399,2699531,2699663,2699796,2699931,2700061,2700194,2700332
Free Memory,1031832,1031832,1031832,1031832,1031832,1031832,1031832,1031832,1031832,1031832,1031832,1031832,1031832,1031832,1031832,1031832,1031832,1031832,1031832,1031832,1031832,1031832,1031832,1031832,1031832,1031832,1031832,1031832,1031832,1031832,1031832,1031832,1031832,1031832,1031832,1031832,1031832,1031832,1031832,1031832,1031832,1031832
open_files,55,55,55,55,55,55,55,55,55,55,55,67,67,68,71,71,71,71,71,71,71,71,71,71,71,71,71,71,71,71,71,71,71,71,71,71,71,71,71,71,71,71
innodb_num_open_files,28,28,28,28,28,28,28,28,28,28,28,28,28,28,28,28,28,28,28,28,28,28,28,28,28,28,28,28,28,28,28,28,28,28,28,28,28,28,28,28,28,28
Query Cache Size,1048576,1048576,1048576,1048576,1048576,1048576,1048576,1048576,1048576,1048576,1048576,1048576,1048576,1048576,1048576,1048576,1048576,1048576,1048576,1048576,1048576,1048576,1048576,1048576,1048576,1048576,1048576,1048576,1048576,1048576,1048576,1048576,1048576,1048576,1048576,1048576,1048576,1048576,1048576,1048576,1048576,1048576
table_open_cache,2000,2000,2000,2000,2000,2000,2000,2000,2000,2000,2000,2000,2000,2000,2000,2000,2000,2000,2000,2000,2000,2000,2000,2000,2000,2000,2000,2000,2000,2000,2000,2000,2000,2000,2000,2000,2000,2000,2000,2000,2000,2000
process state after create,0,0,0,0,0,0,0,0,0,0,0,0,0,0,0,0,0,0,0,0,0,0,0,0,0,0,0,0,0,0,0,0,0,0,0,0,0,0,0,0,0,0
process state altering table,0,0,0,0,0,0,0,0,0,0,0,0,0,0,0,0,0,0,0,0,0,0,0,0,0,0,0,0,0,0,0,0,0,0,0,0,0,0,0,0,0,0
process state analyzing,0,0,0,0,0,0,0,0,0,0,0,0,0,0,0,0,0,0,0,0,0,0,0,0,0,0,0,0,0,0,0,0,0,0,0,0,0,0,0,0,0,0
process state checking permissions,0,0,0,0,0,0,0,0,0,0,0,0,0,0,0,0,0,0,0,0,0,0,0,0,0,0,0,0,0,0,0,0,0,0,0,0,0,0,0,0,0,0
process state checking table,0,0,0,0,0,0,0,0,0,0,0,0,0,0,0,0,0,0,0,0,0,0,0,0,0,0,0,0,0,0,0,0,0,0,0,0,0,0,0,0,0,0
process state cleaning up,0,0,0,0,0,0,0,0,0,0,0,0,0,0,0,0,0,0,0,0,0,0,0,0,0,0,0,0,0,0,0,0,0,0,0,0,0,0,0,0,0,0
process state closing tables,0,0,0,0,0,0,0,0,0,0,0,0,0,0,0,0,0,0,0,0,0,0,0,0,0,0,0,0,0,0,0,0,0,0,0,0,0,0,0,0,0,0
process state converting heap to myisam,0,0,0,0,0,0,0,0,0,0,0,0,0,0,0,0,0,0,0,0,0,0,0,0,0,0,0,0,0,0,0,0,0,0,0,0,0,0,0,0,0,0
process state copying to tmp table,0,0,0,0,0,0,0,0,0,0,0,0,0,0,0,0,0,0,0,0,0,0,0,0,0,0,0,0,0,0,0,0,0,0,0,0,0,0,0,0,0,0
process state creating sort index,0,0,0,0,0,0,0,0,0,0,0,0,0,0,0,0,0,0,0,0,0,0,0,0,0,0,0,0,0,0,0,0,0,0,0,0,0,0,0,0,0,0
process state creating table,0,0,0,0,0,0,0,0,0,0,0,0,0,0,0,0,0,0,0,0,0,0,0,0,0,0,0,0,0,0,0,0,0,0,0,0,0,0,0,0,0,0
process state creating tmp table,0,0,0,0,0,0,0,0,0,0,0,0,0,0,0,0,0,0,0,0,0,0,0,0,0,0,0,0,0,0,0,0,0,0,0,0,0,0,0,0,0,0
process state deleting,0,0,0,0,0,0,0,0,0,0,0,0,0,0,0,0,0,0,0,0,0,0,0,0,0,0,0,0,0,0,0,0,0,0,0,0,0,0,0,0,0,0
process state end,0,0,0,0,0,0,0,0,0,0,0,0,0,0,0,0,0,0,0,0,0,0,0,0,0,0,0,0,0,0,0,0,0,0,0,0,0,0,0,0,0,0
process state executing,0,0,0,0,0,0,0,0,0,0,0,0,0,0,0,2,3,2,2,1,2,4,0,1,3,3,1,3,0,0,0,0,0,2,3,2,3,3,1,3,1,1
process state execution of init_command,0,0,0,0,0,0,0,0,0,0,0,0,0,0,0,0,0,0,0,0,0,0,0,0,0,0,0,0,0,0,0,0,0,0,0,0,0,0,0,0,0,0
process state flushing tables,0,0,0,0,0,0,0,0,0,0,0,0,0,0,0,0,0,0,0,0,0,0,0,0,0,0,0,0,0,0,0,0,0,0,0,0,0,0,0,0,0,0
process state freeing items,0,0,1,0,0,0,0,0,0,0,0,0,0,0,0,0,0,0,0,0,0,0,0,0,0,0,0,0,0,0,0,0,0,0,0,0,0,0,0,0,0,0
process state fulltext initialization,0,0,0,0,0,0,0,0,0,0,0,0,0,0,0,0,0,0,0,0,0,0,0,0,0,0,0,0,0,0,0,0,0,0,0,0,0,0,0,0,0,0
process state idle,0,4,9,3,4,5,5,4,3,2,3,23,22,18,20,17,12,12,13,13,11,9,9,9,9,10,13,10,10,10,10,9,6,6,4,4,5,6,5,7,5,4
process state init,0,0,0,0,0,0,0,0,0,0,0,0,0,0,1,0,0,0,0,0,0,0,0,0,0,0,0,0,0,0,0,0,0,0,0,0,0,0,0,0,0,0
process state killed,0,0,0,0,0,0,0,0,0,0,0,0,0,0,0,0,0,0,0,0,0,0,0,0,0,0,0,0,0,0,0,0,0,0,0,0,0,0,0,0,0,0
process state logging slow query,0,0,0,0,0,0,0,0,0,0,0,0,0,0,0,0,0,0,0,0,0,0,0,0,0,0,0,0,0,0,0,0,0,0,0,0,0,0,0,0,0,0
process state login,0,0,0,0,0,0,0,0,0,0,0,0,0,0,0,0,0,0,0,0,0,0,0,0,0,0,0,0,0,0,0,0,0,0,0,0,0,0,0,0,0,0
process state manage keys,0,0,0,0,0,0,0,0,0,0,0,0,0,0,0,0,0,0,0,0,0,0,0,0,0,0,0,0,0,0,0,0,0,0,0,0,0,0,0,0,0,0
process state opening tables,0,0,0,0,0,0,0,0,0,0,0,0,0,0,0,0,0,0,0,0,0,0,0,0,0,0,0,0,0,0,0,0,0,0,0,0,0,0,0,0,0,0
process state optimizing,0,0,0,0,0,0,0,0,0,0,0,0,0,0,0,0,0,0,0,0,0,0,0,0,0,0,0,0,0,0,0,0,0,0,0,0,0,0,0,0,0,0
process state other,0,0,0,0,0,0,0,0,1,0,0,1,1,0,0,1,0,0,0,0,0,0,0,0,0,0,1,0,0,1,0,0,0,0,0,0,0,0,1,0,1,1
process state preparing,0,0,0,0,0,0,0,0,0,0,0,0,0,0,0,0,0,0,0,0,0,0,0,0,0,0,0,0,0,0,0,0,0,0,0,0,0,0,0,0,0,0
process state reading from net,0,0,0,0,0,0,0,0,0,0,0,0,0,0,0,0,0,0,0,0,0,0,0,0,0,0,0,0,0,0,0,0,0,0,0,0,0,0,0,0,0,0
process state removing duplicates,0,0,0,0,0,0,0,0,0,0,0,0,0,0,0,0,0,0,0,0,0,0,0,0,0,0,0,0,0,0,0,0,0,0,0,0,0,0,0,0,0,0
process state removing tmp table,0,0,0,0,0,0,0,0,0,0,0,0,0,0,0,0,0,0,0,0,0,0,0,0,0,0,0,0,0,0,0,0,0,0,0,0,0,0,0,0,0,0
process state reopen tables,0,0,0,0,0,0,0,0,0,0,0,0,0,0,0,0,0,0,0,0,0,0,0,0,0,0,0,0,0,0,0,0,0,0,0,0,0,0,0,0,0,0
process state repair by sorting,0,0,0,0,0,0,0,0,0,0,0,0,0,0,0,0,0,0,0,0,0,0,0,0,0,0,0,0,0,0,0,0,0,0,0,0,0,0,0,0,0,0
process state repair done,0,0,0,0,0,0,0,0,0,0,0,0,0,0,0,0,0,0,0,0,0,0,0,0,0,0,0,0,0,0,0,0,0,0,0,0,0,0,0,0,0,0
process state repair with keycache,0,0,0,0,0,0,0,0,0,0,0,0,0,0,0,0,0,0,0,0,0,0,0,0,0,0,0,0,0,0,0,0,0,0,0,0,0,0,0,0,0,0
process state replication master,0,0,0,0,0,0,0,0,0,0,0,0,0,0,0,0,0,0,0,0,0,0,0,0,0,0,0,0,0,0,0,0,0,0,0,0,0,0,0,0,0,0
process state rolling back,0,0,0,0,0,0,0,0,0,0,0,0,0,0,0,0,0,0,0,0,0,0,0,0,0,0,0,0,0,0,0,0,0,0,0,0,0,0,0,0,0,0
process state searching rows for update,0,0,0,0,0,0,0,0,0,0,0,0,0,0,0,0,0,0,0,0,0,0,0,0,0,0,0,0,0,0,0,0,0,0,0,0,0,0,0,0,0,0
process state sending data,0,0,0,0,0,0,0,0,0,0,0,0,0,0,4,2,1,2,2,3,2,0,4,3,1,1,3,1,4,4,4,4,4,2,1,2,1,1,3,1,3,3
process state sorting for group,0,0,0,0,0,0,0,0,0,0,0,0,0,0,0,0,0,0,0,0,0,0,0,0,0,0,0,0,0,0,0,0,0,0,0,0,0,0,0,0,0,0
process state sorting for order,0,0,0,0,0,0,0,0,0,0,0,0,0,0,0,0,0,0,0,0,0,0,0,0,0,0,0,0,0,0,0,0,0,0,0,0,0,0,0,0,0,0
process state sorting index,0,0,0,0,0,0,0,0,0,0,0,0,0,0,0,0,0,0,0,0,0,0,0,0,0,0,0,0,0,0,0,0,0,0,0,0,0,0,0,0,0,0
process state sorting result,0,0,0,0,0,0,0,0,0,0,0,0,0,0,0,0,0,0,0,0,0,0,0,0,0,0,0,0,0,0,0,0,0,0,0,0,0,0,0,0,0,0
process state statistics,0,0,0,0,0,0,0,0,0,0,1,0,0,0,0,0,0,0,0,0,0,0,0,0,0,0,0,0,0,0,0,0,0,0,0,0,0,0,0,0,0,0
process state updating,0,0,2,0,0,0,0,0,0,0,1,4,16,4,5,23,52,87,121,157,190,192,192,192,192,191,168,163,160,158,160,167,190,190,192,192,191,181,173,170,166,156
process state waiting for lock,0,0,0,0,0,0,0,0,0,0,1,0,1,0,8,18,24,30,34,36,39,39,39,39,39,39,40,44,44,44,44,44,44,44,44,44,44,44,44,44,44,44
process state waiting for table flush,0,0,0,0,0,0,0,0,0,0,0,0,0,0,0,0,0,0,0,0,0,0,0,0,0,0,0,0,0,0,0,0,0,0,0,0,0,0,0,0,0,0
process state waiting for tables,0,0,0,0,0,0,0,0,0,0,0,0,0,0,0,0,0,0,0,0,0,0,0,0,0,0,0,0,0,0,0,0,0,0,0,0,0,0,0,0,0,0
process state waiting on cond,0,0,0,0,0,0,0,0,0,0,0,0,0,0,0,0,0,0,0,0,0,0,0,0,0,0,0,0,0,0,0,0,0,0,0,0,0,0,0,0,0,0
process state writing to net,0,0,0,0,0,0,0,0,0,0,0,0,0,0,0,0,0,0,0,0,0,0,0,0,0,0,0,0,0,0,0,0,0,0,0,0,0,0,0,0,0,0
qcache_queries_in_cache,0,0,0,0,0,0,0,0,0,0,0,0,0,0,0,0,0,0,0,0,0,0,0,0,0,0,0,0,0,0,0,0,0,0,0,0,0,0,0,0,0,0
disk_io_now vda,0,0,0,0,0,0,0,0,0,0,0,0,0,0,0,0,0,0,0,0,0,0,0,0,0,0,0,0,0,0,0,0,0,0,0,0,0,0,0,0,0,0,0,0,0,0,0,0,0,0,0,0,0,0,0,0,0,0,0,0,0,0,0,0,0,0,0,0,0,0,0,0,0,0,0,0,0,0,0,0
mem_buffer,0,0,0,0,0,0,0,0,0,0,0,0,0,0,0,0,0,0,0,0,0,0,0,0,0,0,0,0,0,0,0,0,0,0,0,0,0,0,0,0,0,0,0,0,0,0,0,0,0,0,0,0,0,0,0,0,0,0,0,0,0,0,0,0,0,0,0,0,0,0,0,0,0,0,0,0,0,0,0,0
mem_cached,5671768064,5643288576,5648564224,5634428928,5637476352,5639114752,5640998912,5608390656,5610524672,5613518848,5615767552,5617242112,5618847744,5620482048,5592875008,5597274112,5601333248,5608255488,5595865088,5596798976,5598212096,5585207296,5587550208,5589172224,5594378240,5597319168,5599494144,5602443264,5604220928,5605675008,5575172096,5576568832,5577887744,5578792960,5580042240,5582446592,5586132992,5601792000,3884277760,3892760576,3894804480,3896705024,3900129280,3912212480,3912744960,3913605120,3924312064,3926405120,3929362432,3931987968,3934621696,3935031296,4006035456,4125204480,4244594688,4350263296,4453679104,4562137088,4652101632,4754481152,4874932224,4988641280,5083795456,5182205952,5263183872,5345419264,5392596992,5420560384,5451616256,5476130816,5507215360,5551939584,5580558336,5570666496,5565034496,5590003712,5564657664,5583269888,5585051648,5569486848
Read bytes vda,1256241120768,1256247846400,1256252409344,1256254641664,1256257209856,1256258717184,1256259872256,1256261408256,1256263267840,1256265647616,1256267589120,1256268617216,1256269944320,1256271214080,1256276530688,1256279549440,1256282469888,1256288388608,1256291825152,1256292382208,1256293225984,1256295929344,1256297920000,1256299197952,1256299963904,1256302286336,1256304084480,1256306255360,1256307729920,1256308819456,1256311182848,1256312280576,1256313095680,1256313705984,1256314541568,1256316560896,1256319682048,1256333706752,1256340276736,1256343172608,1256344368640,1256345875968,1256348562944,1256358106624,1256358249984,1256358839808,1256366810624,1256368215552,1256370390528,1256371955200,1256373732864,1256373892608,1256420111872,1256499041792,1256577689088,1256642811392,1256705283584,1256769152512,1256821671424,1256880023040,1256956024320,1257026311680,1257077802496,1257134376448,1257171043840,1257223452160,1257240827392,1257257342464,1257276962304,1257293067776,1257308710400,1257332762112,1257370506752,1257408927232,1257443018240,1257489892864,1257522681344,1257550370304,1257577477632,1257612092928
