Avg Threads Running,1,1,1.6,2.4000000000000004,3,3.2222222222222223,3.5,3.857142857142857,4.333333333333333,5,6,7.666666666666667,8,7,144,144,144,144,146.5,146.5,146.5,146.5,146.5,146.5,149,149,149,149,114,114,114,114,114,114,111,111,101.66666666666667,101.66666666666667,95.5,95.66666666666667,95.66666666666667,95.66666666666667,95.66666666666667,95.66666666666667,89.5,89.5,96,96,96
Peak Threads Connected,1,1,7,9,9,9,9,9,9,9,9,9,9,7,144,144,144,144,149,149,149,149,149,149,149,149,149,149,114,114,114,114,114,114,114,114,114,114,108,108,108,108,108,108,96,96,96,96,96
Peak Threads Running,1,1,1,3,3,3,3,3,3,3,3,3,3,1,116,116,116,116,129,129,129,129,129,129,129,129,129,129,78,78,78,78,78,78,79,79,79,79,79,79,79,79,79,79,66,66,66,66,66
Questions,38,38.88888888888889,132.88888888888889,304.11111111111114,445.44444444444446,429.698925,429.98968571428566,431.8647666666667,435.48012,442.67204999999996,457.2171333333334,379.9278,215.8882,723.6622992607698,1072.6484833035943,1072.6484833035943,1072.6484833035943,761.5267907213868,654.2619423910273,1077.319587628866,1077.319587628866,1063.2040050062578,1063.2040050062578,403.2,738.2765650080257,842.4499197431782,873.9102728731941,769.7369181380417,665.5635634028891,596.2390957446808,490.65398936170214
Threads Created,0,0,0.11111111111111112,0.4444444444444445,0.4444444444444445,0.4311,0.4355428571428571,0.4414666666666666,0.44976000000000005,0.4622,0.4829333333333333,0.3933,0,5.847081315319909,8.666836604639306,8.666836604639306,8.666836604639306,6.153020647463675,5.286336986999745,7.815098104423012,7.815098104423012,7.6345431789737175,7.6345431789737175,2.8,7.109751203852328,8.11296147672552,8.415930979133226,7.412720706260032,6.409510433386837,6.758377659574468,5.5615691489361705
Created Tmp Disk Tables,9.11111111111111,9,8.88888888888889,9.222222222222223,9,7.8675749999999995,7.077571428571427,6.180533333333333,5.28468,4.1598,3.3805333333333336,2.622,1.4598,6.191027275044609,9.176650522559266,9.176650522559266,9.176650522559266,6.51496303849095,5.5972979862350245,8.646491519787162,8.646491519787162,8.760951188986233,8.760951188986233,3.6,6.540971107544142,7.463924558587479,7.742656500802568,6.819703049759229,5.89674959871589,5.256515957446808,4.325664893617022
Created Tmp Files,0,0,0,0,0,0,0,0,0,0,0,0,0,0,0,0,0,0,0,0,0,0,0,0,0,0,0,0,0,0,0
Select Full Join,0,0,0,0,0,0,0,0,0,0,0,0,0,0,0,0,0,0,0,0,0,0,0,0,0,0,0,0,0,0,0
Select Full Range Join,0,0,0,0,0,0,0,0,0,0,0,0,0,0,0,0,0,0,0,0,0,0,0,0,0,0,0,0,0,0,0
Select Range,0,0,2.888888888888889,5.222222222222222,5.333333333333334,5.1732,5.226514285714285,5.2976,5.39712,5.5464,5.7951999999999995,2.8842,0.16219999999999998,13.92981136885037,20.64746367575835,20.64746367575835,20.64746367575835,14.658666836604638,12.593920469028806,12.803458596607914,12.803458596607914,10.012515644555695,10.012515644555695,0.6,4.97682584269663,5.679073033707865,5.891151685393258,5.188904494382022,4.4866573033707855,6.007446808510638,4.943617021276596
Select Range Check,0,0,0,0,0,0,0,0,0,0,0,0,0,0,0,0,0,0,0,0,0,0,0,0,0,0,0,0,0,0,0
Select Scan,28.888888888888893,30,28.666666666666668,30.666666666666668,28.77777777777778,25.973775,23.083771428571428,20.307466666666663,17.31576,14.21265,10.5038,8.6526,4.3793999999999995,19.776892684170278,29.314300280397653,29.314300280397653,29.314300280397653,20.811687484068315,17.880257456028552,27.76854007316262,27.76854007316262,28.535669586983733,28.535669586983733,12.2,21.18705858747994,24.176625200642054,25.079474317817013,22.089907704654895,19.100341091492773,16.520478723404256,13.594946808510638
Sort Rows,58.88888888888889,53,53,58.88888888888889,53,51.408674999999995,46.167542857142855,40.94603333333333,35.75592,24.4966,19.1966,20.8449,8.596599999999999,27.343703798113687,40.530206474636756,40.530206474636756,40.530206474636756,28.774420086668364,24.721399439204692,44.06385101429996,44.06385101429996,46.43304130162703,46.43304130162703,21.2,37.68168138041734,42.99869582664526,44.60443418940609,39.28741974317817,33.97040529695023,29.849501329787234,24.563597074468085
Sort Range,0,0,0,0,0,0,0,0,0,0,0,0,0,0,0,0,0,0,0,0,0,0,0,0,0,0,0,0,0,0,0
Sort Merge Passes,0,0,0,0,0,0,0,0,0,0,0,0,0,0,0,0,0,0,0,0,0,0,0,0,0,0,0,0,0,0,0
opened_tables,0,0,0,0.11111111111111112,0.11111111111111112,0.107775,0.10888571428571428,0.11036666666666665,0.11244000000000001,0.11555,0.12073333333333333,0.1311,0,1.2038108590364518,1.7843487127198572,1.7843487127198572,1.7843487127198572,1.2667983685954627,1.088363497323477,0,0,0.1251564455569462,0.1251564455569462,0.2,0.4265850722311397,0.48677768860353127,0.5049558587479936,0.44476324237560194,0.38457062600321024,0.37546542553191486,0.30897606382978726
table_open_cache_hits,278.55555555555554,280.33333333333337,465.55555555555554,797.7777777777778,1072.5555555555557,1012.8694499999999,992.7110571428569,975.8620666666666,962.3739600000001,956.7539999999999,964.1764000000001,791.8439999999999,451.4026,1560.8267652306909,2313.5355595207748,2313.5355595207748,2313.5355595207748,1642.4945704817742,1411.1410145296966,2321.2504156967075,2321.2504156967075,2289.2365456821026,2289.2365456821026,866.2,1588.7450040128413,1812.922371589085,1880.6239365971105,1656.4465690208667,1432.2692014446225,1284.4672207446808,1057.0071143617022
table_open_cache_misses,0,0,0,0.11111111111111112,0.11111111111111112,0.107775,0.10888571428571428,0.11036666666666665,0.11244000000000001,0.11555,0.12073333333333333,0.1311,0,1.2038108590364518,1.7843487127198572,1.7843487127198572,1.7843487127198572,1.2667983685954627,1.088363497323477,0,0,0.1251564455569462,0.1251564455569462,0.2,0.4265850722311397,0.48677768860353127,0.5049558587479936,0.44476324237560194,0.38457062600321024,0.37546542553191486,0.30897606382978726
table_open_cache_overflows,0,0,0,0,0,0,0,0,0,0,0,0,0,0,0,0,0,0,0,0,0,0,0,0,0,0,0,0,0,0,0
Sort Scan,1.1111111111111112,1,1,1.1111111111111112,1,0.969975,0.8710857142857142,0.7725666666666666,0.67464,0.4622,0.36219999999999997,0.3933,0.16219999999999998,0.5159189395870507,0.7647208768799387,0.7647208768799387,0.7647208768799387,0.5429135865409125,0.46644149885291875,0.8313934153641502,0.8313934153641502,0.8760951188986233,0.8760951188986233,0.4,0.7109751203852328,0.8112961476725522,0.8415930979133226,0.7412720706260032,0.6409510433386837,0.5631981382978724,0.4634640957446809
Slow Queries,3.8888888888888893,4,5.444444444444445,8.11111111111111,9.222222222222223,8.729775,8.601971428571428,8.2775,7.98324,7.6263000000000005,7.364733333333334,5.8995,2.7573999999999996,35.5984068315065,52.76574050471578,52.76574050471578,52.76574050471578,37.46103747132297,32.184463420851394,48.55337545726637,48.55337545726637,51.81476846057571,51.81476846057571,24.4,36.40192616372392,41.538362760834666,43.08956661316212,37.95313001605136,32.8166934189406,25.156183510638296,20.701396276595744
Aborted Connects (attempts),0,0,0,0,0,0,0,0,0,0,0,0,0,0,0,0,0,0,0,0,0,0,0,0,0,0,0,0,0,0,0
Aborted Clients (timeout),0,0,0,0,0,0,0,0,0,0,0,0,0,0,0,0,0,0,0,0,0,0,0,0,0,0,0,0,0,0,0
Table Locks Immediate,57.55555555555556,59.333333333333336,156.44444444444446,331,474.6666666666667,456.64267499999994,454.9245142857142,455.0417666666666,456.7312800000001,462.54664999999994,474.60273333333333,393.03779999999995,223.9982,761.6683278103493,1128.9829212337495,1128.9829212337495,1128.9829212337495,801.5214249299006,688.6231328065256,1137.1799135350848,1137.1799135350848,1124.9061326658323,1124.9061326658323,429.8,779.6553170144464,889.6673555377207,922.8909911717495,812.8789526484751,702.8669141252005,625.9008643617021,515.0630984042552
Table Locks Waited,0,0,2,7.555555555555555,10.555555555555555,10.238625,10.344142857142856,10.484833333333333,10.6818,10.97725,11.469666666666667,10.0947,4.3793999999999995,37.14616365026765,55.05990313535559,55.05990313535559,55.05990313535559,39.089778230945704,33.58378791741015,45.3940804788826,45.3940804788826,47.80976220275345,47.80976220275345,21.8,36.40192616372392,41.538362760834666,43.08956661316212,37.95313001605136,32.8166934189406,27.596708776595744,22.709740691489362
bytes_received_rate,12457.444444444445,12735,23562.666666666668,45707.88888888889,63568.44444444445,60835.862025,60046.7693142857,59482.00463333332,59270.15988000001,59343.59125,60174.94213333334,50697.0255,28996.494,91232.35370889626,135229.161356105,135229.161356105,135229.161356105,96005.94310476675,82483.02696915626,137183.73794479546,137183.73794479546,135465.20650813516,135465.20650813516,51468.8,95768.633105939,109281.91560995183,113362.92692616372,99849.64442215089,86336.36191813802,78126.47027925533,64291.4303856383
bytes_sent_rate,163151.6666666667,170944.8888888889,187467.77777777778,237344.22222222225,248583.44444444444,234927.29835,215443.12534285715,205516.41879999998,184431.62148000003,175043.34405,152481.97433333335,129982.63469999998,64516.5098,331540.17290339025,491425.43971450423,491425.43971450423,491425.43971450423,348887.4909253122,299744.94695386186,445476.8872630528,445476.8872630528,446575.84480600746,446575.84480600746,177808.6,320404.35068218305,365614.5031701444,379267.9692215088,334057.81673354737,288847.6642455858,256110.7864694149,210757.36226728722
qcache_hits,0,0,0,0,0,0,0,0,0,0,0,0,0,0,0,0,0,0,0,0,0,0,0,0,0,0,0,0,0,0,0
qcache_inserts,0,0,0,0,0,0,0,0,0,0,0,0,0,0,0,0,0,0,0,0,0,0,0,0,0,0,0,0,0,0,0
qcache_not_cached,27,27.77777777777778,69.55555555555556,147.77777777777777,209.33333333333334,201.215925,200.34971428571427,200.20513333333332,200.81784,203.02134999999998,208.14426666666668,172.78979999999999,96.50899999999999,330.1881213357125,489.4213612031608,489.4213612031608,489.4213612031608,347.464695386184,298.5225592658679,511.1406717658796,511.1406717658796,500.25031289111394,500.25031289111394,184.6,336.71781701444627,384.2298555377207,398.5784911717496,351.0664526484751,303.5544141252006,271.2737699468085,223.23520611702128
qcache_lowmem_prunes,0,0,0,0,0,0,0,0,0,0,0,0,0,0,0,0,0,0,0,0,0,0,0,0,0,0,0,0,0,0,0
com admin_commands,1,1,1,1,1,0.8622,0.7621999999999999,0.6622,0.5622,0.4622,0.36219999999999997,0.2622,0.16219999999999998,0.687891919449401,1.0196278358399185,1.0196278358399185,1.0196278358399185,0.7238847820545501,0.6219219984705583,0.9976720984369802,0.9976720984369802,1.0012515644555695,1.0012515644555695,0.4,0.7109751203852328,0.8112961476725522,0.8415930979133226,0.7412720706260032,0.6409510433386837,0.5631981382978724,0.4634640957446809
com alter_db,0,0,0,0,0,0,0,0,0,0,0,0,0,0,0,0,0,0,0,0,0,0,0,0,0,0,0,0,0,0,0
com alter_db_upgrade,0,0,0,0,0,0,0,0,0,0,0,0,0,0,0,0,0,0,0,0,0,0,0,0,0,0,0,0,0,0,0
com alter_event,0,0,0,0,0,0,0,0,0,0,0,0,0,0,0,0,0,0,0,0,0,0,0,0,0,0,0,0,0,0,0
com alter_function,0,0,0,0,0,0,0,0,0,0,0,0,0,0,0,0,0,0,0,0,0,0,0,0,0,0,0,0,0,0,0
com alter_instance,0,0,0,0,0,0,0,0,0,0,0,0,0,0,0,0,0,0,0,0,0,0,0,0,0,0,0,0,0,0,0
com alter_procedure,0,0,0,0,0,0,0,0,0,0,0,0,0,0,0,0,0,0,0,0,0,0,0,0,0,0,0,0,0,0,0
com alter_server,0,0,0,0,0,0,0,0,0,0,0,0,0,0,0,0,0,0,0,0,0,0,0,0,0,0,0,0,0,0,0
com alter_table,0,0,0,0,0,0,0,0,0,0,0,0,0,0,0,0,0,0,0,0,0,0,0,0,0,0,0,0,0,0,0
com alter_tablespace,0,0,0,0,0,0,0,0,0,0,0,0,0,0,0,0,0,0,0,0,0,0,0,0,0,0,0,0,0,0,0
com alter_user,0,0,0,0,0,0,0,0,0,0,0,0,0,0,0,0,0,0,0,0,0,0,0,0,0,0,0,0,0,0,0
com analyze,0,0,0,0,0,0,0,0,0,0,0,0,0,0,0,0,0,0,0,0,0,0,0,0,0,0,0,0,0,0,0
com assign_to_keycache,0,0,0,0,0,0,0,0,0,0,0,0,0,0,0,0,0,0,0,0,0,0,0,0,0,0,0,0,0,0,0
com begin,0,0,0,0,0,0,0,0,0,0,0,0,0,0,0,0,0,0,0,0,0,0,0,0,0,0,0,0,0,0,0
com binlog,0,0,0,0,0,0,0,0,0,0,0,0,0,0,0,0,0,0,0,0,0,0,0,0,0,0,0,0,0,0,0
com call_procedure,0,0,0,0,0,0,0,0,0,0,0,0,0,0,0,0,0,0,0,0,0,0,0,0,0,0,0,0,0,0,0
com change_db,0,0,0,0,0,0,0,0,0,0,0,0,0,0,0,0,0,0,0,0,0,0,0,0,0,0,0,0,0,0,0
com change_master,0,0,0,0,0,0,0,0,0,0,0,0,0,0,0,0,0,0,0,0,0,0,0,0,0,0,0,0,0,0,0
com change_repl_filter,0,0,0,0,0,0,0,0,0,0,0,0,0,0,0,0,0,0,0,0,0,0,0,0,0,0,0,0,0,0,0
com check,0,0,0,0,0,0,0,0,0,0,0,0,0,0,0,0,0,0,0,0,0,0,0,0,0,0,0,0,0,0,0
com checksum,0,0,0,0,0,0,0,0,0,0,0,0,0,0,0,0,0,0,0,0,0,0,0,0,0,0,0,0,0,0,0
com commit,0,0,3.2222222222222223,8.333333333333334,13.666666666666668,13.256325,13.392942857142856,13.575099999999997,13.830119999999999,14.21265,14.850200000000001,12.3234,7.7856,24.936082080040784,36.96150904919704,36.96150904919704,36.96150904919704,26.240823349477438,22.544672444557737,34.08713002993016,34.08713002993016,37.79724655819775,37.79724655819775,19.4,30.57193017656501,34.88573434991974,36.18850321027287,31.874699036918138,27.560894863563398,22.15246010638298,18.229587765957447
com create_compression_dictionary,0,0,0,0,0,0,0,0,0,0,0,0,0,0,0,0,0,0,0,0,0,0,0,0,0,0,0,0,0,0,0
com create_db,0,0,0,0,0,0,0,0,0,0,0,0,0,0,0,0,0,0,0,0,0,0,0,0,0,0,0,0,0,0,0
com create_event,0,0,0,0,0,0,0,0,0,0,0,0,0,0,0,0,0,0,0,0,0,0,0,0,0,0,0,0,0,0,0
com create_function,0,0,0,0,0,0,0,0,0,0,0,0,0,0,0,0,0,0,0,0,0,0,0,0,0,0,0,0,0,0,0
com create_index,0,0,0,0,0,0,0,0,0,0,0,0,0,0,0,0,0,0,0,0,0,0,0,0,0,0,0,0,0,0,0
com create_procedure,0,0,0,0,0,0,0,0,0,0,0,0,0,0,0,0,0,0,0,0,0,0,0,0,0,0,0,0,0,0,0
com create_server,0,0,0,0,0,0,0,0,0,0,0,0,0,0,0,0,0,0,0,0,0,0,0,0,0,0,0,0,0,0,0
com create_table,0,0,0,0,0,0,0,0,0,0,0,0,0,0,0,0,0,0,0,0,0,0,0,0,0,0,0,0,0,0,0
com create_trigger,0,0,0,0,0,0,0,0,0,0,0,0,0,0,0,0,0,0,0,0,0,0,0,0,0,0,0,0,0,0,0
com create_udf,0,0,0,0,0,0,0,0,0,0,0,0,0,0,0,0,0,0,0,0,0,0,0,0,0,0,0,0,0,0,0
com create_user,0,0,0,0,0,0,0,0,0,0,0,0,0,0,0,0,0,0,0,0,0,0,0,0,0,0,0,0,0,0,0
com create_view,0,0,0,0,0,0,0,0,0,0,0,0,0,0,0,0,0,0,0,0,0,0,0,0,0,0,0,0,0,0,0
com dealloc_sql,0,0,0,0,0,0,0,0,0,0,0,0,0,0,0,0,0,0,0,0,0,0,0,0,0,0,0,0,0,0,0
com delete,0,0,2.3333333333333335,4.444444444444445,4.444444444444445,4.311,4.355428571428571,4.414666666666666,4.4976,4.622,4.8293333333333335,2.4909,0,12.726000509813918,18.86311496303849,18.86311496303849,18.86311496303849,13.391868468009175,11.505556971705328,11.306950448952444,11.306950448952444,8.51063829787234,8.51063829787234,0,4.265850722311397,4.867776886035313,5.049558587479935,4.447632423756019,3.8457062600321024,5.631981382978724,4.634640957446808
com delete_multi,0,0,0,0,0,0,0,0,0,0,0,0,0,0,0,0,0,0,0,0,0,0,0,0,0,0,0,0,0,0,0
com do,0,0,0,0,0,0,0,0,0,0,0,0,0,0,0,0,0,0,0,0,0,0,0,0,0,0,0,0,0,0,0
com drop_compression_dictionary,0,0,0,0,0,0,0,0,0,0,0,0,0,0,0,0,0,0,0,0,0,0,0,0,0,0,0,0,0,0,0
com drop_db,0,0,0,0,0,0,0,0,0,0,0,0,0,0,0,0,0,0,0,0,0,0,0,0,0,0,0,0,0,0,0
com drop_event,0,0,0,0,0,0,0,0,0,0,0,0,0,0,0,0,0,0,0,0,0,0,0,0,0,0,0,0,0,0,0
com drop_function,0,0,0,0,0,0,0,0,0,0,0,0,0,0,0,0,0,0,0,0,0,0,0,0,0,0,0,0,0,0,0
com drop_index,0,0,0,0,0,0,0,0,0,0,0,0,0,0,0,0,0,0,0,0,0,0,0,0,0,0,0,0,0,0,0
com drop_procedure,0,0,0,0,0,0,0,0,0,0,0,0,0,0,0,0,0,0,0,0,0,0,0,0,0,0,0,0,0,0,0
com drop_server,0,0,0,0,0,0,0,0,0,0,0,0,0,0,0,0,0,0,0,0,0,0,0,0,0,0,0,0,0,0,0
com drop_table,0,0,0,0,0,0,0,0,0,0,0,0,0,0,0,0,0,0,0,0,0,0,0,0,0,0,0,0,0,0,0
com drop_trigger,0,0,0,0,0,0,0,0,0,0,0,0,0,0,0,0,0,0,0,0,0,0,0,0,0,0,0,0,0,0,0
com drop_user,0,0,0,0,0,0,0,0,0,0,0,0,0,0,0,0,0,0,0,0,0,0,0,0,0,0,0,0,0,0,0
com drop_view,0,0,0,0,0,0,0,0,0,0,0,0,0,0,0,0,0,0,0,0,0,0,0,0,0,0,0,0,0,0,0
com empty_query,0,0,0,0,0,0,0,0,0,0,0,0,0,0,0,0,0,0,0,0,0,0,0,0,0,0,0,0,0,0,0
com execute_sql,0,0,0,0,0,0,0,0,0,0,0,0,0,0,0,0,0,0,0,0,0,0,0,0,0,0,0,0,0,0,0
com explain_other,0,0,0,0,0,0,0,0,0,0,0,0,0,0,0,0,0,0,0,0,0,0,0,0,0,0,0,0,0,0,0
com flush,0,0,0,0,0,0,0,0,0,0,0,0,0,0,0,0,0,0,0,0,0,0,0,0,0,0,0,0,0,0,0
com get_diagnostics,0,0,0,0,0,0,0,0,0,0,0,0,0,0,0,0,0,0,0,0,0,0,0,0,0,0,0,0,0,0,0
com grant,0,0,0,0,0,0,0,0,0,0,0,0,0,0,0,0,0,0,0,0,0,0,0,0,0,0,0,0,0,0,0
com group_replication_start,0,0,0,0,0,0,0,0,0,0,0,0,0,0,0,0,0,0,0,0,0,0,0,0,0,0,0,0,0,0,0
com group_replication_stop,0,0,0,0,0,0,0,0,0,0,0,0,0,0,0,0,0,0,0,0,0,0,0,0,0,0,0,0,0,0,0
com ha_close,0,0,0,0,0,0,0,0,0,0,0,0,0,0,0,0,0,0,0,0,0,0,0,0,0,0,0,0,0,0,0
com ha_open,0,0,0,0,0,0,0,0,0,0,0,0,0,0,0,0,0,0,0,0,0,0,0,0,0,0,0,0,0,0,0
com ha_read,0,0,0,0,0,0,0,0,0,0,0,0,0,0,0,0,0,0,0,0,0,0,0,0,0,0,0,0,0,0,0
com help,0,0,0,0,0,0,0,0,0,0,0,0,0,0,0,0,0,0,0,0,0,0,0,0,0,0,0,0,0,0,0
com insert,0,0,16,48.44444444444444,79.11111111111111,76.7358,77.52662857142857,78.58106666666666,80.05728,82.2716,85.96213333333334,74.4648,44.767199999999995,114.19005862860055,169.25822074942644,169.25822074942644,169.25822074942644,120.16487382105531,103.23905174611268,181.41004323245758,181.41004323245758,179.59949937421777,179.59949937421777,68.8,127.83332664526486,145.87104735152485,151.3184390048154,133.28071829855537,115.24299759229532,104.19165558510637,85.74085771276596
com insert_select,0,0,0,0,0,0,0,0,0,0,0,0,0,0,0,0,0,0,0,0,0,0,0,0,0,0,0,0,0,0,0
com install_plugin,0,0,0,0,0,0,0,0,0,0,0,0,0,0,0,0,0,0,0,0,0,0,0,0,0,0,0,0,0,0,0
com kill,0,0,0,0,0,0,0,0,0,0,0,0,0,0,0,0,0,0,0,0,0,0,0,0,0,0,0,0,0,0,0
com load,0,0,0,0,0,0,0,0,0,0,0,0,0,0,0,0,0,0,0,0,0,0,0,0,0,0,0,0,0,0,0
com lock_binlog_for_backup,0,0,0,0,0,0,0,0,0,0,0,0,0,0,0,0,0,0,0,0,0,0,0,0,0,0,0,0,0,0,0
com lock_tables,0,0,0,0,0,0,0,0,0,0,0,0,0,0,0,0,0,0,0,0,0,0,0,0,0,0,0,0,0,0,0
com lock_tables_for_backup,0,0,0,0,0,0,0,0,0,0,0,0,0,0,0,0,0,0,0,0,0,0,0,0,0,0,0,0,0,0,0
com optimize,0,0,0,0,0,0,0,0,0,0,0,0,0,0,0,0,0,0,0,0,0,0,0,0,0,0,0,0,0,0,0
com preload_keys,0,0,0,0,0,0,0,0,0,0,0,0,0,0,0,0,0,0,0,0,0,0,0,0,0,0,0,0,0,0,0
com prepare_sql,0,0,0,0,0,0,0,0,0,0,0,0,0,0,0,0,0,0,0,0,0,0,0,0,0,0,0,0,0,0,0
com purge,0,0,0,0,0,0,0,0,0,0,0,0,0,0,0,0,0,0,0,0,0,0,0,0,0,0,0,0,0,0,0
com purge_before_date,0,0,0,0,0,0,0,0,0,0,0,0,0,0,0,0,0,0,0,0,0,0,0,0,0,0,0,0,0,0,0
com release_savepoint,0,0,0,0,0,0,0,0,0,0,0,0,0,0,0,0,0,0,0,0,0,0,0,0,0,0,0,0,0,0,0
com rename_table,0,0,0,0,0,0,0,0,0,0,0,0,0,0,0,0,0,0,0,0,0,0,0,0,0,0,0,0,0,0,0
com rename_user,0,0,0,0,0,0,0,0,0,0,0,0,0,0,0,0,0,0,0,0,0,0,0,0,0,0,0,0,0,0,0
com repair,0,0,0,0,0,0,0,0,0,0,0,0,0,0,0,0,0,0,0,0,0,0,0,0,0,0,0,0,0,0,0
com replace,0,0,0,0,0,0,0,0,0,0,0,0,0,0,0,0,0,0,0,0,0,0,0,0,0,0,0,0,0,0,0
com replace_select,0,0,0,0,0,0,0,0,0,0,0,0,0,0,0,0,0,0,0,0,0,0,0,0,0,0,0,0,0,0,0
com reset,0,0,0,0,0,0,0,0,0,0,0,0,0,0,0,0,0,0,0,0,0,0,0,0,0,0,0,0,0,0,0
com resignal,0,0,0,0,0,0,0,0,0,0,0,0,0,0,0,0,0,0,0,0,0,0,0,0,0,0,0,0,0,0,0
com revoke,0,0,0,0,0,0,0,0,0,0,0,0,0,0,0,0,0,0,0,0,0,0,0,0,0,0,0,0,0,0,0
com revoke_all,0,0,0,0,0,0,0,0,0,0,0,0,0,0,0,0,0,0,0,0,0,0,0,0,0,0,0,0,0,0,0
com rollback,0,0,0,0.22222222222222224,0.4444444444444445,0.4311,0.4355428571428571,0.4414666666666666,0.44976000000000005,0.4622,0.4829333333333333,0.5244,0.32439999999999997,5.503135355595208,8.157022686719348,8.157022686719348,8.157022686719348,5.791078256436401,4.975375987764466,7.316262055204523,7.316262055204523,7.259073842302878,7.259073842302878,2.8,3.9814606741573035,4.5432584269662915,4.712921348314607,4.151123595505618,3.5893258426966286,2.628257978723404,2.162832446808511
com rollback_to_savepoint,0,0,0,0,0,0,0,0,0,0,0,0,0,0,0,0,0,0,0,0,0,0,0,0,0,0,0,0,0,0,0
com savepoint,0,0,0,0,0,0,0,0,0,0,0,0,0,0,0,0,0,0,0,0,0,0,0,0,0,0,0,0,0,0,0
com select,27,27.77777777777778,69.55555555555556,147.77777777777777,209.33333333333334,201.215925,200.34971428571427,200.20513333333332,200.81784,203.02134999999998,208.14426666666668,172.78979999999999,96.50899999999999,330.1881213357125,489.4213612031608,489.4213612031608,489.4213612031608,347.464695386184,298.5225592658679,511.1406717658796,511.1406717658796,500.25031289111394,500.25031289111394,184.6,336.71781701444627,384.2298555377207,398.5784911717496,351.0664526484751,303.5544141252006,271.2737699468085,223.23520611702128
com set_option,1,1,4.777777777777778,10.444444444444445,15.555555555555557,14.980725000000001,15.02622857142857,15.120233333333331,15.291840000000002,15.599250000000001,16.178266666666666,12.9789,7.623399999999999,29.579352536324244,43.84399694111649,43.84399694111649,43.84399694111649,31.127045628345655,26.74264593423401,42.068506817426005,42.068506817426005,42.67834793491865,42.67834793491865,17.6,30.287540128410917,34.56121589085072,35.85186597110754,31.578190208667735,27.304514446227927,23.46658909574468,19.3110039893617
com show_binlog_events,0,0,0,0,0,0,0,0,0,0,0,0,0,0,0,0,0,0,0,0,0,0,0,0,0,0,0,0,0,0,0
com show_binlogs,0,0,0,0,0,0,0,0,0,0,0,0,0,0,0,0,0,0,0,0,0,0,0,0,0,0,0,0,0,0,0
com show_charsets,0,0,0,0,0,0,0,0,0,0,0,0,0,0,0,0,0,0,0,0,0,0,0,0,0,0,0,0,0,0,0
com show_client_statistics,0,0,0,0,0,0,0,0,0,0,0,0,0,0,0,0,0,0,0,0,0,0,0,0,0,0,0,0,0,0,0
com show_collations,0,0,0,0,0,0,0,0,0,0,0,0,0,0,0,0,0,0,0,0,0,0,0,0,0,0,0,0,0,0,0
com show_create_db,0,0,0,0,0,0,0,0,0,0,0,0,0,0,0,0,0,0,0,0,0,0,0,0,0,0,0,0,0,0,0
com show_create_event,0,0,0,0,0,0,0,0,0,0,0,0,0,0,0,0,0,0,0,0,0,0,0,0,0,0,0,0,0,0,0
com show_create_func,0,0,0,0,0,0,0,0,0,0,0,0,0,0,0,0,0,0,0,0,0,0,0,0,0,0,0,0,0,0,0
com show_create_proc,0,0,0,0,0,0,0,0,0,0,0,0,0,0,0,0,0,0,0,0,0,0,0,0,0,0,0,0,0,0,0
com show_create_table,0,0,0,0,0,0,0,0,0,0,0,0,0,0,0,0,0,0,0,0,0,0,0,0,0,0,0,0,0,0,0
com show_create_trigger,0,0,0,0,0,0,0,0,0,0,0,0,0,0,0,0,0,0,0,0,0,0,0,0,0,0,0,0,0,0,0
com show_create_user,0,0,0,0,0,0,0,0,0,0,0,0,0,0,0,0,0,0,0,0,0,0,0,0,0,0,0,0,0,0,0
com show_databases,0,0,0,0,0,0,0,0,0,0,0,0,0,0,0,0,0,0,0,0,0,0,0,0,0,0,0,0,0,0,0
com show_engine_logs,0,0,0,0,0,0,0,0,0,0,0,0,0,0,0,0,0,0,0,0,0,0,0,0,0,0,0,0,0,0,0
com show_engine_mutex,0,0,0,0,0,0,0,0,0,0,0,0,0,0,0,0,0,0,0,0,0,0,0,0,0,0,0,0,0,0,0
com show_engine_status,1,1.1111111111111112,0.888888888888889,1.1111111111111112,0.888888888888889,0.8622,0.7621999999999999,0.6622,0.5622,0.34665,0.24146666666666666,0.2622,0,0.687891919449401,1.0196278358399185,1.0196278358399185,1.0196278358399185,0.7238847820545501,0.6219219984705583,0.9976720984369802,0.9976720984369802,1.0012515644555695,1.0012515644555695,0.4,0.7109751203852328,0.8112961476725522,0.8415930979133226,0.7412720706260032,0.6409510433386837,0.5631981382978724,0.4634640957446809
com show_errors,0,0,0,0,0,0,0,0,0,0,0,0,0,0,0,0,0,0,0,0,0,0,0,0,0,0,0,0,0,0,0
com show_events,0,0,0,0,0,0,0,0,0,0,0,0,0,0,0,0,0,0,0,0,0,0,0,0,0,0,0,0,0,0,0
com show_fields,0,0,0,0,0,0,0,0,0,0,0,0,0,0,0,0,0,0,0,0,0,0,0,0,0,0,0,0,0,0,0
com show_function_code,0,0,0,0,0,0,0,0,0,0,0,0,0,0,0,0,0,0,0,0,0,0,0,0,0,0,0,0,0,0,0
com show_function_status,0,0,0,0,0,0,0,0,0,0,0,0,0,0,0,0,0,0,0,0,0,0,0,0,0,0,0,0,0,0,0
com show_grants,0,0,0,0,0,0,0,0,0,0,0,0,0,0,0,0,0,0,0,0,0,0,0,0,0,0,0,0,0,0,0
com show_index_statistics,0,0,0,0,0,0,0,0,0,0,0,0,0,0,0,0,0,0,0,0,0,0,0,0,0,0,0,0,0,0,0
com show_keys,0,0,0,0,0,0,0,0,0,0,0,0,0,0,0,0,0,0,0,0,0,0,0,0,0,0,0,0,0,0,0
com show_master_status,0,0,0,0,0,0,0,0,0,0,0,0,0,0,0,0,0,0,0,0,0,0,0,0,0,0,0,0,0,0,0
com show_open_tables,0,0,0,0,0,0,0,0,0,0,0,0,0,0,0,0,0,0,0,0,0,0,0,0,0,0,0,0,0,0,0
com show_plugins,0,0,0,0,0,0,0,0,0,0,0,0,0,0,0,0,0,0,0,0,0,0,0,0,0,0,0,0,0,0,0
com show_privileges,0,0,0,0,0,0,0,0,0,0,0,0,0,0,0,0,0,0,0,0,0,0,0,0,0,0,0,0,0,0,0
com show_procedure_code,0,0,0,0,0,0,0,0,0,0,0,0,0,0,0,0,0,0,0,0,0,0,0,0,0,0,0,0,0,0,0
com show_procedure_status,0,0,0,0,0,0,0,0,0,0,0,0,0,0,0,0,0,0,0,0,0,0,0,0,0,0,0,0,0,0,0
com show_processlist,0,0,0,0,0,0,0,0,0,0,0,0,0,0,0,0,0,0,0,0,0,0,0,0,0,0,0,0,0,0,0
com show_profile,0,0,0,0,0,0,0,0,0,0,0,0,0,0,0,0,0,0,0,0,0,0,0,0,0,0,0,0,0,0,0
com show_profiles,0,0,0,0,0,0,0,0,0,0,0,0,0,0,0,0,0,0,0,0,0,0,0,0,0,0,0,0,0,0,0
com show_relaylog_events,0,0,0,0,0,0,0,0,0,0,0,0,0,0,0,0,0,0,0,0,0,0,0,0,0,0,0,0,0,0,0
com show_slave_hosts,0,0,0,0,0,0,0,0,0,0,0,0,0,0,0,0,0,0,0,0,0,0,0,0,0,0,0,0,0,0,0
com show_slave_status,1,1,1,1,0.888888888888889,0.8622,0.7621999999999999,0.6622,0.5622,0.4622,0.36219999999999997,0.2622,0.16219999999999998,0.687891919449401,1.0196278358399185,1.0196278358399185,1.0196278358399185,0.7238847820545501,0.6219219984705583,0.9976720984369802,0.9976720984369802,1.0012515644555695,1.0012515644555695,0.4,0.7109751203852328,0.8112961476725522,0.8415930979133226,0.7412720706260032,0.6409510433386837,0.5631981382978724,0.4634640957446809
com show_status,1,1,1,1,1,0.8622,0.7621999999999999,0.6622,0.5622,0.4622,0.36219999999999997,0.2622,0.16219999999999998,0.687891919449401,1.0196278358399185,1.0196278358399185,1.0196278358399185,0.7238847820545501,0.6219219984705583,0.9976720984369802,0.9976720984369802,1.0012515644555695,1.0012515644555695,0.4,0.7109751203852328,0.8112961476725522,0.8415930979133226,0.7412720706260032,0.6409510433386837,0.5631981382978724,0.4634640957446809
com show_storage_engines,0,0,0,0,0,0,0,0,0,0,0,0,0,0,0,0,0,0,0,0,0,0,0,0,0,0,0,0,0,0,0
com show_table_statistics,0,0,0,0,0,0,0,0,0,0,0,0,0,0,0,0,0,0,0,0,0,0,0,0,0,0,0,0,0,0,0
com show_table_status,0,0,0,0,0,0,0,0,0,0,0,0,0,0,0,0,0,0,0,0,0,0,0,0,0,0,0,0,0,0,0
com show_tables,0,0,0,0,0,0,0,0,0,0,0,0,0,0,0,0,0,0,0,0,0,0,0,0,0,0,0,0,0,0,0
com show_thread_statistics,0,0,0,0,0,0,0,0,0,0,0,0,0,0,0,0,0,0,0,0,0,0,0,0,0,0,0,0,0,0,0
com show_triggers,0,0,0,0,0,0,0,0,0,0,0,0,0,0,0,0,0,0,0,0,0,0,0,0,0,0,0,0,0,0,0
com show_user_statistics,0,0,0,0,0,0,0,0,0,0,0,0,0,0,0,0,0,0,0,0,0,0,0,0,0,0,0,0,0,0,0
com show_variables,0.888888888888889,1.1111111111111112,1.1111111111111112,1.1111111111111112,1,0.969975,0.8710857142857142,0.7725666666666666,0.67464,0.57775,0.36219999999999997,0.2622,0.16219999999999998,0.687891919449401,1.0196278358399185,1.0196278358399185,1.0196278358399185,0.7238847820545501,0.6219219984705583,0.9976720984369802,0.9976720984369802,1.0012515644555695,1.0012515644555695,0.4,0.7109751203852328,0.8112961476725522,0.8415930979133226,0.7412720706260032,0.6409510433386837,0.5631981382978724,0.4634640957446809
com show_warnings,0,0,0,0,0,0,0,0,0,0,0,0,0,0,0,0,0,0,0,0,0,0,0,0,0,0,0,0,0,0,0
com shutdown,0,0,0,0,0,0,0,0,0,0,0,0,0,0,0,0,0,0,0,0,0,0,0,0,0,0,0,0,0,0,0
com signal,0,0,0,0,0,0,0,0,0,0,0,0,0,0,0,0,0,0,0,0,0,0,0,0,0,0,0,0,0,0,0
com slave_start,0,0,0,0,0,0,0,0,0,0,0,0,0,0,0,0,0,0,0,0,0,0,0,0,0,0,0,0,0,0,0
com slave_stop,0,0,0,0,0,0,0,0,0,0,0,0,0,0,0,0,0,0,0,0,0,0,0,0,0,0,0,0,0,0,0
com stmt_close,1,1,1,1.1111111111111112,0.888888888888889,0.8622,0.6533142857142856,0.6622,0.44976000000000005,0.4622,0.24146666666666666,0.2622,0,0.687891919449401,1.0196278358399185,1.0196278358399185,1.0196278358399185,0.7238847820545501,0.6219219984705583,0.9976720984369802,0.9976720984369802,1.0012515644555695,1.0012515644555695,0.4,0.8531701444622793,0.9735553772070625,1.0099117174959873,0.8895264847512039,0.7691412520064205,0.7509308510638297,0.6179521276595745
com stmt_execute,1,1,1,1.1111111111111112,0.888888888888889,0.8622,0.6533142857142856,0.6622,0.44976000000000005,0.4622,0.24146666666666666,0.2622,0,0.687891919449401,1.0196278358399185,1.0196278358399185,1.0196278358399185,0.7238847820545501,0.6219219984705583,0.9976720984369802,0.9976720984369802,1.0012515644555695,1.0012515644555695,0.4,0.8531701444622793,0.9735553772070625,1.0099117174959873,0.8895264847512039,0.7691412520064205,0.7509308510638297,0.6179521276595745
com stmt_fetch,0,0,0,0,0,0,0,0,0,0,0,0,0,0,0,0,0,0,0,0,0,0,0,0,0,0,0,0,0,0,0
com stmt_prepare,1,1,1,1.1111111111111112,0.888888888888889,0.8622,0.6533142857142856,0.6622,0.44976000000000005,0.4622,0.24146666666666666,0.2622,0,0.687891919449401,1.0196278358399185,1.0196278358399185,1.0196278358399185,0.7238847820545501,0.6219219984705583,0.9976720984369802,0.9976720984369802,1.0012515644555695,1.0012515644555695,0.4,0.8531701444622793,0.9735553772070625,1.0099117174959873,0.8895264847512039,0.7691412520064205,0.7509308510638297,0.6179521276595745
com stmt_reprepare,0,0,0,0,0,0,0,0,0,0,0,0,0,0,0,0,0,0,0,0,0,0,0,0,0,0,0,0,0,0,0
com stmt_reset,0,0,0,0,0,0,0,0,0,0,0,0,0,0,0,0,0,0,0,0,0,0,0,0,0,0,0,0,0,0,0
com stmt_send_long_data,0,0,0,0,0,0,0,0,0,0,0,0,0,0,0,0,0,0,0,0,0,0,0,0,0,0,0,0,0,0,0
com truncate,0,0,0,0,0,0,0,0,0,0,0,0,0,0,0,0,0,0,0,0,0,0,0,0,0,0,0,0,0,0,0
com uninstall_plugin,0,0,0,0,0,0,0,0,0,0,0,0,0,0,0,0,0,0,0,0,0,0,0,0,0,0,0,0,0,0,0
com unlock_binlog,0,0,0,0,0,0,0,0,0,0,0,0,0,0,0,0,0,0,0,0,0,0,0,0,0,0,0,0,0,0,0
com unlock_tables,0,0,0,0,0,0,0,0,0,0,0,0,0,0,0,0,0,0,0,0,0,0,0,0,0,0,0,0,0,0,0
com update,0,0,24.11111111111111,65.33333333333334,99.44444444444444,96.458625,97.45271428571428,98.77816666666666,100.63380000000001,103.41725,108.05633333333333,88.88579999999999,49.795399999999994,171.62903390262554,254.39714504205963,254.39714504205963,254.39714504205963,180.60925312261026,155.1695386184043,238.27735284336546,238.27735284336546,231.7897371714643,231.7897371714643,83.8,165.94159309791334,189.35652086677368,196.42782905296949,173.01290128410915,149.59797351524878,140.42406914893618,115.55704787234042
com update_multi,0,0,0,0,0,0,0,0,0,0,0,0,0,0,0,0,0,0,0,0,0,0,0,0,0,0,0,0,0,0,0
com xa_commit,0,0,0,0,0,0,0,0,0,0,0,0,0,0,0,0,0,0,0,0,0,0,0,0,0,0,0,0,0,0,0
com xa_end,0,0,0,0,0,0,0,0,0,0,0,0,0,0,0,0,0,0,0,0,0,0,0,0,0,0,0,0,0,0,0
com xa_prepare,0,0,0,0,0,0,0,0,0,0,0,0,0,0,0,0,0,0,0,0,0,0,0,0,0,0,0,0,0,0,0
com xa_recover,0,0,0,0,0,0,0,0,0,0,0,0,0,0,0,0,0,0,0,0,0,0,0,0,0,0,0,0,0,0,0
com xa_rollback,0,0,0,0,0,0,0,0,0,0,0,0,0,0,0,0,0,0,0,0,0,0,0,0,0,0,0,0,0,0,0
com xa_start,0,0,0,0,0,0,0,0,0,0,0,0,0,0,0,0,0,0,0,0,0,0,0,0,0,0,0,0,0,0,0
handler delete,0,0,2.3333333333333335,4.444444444444445,4.444444444444445,4.311,4.355428571428571,4.414666666666666,4.4976,4.622,4.8293333333333335,2.4909,0,9.286540912566913,13.764975783838898,13.764975783838898,13.764975783838898,9.772444557736426,8.395946979352537,8.313934153641501,8.313934153641501,6.257822277847309,6.257822277847309,0,4.265850722311397,4.867776886035313,5.049558587479935,4.447632423756019,3.8457062600321024,5.631981382978724,4.634640957446808
handler discover,0,0,0,0,0,0,0,0,0,0,0,0,0,0,0,0,0,0,0,0,0,0,0,0,0,0,0,0,0,0,0
handler external_lock,115.11111111111111,118.66666666666667,489.11111111111114,1153.3333333333335,1703.5555555555554,1644.8620500000002,1648.9652571428571,1659.2524666666664,1676.7052800000001,1709.4467,1768.7433333333333,1468.0578,831.7616,2820.184896762682,4180.219219984705,4180.219219984705,4180.219219984705,2967.7466352281417,2549.7247132296716,4200.3658131027605,4200.3658131027605,4138.423028785983,4138.423028785983,1561,2868.6424157303372,3273.4176966292134,3395.6598314606736,2990.884550561798,2586.109269662921,2322.0659242021275,1910.862466755319
handler mrr_init,0,0,0,0,0,0,0,0,0,0,0,0,0,0,0,0,0,0,0,0,0,0,0,0,0,0,0,0,0,0,0
handler read_first,2.111111111111111,2,1.8888888888888888,2.2222222222222223,2,1.832175,1.7421714285714285,1.5451333333333332,1.34928,0.9244,0.8451333333333334,0.7866,0.32439999999999997,1.375783838898802,2.039255671679837,2.039255671679837,2.039255671679837,1.4477695641091002,1.2438439969411166,1.6627868307283005,1.6627868307283005,1.7521902377972467,1.7521902377972467,0.8,1.5641452648475123,1.7848515248796146,1.8515048154093097,1.630798555377207,1.410092295345104,1.314128989361702,1.0814162234042555
handler read_key,127.88888888888889,116,291.8888888888889,468.55555555555554,576,557.735625,550.9617142857143,545.6528,542.86032,531.9921999999999,541.9719333333334,379.6656,193.18019999999999,866.5718455263828,1284.4761661993373,1284.4761661993373,1284.4761661993373,911.9138541932194,783.4662375732858,1251.7459261722647,1251.7459261722647,1230.037546933667,1230.037546933667,460,791.173113964687,902.810353130016,936.5247993579454,824.8875601926163,713.2503210272872,612.759574468085,504.2489361702128
handler read_last,0,0,0,0,0,0,0,0,0,0,0,0,0,0,0,0,0,0,0,0,0,0,0,0,0,0,0,0,0,0,0
handler read_next,0,0,153.33333333333334,251.11111111111114,279.6666666666667,271.269675,274.0653428571428,277.7929,283.01148,290.83935,303.8858,149.0607,41.6854,510.0718582717308,756.0540402752995,756.0540402752995,756.0540402752995,536.7605658934489,461.15516186591896,631.02760226139,631.02760226139,574.5932415519399,574.5932415519399,159.2,286.8073635634029,327.2768659711075,339.4986556982343,299.02915329052973,258.559650882825,229.22164228723403,188.62988696808512
handler read_prev,0,0,0,0,0,0,0,0,0,0,0,0,0,0,0,0,0,0,0,0,0,0,0,0,0,0,0,0,0,0,0
handler read_rnd,58.88888888888889,53,53,58.88888888888889,53,51.408674999999995,46.167542857142855,40.94603333333333,35.75592,24.4966,19.1966,20.8449,8.596599999999999,27.343703798113687,40.530206474636756,40.530206474636756,40.530206474636756,28.774420086668364,24.721399439204692,44.06385101429996,44.06385101429996,46.43304130162703,46.43304130162703,21.2,37.68168138041734,42.99869582664526,44.60443418940609,39.28741974317817,33.97040529695023,29.849501329787234,24.563597074468085
handler read_rnd_next,3362.888888888889,3671.888888888889,3633.888888888889,3770.4444444444443,3432,3176.99145,2824.2776571428567,2502.564166666666,2116.2332400000005,1807.3175500000002,1228.3409333333334,968.4357,473.94839999999994,2500.1431812388482,3705.8373693601834,3705.8373693601834,3705.8373693601834,2630.959240377262,2260.375503441244,3449.4512803458592,3449.4512803458592,3541.051314142678,3541.051314142678,1509.6,2644.2586677367576,3017.3726324237555,3130.0530497592295,2756.939085072231,2383.8251203852324,2074.071010638298,1706.7837765957447
handler update,0,0,42.88888888888889,104.44444444444446,139.11111111111111,134.9343,136.32491428571427,138.17906666666664,140.77488,144.6686,151.15813333333332,113.5326,50.606399999999994,423.74142238083107,628.0907468773897,628.0907468773897,628.0907468773897,445.91302574560285,383.10395105786387,417.69205187894903,417.69205187894903,394.4931163954944,394.4931163954944,128,282.68370786516857,322.5713483146067,334.61741573033703,294.7297752808989,254.84213483146064,253.06369680851063,208.24986702127657
handler write,1129.111111111111,1257.111111111111,1369.111111111111,1585.888888888889,1698.2222222222222,1585.046925,1471.699314285714,1361.1520999999998,1251.90696,1146.2559999999999,983.1315333333334,777.8163,458.3772,1695.9975274024982,2513.8924292633187,2513.8924292633187,2513.8924292633187,1784.7379301554931,1533.3486872291614,2497.5058197539074,2497.5058197539074,2489.6120150187735,2489.6120150187735,974.4,1754.2600120385237,2001.792114767255,2076.546809791332,1829.0147070626003,1581.4826043338683,1401.4247007978724,1153.253158244681
handler total commit,0,0,88.77777777777779,245.33333333333334,378.8888888888889,367.51275,371.3002857142857,376.3503333333333,383.42040000000003,394.0255,411.70066666666673,342.3021,194.96439999999998,627.8733494774408,930.6653071628855,930.6653071628855,930.6653071628855,660.7258348202906,567.6593041040021,942.6338543398736,942.6338543398736,926.7834793491866,926.7834793491866,347.2,643.5746789727127,734.3852728731941,761.8100722311397,670.9994783306581,580.1888844301765,523.7742686170212,431.02160904255317
handler total prepare,0,0,0,0,0,0,0,0,0,0,0,0,0,0,0,0,0,0,0,0,0,0,0,0,0,0,0,0,0,0,0
handler total rollback,0,0,0,0.4444444444444445,0.888888888888889,0.8622,0.8710857142857142,0.8829333333333332,0.8995200000000001,0.9244,0.9658666666666667,1.0488,0.6487999999999999,10.662324751465714,15.804231455518735,15.804231455518735,15.804231455518735,11.220214121845526,9.639790976293654,14.798802793481874,14.798802793481874,14.768460575719649,14.768460575719649,5.8,7.962921348314607,9.086516853932583,9.425842696629214,8.302247191011237,7.178651685393257,5.0687832446808505,4.171176861702127
handler total savepoint,0,0,0,0,0,0,0,0,0,0,0,0,0,0,0,0,0,0,0,0,0,0,0,0,0,0,0,0,0,0,0
handler total savepoint_rollback,0,0,0,0,0,0,0,0,0,0,0,0,0,0,0,0,0,0,0,0,0,0,0,0,0,0,0,0,0,0,0
cpu System,99.55555555555597,99.50000000001941,99.24999999998867,98.83333333331798,98.41666666666747,98.1111111111002,97.77777777778991,97.47222222222263,97.19444444443879,96.83333333333495,96.95811249999508,96.72295045547375,97.13276770095712,96.88958009330533,97.16008029243274,97.47748071978197,97.76062770743702,98.0644308943071,96.9187208527531,96.87421855461592,96.87421855461592,96.91563854617539,96.91769410196439,98.05528882220732,97.66117433716859,97.34851800900451,97.33757503751876,96.86041342521288,96.81409295353323,96.74934986998491,97.47530131027054,97.80036632327203,96.62584353912113,96.62584353912113,96.74953564793724,96.68584292146801,96.63739439752254,98.30000000001746,98.30000000001746,98.30000000001746,98.30000000001746,98.34718085108081,96.65792103948117,96.65792103948117,96.77777777775796,96.8437499999709,98.799999999992,98.799999999992,97.30565595299635,96.67524667525865,96.67524667525865,96.67524667525865,97.3217650000192,97.66676500001672,99.3999999999869,97.14367323620783,97.14367323620783,97.14367323620783,97.16949716949595,96.94999999999709,96.94999999999709,96.94999999999709,96.24906226557549,96.13631309762225,96.77633159791613,96.35110005839435,95.87705032885373,95.39437755398677,95.37826546992368,96.93999999997686,95.25361041665667,95.02556691861797,95.4101666666604,96.01082857142687,96.45928749999428,94.91836054648975,94.80555555556849,95.69939965695073,94.71610805401973,94.60871498443105,94.34374999999591,95.95621666665893,95.88999999999214,94.65195935949579,94.63384146975955,94.30745307120051,94.3333333333309,94.52777777778465,94.69444444445494,95.22283486516277,94.74824941647377,95.94583333333503,95.97968288558805,94.79616141731326,94.77739501311375,95.24836236435554,95.6424050632841,94.39075863600901,94.3333333333309,94.31250000000091,95.14611689352719,96.23241593275581,94.97222222222868,96.00680340169313,95.55011031513028,94.68550706514716,94.60931421585337,94.55555555555797,96.18608516789648,96.17916666667345,95.10380273639963,95.08649841031811,94.64007998223548,95.06599808381948,94.61230837590999,94.6888277930381,94.80555555555839,94.74999999999909,94.74868717179203,94.74883307400795
cpu User,0.8055555555579809,1.2777777778157744,2.2777777777971804,3.5833333333357587,4.749999999977364,5.722222222215755,6.58333333334061,7.666666666692537,8.61111111110707,9.527777777758375,9.069331249962293,10.025549877786341,8.828804406042998,9.664518995787608,8.892677872215312,8.124858611837144,7.111520118289498,6.282666933236867,10.298689762398409,10.31507876970152,10.31507876970152,10.295098366096568,10.30212151502791,6.522885408825093,7.577795147552005,8.590801650800719,8.626256878414424,10.335630140014137,10.463518240875016,10.552110422087328,8.195560362074676,7.140349319865942,11.497125718571265,11.497125718571265,11.323046149469674,11.161830915502316,11.060471320595825,5.300000000012613,5.300000000012613,5.300000000012613,5.300000000012613,5.152906758460322,10.52598700648221,10.52598700648221,10.333333333296146,10.343749999992724,3.75,3.75,8.21608616813632,10.260260260269623,10.260260260269623,10.260260260269623,8.228780000010167,7.168780000008858,1.9999999999345166,9.782919165893354,9.782919165893354,9.782919165893354,9.740259740245202,10.050000000046566,10.050000000046566,10.050000000046566,10.033758439629917,9.756504336250037,6.131290882353572,6.996237904548419,7.924250786407053,8.810755983617776,8.841579100955652,5.639999999970313,8.520627083321683,9.004001778582811,8.43381875000668,7.333035714328398,6.415650000029946,8.997000999640917,8.861111111117578,7.496185320189046,9.285892946476876,9.42085371275961,9.781249999969077,7.349649999993985,7.469999999993888,9.523516220761783,9.55577962868772,10.46873264468531,10.194444444439595,9.972222222252944,9.861111111119197,8.610339554401254,9.503167722549122,7.524999999983873,7.462171334651053,8.663533464584406,8.694776434213265,7.948727155929689,7.050830696185797,9.607908474950369,9.83333333337618,9.781250000060027,9.607686148946806,7.457485988812511,9.638888888851701,7.300062531254739,8.183018615092951,9.691134175311197,9.697677003439932,9.666666666635138,6.812641761227497,6.825000000053477,8.660325795789834,8.69093344770301,9.497889357915613,8.663189410992274,9.553432570546345,9.528867783063328,9.416666666685263,9.312499999987267,9.47111777941848,9.418759724341148
cpu Iowait,0.027777777778384107,0.027777777778384107,0.08333333333262595,0.27777777777815676,0.3611111111101511,0.4444444444453034,0.49999999999954525,0.5277777777779293,0.583333333334066,0.583333333334066,0.5914781250007429,0.6109753388149355,0.4258265790697765,0.388802488338729,0.3155466341758071,0.26398457583790313,0.24209430190121087,0.19038384646268525,0.3608705307563136,0.4063515878980261,0.4063515878980261,0.458486162053601,0.4442963456621528,0.3241185296339557,0.3118434217105718,0.3535309321324115,0.3549899949971759,0.44454323182952277,0.4060469765106647,0.4000800160016997,0.3107321464281201,0.2707241448279501,0.46863284179090225,0.46863284179090225,0.42863266180884607,0.4064532266140033,0.41685193419417527,0.20000000000057605,0.20000000000057605,0.20000000000057605,0.20000000000057605,0.19444931164010942,0.43728135932136253,0.43728135932136253,0.44444444444340864,0.437499999998181,0.14999999999758984,0.14999999999758984,0.2993715607793616,0.4290004290008516,0.4290004290008516,0.4290004290008516,0.3493350000023299,0.30433500000202984,0.1500000000021373,0.46415309911330477,0.46415309911330477,0.46415309911330477,0.4162504162471984,0.4500000000030013,0.4500000000030013,0.4500000000030013,8.345836459115716,14.59306204136217,23.829862501666764,30.306978853851664,35.87843437231741,41.50781471520142,41.653023621881424,35.78999999999917,55.527039583333874,59.248554913294626,53.758422916666035,47.987385714286425,41.9135625000011,57.20315450405553,56.83333333333501,44.558997998856704,53.87068534267174,54.44086260560132,55.28124999999946,39.49329999999864,40.13999999999862,51.50706520606643,51.68155889277727,56.98100633122193,57.83333333333347,58.0833333333323,58.44444444444655,53.0351147305258,57.852617539179555,47.220833333332834,46.82657128227062,51.86683070866138,52.053876077990225,46.60711236436217,40.82219145569623,58.39720093302131,59.44444444444249,59.750000000000014,62.85028022417792,48.78438751000691,61.36111111111089,45.45380815407507,51.33798904887655,61.11666875078035,60.63132155162846,60.08333333333522,41.458127640651334,41.53333333333534,54.25439395563132,54.446141892615586,60.81981781826349,55.306719153545515,60.34770051099949,60.79730067483211,62.4444444444426,63.56249999999726,62.35933983495888,61.87486108024001
cpu Total,96.05555555576251,95.77777777643254,94.08333333364376,92.08333333178113,90.16666666656319,88.61111110955892,87.05555555514164,85.36111110976586,83.83333333509249,82.36111110955892,73.34328750010492,81.75960897433474,74.71837040560031,82.31504110104622,75.5877619152912,67.58005141399101,59.8578161454076,52.26036585283109,81.64001776893275,81.6141535423437,81.6141535423437,81.73557852757284,81.69499055849576,53.27698330606313,60.778282889238476,68.90317867016735,69.18755002249986,81.07357190145214,80.70964517403694,80.1660332032879,62.262953838163625,54.24635051783483,79.88627842841383,79.88627842841383,80.33290470479655,80.44647323801598,80.53579368732503,43.66666666852932,43.66666666852932,43.66666666852932,43.66666666852932,42.45476637644591,81.11569215310854,81.11569215310854,81.11111111162852,81.09375000058208,32.34999999869615,32.34999999869615,64.13204102137767,80.47333047586088,80.47333047586088,80.47333047586088,62.25926000375952,54.239260003275234,16.150000002235174,82.4407312157943,82.4407312157943,82.4407312157943,82.66733266097499,82.34999999869615,82.34999999869615,82.34999999869615,73.61215303767734,67.37825216873338,26.800694170689177,27.804014433119896,29.91331570047788,32.15353807085874,32.266022434133426,12.480000000447035,20.615342710889724,21.56514006421689,20.281326042521584,18.655242855394523,17.00752500033821,23.63101188689271,24.02777777881258,20.188929390335723,23.511755876541287,23.065807024826963,24.218750000000004,16.17513333190388,16.439999998547137,20.333994093970485,20.40288082981572,21.57614128499657,21.1666666643901,21.44444444630709,21.388888886819284,20.596161060930477,22.563076581393126,18.92916666460224,18.771120913452467,21.158464565331407,21.234767527455375,18.742570670185554,16.734374995152557,21.38176163552778,20.111111114319,19.750000003841706,18.014411541340266,13.982786238388314,19.36111111297376,14.724912458320027,15.947926792389252,19.569838691721287,19.92330776904939,20.305555554417275,14.556926840115633,14.583333333333332,18.877246099663534,18.943962778841904,19.578982447827524,18.445135069544154,19.71784047885878,19.338915272462454,18.138888887026248,17.093750002095476,17.973243307916597,18.587463876825787
network receive eth0,748835.5555555556,740823.1111111111,1362048,2033190.2222222225,2683098.666666667,3182394.666666667,3662213.3333333335,4139778.666666667,4607637.333333334,5094815.111111111,5041864.9896,5381931.126416352,4736861.253658013,5020485.225505443,4590634.854836291,4106042.8429820044,3632092.3925358215,3185810.1792882844,4980042.638241173,4972177.044261065,4972177.044261065,4956134.711570524,4966553.371098523,3222504.400750187,3720171.275237619,4217487.133166583,4234893.188194097,4974524.116470327,4980387.806096952,4976203.24064813,3864892.6519303857,3367272.327865573,4971270.182454386,4971270.182454386,4975158.736962424,4970726.36318159,4969772.343263673,2648627.2,2648627.2,2648627.2,2648627.2,2575118.6791489357,4972957.521239381,4972957.521239381,4975965.333333334,4977693,1980985.6,1980985.6,3956927.7711855927,4957366.509366509,4957366.509366509,4957366.509366509,3844538.18336,3349299.46336,985521.6,4984358.754641531,4984358.754641531,4984358.754641531,4990488.178488178,4950190.4,4950190.4,4950190.4,4973597.399349837,4949331.55436958,3143712.3235883065,3584013.4537871205,4067350.0865885033,4550549.957534818,4566469.378700692,2968898.88,4660993.9144,4957020.898176968,4573528.409399999,4077603.3808,3620503.818,4982123.292235921,4973248,4027354.532590051,4838375.187593796,4838407.292129835,4960787,3530078.100266666,3587882.88,4553053.884502229,4568478.54818519,4975221.5928024,4973099.555555556,4961950.222222222,4980177.777777778,4526147.362302531,4954540.402356341,4045348.5333333337,4011572.6065352,4554211.960629922,4570635.641169854,4093215.058229583,3632950.139240506,4981156.503387759,4978155.555555556,4972954,4953469.975980785,3844883.395356285,4969767.111111111,3723250.5184592297,4151583.4156066887,4966677.504064024,4971612.759808825,4974960.888888889,3467400.3481432064,3473690.2666666666,4492101.254456471,4507977.409095132,4979779.604532326,4579654.29094393,4981036.214174627,4977281.679580105,4983758.222222222,4984202,4987257.814453613,4978458.324072016
network receive lo,1467585.7777777778,1467584.888888889,1468809.7777777778,1470528,1471520,1475603.5555555555,1479389.3333333335,1483786.6666666667,1486934.2222222222,1494156.4444444445,1349672.4149,1519086.4252388356,1384423.7546898988,1553186.4030215507,1431766.5761392983,1287855.2061696656,1146153.8321226258,1011924.1591896575,1665862.7581612258,1479017.7544386096,1479017.7544386096,1427581.1937312437,1683580.1399533488,1068722.5101275318,1224156.5698849424,1387802.9263965315,1393530.548874437,1646451.2113803069,1850920.5397301354,1644354.4708941788,1277129.0086817364,1112693.5615923184,1631404.148962759,1631404.148962759,1617671.0958708387,1630816.408204102,1636807.4699866609,889482.6666666667,889482.6666666667,889482.6666666667,889482.6666666667,864796.4612432206,1616621.6891554226,1616621.6891554226,1606084.4444444445,1596256,646649.6,646649.6,1288850.7179589795,1599465.7514657513,1599465.7514657513,1599465.7514657513,1234598.95216,1075562.63216,299678.4,1550724.9357326478,1550724.9357326478,1550724.9357326478,1558405.5944055945,1643316.8,1643316.8,1643316.8,1645965.4913728433,1599171.0028908164,1058038.8156454414,1232909.8534868201,1415164.7540177293,1595547.8108581437,1601129.5971978984,1079538.24,1643357.9054999999,1809964.428634949,1728522.9716333332,1508956.186742857,1332670.4388,1895364.6562257025,1738806.2222222225,1676288.0017152657,2003346.6733366684,2011021.7874610939,2022174,1463603.515733333,1487569.92,1941997.4480726756,1948576.4735508605,2316263.467732978,2154400,2174363.5555555555,2182759.111111111,2006974.1491392609,2164638.8796265423,1737827.4666666668,1723317.7815756884,1875422.2519685042,1882185.515560555,1655002.1933066817,1445251.5569620254,1928207.93068977,1907912,1904486,1886779.8238590874,1464518.4992794236,1854488,1371764.8580290147,1534247.4202229527,1839367.7629110918,1825757.0301211514,1813646.2222222225,1266381.8301979098,1268679.0666666664,1625463.2278069516,1631208.0016004003,1767782.2706065315,1613672.899808381,1727420.5732059542,1728733.8165458634,1713846.2222222225,1701125,1678187.5468867216,1674238.7197154923
network transmit eth0,717429.3333333334,721655.1111111111,1333873.7777777778,2006202.6666666667,2657192,3220664,3774105.7777777775,4310263.111111111,4875938.666666667,5484432.888888889,5437663.6742,6076488.7802710505,5448031.157410647,6003480.115529882,5542146.3384153955,5003703.97285347,4496945.234755082,3983563.172704252,6442984.676882079,6438954.738684671,6438954.738684671,6482339.446482161,6483983.56103521,4146303.144486122,4779567.743271636,5418504.678405869,5440867.471135567,6373382.529450989,6403901.049475263,6353789.157831566,4934829.194158832,4299450.278375675,6407703.074231441,6407703.074231441,6451440.491498785,6352914.457228614,6304666.073810583,3263064.5333333337,3263064.5333333337,3263064.5333333337,3263064.5333333337,3172503.2617104715,6204184.907546228,6204184.907546228,6309258.666666667,6358057,2553860.8,2553860.8,5039585.195697849,6243553.267553267,6243553.267553267,6243553.267553267,4796270.80464,4178433.52464,1156987.2,6278083.976006855,6278083.976006855,6278083.976006855,6356011.988011988,6763963.2,6763963.2,6763963.2,6636430.107526882,6553867.0224594185,4047534.88826592,4562682.916816817,5141786.326291106,5746118.739638062,5766220.680093404,3715056.96,5848153.099766666,6228119.1640729215,5755748.304466667,5076751.906628571,4534665.6707999995,6220678.4405198265,6173554.666666667,4939311.170668954,5964764.382191095,5967433.526011561,6098516,4270597.900799999,4340528.64,5566385.295920323,5585242.885419011,6059188.270576474,6025548.444444445,5959582.222222222,5942163.555555556,5437961.381684799,5958728.465043904,4797693.6,4757636.100257216,5552548.377952756,5572572.320959881,5034487.958537978,4497628.670886076,6209098.300566478,6219112.888888889,6235795,6155854.283426741,4778174.094795836,6202930.666666667,4649896.746573287,5125827.569615549,6126513.442540953,6117422.2518617315,6062011.555555556,4121249.9879919947,4128725.999999999,5334006.279569892,5352857.926881721,5914193.290379915,5461119.470482378,5957995.112197289,5947157.210697325,6011661.333333334,6025281,6101421.355338835,6133757.723938653
network transmit lo,1467585.7777777778,1467584.888888889,1468809.7777777778,1470528,1471520,1475603.5555555555,1479389.3333333335,1483786.6666666667,1486934.2222222222,1494156.4444444445,1349672.4149,1519086.4252388356,1384423.7546898988,1553186.4030215507,1431766.5761392983,1287855.2061696656,1146153.8321226258,1011924.1591896575,1665862.7581612258,1479017.7544386096,1479017.7544386096,1427581.1937312437,1683580.1399533488,1068722.5101275318,1224156.5698849424,1387802.9263965315,1393530.548874437,1646451.2113803069,1850920.5397301354,1644354.4708941788,1277129.0086817364,1112693.5615923184,1631404.148962759,1631404.148962759,1617671.0958708387,1630816.408204102,1636807.4699866609,889482.6666666667,889482.6666666667,889482.6666666667,889482.6666666667,864796.4612432206,1616621.6891554226,1616621.6891554226,1606084.4444444445,1596256,646649.6,646649.6,1288850.7179589795,1599465.7514657513,1599465.7514657513,1599465.7514657513,1234598.95216,1075562.63216,299678.4,1550724.9357326478,1550724.9357326478,1550724.9357326478,1558405.5944055945,1643316.8,1643316.8,1643316.8,1645965.4913728433,1599171.0028908164,1058038.8156454414,1232909.8534868201,1415164.7540177293,1595547.8108581437,1601129.5971978984,1079538.24,1643357.9054999999,1809964.428634949,1728522.9716333332,1508956.186742857,1332670.4388,1895364.6562257025,1738806.2222222225,1676288.0017152657,2003346.6733366684,2011021.7874610939,2022174,1463603.515733333,1487569.92,1941997.4480726756,1948576.4735508605,2316263.467732978,2154400,2174363.5555555555,2182759.111111111,2006974.1491392609,2164638.8796265423,1737827.4666666668,1723317.7815756884,1875422.2519685042,1882185.515560555,1655002.1933066817,1445251.5569620254,1928207.93068977,1907912,1904486,1886779.8238590874,1464518.4992794236,1854488,1371764.8580290147,1534247.4202229527,1839367.7629110918,1825757.0301211514,1813646.2222222225,1266381.8301979098,1268679.0666666664,1625463.2278069516,1631208.0016004003,1767782.2706065315,1613672.899808381,1727420.5732059542,1728733.8165458634,1713846.2222222225,1701125,1678187.5468867216,1674238.7197154923
Reads completed vda,0.4444444444444445,0.4444444444444445,0.5555555555555556,0.6666666666666667,0.7777777777777779,0.888888888888889,1,1.1111111111111112,1.1111111111111112,1.2222222222222223,1.2392875,1.110864252388358,1.021983789766844,1.110864252388358,1.0326980754811295,0.469305912596401,0.3631414528490503,0.38076769292283086,0.6662225183211193,1.1252813203300824,1.1252813203300824,1.1670556852284095,0.7775186049094746,0.48617779444861214,0.4989494747373687,0.5656494914123729,0.5679839919959979,0.6668148477439431,0.37481259370314846,0.6001200240048009,0.4660982196439288,0.4060862172434486,1.6245938515371154,1.6245938515371154,6.143734819259895,5.5027513756878434,5.335704757670076,4.933333333333334,4.933333333333334,4.933333333333334,4.933333333333334,4.796416353775553,1.8740629685157422,1.8740629685157422,1.777777777777778,1.5,0.4,0.4,1.064432216108054,1.4300014300014299,1.4300014300014299,1.4300014300014299,1.24208,1.08208,0.4,1.4281633818908883,1.4281633818908883,1.4281633818908883,1.332001332001332,1.6,1.6,1.6,1.625406351587897,1.6677785190126753,1.1377653183820586,1.4474974974974975,1.40355733485845,1.945231840547077,1.9520369443749481,1.44,2.6305291666666664,2.667852378835038,2.524408333333333,2.3465714285714285,2.0578499999999997,2.6657780739753414,2.7777777777777777,1.672455688965123,1.7508754377188591,1.5562472209871054,1.625,0.9445333333333332,0.96,1.0295693211651455,1.0330572571571448,0.3332222592469177,0.7777777777777779,0.7777777777777779,0.7777777777777779,1.37307740402651,1.5560742469712125,1.5166666666666668,1.5040035248166141,2.4017716535433076,2.410433070866142,1.994514563106796,2.0577531645569622,2.6657780739753414,2.4444444444444446,2.5,2.4019215372297835,1.864371497197758,2.111111111111111,1.4974487243621812,1.5529816349864227,2.0007502813555087,2.1118150494609313,1.777777777777778,1.0480987324883255,1.0499999999999998,1.2452756046154394,1.2496767048905084,2.11064207953788,2.065396150962259,2.332814930015552,2.249437640589852,2,2.25,7.126781695423856,6.445876861524783
Writes completed vda,12.777777777777779,13.333333333333334,45.333333333333336,106.44444444444446,147.22222222222223,185.44444444444446,210.66666666666669,232.8888888888889,253.22222222222223,277.44444444444446,280.3043,284.159075760942,227.6752776091691,224.17240613197063,191.73760934766307,166.60359897172233,147.31438270576476,130.8571638011462,197.09082833666446,207.92698174543634,207.92698174543634,213.40446815605202,220.92635788070643,155.2527756939235,167.02333666833417,189.35116725029178,190.1326413206603,224.71660368970885,221.51424287856076,212.84256851370273,165.3095019003801,144.02524504900978,225.4436390902274,225.4436390902274,215.45935133590515,206.10305152576285,208.31480658070254,100.4,100.4,100.4,100.4,97.61355444305381,211.89405297351328,211.89405297351328,223.33333333333334,223,90.8,90.8,173.3693971985993,228.08522808522807,228.08522808522807,228.08522808522807,177.15166,154.33166,58.4,228.64895744073124,228.64895744073124,228.64895744073124,217.94871794871796,227.6,227.6,227.6,261.8154538634659,275.8505670446965,212.00360432519022,241.61145729062395,264.687520732056,290.297245851055,291.3128075223084,189.71999999999997,278.60735,303.91285015562477,269.30847083333333,236.1824142857143,204.21134999999998,279.01810507608576,274.8888888888889,222.67552887364204,283.8919459729865,272.45442418852826,269.125,191.1499333333333,194.28,235.8857711380589,236.68489602867027,259.58013995334886,266.22222222222223,249.11111111111114,262.33333333333337,236.39815972656416,248.63843503390018,209.3,207.55248642469275,322.7523622047245,323.9162917135358,295.422804111936,274.28639240506334,364.32300344329667,368.55555555555554,393.25,321.6573258606885,249.67041633306644,337.22222222222223,244.70807903951976,279.05885379448335,334.0002500937852,312.10403467822607,306.55555555555554,184.58183233266624,184.91666666666666,226.18733254742256,226.98673239738508,270.38435903132637,236.25837082396066,259.4978893579204,274.8062984253936,275.8888888888889,278.625,296.69917479369843,291.17581684818845
Read time vda,0.0005000000001018634,0.0005000000001018634,0.0004000000000814907,0.0004999999994955335,0.0004285714281390288,0.0005000000001018634,0.0004444444445349897,0.0004000000000814907,0.0004000000000814907,0.0004545454543073323,0.00045454545430733225,0.0004999999997380655,0.00044444444453498966,0.0005000000004656614,0.00044444444453498977,0.0005000000001018634,0.0006666666668024845,0.0006666666668024847,0.0003333333334012422,0.0003333333329970224,0.0003333333329970224,0.00028571428473307084,0.00028571428473307084,0.0003333333321885827,0.0005000000001018634,0.0005000000001018634,0.0005000000001018635,0.0004999999994955336,0.0006666666668024847,0.0006666666668024845,0.0006666666668024845,0.0006666666668024845,0.00046153846163248934,0.00046153846163248934,0.0009302325581598399,0.0009318181819253368,0.0008750000000266784,0.0009999999999087557,0.0009999999999087557,0.0009999999999087557,0.0009999999999087557,0.0009999999999087555,0.0004666666670042711,0.0004666666670042711,0.00043749999986175675,0.0005000000001018634,0.000499999998282874,0.000499999998282874,0.0005000000001018634,0.0004999999997380655,0.0004999999997380655,0.0004999999997380655,0.0005000000001018634,0.0005000000001018634,0.000499999998282874,0.00039999999935389494,0.00039999999935389494,0.00039999999935389494,0.0003749999996216502,0.0003750000005311449,0.0003750000005311449,0.0003750000005311449,0.00261538461535775,0.0032666666670896423,0.0064444444441404715,0.007833333333110204,0.007833333333110202,0.010823529411829761,0.01082352941182976,0.012750000000475362,0.020000000000278385,0.01941666666668122,0.020499999999711607,0.021949999999924332,0.02370588235284873,0.018999999999929667,0.0187599999998929,0.011571428571187425,0.011571428571187425,0.011571428571187425,0.012000000000205966,0.01525000000037835,0.01525000000037835,0.01477777777795887,0.014777777777958868,0.00999999999961195,0.009000000000274407,0.009000000000274407,0.009000000000274407,0.028249999999995154,0.02471428571412357,0.02576923076916361,0.025769230769163605,0.019428571428718334,0.01942857142871833,0.022058823529411766,0.022058823529411763,0.018958333333406092,0.010409090909061806,0.01110000000007858,0.012416666666467792,0.01241666666646779,0.011736842105165126,0.011916666666365927,0.011538461538013786,0.010624999999890859,0.010578947368087125,0.009937499999978172,0.009444444444347434,0.009444444444347432,0.009727272727600806,0.009727272727600808,0.009736842105140617,0.009888888888882421,0.014523809523823381,0.015222222222493857,0.014555555555691374,0.014555555555691373,0.03685964912272124,0.03641379310333989
Write time vda,0.0010347826087482922,0.0010166666666918901,0.0010122549019619257,0.001590814196247275,0.0014603773584888088,0.0013720790892798975,0.0013306962025398732,0.0012686068702218983,0.0012294866169355162,0.0011762114537466378,0.001178456591640152,0.00113565285379157,0.0008942643391546745,0.000824083250743541,0.0007821663674450619,0.0007415492957643181,0.0007518488085522999,0.0007478176527719847,0.0007036619718370198,0.0007155742633808349,0.0007155742633808349,0.0007085937500050931,0.0006973353443880809,0.0007171189978875274,0.0007027632561550547,0.0007027632561550547,0.0007027632561550547,0.0006844708209648464,0.0006638465877022232,0.0006550751879837107,0.0006550751879837107,0.0006550751879837108,0.0007378048780518781,0.0007378048780518781,0.0007553050397848648,0.0007402912621366288,0.0007251867662736075,0.0006254980079554501,0.0006254980079554501,0.0006254980079554501,0.0006254980079554501,0.0006254980079554501,0.0006450471698183221,0.0006450471698183221,0.0008079601990103036,0.0008323991031474967,0.0013458149779833123,0.0013458149779833123,0.0009386032233293455,0.0008902821316512237,0.0008902821316512237,0.0008902821316512237,0.0007090271691317074,0.0007090271691317072,0.0006746575341971386,0.0006777014365970337,0.0006777014365970337,0.0006777014365970337,0.0006783804430911278,0.0008717047451655274,0.0008717047451655274,0.0008717047451655274,0.021077363896847466,0.033180975413145776,0.07719260584376281,0.07650823764354156,0.07700927971718834,0.08147299960583944,0.08147299960583945,0.10344908285895918,0.10124384236453393,0.09889941477688487,0.09893694077545256,0.09144709388972343,0.09501422643745687,0.09245581210191509,0.09083953112368379,0.0874012875536467,0.08030572687224423,0.08070950632394475,0.080844403158379,0.08681840642372352,0.0868184064237235,0.08657468477206234,0.08657468477206236,0.0849495079161326,0.0857796327211983,0.09118554861730359,0.0893142736128817,0.08697047434655485,0.08637282074205893,0.08654292084726958,0.08654292084726958,0.07781431608788242,0.07781431608788242,0.07598689436061198,0.07636672550751124,0.08461371951219383,0.0842577630388928,0.08453528289892052,0.09750528935904894,0.09750528935904892,0.09452751235584951,0.08967516573177095,0.08730308219178182,0.0851078247847263,0.08594088319088841,0.08691881116346807,0.08323785488957199,0.08323785488957197,0.0944009009008924,0.0944009009008924,0.10589523418242018,0.11154055366683398,0.11364083904109439,0.1143547066848503,0.10710511478049976,0.10929519964109738,0.0988630425621633,0.09862213740458549
IO time vda,0.00477777777753848,0.005333333333611437,0.015000000000226364,0.033111111110985,0.04477777777760315,0.054333333333084335,0.0635555555555685,0.07222222222238392,0.0801111111112631,0.0877777777778748,0.08787674999986884,0.09242390579854651,0.07562680044286872,0.07953788047104524,0.07194463259189879,0.06276966580975156,0.054955406530902626,0.048230574436559454,0.07650455252037382,0.08327081770456074,0.08327081770456074,0.08469489829970486,0.08574919471296724,0.06206869842487028,0.06997766383210474,0.0793323411707993,0.07965975487765362,0.09535452322740327,0.09232883558192892,0.09501900380046904,0.0737988847767293,0.06429698439668238,0.09760059984991745,0.09760059984991745,0.09415630804447618,0.09154577288643957,0.09293019119641714,0.0469333333336787,0.0469333333336787,0.0469333333336787,0.0469333333336787,0.045630771798416715,0.09407796101911212,0.09407796101911212,0.09722222222222224,0.09637499999962529,0.03899999999994179,0.03899999999994179,0.07823576788390711,0.10024310024323342,0.10024310024323342,0.10024310024323342,0.07856156000018978,0.06844156000016534,0.02260000000023865,0.0851185375608923,0.0851185375608923,0.0851185375608923,0.08041958041960949,0.08960000000006403,0.08960000000006403,0.08960000000006403,0.1004001000249917,0.10184567489449377,0.0745868375383978,0.08612610110109407,0.09649456677160353,0.1089329830707662,0.10931406888512743,0.07164000000018858,0.11242652916668663,0.12083148065801849,0.11176244166647631,0.09996394285701993,0.08812439999989782,0.1250694213040324,0.12355555555526129,0.09927219125237702,0.12093546773393608,0.12038683859478874,0.12237499999991996,0.0822924666666804,0.08364000000001397,0.10810477872230699,0.10847101200146678,0.11907142063757818,0.12022222222205729,0.11733333333338831,0.11877777777812704,0.11087600037483432,0.12037345781913075,0.09741666666656482,0.09660330332465844,0.12683641732287793,0.12729382264721253,0.11662043974857159,0.10700316455674361,0.13739864489585155,0.1378888888890894,0.14087500000005093,0.1226981585270603,0.09523831064870421,0.1273333333334045,0.0978333166582856,0.11241197834816585,0.13742653495085397,0.13371123707917515,0.1316666666668122,0.08862257060246129,0.08878333333317034,0.11082952881070163,0.1112212267351825,0.12674961119746964,0.11290832291889615,0.12297267273938801,0.12534366408405537,0.12466666666659876,0.12662500000033106,0.1357839459864129,0.13302956212492958
mem_Used%,33.80501153445189,34.13635474847601,34.335991441102365,34.36881675874304,34.41212794174115,34.45300761972882,34.48573162466073,34.521646979918806,34.5809149145478,34.63162192528593,34.73242807050959,34.791442723366664,34.86904825828256,34.863273433882824,34.87801443300849,34.79985167819436,34.80248580862232,34.80339762300123,34.81205985960085,34.80988163636235,34.81727746410237,34.83181583781051,34.69453711743055,34.684507159262566,34.66155983072673,34.71297603042623,34.77594187892523,35.958109221178816,35.68481818927848,35.62549959829511,35.63902484491557,35.644698356606554,35.64429310577148,35.662732018767166,35.726153774455625,35.67185016255624,35.67980321019449,35.69084629545015,35.68167749530669,35.6956586491166,35.70568860728459,35.754673301973675,35.71885925942436,35.72498867830479,35.73608241991484,35.72676165070823,35.7112608062668,35.6975329342288,35.76328488221891,35.73593045085168,35.72797740321344,35.7785831012428,35.774530592892106,35.769768895580036,35.76814789223975,35.764855229204805,35.76004287553835,35.775645032688544,35.76232241148561,35.815612896297324,35.80897691387306,35.812066951490465,35.81348532941321,35.81064857356772
descriptor_used /dev/vda1,0.9953859655226364,0.9953859400911506,0.9953859400911506,0.9953859400911506,0.9953859400911506,0.9953859400911506,0.9953859400911506,0.9953859400911506,0.9953859400911506,0.9953859400911506,0.9953859400911506,0.9953859400911506,0.9953859400911506,0.9953859400911506,0.9953859400911506,0.9953859400911506,0.9953859400911506,0.9953859400911506,0.9953859400911506,0.9953859400911506,0.9953859400911506,0.9953859400911506,0.9953859400911506,0.9953859400911506,0.9953859400911506,0.9953859400911506,0.9953859400911506,0.9953859146596646,0.9953859146596646,0.9953859273754075,0.9953859273754075,0.9953859273754075,0.9953859273754075,0.9953859273754075,0.9953859273754075,0.9953859273754075,0.9953859273754075,0.9953859273754075,0.9953859273754075,0.9953859273754075,0.9953859273754075,0.9953859273754075,0.9953859273754075,0.9953859273754075,0.9953859273754075,0.9953859273754075,0.9953859273754075,0.9953859273754075,0.9953859273754075,0.9953859273754075,0.9953859273754075,0.9953859273754075,0.9953859273754075,0.9953859273754075,0.9953859273754075,0.9953859273754075,0.9953859273754075,0.9953859273754075,0.9953859273754075,0.9953859273754075,0.9953859273754075,0.9953859273754075,0.9953859273754075,0.9953859273754075
thread_connect,1,7,9,7,144,149,114,108,83,96
threads_running,1,1,3,1,116,129,78,79,54,66
lock_wait,113545,113563,113613,113640,116164,116380,116831,117104,117213,117360
bytes_received,14386469887,14386581594,14386789529,14386968299,14398842726,14399373230,14400813551,14401638574,14401895918,14402312076
questions,46892063,46892952,46894519,46895850,46990828,46995036,47006490,47012969,47014985,47018161
queries,50254087,50254977,50256549,50257881,50353105,50357325,50368809,50375306,50377328,50380515
abort,10295,10295,10295,10295,10295,10295,10295,10295,10295,10295
mysql_global_status_threads_cached,10,5,6,7,9,6,0,3,7,0
select_full_range_join,0,0,0,0,0,0,0,0,0,0
select_full_join,51,51,51,51,51,51,51,51,51,51
Thread Cache Size,11,11,11,11,11,11,11,11,11,11
Threads Cached,10,5,6,7,9,6,0,3,7,0
Created Tmp Tables,147932135,147932266,147932406,147932540,147943492,147944026,147945368,147946166,147946433,147946834
Free Memory,1031832,1031832,1031832,1031832,1031832,1031832,1031832,1031832,1031832,1031832
open_files,55,55,56,56,111,117,118,118,119,121
innodb_num_open_files,30,30,30,30,30,30,30,30,30,30
Query Cache Size,1048576,1048576,1048576,1048576,1048576,1048576,1048576,1048576,1048576,1048576
table_open_cache,2000,2000,2000,2000,2000,2000,2000,2000,2000,2000
process state after create,0,0,0,0,0,0,0,0,0,0
process state altering table,0,0,0,0,0,0,0,0,0,0
process state analyzing,0,0,0,0,0,0,0,0,0,0
process state checking permissions,0,0,0,0,0,0,0,0,0,0
process state checking table,0,0,0,0,0,0,0,0,0,0
process state cleaning up,0,0,0,0,0,0,0,0,0,0
process state closing tables,0,0,0,0,0,0,0,0,0,0
process state converting heap to myisam,0,0,0,0,0,0,0,0,0,0
process state copying to tmp table,0,0,0,0,0,0,0,0,0,0
process state creating sort index,0,0,0,0,0,0,0,0,0,0
process state creating table,0,0,0,0,0,0,0,0,0,0
process state creating tmp table,0,0,0,0,0,0,0,0,0,0
process state deleting,0,0,0,0,0,0,0,0,0,0
process state end,0,0,0,0,0,0,0,0,0,0
process state executing,0,0,0,0,0,0,0,0,0,0
process state execution of init_command,0,0,0,0,0,0,0,0,0,0
process state flushing tables,0,0,0,0,0,0,0,0,0,0
process state freeing items,0,0,0,0,0,0,0,0,0,0
process state fulltext initialization,0,0,0,0,0,0,0,0,0,0
process state idle,0,5,7,4,29,20,37,29,29,27
process state init,0,0,0,0,1,0,0,0,0,0
process state killed,0,0,0,0,0,0,0,0,0,0
process state logging slow query,0,0,0,0,0,0,0,0,0,0
process state login,0,0,0,0,0,0,0,0,0,0
process state manage keys,0,0,0,0,0,0,0,0,0,0
process state opening tables,0,0,0,0,0,0,0,0,0,0
process state optimizing,0,0,0,0,0,0,0,0,0,0
process state other,0,0,1,0,1,0,0,0,1,1
process state preparing,0,0,0,0,0,0,0,0,0,0
process state reading from net,0,0,0,0,0,0,0,0,0,0
process state removing duplicates,0,0,0,0,0,0,0,0,0,0
process state removing tmp table,0,0,0,0,0,0,0,0,0,0
process state reopen tables,0,0,0,0,0,0,0,0,0,0
process state repair by sorting,0,0,0,0,0,0,0,0,0,0
process state repair done,0,0,0,0,0,0,0,0,0,0
process state repair with keycache,0,0,0,0,0,0,0,0,0,0
process state replication master,0,0,0,0,0,0,0,0,0,0
process state rolling back,0,0,0,0,0,0,0,0,0,0
process state searching rows for update,0,0,0,0,0,0,0,0,0,0
process state sending data,0,0,0,0,0,0,0,0,0,0
process state sorting for group,0,0,0,0,0,0,0,0,0,0
process state sorting for order,0,0,0,0,0,0,0,0,0,0
process state sorting index,0,0,0,0,0,0,0,0,0,0
process state sorting result,0,0,0,0,0,0,0,0,0,0
process state statistics,0,0,0,0,0,0,0,0,0,0
process state updating,0,0,1,0,110,109,67,74,50,41
process state waiting for lock,0,1,0,0,5,19,9,4,3,24
process state waiting for table flush,0,0,0,0,0,0,0,0,0,0
process state waiting for tables,0,0,0,0,0,0,0,0,0,0
process state waiting on cond,0,0,0,0,0,0,0,0,0,0
process state writing to net,0,0,0,0,0,0,0,0,0,0
qcache_queries_in_cache,0,0,0,0,0,0,0,0,0,0
disk_io_now vda,0,0,0,0,0,0,0,0,0,0,0,0,0,0,0,0,0,0,0,0,0,0,0,0,0,0,0,0,0,0,0,0,0,0,0,0,0,0,0,0,0,0,0,0,0,0,0,0,0,0,0,0,0,0,0,0,0,0,0,0,0,0,0
mem_buffer,0,0,0,0,0,0,0,0,0,0,0,0,0,0,0,0,0,0,0,0,0,0,0,0,0,0,0,0,0,0,0,0,0,0,0,0,0,0,0,0,0,0,0,0,0,0,0,0,0,0,0,0,0,0,0,0,0,0,0,0,0,0,0
mem_cached,3483656192,3483992064,3484348416,3484753920,3484979200,3485421568,3485679616,3485962240,3486220288,3486715904,3487268864,3488710656,3493249024,3494117376,3494625280,3495395328,3497082880,3499597824,3499925504,3500261376,3502202880,3502645248,3503910912,3504189440,3505930240,3507376128,3581657088,3602968576,3624173568,3655974912,3698176000,3729993728,3837116416,3858427904,4016803840,4048691200,4070080512,4101808128,4133539840,4196962304,4270936064,4345016320,4376760320,4398051328,4429770752,4462002176,4504166400,3582484480,3699126272,3730935808,3868393472,3910643712,3942371328,3995070464,4026871808,4058660864,4090355712,4153856000,4219371520,4293586944,4357062656,4431732736,4463476736
Read bytes vda,1136900614656,1136900631040,1136900647424,1136900663808,1136900680192,1136900811264,1136900827648,1136900827648,1136900844032,1136900844032,1136900876800,1136900991488,1136901040640,1136901040640,1136901057024,1136901089792,1136901380608,1136903416320,1136903432704,1136903498240,1136903875072,1136903907840,1136904006144,1136904038912,1136904210944,1136904342016,1136904423936,1136904456704,1136904489472,1136904538624,1136904538624,1136904702464,1136906209792,1136906226176,1136906340864,1136906521088,1136906521088,1136906521088,1136906521088,1136906553856,1136906570240,1136906570240,1136906635776,1136906635776,1136906635776,1136907176448,1136907209216,1136907340288,1136907651584,1136907733504,1136907880960,1136907880960,1136907897344,1136907946496,1136907995648,1136908028416,1136908028416,1136908093952,1136910043648,1136910322176,1136910354944,1136911137280,1136911153664
