Avg Threads Running,1,1,1.8,2.3,2.7,3.3000000000000003,4.5,4.888888888888889,5.375,6,6.833333333333333,8,7.75,8.333333333333332,11.666666666666666,14,21,21,21,21,21,21,21,21,27,27,56,56,50,50,50,50.33333333333333,50.33333333333333,46.75,46.75,43.8,40.75,40.75,39.666666666666664,39.666666666666664,39.666666666666664,34,34,32,32,19,19,19,19,33.5,41.333333333333336,41.333333333333336,41.333333333333336,41.333333333333336,41.333333333333336,52.5,52.5,52.5,52.5,57,44,44,44,44,44,44,44,44,44,44
Peak Threads Connected,1,1,9,9,9,9,13,13,13,13,13,13,13,13,15,15,27,27,27,27,27,27,27,27,27,27,56,56,56,56,56,56,56,56,56,56,51,51,51,51,51,36,36,32,32,19,19,19,19,48,57,57,57,57,57,57,57,57,57,57,44,44,44,44,44,44,44,44,44,44
Peak Threads Running,1,1,2,2,2,2,2,2,2,2,2,2,2,2,7,7,7,7,7,7,7,7,7,7,5,5,25,25,25,25,25,29,29,29,29,29,29,29,29,29,29,23,23,15,15,6,6,6,6,20,33,33,33,33,33,33,33,33,33,33,21,21,21,21,21,21,21,21,21,21
Questions,38.55555555555556,40,45.77777777777778,180.22222222222223,317.55555555555554,431.2222222222223,603.4444444444445,581.33835,584.2807428571429,586.4884666666666,592.8961200000001,597.74015,474.96493333333336,348.2016,1270.872602284067,1230.7020825539344,432.8172180451127,545.0477944862156,447.8,447.8,447.8,576.1356641604009,463.9050877192982,351.6745112781955,428.05555555555554,539.1666666666667,446,810.3713456147377,924.5483580296356,1125.4649499284692,1125.4649499284692,1130.2558398220244,1135.758270084491,943.2283140006682,796.7282282282283,685.1416416416416,573.555055055055,474.9727,360.2727,800.2768864377036,793.8392141138733,905.6475541299117,937.1775060144346,825.369165998396,713.5608259823578,183,183,183,149.70645645645646
Threads Created,0,0,0,0.11111111111111112,0.11111111111111112,0.11111111111111112,0.22222222222222224,0.21555,0.21777142857142856,0.2207333333333333,0.22488000000000002,0.2311,0.12073333333333333,0.1311,3.437188158332409,3.7411148522259636,1.9330827067669172,2.434335839598998,2,2,2,2.5731829573934832,2.071929824561403,1.5706766917293233,0,0,0,1.7054465358430115,1.94573488185823,2.8612303290414878,2.8612303290414878,2.558398220244716,3.293713303737649,2.735374003532388,1.9654654654654657,1.6901901901901901,1.414914914914915,0.62115,0.47115,5.664765605414891,5.836006415396953,6.657979149959902,6.889775461106654,6.067802726543705,5.245829991980754,1.6,1.6,1.6,1.308908908908909
Created Tmp Disk Tables,9.222222222222223,9.222222222222223,9,9.222222222222223,8.88888888888889,8.88888888888889,9,7.8675749999999995,6.968685714285714,5.849433333333333,4.947360000000001,4.04425,3.139066666666667,2.4909,9.202794101341611,9.103379473749843,3.286240601503759,4.138370927318297,3.4,3.4,3.4,4.374411027568922,3.522280701754385,2.67015037593985,3.455156950672646,4.352017937219731,3.6,6.395424509411294,7.296505806968362,9.298998569384835,9.298998569384835,9.232480533926585,9.308320206215095,7.730404792591531,6.789789789789791,5.838838838838838,4.887887887887888,3.7268999999999997,2.8268999999999997,6.179744296816244,6.547714514835606,7.469927826784281,7.729991980753807,6.807778668805132,5.885565356856455,2,2,2,1.6361361361361362
Created Tmp Files,0,0,0,0,0,0,0,0,0,0,0,0,0,0,0,0,0,0,0,0,0,0,0,0,0,0,0,0,0,0,0,0,0,0,0,0,0,0,0,0.17165956380045122,0.9963913392141139,1.1367281475541298,1.1763031275060143,1.0359663191659982,0.8956295108259823,1.2,1.2,1.2,0.9816816816816818
Select Full Join,0,0,0,0,0,0,0,0,0,0,0,0,0,0,0,0,0,0,0,0,0,0,0,0,0,0,0,0,0,0,0,0,0,0,0,0,0,0,0,0,0,0,0,0,0,0,0,0,0
Select Full Range Join,0,0,0,0,0,0,0,0,0,0,0,0,0,0,0,0,0,0,0,0,0,0,0,0,0,0,0,0,0,0,0,0,0,0,0,0,0,0,0,0,0,0,0,0,0,0,0,0,0
Select Range,0,0,0,1.3333333333333335,2.666666666666667,2.7777777777777777,4.777777777777778,4.634325,4.682085714285714,4.7457666666666665,4.83492,4.968649999999999,3.7427333333333337,2.4909,23.505931921499055,24.19254271106123,7.732330827067669,9.737343358395991,8,8,8,10.292731829573933,8.287719298245612,6.282706766917293,5.374688589935227,6.769805680119582,5.6,13.50145174209051,15.403734481377654,19.313304721030043,19.313304721030043,21.134593993325915,23.199198052413003,19.266547329228125,16.974474474474473,14.597097097097096,12.21971971971972,11.38775,8.63775,15.277701178240159,14.803528468323979,16.888532477947074,17.476503608660785,15.39149959903769,13.306495589414595,3,3,3,2.454204204204204
Select Range Check,0,0,0,0,0,0,0,0,0,0,0,0,0,0,0,0,0,0,0,0,0,0,0,0,0,0,0,0,0,0,0,0,0,0,0,0,0,0,0,0,0,0,0,0,0,0,0,0,0
Select Scan,29.555555555555554,30.555555555555554,29.555555555555554,30.888888888888893,29.333333333333336,28.333333333333336,28.666666666666668,24.788249999999998,22.648228571428568,18.320866666666667,15.291840000000002,12.4794,9.055,7.3416,30.602062312894997,30.17832647462277,8.89218045112782,11.19794486215539,9.2,9.2,9.2,11.836641604010023,9.530877192982455,7.225112781954887,11.13328350772297,14.023168908819134,11.6,20.607478974769723,23.510963155786946,30.185979971387695,30.185979971387695,30.14460511679644,30.50264929113562,25.331941858799944,22.513513513513512,19.36036036036036,16.207207207207208,12.423,9.423,19.56919027325144,21.920609462710505,25.008019246190855,25.878668805132314,22.79125902165196,19.703849238171614,8,8,8,6.544544544544545
Sort Rows,55.55555555555556,55.55555555555556,50,55.55555555555556,44.44444444444444,50,55.55555555555556,48.49875,43.55428571428571,33.11,28.110000000000003,23.11,18.11,19.665,55.438518682780796,49.88153136301285,19.33082706766917,24.343358395989977,20,20,20,25.731829573934835,20.71929824561403,15.706766917293233,19.195316392625813,24.177877428998507,20,35.53013616339608,40.53614337204645,57.22460658082976,57.22460658082976,55.617352614015566,57.2819704997852,47.57172180056327,44.669669669669666,38.41341341341341,32.15715715715716,20.705000000000002,15.705000000000002,34.33191276009025,35.58540497193264,40.59743384121892,42.01082598235765,36.99879711307137,31.986768243785086,10,10,10,8.18068068068068
Sort Range,0,0,0,0,0,0,0,0,0,0,0,0,0,0,0,0,0,0,0,0,0,0,0,0,0,0,0,0,0,0,0,0,0,0,0,0,0,0,0,0,0,0,0,0,0,0,0,0,0
Sort Merge Passes,0,0,0,0,0,0,0,0,0,0,0,0,0,0,0,0,0,0,0,0,0,0,0,0,0,0,0,0,0,0,0,0,0,0,0,0,0,0,0,0,0,0,0,0,0,0,0,0,0
opened_tables,0,0,0,0.11111111111111112,0.22222222222222224,0.22222222222222224,0.22222222222222224,0.21555,0.21777142857142856,0.2207333333333333,0.22488000000000002,0.2311,0.12073333333333333,0,1.3305244483867391,1.4964459408903852,0.1933082706766917,0.24343358395989978,0.2,0.2,0.2,0.25731829573934833,0.20719298245614032,0.15706766917293233,0.1919531639262581,0.24177877428998507,0.2,0.7106027232679215,0.8107228674409293,0.7153075822603719,0.7153075822603719,0.5561735261401557,0.572819704997852,0.4757172180056327,0,0,0,0,0,0.17165956380045122,1.565757818765036,1.7862870890136324,1.8484763432237368,1.6279470729751402,1.4074178027265438,2,2,2,1.6361361361361362
table_open_cache_hits,279.11111111111114,280.8888888888889,293.11111111111114,552.5555555555555,821,1041.4444444444446,1375.888888888889,1305.3708000000001,1289.7512857142856,1273.6313333333333,1266.5241600000002,1255.1041,997.4988000000001,729.0471,2669.8081827253573,2591.7196657937398,921.3072180451127,1160.2044611528822,953.2,953.2,953.2,1226.378997493734,987.4817543859647,748.5845112781956,902.3718236173394,1136.6020179372197,940.2,1710.5628754505408,1951.5720865038045,2376.3948497854076,2376.3948497854076,2386.9855394883202,2399.828154088501,1993.017284834598,1683.6891891891894,1447.8783783783783,1212.0675675675675,1003.7783999999999,761.3783999999999,1700.287979443469,1700.6976744186045,1940.2325581395348,2007.7813953488371,1768.2465116279068,1528.7116279069767,408.6,408.6,408.6,334.2626126126126
table_open_cache_misses,0,0,0,0.11111111111111112,0.22222222222222224,0.22222222222222224,0.22222222222222224,0.21555,0.21777142857142856,0.2207333333333333,0.22488000000000002,0.2311,0.12073333333333333,0,1.3305244483867391,1.4964459408903852,0.1933082706766917,0.24343358395989978,0.2,0.2,0.2,0.25731829573934833,0.20719298245614032,0.15706766917293233,0.1919531639262581,0.24177877428998507,0.2,0.7106027232679215,0.8107228674409293,0.7153075822603719,0.7153075822603719,0.5561735261401557,0.572819704997852,0.4757172180056327,0,0,0,0,0,0.17165956380045122,1.565757818765036,1.7862870890136324,1.8484763432237368,1.6279470729751402,1.4074178027265438,2,2,2,1.6361361361361362
table_open_cache_overflows,0,0,0,0,0,0,0,0,0,0,0,0,0,0,0,0,0,0,0,0,0,0,0,0,0,0,0,0,0,0,0,0,0,0,0,0,0,0,0,0,0,0,0,0,0,0,0,0,0
Sort Scan,1.1111111111111112,1.1111111111111112,1,1.1111111111111112,0.888888888888889,1,1.1111111111111112,0.969975,0.8710857142857142,0.6622,0.5622,0.4622,0.36219999999999997,0.3933,1.1087703736556158,0.9976306272602569,0.3866165413533834,0.48686716791979956,0.4,0.4,0.4,0.5146365914786967,0.41438596491228064,0.31413533834586466,0.3839063278525162,0.48355754857997013,0.4,0.7106027232679215,0.8107228674409293,1.144492131616595,1.144492131616595,1.1123470522803114,1.145639409995704,0.9514344360112654,0.8933933933933934,0.7682682682682682,0.6431431431431431,0.4141,0.3141,0.8582978190022562,1.7080994386527668,1.9486768243785082,2.0165196471531672,1.7759422614274256,1.5353648757016842,1.4,1.4,1.4,1.1452952952952953
Slow Queries,3.3333333333333335,3.3333333333333335,3.1111111111111116,5.222222222222222,7.222222222222223,8.777777777777779,9.666666666666668,9.0531,8.928628571428572,8.498233333333333,8.32056,8.204049999999999,6.036666666666667,3.8019,16.520678567468675,17.0844244918319,6.959097744360902,8.763609022556391,7.2,7.2,7.2,9.26345864661654,7.45894736842105,5.654436090225564,6.910313901345292,8.704035874439462,7.2,10.51692030436524,11.998698438125752,15.736766809728184,15.736766809728184,15.906562847608452,15.32292710869254,12.725435581650675,12.32882882882883,10.602102102102101,8.875375375375375,6.832649999999999,5.182650000000001,11.844509902231135,21.208901363271853,24.196070569366476,25.03845228548516,22.051283079390537,19.064113873295913,16,16,16,13.08908908908909
Aborted Connects (attempts),0,0,0,0,0,0,0,0,0,0,0,0,0,0,0,0,0,0,0,0,0,0,0,0,0,0,0,0,0,0,0,0,0,0,0,0,0,0,0,0,0,0,0,0,0,0,0,0,0
Aborted Clients (timeout),0,0,0,0,0,0,0,0,0,0,0,0,0,0,0,0,0,0,0,0,0,0,0,0,0,0,0,0,0,0,0,0,0,0,0,0,0,0,0,0,0,0,0,0,0,0,0,0,0
Table Locks Immediate,58.11111111111111,59.777777777777786,65.66666666666667,205.22222222222223,346.44444444444446,462.7777777777778,639.2222222222223,614.53305,615.8575999999999,615.0734333333332,620.44392,623.2767,494.2822666666667,361.7049,1320.6563920612039,1279.336575632872,450.4082706766917,567.2002506265665,466,466,466,599.5516290726816,482.7596491228069,365.96766917293235,444.1796213253613,559.4760837070255,462.8,844.3381557869443,963.300911093312,1176.967095851216,1176.967095851216,1180.7563959955505,1188.7440927967923,987.2321566661892,835.1441441441442,718.1771771771771,601.2102102102102,494.4354,375.0354,837.0120330910001,828.1435445068164,944.7834803528467,977.6759422614274,861.0360064153969,744.3960705693664,188.4,188.4,188.4,154.12402402402404
Table Locks Waited,0,0,0.33333333333333337,3,5.555555555555555,8,11.11111111111111,10.7775,10.888571428571428,11.036666666666665,11.244000000000002,11.20835,8.813533333333334,6.555,28.717152677680453,28.806584362139922,11.018571428571429,13.875714285714286,11.4,11.4,11.4,14.667142857142855,11.809999999999999,8.952857142857143,13.052815146985552,16.440956651718984,13.6,18.617791349619544,21.240939126952345,23.319027181688124,23.319027181688124,24.249165739710786,21.48073893741945,17.839395675211225,15.545045045045047,13.367867867867867,11.19069069069069,11.38775,8.63775,15.792679869641512,28.753007217321574,32.802726543704885,33.94474739374498,29.895028067361665,25.84530874097835,22,22,22,17.9974974974975
bytes_received_rate,12594.666666666668,13002.666666666668,13417.444444444443,30727.333333333336,47502.66666666667,61723.66666666667,83458.66666666667,79879.488975,79509.87297142856,78624.77186666666,78693.15792,78654.53835,62244.4322,45903.4851,162287.72591196361,156429.10587355032,52273.64932330827,65828.33604010026,54083.2,54083.2,54083.2,69582.98426065162,56028.29754385963,42473.61082706767,55550.285874439476,69969.56838565023,57879,103263.79290148178,117813.1120845014,143321.03004291846,143321.03004291846,144146.829810901,144133.61019619077,119700.5610410998,101719.44894894895,87473.02752752752,73226.6061061061,60886.365300000005,46183.0653,100270.81436450237,100657.87289494787,114835.03809141941,118832.99867682435,104655.83348035284,90478.66828388131,24606.2,24606.2,24606.2,20129.5464964965
bytes_sent_rate,161952,166791.77777777778,160603.44444444444,201520.22222222222,221420.1111111111,238734.8888888889,273508.8888888889,252377.14860000001,241368.26948571423,213791.38036666665,203758.93308000002,192375.03519999998,143219.31300000002,108923.3862,426757.7336733562,415586.1079935154,135265.1427067669,170339.72917293236,139947.6,139947.6,139947.6,180055.3896240601,144980.8031578947,109906.21669172934,151290.5734927753,190561.32585949177,157632.8,281827.31397677213,321535.2835402483,408544.92131616594,408544.92131616594,404374.19354838703,407727.3378204211,338610.7586042293,295232.21021021024,253883.16116116117,212534.1121121121,161415.14475,122435.39475,268234.3760967661,278475.86407377705,317697.8167602245,328758.4074178027,289536.45473135525,250314.50204490777,78759.2,78759.2,78759.2,64430.38658658658
qcache_hits,0,0,0,0,0,0,0,0,0,0,0,0,0,0,0,0,0,0,0,0,0,0,0,0,0,0,0,0,0,0,0,0,0,0,0,0,0,0,0,0,0,0,0,0,0,0,0,0,0
qcache_inserts,0,0,0,0,0,0,0,0,0,0,0,0,0,0,0,0,0,0,0,0,0,0,0,0,0,0,0,0,0,0,0,0,0,0,0,0,0,0,0,0,0,0,0,0,0,0,0,0,0
qcache_not_cached,27.333333333333336,28.444444444444446,32.55555555555556,90.11111111111111,149.55555555555557,199.77777777777777,279.22222222222223,268.251975,268.7299428571429,268.191,269.96844,269.34704999999997,216.35413333333335,160.72859999999997,587.8700521122075,568.2753460531238,214.7654887218045,270.45471177944864,222.2,222.2,222.2,285.880626566416,230.19140350877188,174.50218045112783,187.34628799202792,235.97608370702542,195.2,369.9397777332799,422.0623247897477,512.5894134477825,512.5894134477825,510.789766407119,517.8290133180582,430.04836507709194,355.39189189189193,305.6171171171171,255.8423423423423,208.91345,158.46345000000002,388.29393331662067,382.32959101844426,436.17882919005604,451.36431435445064,397.51507618283875,343.665838011227,84.8,84.8,84.8,69.37217217217218
qcache_lowmem_prunes,0,0,0,0,0,0,0,0,0,0,0,0,0,0,0,0,0,0,0,0,0,0,0,0,0,0,0,0,0,0,0,0,0,0,0,0,0,0,0,0,0,0,0,0,0,0,0,0,0
com admin_commands,1,1,1,1,1,1,1,0.8622,0.7621999999999999,0.6622,0.5622,0.4622,0.36219999999999997,0.2622,0.9978933362900543,0.9976306272602569,0.3866165413533834,0.48686716791979956,0.4,0.4,0.4,0.5146365914786967,0.41438596491228064,0.31413533834586466,0.3839063278525162,0.48355754857997013,0.4,0.7106027232679215,0.8107228674409293,1.0014306151645207,1.0014306151645207,1.0011123470522802,1.002434483746241,0.8325051315098572,0.7147147147147147,0.6146146146146145,0.5145145145145145,0.4141,0.3141,0.6866382552018049,0.7117080994386528,0.8119486768243785,0.840216519647153,0.7399759422614274,0.6397353648757017,0.2,0.2,0.2,0.16361361361361362
com alter_db,0,0,0,0,0,0,0,0,0,0,0,0,0,0,0,0,0,0,0,0,0,0,0,0,0,0,0,0,0,0,0,0,0,0,0,0,0,0,0,0,0,0,0,0,0,0,0,0,0
com alter_db_upgrade,0,0,0,0,0,0,0,0,0,0,0,0,0,0,0,0,0,0,0,0,0,0,0,0,0,0,0,0,0,0,0,0,0,0,0,0,0,0,0,0,0,0,0,0,0,0,0,0,0
com alter_event,0,0,0,0,0,0,0,0,0,0,0,0,0,0,0,0,0,0,0,0,0,0,0,0,0,0,0,0,0,0,0,0,0,0,0,0,0,0,0,0,0,0,0,0,0,0,0,0,0
com alter_function,0,0,0,0,0,0,0,0,0,0,0,0,0,0,0,0,0,0,0,0,0,0,0,0,0,0,0,0,0,0,0,0,0,0,0,0,0,0,0,0,0,0,0,0,0,0,0,0,0
com alter_instance,0,0,0,0,0,0,0,0,0,0,0,0,0,0,0,0,0,0,0,0,0,0,0,0,0,0,0,0,0,0,0,0,0,0,0,0,0,0,0,0,0,0,0,0,0,0,0,0,0
com alter_procedure,0,0,0,0,0,0,0,0,0,0,0,0,0,0,0,0,0,0,0,0,0,0,0,0,0,0,0,0,0,0,0,0,0,0,0,0,0,0,0,0,0,0,0,0,0,0,0,0,0
com alter_server,0,0,0,0,0,0,0,0,0,0,0,0,0,0,0,0,0,0,0,0,0,0,0,0,0,0,0,0,0,0,0,0,0,0,0,0,0,0,0,0,0,0,0,0,0,0,0,0,0
com alter_table,0,0,0,0,0,0,0,0,0,0,0,0,0,0,0,0,0,0,0,0,0,0,0,0,0,0,0,0,0,0,0,0,0,0,0,0,0,0,0,0,0,0,0,0,0,0,0,0,0
com alter_tablespace,0,0,0,0,0,0,0,0,0,0,0,0,0,0,0,0,0,0,0,0,0,0,0,0,0,0,0,0,0,0,0,0,0,0,0,0,0,0,0,0,0,0,0,0,0,0,0,0,0
com alter_user,0,0,0,0,0,0,0,0,0,0,0,0,0,0,0,0,0,0,0,0,0,0,0,0,0,0,0,0,0,0,0,0,0,0,0,0,0,0,0,0,0,0,0,0,0,0,0,0,0
com analyze,0,0,0,0,0,0,0,0,0,0,0,0,0,0,0,0,0,0,0,0,0,0,0,0,0,0,0,0,0,0,0,0,0,0,0,0,0,0,0,0,0,0,0,0,0,0,0,0,0
com assign_to_keycache,0,0,0,0,0,0,0,0,0,0,0,0,0,0,0,0,0,0,0,0,0,0,0,0,0,0,0,0,0,0,0,0,0,0,0,0,0,0,0,0,0,0,0,0,0,0,0,0,0
com begin,0,0,0,0,0,0,0,0,0,0,0,0,0,0,0,0,0,0,0,0,0,0,0,0,0,0,0,0,0,0,0,0,0,0,0,0,0,0,0,0,0,0,0,0,0,0,0,0,0
com binlog,0,0,0,0,0,0,0,0,0,0,0,0,0,0,0,0,0,0,0,0,0,0,0,0,0,0,0,0,0,0,0,0,0,0,0,0,0,0,0,0,0,0,0,0,0,0,0,0,0
com call_procedure,0,0,0,0,0,0,0,0,0,0,0,0,0,0,0,0,0,0,0,0,0,0,0,0,0,0,0,0,0,0,0,0,0,0,0,0,0,0,0,0,0,0,0,0,0,0,0,0,0
com change_db,0,0,0,0,0,0,0,0,0,0,0,0,0,0,0,0,0,0,0,0,0,0,0,0,0,0,0,0,0,0,0,0,0,0,0,0,0,0,0,0,0,0,0,0,0,0,0,0,0
com change_master,0,0,0,0,0,0,0,0,0,0,0,0,0,0,0,0,0,0,0,0,0,0,0,0,0,0,0,0,0,0,0,0,0,0,0,0,0,0,0,0,0,0,0,0,0,0,0,0,0
com change_repl_filter,0,0,0,0,0,0,0,0,0,0,0,0,0,0,0,0,0,0,0,0,0,0,0,0,0,0,0,0,0,0,0,0,0,0,0,0,0,0,0,0,0,0,0,0,0,0,0,0,0
com check,0,0,0,0,0,0,0,0,0,0,0,0,0,0,0,0,0,0,0,0,0,0,0,0,0,0,0,0,0,0,0,0,0,0,0,0,0,0,0,0,0,0,0,0,0,0,0,0,0
com checksum,0,0,0,0,0,0,0,0,0,0,0,0,0,0,0,0,0,0,0,0,0,0,0,0,0,0,0,0,0,0,0,0,0,0,0,0,0,0,0,0,0,0,0,0,0,0,0,0,0
com commit,0,0,0.11111111111111112,5.444444444444445,10.222222222222223,14.555555555555557,19.88888888888889,19.291725,19.490542857142856,19.755633333333332,20.12676,20.5679,15.695333333333334,11.4057,39.69397937687104,38.65818680633495,12.758345864661653,16.066616541353387,13.2,13.2,13.2,16.983007518796988,13.674736842105261,10.366466165413534,17.275784753363233,21.760089686098656,18,28.708350020024028,32.75320384461354,40.05722460658083,40.05722460658083,40.48943270300334,39.238149792352864,32.58662943338584,28.945945945945947,24.89189189189189,20.83783783783784,17.3922,13.1922,21.457445475056403,21.351242983159583,24.358460304731352,25.206495589414594,22.19927826784282,19.19206094627105,5,5,5,4.09034034034034
com create_compression_dictionary,0,0,0,0,0,0,0,0,0,0,0,0,0,0,0,0,0,0,0,0,0,0,0,0,0,0,0,0,0,0,0,0,0,0,0,0,0,0,0,0,0,0,0,0,0,0,0,0,0
com create_db,0,0,0,0,0,0,0,0,0,0,0,0,0,0,0,0,0,0,0,0,0,0,0,0,0,0,0,0,0,0,0,0,0,0,0,0,0,0,0,0,0,0,0,0,0,0,0,0,0
com create_event,0,0,0,0,0,0,0,0,0,0,0,0,0,0,0,0,0,0,0,0,0,0,0,0,0,0,0,0,0,0,0,0,0,0,0,0,0,0,0,0,0,0,0,0,0,0,0,0,0
com create_function,0,0,0,0,0,0,0,0,0,0,0,0,0,0,0,0,0,0,0,0,0,0,0,0,0,0,0,0,0,0,0,0,0,0,0,0,0,0,0,0,0,0,0,0,0,0,0,0,0
com create_index,0,0,0,0,0,0,0,0,0,0,0,0,0,0,0,0,0,0,0,0,0,0,0,0,0,0,0,0,0,0,0,0,0,0,0,0,0,0,0,0,0,0,0,0,0,0,0,0,0
com create_procedure,0,0,0,0,0,0,0,0,0,0,0,0,0,0,0,0,0,0,0,0,0,0,0,0,0,0,0,0,0,0,0,0,0,0,0,0,0,0,0,0,0,0,0,0,0,0,0,0,0
com create_server,0,0,0,0,0,0,0,0,0,0,0,0,0,0,0,0,0,0,0,0,0,0,0,0,0,0,0,0,0,0,0,0,0,0,0,0,0,0,0,0,0,0,0,0,0,0,0,0,0
com create_table,0,0,0,0,0,0,0,0,0,0,0,0,0,0,0,0,0,0,0,0,0,0,0,0,0,0,0,0,0,0,0,0,0,0,0,0,0,0,0,0,0,0,0,0,0,0,0,0,0
com create_trigger,0,0,0,0,0,0,0,0,0,0,0,0,0,0,0,0,0,0,0,0,0,0,0,0,0,0,0,0,0,0,0,0,0,0,0,0,0,0,0,0,0,0,0,0,0,0,0,0,0
com create_udf,0,0,0,0,0,0,0,0,0,0,0,0,0,0,0,0,0,0,0,0,0,0,0,0,0,0,0,0,0,0,0,0,0,0,0,0,0,0,0,0,0,0,0,0,0,0,0,0,0
com create_user,0,0,0,0,0,0,0,0,0,0,0,0,0,0,0,0,0,0,0,0,0,0,0,0,0,0,0,0,0,0,0,0,0,0,0,0,0,0,0,0,0,0,0,0,0,0,0,0,0
com create_view,0,0,0,0,0,0,0,0,0,0,0,0,0,0,0,0,0,0,0,0,0,0,0,0,0,0,0,0,0,0,0,0,0,0,0,0,0,0,0,0,0,0,0,0,0,0,0,0,0
com dealloc_sql,0,0,0,0,0,0,0,0,0,0,0,0,0,0,0,0,0,0,0,0,0,0,0,0,0,0,0,0,0,0,0,0,0,0,0,0,0,0,0,0,0,0,0,0,0,0,0,0,0
com delete,0,0,0,1.1111111111111112,2.2222222222222223,2.2222222222222223,4,3.8799,3.9198857142857135,3.9732,4.04784,4.1598,3.139066666666667,2.0976,20.84488302472558,21.449058486095524,7.345714285714285,9.250476190476192,7.6,7.6,7.6,9.778095238095236,7.873333333333332,5.968571428571428,4.990782262082711,6.286248131539612,5.2,12.080246295554666,13.782288746495794,17.453505007153076,17.453505007153076,19.46607341490545,21.337534011169986,17.72046637070982,16.08108108108108,13.828828828828827,11.576576576576576,10.973650000000001,8.32365,13.904424667836548,13.380112269446673,15.264635124298314,15.796070569366478,13.911547714514835,12.027024859663191,2.6,2.6,2.6,2.126976976976977
com delete_multi,0,0,0,0,0,0,0,0,0,0,0,0,0,0,0,0,0,0,0,0,0,0,0,0,0,0,0,0,0,0,0,0,0,0,0,0,0,0,0,0,0,0,0,0,0,0,0,0,0
com do,0,0,0,0,0,0,0,0,0,0,0,0,0,0,0,0,0,0,0,0,0,0,0,0,0,0,0,0,0,0,0,0,0,0,0,0,0,0,0,0,0,0,0,0,0,0,0,0,0
com drop_compression_dictionary,0,0,0,0,0,0,0,0,0,0,0,0,0,0,0,0,0,0,0,0,0,0,0,0,0,0,0,0,0,0,0,0,0,0,0,0,0,0,0,0,0,0,0,0,0,0,0,0,0
com drop_db,0,0,0,0,0,0,0,0,0,0,0,0,0,0,0,0,0,0,0,0,0,0,0,0,0,0,0,0,0,0,0,0,0,0,0,0,0,0,0,0,0,0,0,0,0,0,0,0,0
com drop_event,0,0,0,0,0,0,0,0,0,0,0,0,0,0,0,0,0,0,0,0,0,0,0,0,0,0,0,0,0,0,0,0,0,0,0,0,0,0,0,0,0,0,0,0,0,0,0,0,0
com drop_function,0,0,0,0,0,0,0,0,0,0,0,0,0,0,0,0,0,0,0,0,0,0,0,0,0,0,0,0,0,0,0,0,0,0,0,0,0,0,0,0,0,0,0,0,0,0,0,0,0
com drop_index,0,0,0,0,0,0,0,0,0,0,0,0,0,0,0,0,0,0,0,0,0,0,0,0,0,0,0,0,0,0,0,0,0,0,0,0,0,0,0,0,0,0,0,0,0,0,0,0,0
com drop_procedure,0,0,0,0,0,0,0,0,0,0,0,0,0,0,0,0,0,0,0,0,0,0,0,0,0,0,0,0,0,0,0,0,0,0,0,0,0,0,0,0,0,0,0,0,0,0,0,0,0
com drop_server,0,0,0,0,0,0,0,0,0,0,0,0,0,0,0,0,0,0,0,0,0,0,0,0,0,0,0,0,0,0,0,0,0,0,0,0,0,0,0,0,0,0,0,0,0,0,0,0,0
com drop_table,0,0,0,0,0,0,0,0,0,0,0,0,0,0,0,0,0,0,0,0,0,0,0,0,0,0,0,0,0,0,0,0,0,0,0,0,0,0,0,0,0,0,0,0,0,0,0,0,0
com drop_trigger,0,0,0,0,0,0,0,0,0,0,0,0,0,0,0,0,0,0,0,0,0,0,0,0,0,0,0,0,0,0,0,0,0,0,0,0,0,0,0,0,0,0,0,0,0,0,0,0,0
com drop_user,0,0,0,0,0,0,0,0,0,0,0,0,0,0,0,0,0,0,0,0,0,0,0,0,0,0,0,0,0,0,0,0,0,0,0,0,0,0,0,0,0,0,0,0,0,0,0,0,0
com drop_view,0,0,0,0,0,0,0,0,0,0,0,0,0,0,0,0,0,0,0,0,0,0,0,0,0,0,0,0,0,0,0,0,0,0,0,0,0,0,0,0,0,0,0,0,0,0,0,0,0
com empty_query,0,0,0,0,0,0,0,0,0,0,0,0,0,0,0,0,0,0,0,0,0,0,0,0,0,0,0,0,0,0,0,0,0,0,0,0,0,0,0,0,0,0,0,0,0,0,0,0,0
com execute_sql,0,0,0,0,0,0,0,0,0,0,0,0,0,0,0,0,0,0,0,0,0,0,0,0,0,0,0,0,0,0,0,0,0,0,0,0,0,0,0,0,0,0,0,0,0,0,0,0,0
com explain_other,0,0,0,0,0,0,0,0,0,0,0,0,0,0,0,0,0,0,0,0,0,0,0,0,0,0,0,0,0,0,0,0,0,0,0,0,0,0,0,0,0,0,0,0,0,0,0,0,0
com flush,0,0,0,0,0,0,0,0,0,0,0,0,0,0,0,0,0,0,0,0,0,0,0,0,0,0,0,0,0,0,0,0,0,0,0,0,0,0,0,0,0,0,0,0,0,0,0,0,0
com get_diagnostics,0,0,0,0,0,0,0,0,0,0,0,0,0,0,0,0,0,0,0,0,0,0,0,0,0,0,0,0,0,0,0,0,0,0,0,0,0,0,0,0,0,0,0,0,0,0,0,0,0
com grant,0,0,0,0,0,0,0,0,0,0,0,0,0,0,0,0,0,0,0,0,0,0,0,0,0,0,0,0,0,0,0,0,0,0,0,0,0,0,0,0,0,0,0,0,0,0,0,0,0
com group_replication_start,0,0,0,0,0,0,0,0,0,0,0,0,0,0,0,0,0,0,0,0,0,0,0,0,0,0,0,0,0,0,0,0,0,0,0,0,0,0,0,0,0,0,0,0,0,0,0,0,0
com group_replication_stop,0,0,0,0,0,0,0,0,0,0,0,0,0,0,0,0,0,0,0,0,0,0,0,0,0,0,0,0,0,0,0,0,0,0,0,0,0,0,0,0,0,0,0,0,0,0,0,0,0
com ha_close,0,0,0,0,0,0,0,0,0,0,0,0,0,0,0,0,0,0,0,0,0,0,0,0,0,0,0,0,0,0,0,0,0,0,0,0,0,0,0,0,0,0,0,0,0,0,0,0,0
com ha_open,0,0,0,0,0,0,0,0,0,0,0,0,0,0,0,0,0,0,0,0,0,0,0,0,0,0,0,0,0,0,0,0,0,0,0,0,0,0,0,0,0,0,0,0,0,0,0,0,0
com ha_read,0,0,0,0,0,0,0,0,0,0,0,0,0,0,0,0,0,0,0,0,0,0,0,0,0,0,0,0,0,0,0,0,0,0,0,0,0,0,0,0,0,0,0,0,0,0,0,0,0
com help,0,0,0,0,0,0,0,0,0,0,0,0,0,0,0,0,0,0,0,0,0,0,0,0,0,0,0,0,0,0,0,0,0,0,0,0,0,0,0,0,0,0,0,0,0,0,0,0,0
com insert,0,0,0.33333333333333337,26.666666666666668,55.22222222222223,78.88888888888889,112.11111111111111,108.744975,109.8656857142857,111.35996666666665,113.45196000000001,116.2433,92.84393333333334,67.1232,218.760394722253,208.75420875420878,65.72481203007519,82.76741854636592,68,68,68,87.48822055137843,70.4456140350877,53.403007518797,74.86173393124066,94.29372197309416,78,136.15148177813376,155.33450140168202,186.40915593705293,186.40915593705293,185.20578420467183,182.5862809680653,151.6348632392954,126.32582582582583,108.63313313313313,90.94044044044044,74.9521,56.85209999999999,128.57301328653796,128.81916599839616,146.9627105052125,152.0791900561347,133.93564554931837,115.79210104250201,31.2,31.2,31.2,25.523723723723727
com insert_select,0,0,0,0,0,0,0,0,0,0,0,0,0,0,0,0,0,0,0,0,0,0,0,0,0,0,0,0,0,0,0,0,0,0,0,0,0,0,0,0,0,0,0,0,0,0,0,0,0
com install_plugin,0,0,0,0,0,0,0,0,0,0,0,0,0,0,0,0,0,0,0,0,0,0,0,0,0,0,0,0,0,0,0,0,0,0,0,0,0,0,0,0,0,0,0,0,0,0,0,0,0
com kill,0,0,0,0,0,0,0,0,0,0,0,0,0,0,0,0,0,0,0,0,0,0,0,0,0,0,0,0,0,0,0,0,0,0,0,0,0,0,0,0,0,0,0,0,0,0,0,0,0
com load,0,0,0,0,0,0,0,0,0,0,0,0,0,0,0,0,0,0,0,0,0,0,0,0,0,0,0,0,0,0,0,0,0,0,0,0,0,0,0,0,0,0,0,0,0,0,0,0,0
com lock_binlog_for_backup,0,0,0,0,0,0,0,0,0,0,0,0,0,0,0,0,0,0,0,0,0,0,0,0,0,0,0,0,0,0,0,0,0,0,0,0,0,0,0,0,0,0,0,0,0,0,0,0,0
com lock_tables,0,0,0,0,0,0,0,0,0,0,0,0,0,0,0,0,0,0,0,0,0,0,0,0,0,0,0,0,0,0,0,0,0,0,0,0,0,0,0,0,0,0,0,0,0,0,0,0,0
com lock_tables_for_backup,0,0,0,0,0,0,0,0,0,0,0,0,0,0,0,0,0,0,0,0,0,0,0,0,0,0,0,0,0,0,0,0,0,0,0,0,0,0,0,0,0,0,0,0,0,0,0,0,0
com optimize,0,0,0,0,0,0,0,0,0,0,0,0,0,0,0,0,0,0,0,0,0,0,0,0,0,0,0,0,0,0,0,0,0,0,0,0,0,0,0,0,0,0,0,0,0,0,0,0,0
com preload_keys,0,0,0,0,0,0,0,0,0,0,0,0,0,0,0,0,0,0,0,0,0,0,0,0,0,0,0,0,0,0,0,0,0,0,0,0,0,0,0,0,0,0,0,0,0,0,0,0,0
com prepare_sql,0,0,0,0,0,0,0,0,0,0,0,0,0,0,0,0,0,0,0,0,0,0,0,0,0,0,0,0,0,0,0,0,0,0,0,0,0,0,0,0,0,0,0,0,0,0,0,0,0
com purge,0,0,0,0,0,0,0,0,0,0,0,0,0,0,0,0,0,0,0,0,0,0,0,0,0,0,0,0,0,0,0,0,0,0,0,0,0,0,0,0,0,0,0,0,0,0,0,0,0
com purge_before_date,0,0,0,0,0,0,0,0,0,0,0,0,0,0,0,0,0,0,0,0,0,0,0,0,0,0,0,0,0,0,0,0,0,0,0,0,0,0,0,0,0,0,0,0,0,0,0,0,0
com release_savepoint,0,0,0,0,0,0,0,0,0,0,0,0,0,0,0,0,0,0,0,0,0,0,0,0,0,0,0,0,0,0,0,0,0,0,0,0,0,0,0,0,0,0,0,0,0,0,0,0,0
com rename_table,0,0,0,0,0,0,0,0,0,0,0,0,0,0,0,0,0,0,0,0,0,0,0,0,0,0,0,0,0,0,0,0,0,0,0,0,0,0,0,0,0,0,0,0,0,0,0,0,0
com rename_user,0,0,0,0,0,0,0,0,0,0,0,0,0,0,0,0,0,0,0,0,0,0,0,0,0,0,0,0,0,0,0,0,0,0,0,0,0,0,0,0,0,0,0,0,0,0,0,0,0
com repair,0,0,0,0,0,0,0,0,0,0,0,0,0,0,0,0,0,0,0,0,0,0,0,0,0,0,0,0,0,0,0,0,0,0,0,0,0,0,0,0,0,0,0,0,0,0,0,0,0
com replace,0,0,0,0,0,0,0,0,0,0,0,0,0,0,0,0,0,0,0,0,0,0,0,0,0,0,0,0,0,0,0,0,0,0,0,0,0,0,0,0,0,0,0,0,0,0,0,0,0
com replace_select,0,0,0,0,0,0,0,0,0,0,0,0,0,0,0,0,0,0,0,0,0,0,0,0,0,0,0,0,0,0,0,0,0,0,0,0,0,0,0,0,0,0,0,0,0,0,0,0,0
com reset,0,0,0,0,0,0,0,0,0,0,0,0,0,0,0,0,0,0,0,0,0,0,0,0,0,0,0,0,0,0,0,0,0,0,0,0,0,0,0,0,0,0,0,0,0,0,0,0,0
com resignal,0,0,0,0,0,0,0,0,0,0,0,0,0,0,0,0,0,0,0,0,0,0,0,0,0,0,0,0,0,0,0,0,0,0,0,0,0,0,0,0,0,0,0,0,0,0,0,0,0
com revoke,0,0,0,0,0,0,0,0,0,0,0,0,0,0,0,0,0,0,0,0,0,0,0,0,0,0,0,0,0,0,0,0,0,0,0,0,0,0,0,0,0,0,0,0,0,0,0,0,0
com revoke_all,0,0,0,0,0,0,0,0,0,0,0,0,0,0,0,0,0,0,0,0,0,0,0,0,0,0,0,0,0,0,0,0,0,0,0,0,0,0,0,0,0,0,0,0,0,0,0,0,0
com rollback,0,0,0,0,0.11111111111111112,0.11111111111111112,0.22222222222222224,0.21555,0.21777142857142856,0.2207333333333333,0.22488000000000002,0.2311,0.24146666666666666,0.1311,4.21332741989134,4.614041651078688,1.9330827067669172,2.434335839598998,2,2,2,2.5731829573934832,2.071929824561403,1.5706766917293233,1.3436721474838067,1.6924514200298955,1.4,2.700290348418102,3.0807468962755307,4.86409155937053,4.86409155937053,4.338153503893214,4.582557639982816,3.8057377440450617,3.5735735735735736,3.073073073073073,2.5725725725725725,1.03525,0.78525,3.604850839809475,3.558540497193264,4.059743384121893,4.201082598235765,3.699879711307137,3.1986768243785084,0.8,0.8,0.8,0.6544544544544545
com rollback_to_savepoint,0,0,0,0,0,0,0,0,0,0,0,0,0,0,0,0,0,0,0,0,0,0,0,0,0,0,0,0,0,0,0,0,0,0,0,0,0,0,0,0,0,0,0,0,0,0,0,0,0
com savepoint,0,0,0,0,0,0,0,0,0,0,0,0,0,0,0,0,0,0,0,0,0,0,0,0,0,0,0,0,0,0,0,0,0,0,0,0,0,0,0,0,0,0,0,0,0,0,0,0,0
com select,27.333333333333336,28.444444444444446,32.55555555555556,90.11111111111111,149.55555555555557,199.77777777777777,279.22222222222223,268.251975,268.7299428571429,268.191,269.96844,269.34704999999997,216.35413333333335,160.72859999999997,587.8700521122075,568.2753460531238,214.7654887218045,270.45471177944864,222.2,222.2,222.2,285.880626566416,230.19140350877188,174.50218045112783,187.34628799202792,235.97608370702542,195.2,369.9397777332799,422.0623247897477,512.5894134477825,512.5894134477825,510.789766407119,517.8290133180582,430.04836507709194,355.39189189189193,305.6171171171171,255.8423423423423,208.91345,158.46345000000002,388.29393331662067,382.1872493985565,436.01643945469124,451.1962710505212,397.3670809943865,343.5378909382518,84.6,84.6,84.6,69.20855855855856
com set_option,1,1,1.8888888888888888,6.888888888888888,11.666666666666668,16.22222222222222,22.444444444444446,21.662775,21.777142857142856,21.962966666666667,22.26312,21.83895,17.26486666666667,12.9789,45.903093469342494,44.51926674148896,17.01112781954887,21.42215538847118,17.6,17.6,17.6,22.644010025062652,18.23298245614035,13.821954887218045,16.5079720976582,20.792974588938716,17.2,31.408640368442132,35.833950740889065,43.204577968526465,43.204577968526465,43.04783092324805,43.10468280108836,35.79772065492386,29.66066066066066,25.506506506506504,21.35235235235235,17.59925,13.349250000000001,30.555402356480318,30.46110665597434,34.751403368083395,35.96126704089815,31.670970328789092,27.38067361668003,7.2,7.2,7.2,5.89009009009009
com show_binlog_events,0,0,0,0,0,0,0,0,0,0,0,0,0,0,0,0,0,0,0,0,0,0,0,0,0,0,0,0,0,0,0,0,0,0,0,0,0,0,0,0,0,0,0,0,0,0,0,0,0
com show_binlogs,0,0,0,0,0,0,0,0,0,0,0,0,0,0,0,0,0,0,0,0,0,0,0,0,0,0,0,0,0,0,0,0,0,0,0,0,0,0,0,0,0,0,0,0,0,0,0,0,0
com show_charsets,0,0,0,0,0,0,0,0,0,0,0,0,0,0,0,0,0,0,0,0,0,0,0,0,0,0,0,0,0,0,0,0,0,0,0,0,0,0,0,0,0,0,0,0,0,0,0,0,0
com show_client_statistics,0,0,0,0,0,0,0,0,0,0,0,0,0,0,0,0,0,0,0,0,0,0,0,0,0,0,0,0,0,0,0,0,0,0,0,0,0,0,0,0,0,0,0,0,0,0,0,0,0
com show_collations,0,0,0,0,0,0,0,0,0,0,0,0,0,0,0,0,0,0,0,0,0,0,0,0,0,0,0,0,0,0,0,0,0,0,0,0,0,0,0,0,0,0,0,0,0,0,0,0,0
com show_create_db,0,0,0,0,0,0,0,0,0,0,0,0,0,0,0,0,0,0,0,0,0,0,0,0,0,0,0,0,0,0,0,0,0,0,0,0,0,0,0,0,0,0,0,0,0,0,0,0,0
com show_create_event,0,0,0,0,0,0,0,0,0,0,0,0,0,0,0,0,0,0,0,0,0,0,0,0,0,0,0,0,0,0,0,0,0,0,0,0,0,0,0,0,0,0,0,0,0,0,0,0,0
com show_create_func,0,0,0,0,0,0,0,0,0,0,0,0,0,0,0,0,0,0,0,0,0,0,0,0,0,0,0,0,0,0,0,0,0,0,0,0,0,0,0,0,0,0,0,0,0,0,0,0,0
com show_create_proc,0,0,0,0,0,0,0,0,0,0,0,0,0,0,0,0,0,0,0,0,0,0,0,0,0,0,0,0,0,0,0,0,0,0,0,0,0,0,0,0,0,0,0,0,0,0,0,0,0
com show_create_table,0,0,0,0,0,0,0,0,0,0,0,0,0,0,0,0,0,0,0,0,0,0,0,0,0,0,0,0,0,0,0,0,0,0,0,0,0,0,0,0,0,0,0,0,0,0,0,0,0
com show_create_trigger,0,0,0,0,0,0,0,0,0,0,0,0,0,0,0,0,0,0,0,0,0,0,0,0,0,0,0,0,0,0,0,0,0,0,0,0,0,0,0,0,0,0,0,0,0,0,0,0,0
com show_create_user,0,0,0,0,0,0,0,0,0,0,0,0,0,0,0,0,0,0,0,0,0,0,0,0,0,0,0,0,0,0,0,0,0,0,0,0,0,0,0,0,0,0,0,0,0,0,0,0,0
com show_databases,0,0,0,0,0,0,0,0,0,0,0,0,0,0,0,0,0,0,0,0,0,0,0,0,0,0,0,0,0,0,0,0,0,0,0,0,0,0,0,0,0,0,0,0,0,0,0,0,0
com show_engine_logs,0,0,0,0,0,0,0,0,0,0,0,0,0,0,0,0,0,0,0,0,0,0,0,0,0,0,0,0,0,0,0,0,0,0,0,0,0,0,0,0,0,0,0,0,0,0,0,0,0
com show_engine_mutex,0,0,0,0,0,0,0,0,0,0,0,0,0,0,0,0,0,0,0,0,0,0,0,0,0,0,0,0,0,0,0,0,0,0,0,0,0,0,0,0,0,0,0,0,0,0,0,0,0
com show_engine_status,1,1.1111111111111112,1,1.1111111111111112,1,1,1,0.8622,0.8710857142857142,0.6622,0.5622,0.4622,0.36219999999999997,0.2622,0.9978933362900543,0.8729267988527247,0.3866165413533834,0.48686716791979956,0.4,0.4,0.4,0.5146365914786967,0.41438596491228064,0.31413533834586466,0.3839063278525162,0.48355754857997013,0.4,0.7106027232679215,0.8107228674409293,1.144492131616595,1.144492131616595,1.0011123470522802,1.002434483746241,0.8325051315098572,0.7147147147147147,0.6146146146146145,0.5145145145145145,0.20705,0.15705,0.6866382552018049,0.8540497193263834,0.9743384121892541,1.0082598235765836,0.8879711307137128,0.7676824378508421,0.4,0.4,0.4,0.32722722722722725
com show_errors,0,0,0,0,0,0,0,0,0,0,0,0,0,0,0,0,0,0,0,0,0,0,0,0,0,0,0,0,0,0,0,0,0,0,0,0,0,0,0,0,0,0,0,0,0,0,0,0,0
com show_events,0,0,0,0,0,0,0,0,0,0,0,0,0,0,0,0,0,0,0,0,0,0,0,0,0,0,0,0,0,0,0,0,0,0,0,0,0,0,0,0,0,0,0,0,0,0,0,0,0
com show_fields,0,0,0,0,0,0,0,0,0,0,0,0,0,0,0,0,0,0,0,0,0,0,0,0,0,0,0,0,0,0,0,0,0,0,0,0,0,0,0,0,0,0,0,0,0,0,0,0,0
com show_function_code,0,0,0,0,0,0,0,0,0,0,0,0,0,0,0,0,0,0,0,0,0,0,0,0,0,0,0,0,0,0,0,0,0,0,0,0,0,0,0,0,0,0,0,0,0,0,0,0,0
com show_function_status,0,0,0,0,0,0,0,0,0,0,0,0,0,0,0,0,0,0,0,0,0,0,0,0,0,0,0,0,0,0,0,0,0,0,0,0,0,0,0,0,0,0,0,0,0,0,0,0,0
com show_grants,0,0,0,0,0,0,0,0,0,0,0,0,0,0,0,0,0,0,0,0,0,0,0,0,0,0,0,0,0,0,0,0,0,0,0,0,0,0,0,0,0,0,0,0,0,0,0,0,0
com show_index_statistics,0,0,0,0,0,0,0,0,0,0,0,0,0,0,0,0,0,0,0,0,0,0,0,0,0,0,0,0,0,0,0,0,0,0,0,0,0,0,0,0,0,0,0,0,0,0,0,0,0
com show_keys,0,0,0,0,0,0,0,0,0,0,0,0,0,0,0,0,0,0,0,0,0,0,0,0,0,0,0,0,0,0,0,0,0,0,0,0,0,0,0,0,0,0,0,0,0,0,0,0,0
com show_master_status,0,0,0,0,0,0,0,0,0,0,0,0,0,0,0,0,0,0,0,0,0,0,0,0,0,0,0,0,0,0,0,0,0,0,0,0,0,0,0,0,0,0,0,0,0,0,0,0,0
com show_open_tables,0,0,0,0,0,0,0,0,0,0,0,0,0,0,0,0,0,0,0,0,0,0,0,0,0,0,0,0,0,0,0,0,0,0,0,0,0,0,0,0,0,0,0,0,0,0,0,0,0
com show_plugins,0,0,0,0,0,0,0,0,0,0,0,0,0,0,0,0,0,0,0,0,0,0,0,0,0,0,0,0,0,0,0,0,0,0,0,0,0,0,0,0,0,0,0,0,0,0,0,0,0
com show_privileges,0,0,0,0,0,0,0,0,0,0,0,0,0,0,0,0,0,0,0,0,0,0,0,0,0,0,0,0,0,0,0,0,0,0,0,0,0,0,0,0,0,0,0,0,0,0,0,0,0
com show_procedure_code,0,0,0,0,0,0,0,0,0,0,0,0,0,0,0,0,0,0,0,0,0,0,0,0,0,0,0,0,0,0,0,0,0,0,0,0,0,0,0,0,0,0,0,0,0,0,0,0,0
com show_procedure_status,0,0,0,0,0,0,0,0,0,0,0,0,0,0,0,0,0,0,0,0,0,0,0,0,0,0,0,0,0,0,0,0,0,0,0,0,0,0,0,0,0,0,0,0,0,0,0,0,0
com show_processlist,0,0,0,0,0,0,0,0,0,0,0,0,0,0,0,0,0,0,0,0,0,0,0,0,0,0,0,0,0,0,0,0,0,0,0,0,0,0,0,0,0,0,0,0,0,0,0,0,0
com show_profile,0,0,0,0,0,0,0,0,0,0,0,0,0,0,0,0,0,0,0,0,0,0,0,0,0,0,0,0,0,0,0,0,0,0,0,0,0,0,0,0,0,0,0,0,0,0,0,0,0
com show_profiles,0,0,0,0,0,0,0,0,0,0,0,0,0,0,0,0,0,0,0,0,0,0,0,0,0,0,0,0,0,0,0,0,0,0,0,0,0,0,0,0,0,0,0,0,0,0,0,0,0
com show_relaylog_events,0,0,0,0,0,0,0,0,0,0,0,0,0,0,0,0,0,0,0,0,0,0,0,0,0,0,0,0,0,0,0,0,0,0,0,0,0,0,0,0,0,0,0,0,0,0,0,0,0
com show_slave_hosts,0,0,0,0,0,0,0,0,0,0,0,0,0,0,0,0,0,0,0,0,0,0,0,0,0,0,0,0,0,0,0,0,0,0,0,0,0,0,0,0,0,0,0,0,0,0,0,0,0
com show_slave_status,1,1,1,1,1,1,1,0.8622,0.7621999999999999,0.6622,0.5622,0.4622,0.36219999999999997,0.2622,0.9978933362900543,0.9976306272602569,0.3866165413533834,0.48686716791979956,0.4,0.4,0.4,0.5146365914786967,0.41438596491228064,0.31413533834586466,0.3839063278525162,0.48355754857997013,0.4,0.7106027232679215,0.8107228674409293,1.0014306151645207,1.0014306151645207,1.0011123470522802,1.002434483746241,0.8325051315098572,0.7147147147147147,0.6146146146146145,0.5145145145145145,0.4141,0.3141,0.6866382552018049,0.7117080994386528,0.8119486768243785,0.840216519647153,0.7399759422614274,0.6397353648757017,0.2,0.2,0.2,0.16361361361361362
com show_status,1,1,1,1,1,1,1,0.8622,0.7621999999999999,0.6622,0.5622,0.4622,0.36219999999999997,0.2622,0.9978933362900543,0.9976306272602569,0.3866165413533834,0.48686716791979956,0.4,0.4,0.4,0.5146365914786967,0.41438596491228064,0.31413533834586466,0.3839063278525162,0.48355754857997013,0.4,0.7106027232679215,0.8107228674409293,1.0014306151645207,1.0014306151645207,1.0011123470522802,1.002434483746241,0.8325051315098572,0.7147147147147147,0.6146146146146145,0.5145145145145145,0.4141,0.3141,0.6866382552018049,0.7117080994386528,0.8119486768243785,0.840216519647153,0.7399759422614274,0.6397353648757017,0.2,0.2,0.2,0.16361361361361362
com show_storage_engines,0,0,0,0,0,0,0,0,0,0,0,0,0,0,0,0,0,0,0,0,0,0,0,0,0,0,0,0,0,0,0,0,0,0,0,0,0,0,0,0,0,0,0,0,0,0,0,0,0
com show_table_statistics,0,0,0,0,0,0,0,0,0,0,0,0,0,0,0,0,0,0,0,0,0,0,0,0,0,0,0,0,0,0,0,0,0,0,0,0,0,0,0,0,0,0,0,0,0,0,0,0,0
com show_table_status,0,0,0,0,0,0,0,0,0,0,0,0,0,0,0,0,0,0,0,0,0,0,0,0,0,0,0,0,0,0,0,0,0,0,0,0,0,0,0,0,0,0,0,0,0,0,0,0,0
com show_tables,0,0,0,0,0,0,0,0,0,0,0,0,0,0,0,0,0,0,0,0,0,0,0,0,0,0,0,0,0,0,0,0,0,0,0,0,0,0,0,0,0,0,0,0,0,0,0,0,0
com show_thread_statistics,0,0,0,0,0,0,0,0,0,0,0,0,0,0,0,0,0,0,0,0,0,0,0,0,0,0,0,0,0,0,0,0,0,0,0,0,0,0,0,0,0,0,0,0,0,0,0,0,0
com show_triggers,0,0,0,0,0,0,0,0,0,0,0,0,0,0,0,0,0,0,0,0,0,0,0,0,0,0,0,0,0,0,0,0,0,0,0,0,0,0,0,0,0,0,0,0,0,0,0,0,0
com show_user_statistics,0,0,0,0,0,0,0,0,0,0,0,0,0,0,0,0,0,0,0,0,0,0,0,0,0,0,0,0,0,0,0,0,0,0,0,0,0,0,0,0,0,0,0,0,0,0,0,0,0
com show_variables,1.1111111111111112,1.1111111111111112,1,1.1111111111111112,1,1,1,0.754425,0.7621999999999999,0.5518333333333333,0.44976000000000005,0.34665,0.24146666666666666,0.2622,1.1087703736556158,1.122334455667789,0.1933082706766917,0.24343358395989978,0.2,0.2,0.2,0.25731829573934833,0.20719298245614032,0.15706766917293233,0.3839063278525162,0.48355754857997013,0.4,0.7106027232679215,0.8107228674409293,1.0014306151645207,1.0014306151645207,1.1123470522803114,1.145639409995704,0.9514344360112654,0.8933933933933934,0.7682682682682682,0.6431431431431431,0.62115,0.47115,0.5149786914013537,0.5693664795509222,0.6495589414595028,0.6721732157177225,0.591980753809142,0.5117882919005614,0.2,0.2,0.2,0.16361361361361362
com show_warnings,0,0,0,0,0,0,0,0,0,0,0,0,0,0,0,0,0,0,0,0,0,0,0,0,0,0,0,0,0,0,0,0,0,0,0,0,0,0,0,0,0,0,0,0,0,0,0,0,0
com shutdown,0,0,0,0,0,0,0,0,0,0,0,0,0,0,0,0,0,0,0,0,0,0,0,0,0,0,0,0,0,0,0,0,0,0,0,0,0,0,0,0,0,0,0,0,0,0,0,0,0
com signal,0,0,0,0,0,0,0,0,0,0,0,0,0,0,0,0,0,0,0,0,0,0,0,0,0,0,0,0,0,0,0,0,0,0,0,0,0,0,0,0,0,0,0,0,0,0,0,0,0
com slave_start,0,0,0,0,0,0,0,0,0,0,0,0,0,0,0,0,0,0,0,0,0,0,0,0,0,0,0,0,0,0,0,0,0,0,0,0,0,0,0,0,0,0,0,0,0,0,0,0,0
com slave_stop,0,0,0,0,0,0,0,0,0,0,0,0,0,0,0,0,0,0,0,0,0,0,0,0,0,0,0,0,0,0,0,0,0,0,0,0,0,0,0,0,0,0,0,0,0,0,0,0,0
com stmt_close,1,1.1111111111111112,1,1.1111111111111112,1.1111111111111112,1,0.888888888888889,0.8622,0.7621999999999999,0.5518333333333333,0.44976000000000005,0.4622,0.24146666666666666,0.1311,1.1087703736556158,1.122334455667789,0.1933082706766917,0.24343358395989978,0.2,0.2,0.2,0.25731829573934833,0.20719298245614032,0.15706766917293233,0.3839063278525162,0.48355754857997013,0.4,0.7106027232679215,0.8107228674409293,1.144492131616595,1.144492131616595,1.1123470522803114,1.145639409995704,0.9514344360112654,0.8933933933933934,0.7682682682682682,0.6431431431431431,0.4141,0.3141,0.6866382552018049,0.7117080994386528,0.8119486768243785,0.840216519647153,0.7399759422614274,0.6397353648757017,0.2,0.2,0.2,0.16361361361361362
com stmt_execute,1,1.1111111111111112,1,1.1111111111111112,1.1111111111111112,1,0.888888888888889,0.8622,0.7621999999999999,0.5518333333333333,0.44976000000000005,0.4622,0.24146666666666666,0.1311,1.1087703736556158,1.122334455667789,0.1933082706766917,0.24343358395989978,0.2,0.2,0.2,0.25731829573934833,0.20719298245614032,0.15706766917293233,0.3839063278525162,0.48355754857997013,0.4,0.7106027232679215,0.8107228674409293,1.144492131616595,1.144492131616595,1.1123470522803114,1.145639409995704,0.9514344360112654,0.8933933933933934,0.7682682682682682,0.6431431431431431,0.4141,0.3141,0.6866382552018049,0.7117080994386528,0.8119486768243785,0.840216519647153,0.7399759422614274,0.6397353648757017,0.2,0.2,0.2,0.16361361361361362
com stmt_fetch,0,0,0,0,0,0,0,0,0,0,0,0,0,0,0,0,0,0,0,0,0,0,0,0,0,0,0,0,0,0,0,0,0,0,0,0,0,0,0,0,0,0,0,0,0,0,0,0,0
com stmt_prepare,1,1.1111111111111112,1,1.1111111111111112,1.1111111111111112,1,0.888888888888889,0.8622,0.7621999999999999,0.5518333333333333,0.44976000000000005,0.4622,0.24146666666666666,0.1311,1.1087703736556158,1.122334455667789,0.1933082706766917,0.24343358395989978,0.2,0.2,0.2,0.25731829573934833,0.20719298245614032,0.15706766917293233,0.3839063278525162,0.48355754857997013,0.4,0.7106027232679215,0.8107228674409293,1.144492131616595,1.144492131616595,1.1123470522803114,1.145639409995704,0.9514344360112654,0.8933933933933934,0.7682682682682682,0.6431431431431431,0.4141,0.3141,0.6866382552018049,0.7117080994386528,0.8119486768243785,0.840216519647153,0.7399759422614274,0.6397353648757017,0.2,0.2,0.2,0.16361361361361362
com stmt_reprepare,0,0,0,0,0,0,0,0,0,0,0,0,0,0,0,0,0,0,0,0,0,0,0,0,0,0,0,0,0,0,0,0,0,0,0,0,0,0,0,0,0,0,0,0,0,0,0,0,0
com stmt_reset,0,0,0,0,0,0,0,0,0,0,0,0,0,0,0,0,0,0,0,0,0,0,0,0,0,0,0,0,0,0,0,0,0,0,0,0,0,0,0,0,0,0,0,0,0,0,0,0,0
com stmt_send_long_data,0,0,0,0,0,0,0,0,0,0,0,0,0,0,0,0,0,0,0,0,0,0,0,0,0,0,0,0,0,0,0,0,0,0,0,0,0,0,0,0,0,0,0,0,0,0,0,0,0
com truncate,0,0,0,0,0,0,0,0,0,0,0,0,0,0,0,0,0,0,0,0,0,0,0,0,0,0,0,0,0,0,0,0,0,0,0,0,0,0,0,0,0,0,0,0,0,0,0,0,0
com uninstall_plugin,0,0,0,0,0,0,0,0,0,0,0,0,0,0,0,0,0,0,0,0,0,0,0,0,0,0,0,0,0,0,0,0,0,0,0,0,0,0,0,0,0,0,0,0,0,0,0,0,0
com unlock_binlog,0,0,0,0,0,0,0,0,0,0,0,0,0,0,0,0,0,0,0,0,0,0,0,0,0,0,0,0,0,0,0,0,0,0,0,0,0,0,0,0,0,0,0,0,0,0,0,0,0
com unlock_tables,0,0,0,0,0,0,0,0,0,0,0,0,0,0,0,0,0,0,0,0,0,0,0,0,0,0,0,0,0,0,0,0,0,0,0,0,0,0,0,0,0,0,0,0,0,0,0,0,0
com update,0,0,0.888888888888889,34,68.11111111111111,94.77777777777779,135.44444444444446,131.377725,132.7316857142857,134.53696666666664,137.06436000000002,139.93105,110.22953333333335,79.4466,299.47887792438183,291.18343933158746,95.10766917293232,119.76932330827069,98.4,98.4,98.4,126.60060150375936,101.93894736842103,77.2772932330827,103.46275535625314,130.31875934230195,107.8,190.86789146976372,217.76016219463358,265.52217453505006,265.52217453505006,271.96885428253614,272.9485894314765,226.67925437968398,196.9039039039039,169.3263263263263,141.74874874874874,121.95245,92.50245,182.13079719227875,182.33961507618284,208.02125100240573,215.26347233360062,189.5818364073777,163.90020048115477,44,44,44,35.994994994995
com update_multi,0,0,0,0,0,0,0,0,0,0,0,0,0,0,0,0,0,0,0,0,0,0,0,0,0,0,0,0,0,0,0,0,0,0,0,0,0,0,0,0,0,0,0,0,0,0,0,0,0
com xa_commit,0,0,0,0,0,0,0,0,0,0,0,0,0,0,0,0,0,0,0,0,0,0,0,0,0,0,0,0,0,0,0,0,0,0,0,0,0,0,0,0,0,0,0,0,0,0,0,0,0
com xa_end,0,0,0,0,0,0,0,0,0,0,0,0,0,0,0,0,0,0,0,0,0,0,0,0,0,0,0,0,0,0,0,0,0,0,0,0,0,0,0,0,0,0,0,0,0,0,0,0,0
com xa_prepare,0,0,0,0,0,0,0,0,0,0,0,0,0,0,0,0,0,0,0,0,0,0,0,0,0,0,0,0,0,0,0,0,0,0,0,0,0,0,0,0,0,0,0,0,0,0,0,0,0
com xa_recover,0,0,0,0,0,0,0,0,0,0,0,0,0,0,0,0,0,0,0,0,0,0,0,0,0,0,0,0,0,0,0,0,0,0,0,0,0,0,0,0,0,0,0,0,0,0,0,0,0
com xa_rollback,0,0,0,0,0,0,0,0,0,0,0,0,0,0,0,0,0,0,0,0,0,0,0,0,0,0,0,0,0,0,0,0,0,0,0,0,0,0,0,0,0,0,0,0,0,0,0,0,0
com xa_start,0,0,0,0,0,0,0,0,0,0,0,0,0,0,0,0,0,0,0,0,0,0,0,0,0,0,0,0,0,0,0,0,0,0,0,0,0,0,0,0,0,0,0,0,0,0,0,0,0
handler delete,0,0,0,1.1111111111111112,2.2222222222222223,2.2222222222222223,4,3.8799,3.9198857142857135,3.9732,4.04784,4.1598,3.139066666666667,2.0976,19.736112651069963,20.2020202020202,7.345714285714285,9.250476190476192,7.6,7.6,7.6,9.778095238095236,7.873333333333332,5.968571428571428,4.798829098156453,6.044469357249627,5,10.659040849018822,12.160843011613938,15.02145922746781,15.02145922746781,16.129032258064516,17.18459114993556,14.27151654016898,12.507507507507508,10.755755755755754,9.004004004004004,8.282,6.282,12.187829029832036,11.244987971130714,12.82878909382518,13.275421010425017,11.691619887730553,10.107818765036088,1.6,1.6,1.6,1.308908908908909
handler discover,0,0,0,0,0,0,0,0,0,0,0,0,0,0,0,0,0,0,0,0,0,0,0,0,0,0,0,0,0,0,0,0,0,0,0,0,0,0,0,0,0,0,0,0,0,0,0,0,0
handler external_lock,116.22222222222221,119.55555555555557,144.22222222222223,663.1111111111111,1200.2222222222222,1641.3333333333335,2310.3333333333335,2229.972525,2242.9368285714286,2255.1220999999996,2285.11812,2306.2624499999997,1835.2674,1342.3328999999999,4900.3215434083595,4744.606559421374,1672.88977443609,2106.674235588973,1730.8,1730.8,1730.8,2226.8325313283203,1793.0480701754382,1359.2636090225565,1635.6329098156455,2060.1969357249627,1704.2,3107.7499499399282,3545.6153884661594,4311.73104434907,4311.73104434907,4333.481646273637,4358.728340254906,3619.8512411093607,3053.7972972972975,2626.094594594594,2198.391891891892,1825.97395,1385.02395,3095.0219353221355,3085.9663191659984,3520.609462710505,3643.1788291900557,3208.535685645549,2773.8925421010426,730,730,730,597.1896896896898
handler mrr_init,0,0,0,0,0,0,0,0,0,0,0,0,0,0,0,0,0,0,0,0,0,0,0,0,0,0,0,0,0,0,0,0,0,0,0,0,0,0,0,0,0,0,0,0,0,0,0,0,0
handler read_first,2.2222222222222223,2.2222222222222223,2,2.2222222222222223,1.8888888888888888,1.8888888888888888,2,1.832175,1.633285714285714,1.2140333333333333,1.01196,0.80885,0.6036666666666667,0.6555,2.2175407473112316,2.119965082928046,0.5799248120300751,0.7303007518796993,0.6,0.6,0.6,0.7719548872180451,0.6215789473684209,0.471203007518797,0.7678126557050324,0.9671150971599403,0.8,1.421205446535843,1.6214457348818585,2.28898426323319,2.28898426323319,2.2246941045606228,2.291278819991408,1.9028688720225309,1.7867867867867868,1.5365365365365364,1.2862862862862863,0.8282,0.6282,1.544936074204061,2.56214915797915,2.9230152365677626,3.024779470729751,2.6639133921411386,2.3030473135525265,1.8,1.8,1.8,1.4725225225225225
handler read_key,121.33333333333334,121.33333333333334,116.66666666666667,262.44444444444446,380.44444444444446,489.7777777777778,665.1111111111111,633.393675,627.9439142857143,613.0868333333333,612.2358,609.52625,477.5003333333333,351.61019999999996,1556.7136046124847,1540.3416884898365,435.5235338345864,548.4558646616542,450.6,450.6,450.6,579.7381203007518,466.8057894736841,353.87345864661654,428.05555555555554,539.1666666666667,446,953.9130957148578,1088.3143772527033,1320.0286123032904,1320.0286123032904,1278.754171301446,1326.9368466275241,1101.998935510048,854.7987987987988,735.0790790790791,615.3593593593594,469.79645,356.34645,943.6126222110803,959.809542902967,1094.9939855653568,1133.1159983961506,997.931555733761,862.7471130713714,249.2,249.2,249.2,203.86256256256257
handler read_last,0,0,0,0,0,0,0,0,0,0,0,0,0,0,0,0,0,0,0,0,0,0,0,0,0,0,0,0,0,0,0,0,0,0,0,0,0,0,0,0,0,0,0,0,0,0,0,0,0
handler read_next,0,0,0.33333333333333337,71.22222222222223,145.33333333333334,171.66666666666669,255.55555555555557,247.8825,250.43714285714282,253.8433333333333,258.612,265.41835000000003,200.2966,130.0512,1023.3950548841334,1056.8649457538345,248.01451127819547,312.32528822055144,256.6,256.6,256.6,330.1393734335839,265.82859649122804,201.51781954887218,194.64050822122573,245.16367713004485,202.8,564.787044453344,644.3625350420505,781.4020028612302,781.4020028612302,774.3047830923248,851.6396964055564,707.2725738698743,533.7132132132132,458.9634634634634,384.2137137137137,310.36795,235.41795000000002,581.5826021559287,588.7249398556536,671.6439454691258,695.027105052125,612.1080994386527,529.1890938251804,149.6,149.6,149.6,122.38298298298298
handler read_prev,0,0,0,0,0,0,0,0,0,0,0,0,0,0,0,0,0,0,0,0,0,0,0,0,0,0,0,0,0,0,0,0,0,0,0,0,0,0,0,0,0,0,0,0,0,0,0,0,0
handler read_rnd,55.55555555555556,55.55555555555556,50,55.55555555555556,44.44444444444444,50,55.55555555555556,48.49875,43.55428571428571,33.11,28.110000000000003,23.11,18.11,19.665,55.438518682780796,49.88153136301285,19.33082706766917,24.343358395989977,20,20,20,25.731829573934835,20.71929824561403,15.706766917293233,19.195316392625813,24.177877428998507,20,35.53013616339608,40.53614337204645,57.22460658082976,57.22460658082976,55.617352614015566,57.2819704997852,47.57172180056327,44.669669669669666,38.41341341341341,32.15715715715716,20.705000000000002,15.705000000000002,34.33191276009025,35.58540497193264,40.59743384121892,42.01082598235765,36.99879711307137,31.986768243785086,10,10,10,8.18068068068068
handler read_rnd_next,3509.3333333333335,3519.888888888889,3361.888888888889,3592,3383.4444444444443,3292.4444444444443,3306.5555555555557,2784.0438,2585.1646285714282,1995.0982333333334,1727.75304,1398.155,972.9899333333333,843.1040999999999,3606.053886240159,3588.6020700835516,959.9688721804511,1208.8911779448622,993.2,993.2,993.2,1277.8426566416038,1028.9203508771927,779.9980451127819,1296.8355754857998,1633.457399103139,1351.2,2398.710552663196,2736.6761113336006,3496.7095851216022,3496.7095851216022,3610.4560622914346,3680.6530144636977,3056.720984295193,2783.813813813814,2393.923923923924,2004.034034034034,1659.7128,1258.9128,12283.443406868888,427958.0513231756,488233.8331996792,505231.60368885315,444955.82181234966,384680.039935846,586999.8,586999.8,586999.8,480205.7923423423
handler update,0,0,1.5555555555555558,45.111111111111114,90.66666666666667,117.66666666666667,173.11111111111111,167.91344999999998,169.64394285714283,171.95126666666664,175.18152,178.4092,139.0848,97.27619999999999,508.37121632109984,509.53984287317627,162.57225563909773,204.72764411027572,168.2,168.2,168.2,216.40468671679196,174.249298245614,132.0939097744361,162.77628300946688,205.02840059790734,169.6,327.87209651581895,374.06753103724475,468.3834048640915,468.3834048640915,487.6529477196885,506.37261921810114,420.5340207169793,371.11561561561564,319.1386386386386,267.1616616616617,229.8255,174.3255,320.1450864878415,329.9478748997594,376.41940657578186,389.52437850842017,343.05284683239773,296.58131515637535,90.6,90.6,90.6,74.11696696696697
handler write,1255.4444444444446,1259.111111111111,1201.111111111111,1434.2222222222222,1540.888888888889,1681.8888888888891,1894.4444444444446,1647.1253250000002,1601.0555428571427,1424.2818333333332,1315.88532,1206.2264499999999,935.2004000000001,730.8824999999999,2766.382082270761,2722.9080932784636,851.5229323308271,1072.3249373433587,881,881,881,1133.4870927318293,912.685087719298,691.8830827067669,967.6358993522672,1218.8068011958146,1008.2,1806.067881457749,2060.5332398878654,2524.3204577968527,2524.3204577968527,2592.1023359288097,2615.2083631676933,2171.886958804716,1893.1006006006005,1627.9604604604604,1362.8203203203204,1171.4888999999998,888.5889,1659.776322386563,1710.37690457097,1951.2750601443463,2019.2083400160384,1778.3101844426624,1537.4120288692864,469.4,469.4,469.4,384.0011511511512
handler total commit,0,0,6.111111111111112,128.55555555555557,257.77777777777777,363.77777777777777,523.6666666666667,507.94357499999995,513.1783714285714,520.1580999999999,529.92972,538.2319,429.32773333333336,313.7223,1133.274198913405,1095.149021074947,385.65,485.6500000000001,399,399,399,513.3499999999999,413.3499999999999,313.35,376.42015445939217,474.1281763826607,392.2,715.2927012414898,816.0736383660393,989.2703862660944,989.2703862660944,996.7741935483871,1002.434483746241,832.5051315098572,701.8498498498499,603.5515515515515,505.2532532532532,423.62430000000006,321.3243,709.9839558786663,700.8901363271852,799.6070569366478,827.4452285485164,728.7283079390537,630.0113873295911,157.6,157.6,157.6,128.92752752752753
handler total prepare,0,0,0,0,0,0,0,0,0,0,0,0,0,0,0,0,0,0,0,0,0,0,0,0,0,0,0,0,0,0,0,0,0,0,0,0,0,0,0,0,0,0,0,0,0,0,0,0,0
handler total rollback,0,0,0,0,0.22222222222222224,0.22222222222222224,0.4444444444444445,0.4311,0.4355428571428571,0.4414666666666666,0.44976000000000005,0.4622,0.4829333333333333,0.2622,8.42665483978268,9.228083302157376,3.8661654135338344,4.868671679197996,4,4,4,5.1463659147869665,4.143859649122806,3.1413533834586467,2.6873442949676134,3.384902840059791,2.8,5.400580696836204,6.161493792551061,9.72818311874106,9.72818311874106,8.676307007786429,9.165115279965631,7.611475488090123,7.147147147147147,6.146146146146146,5.145145145145145,2.0705,1.5705,7.20970167961895,7.259422614274259,8.281876503608661,8.570208500400962,7.54775461106656,6.525300721732156,1.8,1.8,1.8,1.4725225225225225
handler total savepoint,0,0,0,0,0,0,0,0,0,0,0,0,0,0,0,0,0,0,0,0,0,0,0,0,0,0,0,0,0,0,0,0,0,0,0,0,0,0,0,0,0,0,0,0,0,0,0,0,0
handler total savepoint_rollback,0,0,0,0,0,0,0,0,0,0,0,0,0,0,0,0,0,0,0,0,0,0,0,0,0,0,0,0,0,0,0,0,0,0,0,0,0,0,0,0,0,0,0,0,0,0,0,0,0
cpu System,99.55555555555597,99.58333333333181,99.2222222222204,98.86111111111151,98.55555555555688,98.22222222221879,97.74999999999889,97.47222222222263,97.277777777779,97.08333333333535,96.83333333333243,96.86111111111082,96.94444444444343,96.9722222222193,97.08333333333535,97.19444444444385,97.16666666666546,97.4087624999998,97.08430523158644,97.30311735777707,97.02876818838246,96.94444444444343,97.16004062500062,96.69517884914826,96.6111111111104,96.55555555555364,96.79615272393846,96.55440702456434,96.80117789706566,96.47104590418907,96.58333333333454,97.13535493247934,97.12642770067139,97.53886428571522,96.94546262357143,96.97222222222182,96.91666666666757,97.00000000000273,97.08333333333535,97.30347291666781,96.97289491224133,97.60766072364368,97.31072478071928,97.1101478270561,97.16666666666546,97.24999999999808,97.19444444444385,97.19444444444385,97.6127957770708,97.3049566570342,97.33333333333576,97.38888888889001,97.24999999999808,97.22222222222727,97.22222222222221,97.5214249999997,97.79642499999875,97.0843052315915,97.05555555555443,97.02777777777605,96.97222222222435,97.27478645833385,96.94546262356891,96.8354430379763,96.82942987470454,96.79166666666296,93.94444444444112,93.88888888889191,93.91666666666778,93.88888888888687,94.14021083799106,94.1214444255864,94.44380897912475,94.47406420082255,97.05360473719125,97.04426686048747,96.86111111111082,96.86111111111082,96.91666666667011,96.9722222222193,97.89999999999782,97.89999999999782,97.05555555555443,97.11111111111121,97.48274166666636,97.27777777777646,97.22222222222221,97.27777777777646,97.50427812500291,97.92526789541552,97.62211454295577,97.61449918719737,97.86025476190802,98.07356250000107,98.31205000000224,97.14047751249376,97.08333333333283,96.99914261217438,96.99914261217438,96.9735673034203,98.05498874718488,98.19999999999823,98.19999999999823,98.04448612152845,98.34456114028343,96.83474011550331,96.81961120640248,96.81961120640248,96.81961120640248,99.40000000000055,98.04743000000332,97.84739409606246,97.61077758719215,97.1860930465244,97.0820364606512,97.09375000000193,97.78622478746458,97.75,97.75,96.88750555802356,96.84375000000216
cpu User,0.7777777777846495,0.8055555555680864,1.6111111111159617,2.5555555555709164,3.5277777777789905,4.444444444440402,5.805555555545855,6.722222222227478,7.4722222222084795,8.36111111111677,9.22222222221131,9.333333333324845,9.472222222211714,9.444444444448488,9.444444444458593,9.16666666665454,9.33333333333495,8.646846875019673,9.746751082978,8.94229507686064,9.913362212605096,10.1111111111196,9.380471875001252,10.580982004002749,10.694444444460613,10.611111111100197,9.783176503663075,10.614649327532604,9.79462343021243,10.892519728793637,10.638888888863423,9.296054091631156,9.325023834066712,8.184707142848398,10.246584471849186,10.138888888903038,10.249999999996364,10.055555555552726,9.833333333335759,9.007547916685867,9.85892023995476,7.724661759802659,8.775529662915483,9.864399244180378,9.91666666666586,9.777777777789096,9.833333333335759,9.805555555542217,8.846698002639961,9.779951100245713,9.805555555552322,9.722222222232329,9.555555555572129,9.66666666667556,9.63888888890223,8.731343750006149,7.812675000019572,9.830056647766291,10.08333333334627,10.250000000016573,10.19444444442949,9.409158333329993,10.496501166274674,12.71374639128944,19.513417952933466,19.74583333333461,26.666666666662625,26.52777777774544,26.444444444425447,26.75000000000283,25.845350265270632,25.92812192964475,23.006103445802275,15.939131400648677,9.640147607433208,9.67069968946396,10.750000000017382,10.694444444460613,10.444444444450102,10.444444444450102,7.679999999993016,7.679999999993016,10.30555555553292,10.22222222222303,9.096456249990425,9.999999999995959,10.027777777769288,10.111111111109496,9.237039583336673,8.298928418358896,9.370001027184909,9.400009155232972,8.327657142860089,7.320462500003449,6.291449999997766,10.383120488621877,10.694444444460615,10.860245784538971,10.860245784538971,10.856286095058355,7.415355401327929,6.862499999979263,6.862499999979263,7.455396661642888,6.311360652644097,10.495335406462573,10.363064608365828,10.363064608365828,10.363064608365828,2.1000000000094587,6.833995000008327,7.643310818325596,8.422009005155791,10.0050025012529,10.060026678531067,10.000000000002274,7.585869728287189,7.709999999999126,7.709999999999126,10.810360160069525,10.843750000003638
cpu Iowait,0,0,0.08333333333388913,0.1666666666671467,0.27777777777815676,0.3333333333336618,0.4166666666669193,0.4722222222224244,0.5000000000008085,0.5277777777779293,0.5555555555563135,0.5555555555556818,0.5277777777772978,0.4722222222224244,0.44444444444404024,0.4166666666662877,0.3611111111107827,0.3379874999990522,0.41652782405889965,0.3974353367483576,0.38875930245375234,0.3611111111114143,0.3155510416663797,0.36103088202651945,0.3611111111114143,0.38888888888853523,0.3146635717557891,0.38901856174181754,0.36800608263844115,0.4168056018675418,0.4166666666669193,0.3651018223302506,0.3662396067763611,0.3147964285711423,0.4442963456634155,0.44444444444404024,0.38888888888979845,0.38888888888853523,0.3611111111114143,0.3442374999996869,0.4165740946462026,0.28823364775320937,0.33969792243456814,0.3612315216183046,0.3611111111110985,0.38888888888885104,0.3611111111110985,0.38888888888821943,0.30893231120251974,0.33340742387230005,0.3333333333336618,0.3333333333336618,0.3611111111115722,0.38888888888932466,0.3888888888886931,0.3661531250004675,0.31479642857195567,0.38875930245517293,0.3888888888880615,0.4444444444441981,0.4166666666670772,0.3729239583329942,0.36099078085113057,0.30535198756419984,0.2882336477528817,0.29166666666573826,0.33333333333303017,0.3611111111114143,0.33333333333303017,0.3611111111107827,0.3963142428407049,0.3975834688004386,0.4051389286051028,0.4442963456634155,0.4576924680090708,0.4591430119630542,0.49999999999954525,0.5000000000001769,0.5277777777779293,0.4722222222217927,0.3599999999989905,0.3599999999989905,0.5277777777766662,0.5277777777766662,0.45768333333356737,0.49999999999954525,0.5000000000008085,0.44444444444404024,0.43029687500026087,0.34578868409806895,0.3680060826390847,0.3691846496016987,0.3180702380962637,0.29637500000040434,0.24552000000117236,0.47196002220913846,0.6666666666665341,0.7144898542440292,0.7144898542440292,0.638605064415708,0.48625281320401026,0.45000000000065654,0.45000000000065654,0.48887846961811754,0.413859714929336,0.44424700133296835,0.536020583189907,0.536020583189907,0.536020583189907,0.14999999999986358,0.30298500000087264,0.3119718701357169,0.3285180817617261,0.4064532266140033,0.44464206313908455,0.4062499999999858,0.3246870311715667,0.32999999999969987,0.32999999999969987,0.41685193419259553,0.43750000000031264
cpu Total,96.30555555599535,96.16666666697711,94.72222222248092,93.1388888889665,91.41666666708059,89.69444444454793,87.5277777771569,85.91666666648558,84.63888888945803,83.55555555446902,82.22222222183417,82.22222222183417,82.30555555589189,82.41666666581295,82.58333333263485,83.19444444560861,83.02777777813996,74.61074062497377,82.47250916412936,74.80300802404118,82.19482394847817,81.55555555454663,74.81428333287916,80.98200400017174,80.55555555555557,80.6944444445738,73.7743046866149,80.74913860126445,72.7802798816359,80.33233299900897,81.05555555666797,73.44163579865943,73.67050551608594,65.82107142790512,81.75052760110877,81.86111111168024,81.75000000046566,82.05555555501229,82.36111111149916,75.44538541613234,81.87069540161687,66.46667917285826,74.47876949407554,82.2218517285868,82.19444444403054,82.49999999987065,82.38888888930282,82.50000000051742,74.45268699924722,82.90731273639646,82.97222222123915,82.88888888912172,82.88888888912172,82.80555555506403,82.77777777726038,74.61074062431798,66.22172142761194,82.3336665559805,81.86111111103351,81.8333333338766,82.08333333346268,75.3593260417201,81.72275908141859,79.19720186614694,53.957338860101785,54.60000000059759,62.08333333359204,62.19444444480663,62.22222222196353,61.69444444434096,53.78550438491406,53.957756479447404,47.951086049462454,73.36443407796935,74.2033913757728,74.43856081431173,81.3333333327642,81.16666666723582,81.58333333299701,81.77777777762257,58.55999999865891,58.55999999865891,81.30555555496055,81.63888888860433,74.83122499976022,81.77777777762255,82.00000000005176,81.88888888948391,75.10114791714756,66.4778745173052,74.50707765364575,74.74569213407437,66.65017261918227,58.5340625,50.54642999991425,82.06551915553317,83.8333333325055,84.09545584382832,84.09545584382832,81.29720124332272,52.029051012149374,48.14999999944121,48.14999999944121,52.30999624845518,44.282989496860424,79.0482008002135,80.97484276782806,80.97484276782806,80.97484276782806,15.899999999674035,55.008610000282175,61.146486546877156,68.48108740689507,82.19734867445364,82.14762116576453,82.43750000110595,57.73525754308876,58.680000000167645,58.680000000167645,81.53623832773174,81.49999999950523
network receive eth0,723366.2222222222,722005.3333333334,971916.4444444444,1511475.5555555555,2009314.6666666667,2560894.2222222225,3307504.888888889,3847188.444444445,4324148.444444445,4751881.777777778,5227502.222222222,5466036.444444445,5403312.888888889,5379340.444444445,5313165.333333334,5036868.444444445,4977663.111111111,4487685.3625,4982716.872153726,4531735.76063976,4971368.654892813,4989858.666666667,4586760.8989,4990018.218173739,4992330.666666667,4991799.111111111,4566592.730315535,4986224.741580526,4523605.048400292,4990985.439590975,4974676.444444445,4460652.7463991,4474553.694036009,3982947.2746285712,4980801.954903921,4984275.555555556,4978671.111111111,4970975.111111111,4984312.888888889,4576026.1967,5009692.068429237,4032387.809727979,4516134.411690098,4998286.539957764,4993061.333333334,4998118.222222222,5007300.444444445,4980768.888888889,4469665.0321205305,4978187.1527006,4969025.777777778,5003930.666666667,4992296.888888889,4989190.222222222,4990011.555555556,4494517.2165,4013155.8267428577,5001461.7349772295,4995354.666666667,5009550.222222222,4978234.666666667,4569513.223199999,4995238.031767189,5000660.892738175,3934014.818684198,3980871.0666666673,4986872,4989601.777777778,4982448,4996051.555555556,4518068.425195162,4532537.876739492,4037859.0348870456,5082874.597356437,4563671.736984703,4578135.174573798,4995756.444444445,5001095.111111111,4992589.333333334,4982927.111111111,3577801.9200000004,3577801.9200000004,4992727.111111111,4999724.444444445,4566418.2913999995,4988041.777777778,4990601.777777778,4988530.666666667,4584534.829733333,4014661.0264609233,4502867.169631468,4517287.938019614,4027391.9379809527,3541118.8488,3055110.44256,4982960.577456968,5097799.111111111,5127753.072306373,5127753.072306373,4977745.002221236,3217130.302625656,2977275.6,2977275.6,3234502.0865716427,2738165.4024006003,4862090.626388272,4980729.559748427,4980729.559748427,4980729.559748427,987712,3342573.6112,3726853.8964198353,4159611.372784448,4972510.255127563,4973683.414851045,4975587,3527907.126827805,3585635.5199999996,3585635.5199999996,4967917.296576256,4956050
network receive lo,1394972.4444444445,1394979.5555555555,1396896.888888889,1397586.6666666667,1398371.5555555555,1399595.5555555555,1402223.1111111112,1404078.2222222222,1410533.3333333335,1418540.4444444445,1429767.1111111112,1436561.7777777778,1280872,1439929.7777777778,1444071.1111111112,1444904.888888889,1448816.888888889,1305335.6653,1457802.0659780072,1320449.15547384,1459863.6010218817,1632432,1360683.6306666664,1498606.531881804,1505028.4444444445,1501752,1367447.7866700015,1485410.69245304,1340540.3997641972,1479629.2097365789,1470904.888888889,1313883.0532383095,1317977.570467617,1169299.0854857143,1500196.8232811284,1513480.888888889,1524292.4444444445,1532873.7777777778,1538877.3333333335,1420007.2264999999,1548894.023550322,1238623.4568624648,1389781.1988781507,1528942.5364010227,1522229.3333333335,1514811.5555555555,1508960,1507780.4444444445,1176084.4136909228,1321679.484329851,1313267.5555555555,1300027.5555555555,1293332.4444444445,1284669.3333333335,1282729.7777777778,1133126.0769,977686.7348571429,1431154.0597578585,1432998.2222222222,1434249.7777777778,1440130.6666666667,1324076.9559333331,1452130.1788292793,1462465.9116144793,1201525.711114287,1215836.5333333334,1484346.6666666667,1484648,1323848,1488868.4444444445,1347250.1131281373,1351564.78222905,1200843.8228004957,1304767.744085305,1347674.5566670836,1351945.6804384976,1488372.4444444445,1659380.4444444445,1494622.2222222222,1494232,1257729.6,1257729.6,1664533.3333333335,1504261.3333333335,1374879.8179666665,1501991.1111111112,1330983.1111111112,1498133.3333333335,1380666.8470333333,1204169.902986141,1352300.2889083405,1356631.1315743404,1204767.7106285715,1053063.5272,906083.70336,1699446.973903387,1547560,1573814.2326378967,1573814.2326378967,1582536.6503776102,1025438.4593148285,948986.4,948986.4,1030975.5975993999,872771.6466116529,1537946.6903598402,1515868.4962835903,1515868.4962835903,1515868.4962835903,297692.8,1026285.8739199999,1146534.0593729154,1288270.6363636362,1548951.4757378688,1549316.140506892,1556148,1100648.892548758,1118659.2,1118659.2,1561085.815918186,1559630
network transmit eth0,692848,691231.1111111111,943161.7777777778,1484434.6666666667,1983263.1111111112,2536656.888888889,3286325.3333333335,3872174.2222222225,4470440,5039814.222222222,5637490.666666667,5978346.666666667,5967223.111111111,6028178.666666667,6031850.666666667,5816975.111111111,5791796.444444445,5192230.6712,5718546.262356992,5161497.714685564,5724695.323780962,5797855.111111111,5334794.4942,5806179.960008887,5833582.222222222,5830445.333333334,5333271.552707266,5792989.663221074,5192222.957587667,5730394.575969768,5698057.777777778,5141708.518179545,5157731.872818204,4587136.632342857,5786640.008885927,5816481.777777778,5832471.111111111,5828063.111111111,5852945.777777778,5380279.742533333,5860793.601421906,4662608.605259397,5256807.232462173,5784481.049238635,5771389.333333334,5778992.888888889,5796588.444444445,5734967.111111111,5070944.8199924985,5635034.452100467,5663434.666666667,5644800.888888889,5640073.777777778,5616763.555555556,5598388.444444445,5009291.1063,4474867.634057144,5727287.348661557,5734330.666666667,5721423.111111111,5691725.333333334,5238139.947933333,5804973.453293347,5820624.47257384,4475618.29450717,4528925.333333334,5801664,5881173.333333334,5931186.666666667,6028901.333333334,5450583.609474981,5468039.51053788,4910444.018206081,6277446.184605131,5679652.297111417,5697652.5612104535,6202239.111111111,6250518.222222222,6222440.888888889,6212291.555555556,4515236.160000001,4515236.160000001,6279849.777777778,6247650.666666667,5694093.272,6207222.222222222,6165189.333333334,6202487.111111111,5716210.562166667,5112823.184140592,5718535.518969613,5736849.556033513,5120963.218666667,4532238.5784,3944289.60288,6565675.069405885,6666154.666666667,6653624.464132609,6653624.464132609,6410595.290981786,4001225.28232058,3702912,3702912,4022831.0037509375,3405524.6771692922,6150710.795202133,6318186.392224127,6318186.392224127,6318186.392224127,1224915.2,4144543.9344000006,4596376.901311985,5133028.368210406,6110134.067033516,6077528.679413073,6068609,4293663.189304884,4363921.92,4363921.92,6100566.47398844,6103159
network transmit lo,1394972.4444444445,1394979.5555555555,1396896.888888889,1397586.6666666667,1398371.5555555555,1399595.5555555555,1402223.1111111112,1404078.2222222222,1410533.3333333335,1418540.4444444445,1429767.1111111112,1436561.7777777778,1280872,1439929.7777777778,1444071.1111111112,1444904.888888889,1448816.888888889,1305335.6653,1457802.0659780072,1320449.15547384,1459863.6010218817,1632432,1360683.6306666664,1498606.531881804,1505028.4444444445,1501752,1367447.7866700015,1485410.69245304,1340540.3997641972,1479629.2097365789,1470904.888888889,1313883.0532383095,1317977.570467617,1169299.0854857143,1500196.8232811284,1513480.888888889,1524292.4444444445,1532873.7777777778,1538877.3333333335,1420007.2264999999,1548894.023550322,1238623.4568624648,1389781.1988781507,1528942.5364010227,1522229.3333333335,1514811.5555555555,1508960,1507780.4444444445,1176084.4136909228,1321679.484329851,1313267.5555555555,1300027.5555555555,1293332.4444444445,1284669.3333333335,1282729.7777777778,1133126.0769,977686.7348571429,1431154.0597578585,1432998.2222222222,1434249.7777777778,1440130.6666666667,1324076.9559333331,1452130.1788292793,1462465.9116144793,1201525.711114287,1215836.5333333334,1484346.6666666667,1484648,1323848,1488868.4444444445,1347250.1131281373,1351564.78222905,1200843.8228004957,1304767.744085305,1347674.5566670836,1351945.6804384976,1488372.4444444445,1659380.4444444445,1494622.2222222222,1494232,1257729.6,1257729.6,1664533.3333333335,1504261.3333333335,1374879.8179666665,1501991.1111111112,1330983.1111111112,1498133.3333333335,1380666.8470333333,1204169.902986141,1352300.2889083405,1356631.1315743404,1204767.7106285715,1053063.5272,906083.70336,1699446.973903387,1547560,1573814.2326378967,1573814.2326378967,1582536.6503776102,1025438.4593148285,948986.4,948986.4,1030975.5975993999,872771.6466116529,1537946.6903598402,1515868.4962835903,1515868.4962835903,1515868.4962835903,297692.8,1026285.8739199999,1146534.0593729154,1288270.6363636362,1548951.4757378688,1549316.140506892,1556148,1100648.892548758,1118659.2,1118659.2,1561085.815918186,1559630
Reads completed vda,0,0,13.11111111111111,13.222222222222223,13.333333333333334,13.444444444444446,14,14.333333333333334,14.555555555555557,14.777777777777777,15.333333333333334,2.4444444444444446,2.888888888888889,2.888888888888889,3.1111111111111116,2.888888888888889,2.555555555555556,2.3659125,2.6657780739753414,2.1575061137787612,1.8882594690658667,1.3333333333333335,1.2622041666666666,0.9997778271495223,0.6666666666666667,0.7777777777777779,0.686538702013255,0.8891852839835501,1.0190937673055966,1.2226297654773812,1.3333333333333335,1.4604072893223305,1.4649584271067766,1.4881285714285715,7.553037876263467,7.555555555555555,7.333333333333334,7.222222222222223,7.222222222222223,7.343733333333333,7.220617640524327,1.0376411319136771,1.0190937673055966,1.000333444481494,0.5555555555555556,1.1111111111111112,1.1111111111111112,0.888888888888889,0.6740341335333834,0.8890864636585908,1,1.1111111111111112,1.1111111111111112,1.1111111111111112,0.5555555555555556,0.5633125,0.5723571428571429,0.44429634566255694,0.22222222222222224,0.11111111111111112,0.11111111111111112,0.11474583333333332,0.6664445184938353,0.9993337774816788,48.88442665904435,49.46666666666667,112.11111111111111,112.11111111111111,112.33333333333334,112.22222222222221,114.36496721985029,114.73122956823094,116.56425745877418,67.86626679995557,2.975001042057438,2.984429577758326,3.1111111111111116,2.888888888888889,2.888888888888889,2.555555555555556,0.4800000000000001,0.4800000000000001,1.6666666666666667,1.6666666666666667,1.4874708333333333,1.4444444444444444,1.4444444444444444,1.5555555555555558,1.37695,0.3457886840977283,0.3396979224351989,0.340785830400686,0.34698571428571434,0.35564999999999997,0.36828000000000005,0.6662965019433648,0.7777777777777779,0.7144898542440697,0.7144898542440697,0.6663705019991115,0.48625281320330077,0.45,0.45,0.48887846961740433,0.4138597149287322,0.5553087516659263,0.5717552887364208,0.5717552887364208,0.5717552887364208,0,0.8079599999999999,0.7487324883255504,0.8362278444825615,0.8754377188594296,0.7781236104935527,0.875,0.11806801133522253,0.12,0.12,0.2223210315695865,0.25
Writes completed vda,1.1111111111111112,1.1111111111111112,24.11111111111111,58,105.22222222222221,138.11111111111111,198.22222222222223,234.55555555555557,253.22222222222223,274.22222222222223,299.8888888888889,300.8888888888889,291.22222222222223,270.11111111111114,252.8888888888889,210.44444444444443,189.22222222222223,172.7116125,206.59780073308897,184.8642080648328,199.6001332889037,198,177.39705833333332,202.8438124861142,211.55555555555557,218.55555555555557,188.4548737026385,205.62409692119596,187.40002054341807,206.40213404468153,204.8888888888889,177.04629907476868,177.5980370092523,153.16277142857143,199.93335554815062,200.66666666666669,198.44444444444446,197,193,177.39705833333332,199.40013330371028,147.34504073174216,170.0754264992229,188.17383572301878,188.44444444444446,187.55555555555557,184.77777777777777,190.77777777777777,173.9008064516129,192.59835519004224,197.11111111111111,193.33333333333334,193.33333333333334,190.33333333333334,190.44444444444446,175.8661625,153.50618571428572,188.15950238809285,182.55555555555557,182.55555555555557,183.88888888888889,167.9879,182.82794624014215,198.8674217188541,251.800914677719,254.8,294.11111111111114,291.6666666666667,284.8888888888889,275.44444444444446,255.5660703120813,256.3845397381161,224.09970450862642,172.38698211707208,144.401973656788,144.8596202742695,169.55555555555557,176.77777777777777,195.11111111111111,194,138.00000000000003,138.00000000000003,175.55555555555557,178.22222222222223,154.23928333333333,165.33333333333334,162.55555555555557,150.11111111111111,140.21940833333332,130.47759679954282,142.67312742278355,143.13004876828808,122.94860476190476,111.79265000000001,98.57628,178.6785119378123,193.44444444444446,200.20005715918836,200.20005715918836,196.1350510884052,128.8569954988747,119.25,119.25,129.55279444861213,109.67282445611404,177.25455353176366,188.10748999428242,188.10748999428242,188.10748999428242,42.6,139.10378,145.00452523904826,161.39197398513437,187.9689844922461,190.30680302356603,187.375,124.32561593598932,126.35999999999999,126.35999999999999,174.29968875055582,179.875
Read time vda,NaN,NaN,0.000618644067768493,0.0006218487395002005,0.0006249999999757468,0.0006198347107197489,0.0006111111110912466,0.0006201550387168239,0.000625954198434181,0.0006240601503663115,0.0006231884057658887,0.0006363636364932807,0.0006538461538394375,0.0006153846155099857,0.00064285714298811,0.0006538461538394375,0.0006086956522979207,0.0005714285715449868,0.000583333333149009,0.0005789473683475272,0.0005882352938094889,0.0004999999994955335,0.0005454545449042184,0.0005555555552645172,0.0006666666668024845,0.0005714285715449867,0.0006666666668024847,0.0006250000005820765,0.000555555556072957,0.0005454545455656693,0.0005000000001018633,0.00046153846163248934,0.00046153846163248934,0.0004615384616324893,0.000426470588268678,0.00039705882355680364,0.0003939393939094082,0.0003999999999695529,0.0004000000000814907,0.000406250000082764,0.00039999999996955297,0.0003333333329970225,0.00033333333299702243,0.0003333333329970224,0.0004000000000814907,0.00029999999969732016,0.00029999999969732016,0.000249999999141437,0.00033333333340124227,0.0003749999996216502,0.00033333333299702243,0.00029999999969732016,0.00029999999969732016,0.00029999999969732016,0.0004000000000814907,0.0004000000000814907,0.00040000000008149077,0.00024999999914143695,0,0,0.0010000000038417056,0.0010000000038417056,0.0005000000007081933,0.0004444444445349897,0.001518867924528851,0.001518867924528851,0.0014420218037678356,0.0014420218037678356,0.0014401582591548842,0.0014405940594076697,0.0014405940594076697,0.0014405940594076694,0.0014438927507499308,0.0013551554828172485,0.0006538461538394376,0.0006538461538394375,0.00064285714298811,0.0006538461538394375,0.0006538461538394375,0.0006956521737384205,0.0005000000001018634,0.0005000000001018634,0.0005999999998797041,0.0005999999998797041,0.0006153846149502967,0.0006153846149502967,0.0006153846149502967,0.0005714285710252754,0.000583333333149009,0.00033333333461390186,0.00033333333461390186,0.00033333333461390186,0.0003333333346139018,0.0003333333346139019,0.0003333333346139019,0.00033333333340124227,0.0004285714291784513,0.00040000000008149066,0.00040000000008149066,0.00033333333340124227,0.00033333333461390186,0.0003333333346139019,0.0003333333346139019,0.00033333333461390186,0.00033333333461390186,0.00040000000008149066,0.0005000000001018633,0.0005000000001018633,0.0005000000001018633,NaN,0.0003333333334012423,0.00033333333340124227,0.0004285714281390287,0.00042857142813902883,0.0004285714281390288,0.00042857142813902883,0.000999999996565748,0.000999999996565748,0.000999999996565748,0.000499999998282874,0.000499999998282874
Write time vda,0.0005000000004656613,0.0004999999990104697,0.0009999999999522537,0.0010210727969547145,0.0010485744456200762,0.0010201126307291964,0.0010246636771348737,0.0009891046897221108,0.0009815708644114584,0.0009740680713107756,0.0009625787328687252,0.0009409158050257677,0.0009042350247979181,0.0008560263266168605,0.0008321616871705768,0.0007571277719080413,0.0007375220199612135,0.00072146118721446,0.0007612903225792682,0.0007499999999941362,0.0007551474680042343,0.0007721661055015948,0.0007794307891343766,0.0007645125958422324,0.0007594537815106485,0.000764107778341115,0.0007128111718269998,0.0007205405405398483,0.00070815709969268,0.0007145934302586006,0.0007288503253781574,0.0007449238578674294,0.0007449238578674294,0.0007653213751905004,0.0007633333333392834,0.0008460686600253069,0.0008359462486014624,0.0008403835307418154,0.0008226827864155011,0.0008111254851234249,0.0007910863509739576,0.0007762128325495856,0.0007576564580504226,0.0007613703484877469,0.0006686320754749242,0.0006599526066358986,0.0006488274203234543,0.0006598718695408444,0.0006492248062045584,0.0006526255049096932,0.0006730552423918508,0.0006781609195445787,0.0006706896551731497,0.0006584938704010352,0.0006616102683812552,0.0006630365150566896,0.0006614466815827327,0.0006989374262065112,0.000684114424830285,0.000687766281186917,0.0006882175226559374,0.0006837431694015312,0.0007083839611163056,0.0010145170295898715,0.0018012820512858894,0.0018012820512858891,0.001699282206273845,0.0017070476190475304,0.001719968798753312,0.0017434449374748352,0.0018218874612289382,0.001821887461228938,0.0017308884297495407,0.0007235824742218535,0.0005198098256756558,0.0005198098256756558,0.0005530799475736058,0.00055688246385833,0.000591116173120994,0.0005939289805333195,0.000611304347833578,0.000611304347833578,0.0005886075949414981,0.0005847880299218485,0.0005608308605296339,0.0005584677419392392,0.0005495557074529906,0.0005092524056214988,0.0005122749590747052,0.0005159010600600788,0.0005198412698403459,0.000519841269840346,0.0005174035747910729,0.0005249204666064637,0.0005230386052282114,0.0005518955873161807,0.0011970132107998626,0.001355460385442462,0.001355460385442462,0.0011800679501713254,0.0019383647798892967,0.0019383647798892965,0.0019383647798892965,0.0019383647798892967,0.0019383647798892965,0.000543859649124193,0.0005524316109414531,0.0005524316109414531,0.0005524316109414531,0.0005399061033109797,0.0006302032913824017,0.0006187607573126698,0.0006091783863833887,0.0005988023952057081,0.0005911214953285308,0.000598398932619884,0.0005745489078783719,0.0005745489078783718,0.0005745489078783718,0.0005988520408153613,0.0006052814454476617
IO time vda,0.0012222222222691118,0.0012222222220670017,0.0134444444443539,0.02588888888890829,0.03822222222232894,0.049666666666679606,0.06300000000010186,0.0738888888887838,0.08033333333332848,0.08933333333334303,0.09977777777789419,0.09777777777768885,0.0968888888890231,0.0949999999999515,0.09166666666674751,0.08711111111107231,0.08322222222240169,0.07762446250003444,0.0887481950459923,0.07994127916313955,0.08508275019453967,0.08244444444446547,0.07412580833340679,0.08364807820470918,0.08755555555540519,0.08999999999994342,0.08032502813547257,0.08758475047243144,0.08050840761706635,0.08747360231191084,0.0873333333333398,0.07616585708925924,0.07640321642909416,0.06444741428572595,0.08474952793502281,0.0861111111112728,0.08644444444447194,0.0861111111110707,0.08688888888880482,0.08055157499992152,0.08831370806488255,0.07044430351111913,0.07982901177226351,0.08647326886742775,0.08577777777766946,0.08599999999993695,0.0856666666667378,0.08544444444447032,0.07942368873472128,0.08724160924648305,0.0844444444444687,0.08288888888900045,0.08333333333333334,0.08355555555560083,0.08277777777786671,0.07582186250007705,0.06776708571434902,0.08163945351555948,0.08255555555559921,0.08255555555559921,0.08355555555560083,0.07745343750012522,0.0790847495278834,0.08116811014876385,0.08958301772188584,0.0906500000000051,0.1242222222222659,0.12433333333339962,0.12566666666660037,0.1254444444443329,0.12421620697044304,0.12461401864982273,0.11505945572381238,0.10985227146502033,0.0853596452835548,0.08563017173097227,0.09199999999994665,0.09377777777768238,0.09588888888902147,0.09466666666675236,0.06768000000003668,0.06768000000003668,0.0906666666667459,0.09322222222221575,0.08615888750006992,0.09344444444448326,0.09433333333335112,0.09377777777768238,0.08697734166664496,0.08126034076295777,0.0885479251146895,0.08883150645769285,0.07645251904762577,0.06852189999994307,0.060152399999973204,0.09739033870076706,0.09822222222222385,0.09788511003136477,0.09788511003136477,0.09928920479789348,0.0638612028007379,0.05910000000003492,0.05910000000003492,0.06420603900979037,0.054353575894005614,0.096068414038181,0.0993424814179115,0.0993424814179115,0.0993424814179115,0.02319999999999709,0.06531010000007839,0.06963212141438876,0.07848595626084731,0.09442221110568016,0.09604268563801446,0.09349999999994907,0.06623615435902376,0.06731999999996333,0.06731999999996333,0.0880391285014964,0.08987499999989268
mem_Used%,31.874244587115253,31.607690850347957,31.891518403960106,31.87713199931512,31.893696627198608,31.912895385510055,31.999011187962434,32.03715542281339,32.09561285577224,32.1365938464687,32.293932483184626,32.36525663015695,32.35497339021705,32.37001832746902,32.36870126225504,32.37746481156343,32.38992627474183,32.433895990346926,32.55233054689614,32.72202933408169,32.72557527888856,32.713671035608385,32.72101620699402,32.72456215180088,32.73368029558996,32.75900847278184,32.77886576370026,32.805511006106116,32.818631001891504,32.579634321908976,32.55754815139766,32.57796266221431,32.61245963954964,32.611750450588275,32.70389435921231,32.723498368358825,32.72086423793087,32.72177605230978,32.72268786668868,32.738543305610804,32.749383765448925,32.752575115775095,32.74143071781067,32.74219056312643,32.765644455206115,32.89562866055481,32.70723767860164,32.6178798694687,32.58480127005612,32.59457794645218,32.56170197245712,32.56443741559385,32.56529857361837,32.6331780884926,32.609876165476074,32.60121392887645,32.66448371550176,32.66585143707012,32.67613467701002,32.69447227729694,32.89279190470932,32.97987017789499,32.98812716365954,33.01411387345839,33.025410240485975,33.02059788681952,33.03792236001877,32.853482573707524,32.85966264894235,32.81371733551628,32.81706065490562,32.82815439651565,32.834385128104856,32.86933801262965,32.890512368762046,33.12961036145335,33.135334529498714,33.126672292899094,32.944056135345676,32.938230654591536,33.03675726386793,33.05772899458282,33.07206474287341,33.04278537003961,33.03913811252397,33.04445702973426,33.08807215085867
descriptor_used /dev/vda1,0.9953934169479898,0.9953934169479898,0.995393391516504,0.995393391516504,0.995393391516504,0.995393391516504,0.995393391516504,0.995393391516504,0.995393391516504,0.995393391516504,0.995393391516504,0.995393391516504,0.995393391516504,0.995393391516504,0.995393391516504,0.995393391516504,0.995393391516504,0.995393391516504,0.995393391516504,0.995393391516504,0.995393391516504,0.995393391516504,0.995393391516504,0.995393391516504,0.995393391516504,0.995393391516504,0.995393391516504,0.995393391516504,0.995393391516504,0.995393391516504,0.995393391516504,0.995393391516504,0.995393391516504,0.995393391516504,0.995393391516504,0.995393391516504,0.995393391516504,0.995393391516504,0.995393391516504,0.995393391516504,0.995393391516504,0.995393391516504,0.995393391516504,0.995393391516504,0.995393391516504,0.995393391516504,0.995393391516504,0.995393391516504,0.995393391516504,0.995393391516504,0.995393391516504,0.995393391516504,0.995393391516504,0.995393391516504,0.9953933025063034,0.9953933025063034,0.9953933025063034,0.9953933025063034,0.9953933025063034,0.9953933025063034,0.9953933025063034,0.9953933025063034,0.9953933025063034,0.9953933025063034,0.9953933025063034,0.9953933025063034,0.9953933025063034,0.9953933025063034,0.9953933025063034,0.9953933025063034,0.9953933025063034,0.9953933025063034,0.9953933025063034,0.9953933025063034,0.9953933025063034,0.9953933025063034,0.9953933025063034,0.9953933025063034,0.9953933025063034,0.9953933025063034,0.9953933025063034,0.9953933025063034,0.9953933025063034,0.9953933025063034,0.9953933025063034,0.9953933025063034,0.9953933025063034
thread_connect,1,9,6,5,7,13,15,27,56,44,51,36,32,19,48,57,44
threads_running,1,2,1,1,1,2,7,5,25,24,29,23,15,6,20,33,21
lock_wait,6693,6696,6720,6743,6765,6793,7024,7081,7526,7594,7657,7689,7744,8072,8164,8274,9468
bytes_received,638235866,638255037,638420181,638585593,638726466,638935734,640190139,640460555,643271227,643560622,643997820,644273041,644567107,646798987,647383113,647506144,653538691
questions,2156705,2156805,2158044,2159322,2160385,2161978,2171847,2174086,2195823,2198053,2201525,2203690,2205984,2223358,2228020,2228935,2276229
queries,2301913,2302014,2303258,2304539,2305603,2307199,2317094,2319337,2341131,2343367,2346848,2349021,2351321,2368735,2373409,2374326,2421750
abort,327,327,327,327,327,327,327,327,327,327,327,327,327,327,327,327,327
mysql_global_status_threads_cached,10,2,6,7,5,0,3,0,6,1,5,6,1,7,8,7,4
select_full_range_join,0,0,0,0,0,0,0,0,0,0,0,0,0,0,0,0,0
select_full_join,0,0,0,0,0,0,0,0,0,0,0,0,0,0,0,0,0
Thread Cache Size,11,11,11,11,11,11,11,11,11,11,11,11,11,11,11,11,11
Threads Cached,10,2,6,7,5,0,3,0,6,1,5,6,1,7,8,7,4
Created Tmp Tables,6389257,6389387,6389522,6389648,6389779,6389915,6390999,6391258,6393806,6394072,6394476,6394747,6395015,6396880,6397414,6397551,6403315
Free Memory,1031832,1031832,1031832,1031832,1031832,1031832,1031832,1031832,1031832,1031832,1031832,1031832,1031832,1031832,1031832,1031832,1031832
open_files,61,61,62,63,63,63,72,73,75,75,76,76,76,77,78,89,95
innodb_num_open_files,30,30,30,30,30,30,30,30,30,30,30,30,30,30,30,30,30
Query Cache Size,1048576,1048576,1048576,1048576,1048576,1048576,1048576,1048576,1048576,1048576,1048576,1048576,1048576,1048576,1048576,1048576,1048576
table_open_cache,2000,2000,2000,2000,2000,2000,2000,2000,2000,2000,2000,2000,2000,2000,2000,2000,2000
process state after create,0,0,0,0,0,0,0,0,0,0,0,0,0,0,0,0,0
process state altering table,0,0,0,0,0,0,0,0,0,0,0,0,0,0,0,0,0
process state analyzing,0,0,0,0,0,0,0,0,0,0,0,0,0,0,0,0,0
process state checking permissions,0,0,0,0,0,0,0,0,0,0,0,0,0,0,0,0,0
process state checking table,0,0,0,0,0,0,0,0,0,0,0,0,0,0,0,0,0
process state cleaning up,0,0,0,0,0,0,0,0,0,0,0,0,0,0,0,0,0
process state closing tables,0,0,0,0,0,0,0,0,0,0,0,0,0,0,0,0,0
process state converting heap to myisam,0,0,0,0,0,0,0,0,0,0,0,0,0,0,0,0,0
process state copying to tmp table,0,0,0,0,0,0,0,0,0,0,0,0,0,0,0,0,0
process state creating sort index,0,0,0,0,0,0,0,0,0,0,0,0,0,0,2,7,0
process state creating table,0,0,0,0,0,0,0,0,0,0,0,0,0,0,0,0,0
process state creating tmp table,0,0,0,0,0,0,0,0,0,0,0,0,0,0,0,0,0
process state deleting,0,0,0,0,0,0,0,0,0,0,0,0,0,0,0,0,0
process state end,0,0,0,0,0,0,0,0,0,0,0,0,0,0,0,0,0
process state executing,0,0,0,0,0,0,0,0,0,0,1,0,0,0,0,0,7
process state execution of init_command,0,0,0,0,0,0,0,0,0,0,0,0,0,0,0,0,0
process state flushing tables,0,0,0,0,0,0,0,0,0,0,0,0,0,0,0,0,0
process state freeing items,0,0,0,0,0,0,0,0,0,0,0,0,0,0,0,0,0
process state fulltext initialization,0,0,0,0,0,0,0,0,0,0,0,0,0,0,0,0,0
process state idle,0,7,4,4,6,11,8,21,31,19,21,12,14,13,27,25,23
process state init,0,0,0,0,0,0,0,0,0,0,0,0,0,0,0,0,0
process state killed,0,0,0,0,0,0,0,0,0,0,0,0,0,0,0,0,0
process state logging slow query,0,0,0,0,0,0,0,0,0,0,0,0,0,0,0,0,0
process state login,0,0,0,0,0,0,0,0,0,0,0,0,0,0,0,0,0
process state manage keys,0,0,0,0,0,0,0,0,0,0,0,0,0,0,0,0,0
process state opening tables,0,0,0,0,0,0,0,0,0,0,0,0,0,0,0,0,0
process state optimizing,0,0,0,0,0,0,0,0,0,0,0,0,0,0,0,0,0
process state other,0,0,1,0,0,1,0,2,0,0,1,0,2,0,1,0,0
process state preparing,0,0,0,0,0,0,0,0,0,0,0,0,0,0,0,0,0
process state reading from net,0,0,0,0,0,0,0,0,0,0,0,0,0,0,0,0,0
process state removing duplicates,0,0,0,0,0,0,0,0,0,0,0,0,0,0,0,0,0
process state removing tmp table,0,0,0,0,0,0,0,0,0,0,0,0,0,0,0,0,0
process state reopen tables,0,0,0,0,0,0,0,0,0,0,0,0,0,0,0,0,0
process state repair by sorting,0,0,0,0,0,0,0,0,0,0,0,0,0,0,0,0,0
process state repair done,0,0,0,0,0,0,0,0,0,0,0,0,0,0,0,0,0
process state repair with keycache,0,0,0,0,0,0,0,0,0,0,0,0,0,0,0,0,0
process state replication master,0,0,0,0,0,0,0,0,0,0,0,0,0,0,0,0,0
process state rolling back,0,0,0,0,0,0,0,0,0,0,0,0,0,0,0,0,0
process state searching rows for update,0,0,0,0,0,0,0,0,0,0,0,0,0,0,0,0,0
process state sending data,0,0,0,0,0,0,0,0,0,0,0,0,0,0,0,0,0
process state sorting for group,0,0,0,0,0,0,0,0,0,0,0,0,0,0,0,0,0
process state sorting for order,0,0,0,0,0,0,0,0,0,0,0,0,0,0,0,0,0
process state sorting index,0,0,0,0,0,0,0,0,0,0,0,0,0,0,0,0,0
process state sorting result,0,0,0,0,0,0,0,0,0,0,0,0,0,0,0,0,0
process state statistics,0,0,0,0,0,0,0,0,0,0,0,1,0,0,0,0,0
process state updating,0,1,0,0,1,1,6,4,24,23,28,21,14,5,17,24,13
process state waiting for lock,0,0,0,0,0,0,0,0,0,0,0,1,0,0,0,0,0
process state waiting for table flush,0,0,0,0,0,0,0,0,0,0,0,0,0,0,0,0,0
process state waiting for tables,0,0,0,0,0,0,0,0,0,0,0,0,0,0,0,0,0
process state waiting on cond,0,0,0,0,0,0,0,0,0,0,0,0,0,0,0,0,0
process state writing to net,0,0,0,0,0,0,0,0,0,0,0,0,0,0,0,0,0
qcache_queries_in_cache,0,0,0,0,0,0,0,0,0,0,0,0,0,0,0,0,0
disk_io_now vda,0,0,0,0,0,0,0,0,0,0,0,0,0,0,0,0,0,0,0,0,0,0,0,0,0,0,0,0,0,0,0,0,0,0,0,0,0,0,0,0,0,0,0,0,0,0,0,0,0,0,0,0,0,0,0,0,0,0,0,0,0,0,0,0,0,0,0,0,0,0,0,0,0,0,0,0,0,0,0,0,0,0,0,0,0,0
mem_buffer,0,0,0,0,0,0,0,0,0,0,0,0,0,0,0,0,0,0,0,0,0,0,0,0,0,0,0,0,0,0,0,0,0,0,0,0,0,0,0,0,0,0,0,0,0,0,0,0,0,0,0,0,0,0,0,0,0,0,0,0,0,0,0,0,0,0,0,0,0,0,0,0,0,0,0,0,0,0,0,0,0,0,0,0,0,0
mem_cached,5921472512,5926559744,5926944768,5927723008,5928144896,5906223104,5907206144,5907841024,5908250624,5880680448,5880958976,5881835520,5882146816,5882875904,5883318272,5883584512,5884649472,5863641088,5863972864,5864706048,5865070592,5865435136,5844869120,5845348352,5845770240,5846089728,5846552576,5846953984,5827026944,5827297280,5827776512,5828100096,5828534272,5829369856,5829685248,5830201344,5830488064,5830979584,5831307264,5831737344,5832114176,5832523776,5832945664,5833392128,5833666560,5834055680,5834428416,5834743808,5835591680,5836005376,5836288000,5836791808,5837418496,5860003840,5857484800,5450743808,5451014144,5451358208,5451747328,5452144640,5454512128,5454778368,5455421440,5455757312,5456117760,5456388096,5457604608,5457985536,5458292736,5458673664,5458923520,5459349504,5459922944,5460152320,5461766144,5462093824,5463052288,5465059328,5465448448,5466734592,5466992640,5467340800,5467602944,5467930624,5468577792,5469642752
Read bytes vda,943412878336,943417805824,943417822208,943418182656,943418199040,943418293248,943418711040,943418989568,943419022336,943419436032,943419468800,943419902976,943419919360,943420230656,943420279808,943420279808,943420541952,943420541952,943420541952,943420558336,943420558336,943420574720,943421443072,943421475840,943421492224,943421524992,943421541376,943421574144,943422913536,943422922752,943422922752,943422922752,943422971904,943423086592,943423086592,943423086592,943423086592,943423086592,943423099904,943423099904,943423099904,943423116288,943423149056,943423165440,943423181824,943423181824,943423181824,943423181824,943423181824,943423181824,943423181824,943423230976,943423312896,943423362048,943446144000,943487407104,943487407104,943487439872,943487439872,943487554560,943488762880,943488762880,943488795648,943488795648,943488795648,943488820224,943489000448,943489000448,943489000448,943489000448,943489000448,943489049600,943489082368,943489082368,943489131520,943489164288,943489197056,943489262592,943489262592,943489324032,943489324032,943489340416,943489340416,943489340416,943489340416,943489356800
